# Blender v2.83.3 OBJ File: ''
# www.blender.org
mtllib untitled.mtl
o modern_ceiling_lamp_01_Cylinder.003
v -0.194958 0.371175 -0.091321
v -0.128659 0.523877 -0.082974
v -0.144096 0.502639 -0.093108
v -0.156316 0.479151 -0.101130
v -0.166760 0.453816 -0.107986
v -0.174351 0.427067 -0.112969
v -0.178958 0.399362 -0.115993
v -0.180502 0.371175 -0.117007
v -0.178958 0.342987 -0.115993
v -0.174351 0.315282 -0.112969
v -0.166760 0.288533 -0.107986
v -0.156316 0.263198 -0.101130
v -0.143196 0.239710 -0.092517
v -0.115957 0.523877 -0.099710
v -0.129871 0.502639 -0.111851
v -0.140885 0.479151 -0.121463
v -0.150298 0.453816 -0.129677
v -0.157140 0.427067 -0.135647
v -0.161292 0.399362 -0.139271
v -0.162684 0.371175 -0.140486
v -0.161292 0.342987 -0.139271
v -0.157140 0.315282 -0.135647
v -0.150298 0.288533 -0.129677
v -0.140885 0.263198 -0.121463
v -0.129060 0.239710 -0.111144
v -0.101095 0.523877 -0.114561
v -0.113226 0.502639 -0.128484
v -0.122828 0.479151 -0.139505
v -0.131036 0.453816 -0.148925
v -0.137000 0.427067 -0.155771
v -0.140621 0.399362 -0.159926
v -0.141834 0.371175 -0.161319
v -0.140621 0.342987 -0.159926
v -0.137000 0.315282 -0.155771
v -0.131036 0.288533 -0.148925
v -0.122828 0.263198 -0.139505
v -0.112519 0.239710 -0.127672
v -0.084349 0.523877 -0.127249
v -0.094471 0.502639 -0.142694
v -0.102483 0.479151 -0.154921
v -0.109332 0.453816 -0.165370
v -0.114309 0.427067 -0.172965
v -0.117329 0.399362 -0.177574
v -0.118342 0.371175 -0.179119
v -0.117329 0.342987 -0.177574
v -0.114309 0.315282 -0.172965
v -0.109332 0.288533 -0.165370
v -0.102483 0.263198 -0.154921
v -0.093881 0.239710 -0.141794
v -0.066032 0.523877 -0.137540
v -0.073956 0.502639 -0.154219
v -0.080229 0.479151 -0.167422
v -0.085591 0.453816 -0.178707
v -0.089487 0.427067 -0.186909
v -0.091852 0.399362 -0.191886
v -0.092645 0.371175 -0.193555
v -0.091852 0.342987 -0.191886
v -0.089487 0.315282 -0.186909
v -0.085591 0.288533 -0.178707
v -0.080229 0.263198 -0.167422
v -0.073494 0.239710 -0.153247
v -0.046483 0.523877 -0.145240
v -0.052063 0.502639 -0.162843
v -0.056480 0.479151 -0.176777
v -0.060254 0.453816 -0.188687
v -0.062998 0.427067 -0.197343
v -0.064663 0.399362 -0.202596
v -0.065221 0.371175 -0.204357
v -0.064663 0.342987 -0.202596
v -0.062998 0.315282 -0.197343
v -0.060254 0.288533 -0.188687
v -0.056480 0.263198 -0.176777
v -0.051738 0.239710 -0.161817
v -0.026069 0.523877 -0.150206
v -0.029199 0.502639 -0.168405
v -0.031677 0.479151 -0.182811
v -0.033795 0.453816 -0.195124
v -0.035335 0.427067 -0.204073
v -0.036269 0.399362 -0.209504
v -0.036582 0.371175 -0.211325
v -0.036269 0.342987 -0.209504
v -0.035335 0.315282 -0.204073
v -0.033795 0.288533 -0.195124
v -0.031677 0.263198 -0.182811
v -0.029017 0.239710 -0.167345
v -0.005168 0.523877 -0.152347
v -0.005791 0.502639 -0.170802
v -0.006285 0.479151 -0.185412
v -0.006706 0.453816 -0.197899
v -0.007013 0.427067 -0.206973
v -0.007199 0.399362 -0.212481
v -0.007261 0.371175 -0.214328
v -0.007199 0.342987 -0.212481
v -0.007013 0.315282 -0.206973
v -0.006706 0.288533 -0.197899
v -0.006285 0.263198 -0.185412
v -0.005755 0.239710 -0.169727
v 0.015830 0.523877 -0.151621
v 0.017725 0.502639 -0.169990
v 0.019226 0.479151 -0.184531
v 0.020508 0.453816 -0.196958
v 0.021440 0.427067 -0.205990
v 0.022006 0.399362 -0.211472
v 0.022196 0.371175 -0.213310
v 0.022006 0.342987 -0.211472
v 0.021440 0.315282 -0.205990
v 0.020508 0.288533 -0.196958
v 0.019226 0.263198 -0.184531
v 0.017615 0.239710 -0.168920
v 0.036533 0.523877 -0.148043
v 0.040912 0.502639 -0.165983
v 0.044378 0.479151 -0.180184
v 0.047341 0.453816 -0.192321
v 0.049494 0.427067 -0.201142
v 0.050801 0.399362 -0.206496
v 0.051239 0.371175 -0.208291
v 0.050801 0.342987 -0.206496
v 0.049494 0.315282 -0.201142
v 0.047341 0.288533 -0.192321
v 0.044378 0.263198 -0.180184
v 0.040657 0.239710 -0.164938
v 0.056556 0.523877 -0.141680
v 0.063337 0.502639 -0.158856
v 0.068705 0.479151 -0.172453
v 0.073293 0.453816 -0.184073
v 0.076627 0.427067 -0.192519
v 0.078651 0.399362 -0.197645
v 0.079329 0.371175 -0.199363
v 0.078651 0.342987 -0.197645
v 0.076627 0.315282 -0.192519
v 0.073293 0.288533 -0.184073
v 0.068705 0.263198 -0.172453
v 0.062942 0.239710 -0.157855
v 0.075526 0.523877 -0.132649
v 0.084583 0.502639 -0.148742
v 0.091752 0.479151 -0.161481
v 0.097880 0.453816 -0.172369
v 0.102333 0.427067 -0.180282
v 0.105036 0.399362 -0.185084
v 0.105942 0.371175 -0.186694
v 0.105036 0.342987 -0.185084
v 0.102333 0.315282 -0.180282
v 0.097880 0.288533 -0.172369
v 0.091752 0.263198 -0.161481
v 0.084055 0.239710 -0.147804
v 0.093090 0.523877 -0.121119
v 0.104254 0.502639 -0.135829
v 0.113091 0.479151 -0.147473
v 0.120644 0.453816 -0.157425
v 0.126133 0.427067 -0.164658
v 0.129465 0.399362 -0.169048
v 0.130582 0.371175 -0.170520
v 0.129465 0.342987 -0.169048
v 0.126133 0.315282 -0.164658
v 0.120644 0.288533 -0.157425
v 0.113091 0.263198 -0.147473
v 0.103603 0.239710 -0.134972
v 0.108920 0.523877 -0.107305
v 0.121983 0.502639 -0.120358
v 0.132323 0.479151 -0.130690
v 0.141161 0.453816 -0.139521
v 0.147584 0.427067 -0.145939
v 0.151482 0.399362 -0.149835
v 0.152789 0.371175 -0.151140
v 0.151482 0.342987 -0.149835
v 0.147584 0.315282 -0.145939
v 0.141161 0.288533 -0.139521
v 0.132323 0.263198 -0.130690
v 0.121222 0.239710 -0.119597
v 0.122722 0.523877 -0.091464
v 0.137440 0.502639 -0.102617
v 0.149091 0.479151 -0.111445
v 0.159049 0.453816 -0.118990
v 0.166286 0.427067 -0.124474
v 0.170679 0.399362 -0.127802
v 0.172151 0.371175 -0.128918
v 0.170679 0.342987 -0.127802
v 0.166286 0.315282 -0.124474
v 0.159049 0.288533 -0.118990
v 0.149091 0.263198 -0.111445
v 0.136583 0.239710 -0.101967
v 0.134238 0.523877 -0.073892
v 0.150338 0.502639 -0.082936
v 0.163083 0.479151 -0.090095
v 0.173975 0.453816 -0.096214
v 0.181892 0.427067 -0.100662
v 0.186696 0.399362 -0.103361
v 0.188307 0.371175 -0.104266
v 0.186696 0.342987 -0.103361
v 0.181892 0.315282 -0.100662
v 0.173975 0.288533 -0.096214
v 0.163083 0.263198 -0.090095
v 0.149400 0.239710 -0.082409
v 0.143254 0.523877 -0.054914
v 0.160436 0.502639 -0.061682
v 0.174037 0.479151 -0.067040
v 0.185661 0.453816 -0.071618
v 0.194109 0.427067 -0.074946
v 0.199237 0.399362 -0.076966
v 0.200956 0.371175 -0.077643
v 0.199237 0.342987 -0.076966
v 0.194109 0.315282 -0.074946
v 0.185661 0.288533 -0.071619
v 0.174037 0.263198 -0.067040
v 0.159435 0.239710 -0.061288
v 0.149603 0.523877 -0.034886
v 0.167545 0.502639 -0.039252
v 0.181749 0.479151 -0.042707
v 0.193889 0.453816 -0.045660
v 0.202711 0.427067 -0.047807
v 0.208066 0.399362 -0.049110
v 0.209861 0.371175 -0.049546
v 0.208066 0.342987 -0.049110
v 0.202711 0.315282 -0.047807
v 0.193889 0.288533 -0.045660
v 0.181749 0.263198 -0.042707
v 0.166500 0.239710 -0.038997
v 0.153164 0.523877 -0.014180
v 0.171534 0.502639 -0.016062
v 0.186076 0.479151 -0.017551
v 0.198505 0.453816 -0.018824
v 0.207538 0.427067 -0.019749
v 0.213020 0.399362 -0.020310
v 0.214858 0.371175 -0.020499
v 0.213020 0.342987 -0.020310
v 0.207538 0.315282 -0.019749
v 0.198505 0.288533 -0.018824
v 0.186076 0.263198 -0.017551
v 0.170464 0.239710 -0.015952
v 0.153874 0.523877 0.006818
v 0.172329 0.502639 0.007455
v 0.186938 0.479151 0.007960
v 0.199424 0.453816 0.008391
v 0.208499 0.427067 0.008705
v 0.214006 0.399362 0.008895
v 0.215853 0.371175 0.008959
v 0.214006 0.342987 0.008895
v 0.208499 0.315282 0.008705
v 0.199424 0.288533 0.008391
v 0.186938 0.263198 0.007960
v 0.171253 0.239710 0.007418
v 0.151717 0.523877 0.027717
v 0.169913 0.502639 0.030861
v 0.184318 0.479151 0.033351
v 0.196629 0.453816 0.035478
v 0.205576 0.427067 0.037025
v 0.211007 0.399362 0.037963
v 0.212827 0.371175 0.038278
v 0.211007 0.342987 0.037963
v 0.205577 0.315282 0.037025
v 0.196629 0.288533 0.035478
v 0.184318 0.263198 0.033351
v 0.168853 0.239710 0.030678
v 0.146735 0.523877 0.048128
v 0.164333 0.502639 0.053721
v 0.178265 0.479151 0.058148
v 0.190172 0.453816 0.061932
v 0.198825 0.427067 0.064683
v 0.204077 0.399362 0.066352
v 0.205838 0.371175 0.066911
v 0.204077 0.342987 0.066352
v 0.198825 0.315282 0.064683
v 0.190172 0.288533 0.061932
v 0.178265 0.263198 0.058148
v 0.163308 0.239710 0.053395
v 0.139019 0.523877 0.067670
v 0.155693 0.502639 0.075607
v 0.168891 0.479151 0.081890
v 0.180172 0.453816 0.087261
v 0.188371 0.427067 0.091164
v 0.193346 0.399362 0.093532
v 0.195014 0.371175 0.094326
v 0.193346 0.342987 0.093532
v 0.188371 0.315282 0.091164
v 0.180172 0.288533 0.087261
v 0.168891 0.263198 0.081890
v 0.154721 0.239710 0.075145
v 0.128715 0.523877 0.085980
v 0.144152 0.502639 0.096113
v 0.156372 0.479151 0.104135
v 0.166817 0.453816 0.110992
v 0.174407 0.427067 0.115974
v 0.179014 0.399362 0.118999
v 0.180559 0.371175 0.120013
v 0.179014 0.342987 0.118999
v 0.174408 0.315282 0.115974
v 0.166817 0.288533 0.110992
v 0.156372 0.263198 0.104135
v 0.143253 0.239710 0.095523
v 0.116014 0.523877 0.102716
v 0.129927 0.502639 0.114857
v 0.140941 0.479151 0.124468
v 0.150355 0.453816 0.132683
v 0.157196 0.427067 0.138653
v 0.161348 0.399362 0.142276
v 0.162740 0.371175 0.143491
v 0.161348 0.342987 0.142276
v 0.157196 0.315282 0.138653
v 0.150355 0.288533 0.132683
v 0.140941 0.263198 0.124468
v 0.129116 0.239710 0.114150
v 0.101151 0.523877 0.117566
v 0.113282 0.502639 0.131489
v 0.122885 0.479151 0.142510
v 0.131092 0.453816 0.151930
v 0.137057 0.427067 0.158776
v 0.140677 0.399362 0.162931
v 0.141891 0.371175 0.164324
v 0.140677 0.342987 0.162931
v 0.137057 0.315282 0.158776
v 0.131092 0.288533 0.151930
v 0.122885 0.263198 0.142510
v 0.112575 0.239710 0.130678
v 0.084406 0.523877 0.130255
v 0.094527 0.502639 0.145700
v 0.102540 0.479151 0.157926
v 0.109388 0.453816 0.168376
v 0.114365 0.427067 0.175970
v 0.117386 0.399362 0.180580
v 0.118399 0.371175 0.182125
v 0.117386 0.342987 0.180580
v 0.114365 0.315282 0.175970
v 0.109388 0.288533 0.168376
v 0.102540 0.263198 0.157926
v 0.093938 0.239710 0.144800
v 0.066088 0.523877 0.140545
v 0.074012 0.502639 0.157224
v 0.080286 0.479151 0.170428
v 0.085647 0.453816 0.181713
v 0.089544 0.427067 0.189914
v 0.091908 0.399362 0.194892
v 0.092701 0.371175 0.196561
v 0.091909 0.342987 0.194892
v 0.089544 0.315282 0.189914
v 0.085647 0.288533 0.181713
v 0.080286 0.263198 0.170428
v 0.073551 0.239710 0.156253
v 0.046540 0.523877 0.148245
v 0.052119 0.502639 0.165848
v 0.056536 0.479151 0.179783
v 0.060311 0.453816 0.191693
v 0.063055 0.427067 0.200348
v 0.064720 0.399362 0.205602
v 0.065278 0.371175 0.207363
v 0.064720 0.342987 0.205602
v 0.063055 0.315282 0.200348
v 0.060311 0.288533 0.191693
v 0.056536 0.263198 0.179783
v 0.051794 0.239710 0.164823
v 0.026125 0.523877 0.153212
v 0.029256 0.502639 0.171410
v 0.031734 0.479151 0.185817
v 0.033852 0.453816 0.198130
v 0.035391 0.427067 0.207078
v 0.036326 0.399362 0.212509
v 0.036639 0.371175 0.214330
v 0.036326 0.342987 0.212509
v 0.035391 0.315282 0.207078
v 0.033852 0.288533 0.198130
v 0.031734 0.263198 0.185817
v 0.029073 0.239710 0.170350
v 0.005224 0.523877 0.155352
v 0.005224 0.523877 0.155352
v 0.005848 0.502639 0.173808
v 0.005848 0.502639 0.173808
v 0.006341 0.479151 0.188417
v 0.006341 0.479151 0.188417
v 0.006763 0.453816 0.200904
v 0.006763 0.453816 0.200904
v 0.007069 0.427067 0.209979
v 0.007069 0.427067 0.209979
v 0.007255 0.399362 0.215487
v 0.007255 0.399362 0.215487
v 0.007318 0.371175 0.217333
v 0.007318 0.371175 0.217333
v 0.007255 0.342987 0.215487
v 0.007255 0.342987 0.215487
v 0.007069 0.315282 0.209979
v 0.007069 0.315282 0.209979
v 0.006763 0.288533 0.200904
v 0.006763 0.288533 0.200904
v 0.006341 0.263198 0.188417
v 0.006341 0.263198 0.188417
v 0.005811 0.239710 0.172732
v 0.005811 0.239710 0.172732
v -0.015773 0.523877 0.154627
v -0.017669 0.502639 0.172995
v -0.019169 0.479151 0.187536
v -0.020452 0.453816 0.199964
v -0.021384 0.427067 0.208996
v -0.021949 0.399362 0.214478
v -0.022139 0.371175 0.216315
v -0.021949 0.342987 0.214478
v -0.021384 0.315282 0.208996
v -0.020452 0.288533 0.199964
v -0.019169 0.263198 0.187536
v -0.017558 0.239710 0.171925
v -0.036476 0.523877 0.151049
v -0.040855 0.502639 0.168988
v -0.044322 0.479151 0.183189
v -0.047285 0.453816 0.195327
v -0.049438 0.427067 0.204148
v -0.050745 0.399362 0.209501
v -0.051183 0.371175 0.211296
v -0.050745 0.342987 0.209501
v -0.049438 0.315282 0.204148
v -0.047285 0.288533 0.195327
v -0.044322 0.263198 0.183189
v -0.040600 0.239710 0.167943
v -0.056500 0.523877 0.144685
v -0.063281 0.502639 0.161861
v -0.068648 0.479151 0.175458
v -0.073236 0.453816 0.187079
v -0.076571 0.427067 0.195525
v -0.078594 0.399362 0.200650
v -0.079273 0.371175 0.202369
v -0.078594 0.342987 0.200650
v -0.076571 0.315282 0.195525
v -0.073236 0.288533 0.187079
v -0.068648 0.263198 0.175458
v -0.062885 0.239710 0.160861
v -0.075470 0.523877 0.135655
v -0.084526 0.502639 0.151747
v -0.091696 0.479151 0.164486
v -0.097823 0.453816 0.175374
v -0.102276 0.427067 0.183287
v -0.104979 0.399362 0.188090
v -0.105885 0.371175 0.189700
v -0.104979 0.342987 0.188090
v -0.102276 0.315282 0.183287
v -0.097823 0.288533 0.175374
v -0.091696 0.263198 0.164486
v -0.083999 0.239710 0.150810
v -0.093034 0.523877 0.124125
v -0.104197 0.502639 0.138834
v -0.113034 0.479151 0.150478
v -0.120587 0.453816 0.160431
v -0.126077 0.427067 0.167664
v -0.129408 0.399362 0.172053
v -0.130525 0.371175 0.173525
v -0.129408 0.342987 0.172053
v -0.126077 0.315282 0.167664
v -0.120587 0.288533 0.160431
v -0.113034 0.263198 0.150479
v -0.103547 0.239710 0.137977
v -0.108864 0.523877 0.110311
v -0.121926 0.502639 0.123363
v -0.132267 0.479151 0.133696
v -0.141105 0.453816 0.142527
v -0.147528 0.427067 0.148945
v -0.151426 0.399362 0.152840
v -0.152733 0.371175 0.154146
v -0.151426 0.342987 0.152840
v -0.147528 0.315282 0.148945
v -0.141105 0.288533 0.142527
v -0.132267 0.263198 0.133696
v -0.121165 0.239710 0.122603
v -0.122666 0.523877 0.094470
v -0.137384 0.502639 0.105622
v -0.149035 0.479151 0.114450
v -0.158993 0.453816 0.121996
v -0.166230 0.427067 0.127479
v -0.170622 0.399362 0.130807
v -0.172095 0.371175 0.131923
v -0.170622 0.342987 0.130807
v -0.166230 0.315282 0.127479
v -0.158993 0.288533 0.121996
v -0.149035 0.263198 0.114450
v -0.136526 0.239710 0.104972
v -0.134182 0.523877 0.076897
v -0.150281 0.502639 0.085941
v -0.163026 0.479151 0.093101
v -0.173919 0.453816 0.099220
v -0.181835 0.427067 0.103667
v -0.186640 0.399362 0.106366
v -0.188251 0.371175 0.107271
v -0.186640 0.342987 0.106366
v -0.181835 0.315282 0.103667
v -0.173919 0.288533 0.099220
v -0.163026 0.263198 0.093101
v -0.149343 0.239710 0.085414
v -0.143198 0.523877 0.057920
v -0.160379 0.502639 0.064688
v -0.173980 0.479151 0.070045
v -0.185604 0.453816 0.074624
v -0.194053 0.427067 0.077952
v -0.199180 0.399362 0.079971
v -0.200899 0.371175 0.080649
v -0.199180 0.342987 0.079971
v -0.194053 0.315282 0.077952
v -0.185604 0.288533 0.074624
v -0.173980 0.263198 0.070045
v -0.159378 0.239710 0.064293
v -0.149546 0.523877 0.037892
v -0.167489 0.502639 0.042257
v -0.181692 0.479151 0.045713
v -0.193832 0.453816 0.048666
v -0.202655 0.427067 0.050812
v -0.208009 0.399362 0.052115
v -0.209805 0.371175 0.052552
v -0.208009 0.342987 0.052115
v -0.202655 0.315282 0.050812
v -0.193832 0.288533 0.048666
v -0.181692 0.263198 0.045713
v -0.166443 0.239710 0.042003
v -0.153108 0.523877 0.017186
v -0.171478 0.502639 0.019067
v -0.186020 0.479151 0.020556
v -0.198449 0.453816 0.021829
v -0.207481 0.427067 0.022754
v -0.212963 0.399362 0.023316
v -0.214801 0.371175 0.023504
v -0.212963 0.342987 0.023316
v -0.207481 0.315282 0.022754
v -0.198449 0.288533 0.021829
v -0.186020 0.263198 0.020556
v -0.170408 0.239710 0.018958
v -0.153817 0.523877 -0.003812
v -0.172272 0.502639 -0.004450
v -0.186881 0.479151 -0.004955
v -0.199368 0.453816 -0.005386
v -0.208442 0.427067 -0.005699
v -0.213950 0.399362 -0.005890
v -0.215796 0.371175 -0.005954
v -0.213950 0.342987 -0.005890
v -0.208442 0.315282 -0.005699
v -0.199368 0.288533 -0.005386
v -0.186881 0.263198 -0.004955
v -0.171197 0.239710 -0.004413
v -0.151660 0.523877 -0.024711
v -0.169857 0.502639 -0.027856
v -0.184261 0.479151 -0.030345
v -0.196573 0.453816 -0.032473
v -0.205520 0.427067 -0.034019
v -0.210950 0.399362 -0.034958
v -0.212771 0.371175 -0.035272
v -0.210950 0.342987 -0.034957
v -0.205520 0.315282 -0.034019
v -0.196573 0.288533 -0.032473
v -0.184261 0.263198 -0.030345
v -0.168797 0.239710 -0.027673
v -0.146678 0.523877 -0.045122
v -0.164277 0.502639 -0.050715
v -0.178208 0.479151 -0.055143
v -0.190115 0.453816 -0.058927
v -0.198769 0.427067 -0.061677
v -0.204021 0.399362 -0.063346
v -0.205781 0.371175 -0.063906
v -0.204021 0.342987 -0.063346
v -0.198769 0.315282 -0.061677
v -0.190115 0.288533 -0.058927
v -0.178208 0.263198 -0.055143
v -0.163252 0.239710 -0.050389
v -0.138963 0.523877 -0.064664
v -0.155636 0.502639 -0.072602
v -0.168835 0.479151 -0.078885
v -0.180116 0.453816 -0.084255
v -0.188314 0.427067 -0.088158
v -0.193290 0.399362 -0.090527
v -0.193290 0.342987 -0.090527
v -0.188314 0.315282 -0.088158
v -0.180116 0.288533 -0.084255
v -0.168835 0.263198 -0.078885
v -0.154665 0.239710 -0.072139
v -0.122413 0.528280 -0.078874
v -0.110328 0.528280 -0.094798
v -0.096187 0.528280 -0.108928
v -0.080254 0.528280 -0.121000
v -0.062825 0.528280 -0.130791
v -0.044226 0.528280 -0.138118
v -0.024802 0.528280 -0.142843
v -0.004916 0.528280 -0.144880
v 0.015063 0.528280 -0.144189
v 0.034761 0.528280 -0.140785
v 0.053812 0.528280 -0.134731
v 0.071862 0.528280 -0.126138
v 0.088573 0.528280 -0.115168
v 0.103635 0.528280 -0.102024
v 0.116767 0.528280 -0.086952
v 0.127724 0.528280 -0.070232
v 0.136303 0.528280 -0.052176
v 0.142343 0.528280 -0.033120
v 0.145732 0.528280 -0.013419
v 0.146407 0.528280 0.006560
v 0.144355 0.528280 0.026445
v 0.139614 0.528280 0.045865
v 0.132274 0.528280 0.064458
v 0.122469 0.528280 0.081879
v 0.110384 0.528280 0.097803
v 0.096244 0.528280 0.111933
v 0.080310 0.528280 0.124006
v 0.062882 0.528280 0.133797
v 0.044282 0.528280 0.141123
v 0.024859 0.528280 0.145849
v 0.004972 0.528280 0.147885
v 0.004972 0.528280 0.147885
v -0.015006 0.528280 0.147195
v -0.034705 0.528280 0.143791
v -0.053756 0.528280 0.137736
v -0.071805 0.528280 0.129144
v -0.088517 0.528280 0.118173
v -0.103579 0.528280 0.105030
v -0.116711 0.528280 0.089958
v -0.127668 0.528280 0.073238
v -0.136247 0.528280 0.055182
v -0.142287 0.528280 0.036126
v -0.145676 0.528280 0.016425
v -0.146350 0.528280 -0.003554
v -0.144298 0.528280 -0.023439
v -0.139558 0.528280 -0.042859
v -0.132217 0.528280 -0.061453
v -0.115166 0.528280 -0.074117
v -0.103796 0.528280 -0.089098
v -0.090492 0.528280 -0.102391
v -0.075502 0.528280 -0.113749
v -0.059105 0.528280 -0.122961
v -0.041606 0.528280 -0.129853
v -0.023332 0.528280 -0.134299
v -0.004623 0.528280 -0.136215
v 0.014173 0.528280 -0.135566
v 0.032705 0.528280 -0.132363
v 0.050629 0.528280 -0.126667
v 0.067610 0.528280 -0.118583
v 0.083332 0.528280 -0.108262
v 0.097503 0.528280 -0.095896
v 0.109857 0.528280 -0.081717
v 0.120166 0.528280 -0.065986
v 0.128237 0.528280 -0.048999
v 0.133919 0.528280 -0.031071
v 0.137108 0.528280 -0.012536
v 0.137743 0.528280 0.006260
v 0.135812 0.528280 0.024968
v 0.131352 0.528280 0.043239
v 0.124446 0.528280 0.060732
v 0.115222 0.528280 0.077122
v 0.103852 0.528280 0.092103
v 0.090549 0.528280 0.105397
v 0.075559 0.528280 0.116755
v 0.059162 0.528280 0.125966
v 0.041663 0.528280 0.132859
v 0.023389 0.528280 0.137305
v 0.004680 0.528280 0.139221
v 0.004680 0.528280 0.139221
v -0.014116 0.528280 0.138571
v -0.032649 0.528280 0.135369
v -0.050572 0.528280 0.129672
v -0.067554 0.528280 0.121588
v -0.083276 0.528280 0.111268
v -0.097446 0.528280 0.098902
v -0.109801 0.528280 0.084722
v -0.120110 0.528280 0.068992
v -0.128180 0.528280 0.052004
v -0.133863 0.528280 0.034076
v -0.137051 0.528280 0.015541
v -0.137686 0.528280 -0.003255
v -0.135756 0.528280 -0.021963
v -0.131296 0.528280 -0.040233
v -0.124389 0.528280 -0.057727
v -0.190083 0.371175 -0.089000
v -0.123666 0.519745 -0.079697
v -0.123666 0.519745 -0.079697
v -0.140460 0.499440 -0.090721
v -0.152369 0.476533 -0.098539
v -0.162589 0.451756 -0.105248
v -0.169991 0.425674 -0.110107
v -0.174483 0.398660 -0.113056
v -0.175989 0.371175 -0.114044
v -0.174483 0.343690 -0.113056
v -0.169991 0.316675 -0.110107
v -0.162589 0.290593 -0.105248
v -0.152404 0.265891 -0.098562
v -0.139611 0.242989 -0.090164
v -0.111458 0.519745 -0.095784
v -0.111458 0.519745 -0.095784
v -0.126594 0.499440 -0.108992
v -0.137327 0.476533 -0.118359
v -0.146538 0.451756 -0.126396
v -0.153210 0.425674 -0.132218
v -0.157259 0.398660 -0.135751
v -0.158616 0.371175 -0.136936
v -0.157259 0.343690 -0.135751
v -0.153210 0.316675 -0.132218
v -0.146538 0.290593 -0.126396
v -0.137359 0.265891 -0.118386
v -0.125829 0.242989 -0.108324
v -0.097172 0.519745 -0.110058
v -0.097172 0.519745 -0.110058
v -0.110369 0.499440 -0.125205
v -0.119727 0.476533 -0.135945
v -0.127758 0.451756 -0.145163
v -0.133574 0.425674 -0.151838
v -0.137104 0.398660 -0.155890
v -0.138288 0.371175 -0.157249
v -0.137104 0.343690 -0.155890
v -0.133574 0.316675 -0.151838
v -0.127758 0.290593 -0.145163
v -0.119754 0.265891 -0.135977
v -0.109701 0.242989 -0.124439
v -0.081076 0.519745 -0.122255
v -0.081076 0.519745 -0.122255
v -0.092087 0.499440 -0.139057
v -0.099896 0.476533 -0.150972
v -0.106596 0.451756 -0.161197
v -0.111450 0.425674 -0.168602
v -0.114395 0.398660 -0.173097
v -0.115383 0.371175 -0.174604
v -0.114395 0.343690 -0.173097
v -0.111450 0.316675 -0.168602
v -0.106596 0.290593 -0.161197
v -0.099919 0.265891 -0.151007
v -0.091530 0.242989 -0.138207
v -0.063469 0.519745 -0.132146
v -0.063469 0.519745 -0.132146
v -0.072090 0.499440 -0.150291
v -0.078203 0.476533 -0.163158
v -0.083449 0.451756 -0.174200
v -0.087249 0.425674 -0.182198
v -0.089555 0.398660 -0.187052
v -0.090328 0.371175 -0.188679
v -0.089555 0.343690 -0.187052
v -0.087249 0.316675 -0.182198
v -0.083449 0.290593 -0.174200
v -0.078221 0.265891 -0.163196
v -0.071654 0.242989 -0.149373
v -0.044679 0.519745 -0.139547
v -0.044679 0.519745 -0.139547
v -0.050749 0.499440 -0.158697
v -0.055053 0.476533 -0.172277
v -0.058747 0.451756 -0.183930
v -0.061422 0.425674 -0.192371
v -0.063046 0.398660 -0.197494
v -0.063590 0.371175 -0.199211
v -0.063046 0.343690 -0.197494
v -0.061422 0.316675 -0.192371
v -0.058747 0.290593 -0.183930
v -0.055066 0.265891 -0.172317
v -0.050442 0.242989 -0.157729
v -0.025056 0.519745 -0.144321
v -0.025056 0.519745 -0.144321
v -0.028462 0.499440 -0.164119
v -0.030877 0.476533 -0.178158
v -0.032950 0.451756 -0.190206
v -0.034451 0.425674 -0.198933
v -0.035362 0.398660 -0.204229
v -0.035667 0.371175 -0.206004
v -0.035362 0.343690 -0.204229
v -0.034451 0.316675 -0.198933
v -0.032950 0.290593 -0.190206
v -0.030884 0.265891 -0.178200
v -0.028290 0.242989 -0.163118
v -0.004966 0.519745 -0.146378
v -0.004966 0.519745 -0.146378
v -0.005645 0.499440 -0.166456
v -0.006125 0.476533 -0.180693
v -0.006538 0.451756 -0.192911
v -0.006837 0.425674 -0.201761
v -0.007018 0.398660 -0.207131
v -0.007079 0.371175 -0.208932
v -0.007018 0.343690 -0.207131
v -0.006837 0.316675 -0.201761
v -0.006538 0.290593 -0.192911
v -0.006127 0.265891 -0.180735
v -0.005610 0.242989 -0.165441
v 0.015217 0.519745 -0.145681
v 0.015217 0.519745 -0.145681
v 0.017279 0.499440 -0.165664
v 0.018741 0.476533 -0.179834
v 0.019996 0.451756 -0.191995
v 0.020905 0.425674 -0.200802
v 0.021456 0.398660 -0.206148
v 0.021641 0.371175 -0.207940
v 0.021456 0.343690 -0.206148
v 0.020905 0.316675 -0.200802
v 0.019996 0.290593 -0.191995
v 0.018745 0.265891 -0.179876
v 0.017174 0.242989 -0.164654
v 0.035117 0.519745 -0.142242
v 0.035117 0.519745 -0.142242
v 0.039881 0.499440 -0.161758
v 0.043259 0.476533 -0.175597
v 0.046158 0.451756 -0.187474
v 0.048257 0.425674 -0.196075
v 0.049532 0.398660 -0.201296
v 0.049959 0.371175 -0.203046
v 0.049532 0.343690 -0.201296
v 0.048257 0.316675 -0.196075
v 0.046158 0.290593 -0.187474
v 0.043269 0.265891 -0.175638
v 0.039640 0.242989 -0.160771
v 0.054363 0.519745 -0.136125
v 0.054363 0.519745 -0.136125
v 0.061740 0.499440 -0.154811
v 0.066971 0.476533 -0.168061
v 0.071460 0.451756 -0.179432
v 0.074712 0.425674 -0.187668
v 0.076685 0.398660 -0.192666
v 0.077347 0.371175 -0.194342
v 0.076685 0.343690 -0.192666
v 0.074712 0.316675 -0.187668
v 0.071460 0.290593 -0.179432
v 0.066987 0.265891 -0.168100
v 0.061367 0.242989 -0.153866
v 0.072597 0.519745 -0.127445
v 0.072597 0.519745 -0.127445
v 0.082450 0.499440 -0.144952
v 0.089437 0.476533 -0.157366
v 0.095433 0.451756 -0.168020
v 0.099775 0.425674 -0.175736
v 0.102411 0.398660 -0.180420
v 0.103294 0.371175 -0.181990
v 0.102411 0.343690 -0.180420
v 0.099775 0.316675 -0.175736
v 0.095433 0.290593 -0.168020
v 0.089457 0.265891 -0.157403
v 0.081952 0.242989 -0.144067
v 0.089480 0.519745 -0.116362
v 0.089480 0.519745 -0.116362
v 0.101625 0.499440 -0.132365
v 0.110237 0.476533 -0.143712
v 0.117627 0.451756 -0.153450
v 0.122980 0.425674 -0.160503
v 0.126229 0.398660 -0.164784
v 0.127318 0.371175 -0.166219
v 0.126229 0.343690 -0.164784
v 0.122980 0.316675 -0.160503
v 0.117627 0.290593 -0.153450
v 0.110262 0.265891 -0.143746
v 0.101011 0.242989 -0.131555
v 0.104696 0.519745 -0.103084
v 0.104696 0.519745 -0.103084
v 0.118906 0.499440 -0.117284
v 0.128984 0.476533 -0.127353
v 0.137631 0.451756 -0.135994
v 0.143895 0.425674 -0.142253
v 0.147696 0.398660 -0.146051
v 0.148970 0.371175 -0.147324
v 0.147696 0.343690 -0.146051
v 0.143895 0.316675 -0.142253
v 0.137631 0.290593 -0.135994
v 0.129013 0.265891 -0.127383
v 0.118188 0.242989 -0.116566
v 0.117962 0.519745 -0.087858
v 0.117962 0.519745 -0.087858
v 0.133974 0.499440 -0.099990
v 0.145328 0.476533 -0.108593
v 0.155072 0.451756 -0.115976
v 0.162129 0.425674 -0.121324
v 0.166413 0.398660 -0.124569
v 0.167849 0.371175 -0.125657
v 0.166413 0.343690 -0.124569
v 0.162129 0.316675 -0.121324
v 0.155072 0.290593 -0.115976
v 0.145362 0.265891 -0.108619
v 0.133165 0.242989 -0.099377
v 0.129032 0.519745 -0.070967
v 0.129032 0.519745 -0.070967
v 0.146546 0.499440 -0.080806
v 0.158966 0.476533 -0.087783
v 0.169625 0.451756 -0.093770
v 0.177344 0.425674 -0.098107
v 0.182030 0.398660 -0.100739
v 0.183600 0.371175 -0.101621
v 0.182030 0.343690 -0.100739
v 0.177344 0.316675 -0.098107
v 0.169625 0.290593 -0.093770
v 0.159003 0.265891 -0.087803
v 0.145661 0.242989 -0.080308
v 0.137698 0.519745 -0.052726
v 0.137698 0.519745 -0.052726
v 0.156389 0.499440 -0.060088
v 0.169644 0.476533 -0.065309
v 0.181018 0.451756 -0.069790
v 0.189256 0.425674 -0.073035
v 0.194256 0.398660 -0.075004
v 0.195933 0.371175 -0.075664
v 0.194256 0.343690 -0.075004
v 0.189256 0.316675 -0.073035
v 0.181018 0.290593 -0.069790
v 0.169683 0.265891 -0.065325
v 0.155444 0.242989 -0.059716
v 0.143800 0.519745 -0.033475
v 0.143800 0.519745 -0.033475
v 0.163320 0.499440 -0.038223
v 0.177162 0.476533 -0.041591
v 0.189040 0.451756 -0.044481
v 0.197643 0.425674 -0.046574
v 0.202865 0.398660 -0.047844
v 0.204616 0.371175 -0.048270
v 0.202865 0.343690 -0.047844
v 0.197643 0.316675 -0.046574
v 0.189040 0.290593 -0.044481
v 0.177202 0.265891 -0.041601
v 0.162333 0.242989 -0.037983
v 0.147224 0.519745 -0.013572
v 0.147224 0.519745 -0.013572
v 0.167208 0.499440 -0.015619
v 0.181380 0.476533 -0.017070
v 0.193541 0.451756 -0.018315
v 0.202349 0.425674 -0.019218
v 0.207695 0.398660 -0.019765
v 0.209487 0.371175 -0.019949
v 0.207695 0.343690 -0.019765
v 0.202349 0.316675 -0.019218
v 0.193541 0.290593 -0.018315
v 0.181421 0.265891 -0.017074
v 0.166198 0.242989 -0.015515
v 0.147905 0.519745 0.006611
v 0.147905 0.519745 0.006611
v 0.167982 0.499440 0.007305
v 0.182220 0.476533 0.007797
v 0.194437 0.451756 0.008219
v 0.203286 0.425674 0.008525
v 0.208657 0.398660 0.008710
v 0.210457 0.371175 0.008773
v 0.208657 0.343690 0.008710
v 0.203286 0.316675 0.008525
v 0.194437 0.290593 0.008219
v 0.182262 0.265891 0.007798
v 0.166967 0.242989 0.007270
v 0.145832 0.519745 0.026700
v 0.145832 0.519745 0.026700
v 0.165628 0.499440 0.030121
v 0.179666 0.476533 0.032547
v 0.191712 0.451756 0.034629
v 0.200437 0.425674 0.036136
v 0.205732 0.398660 0.037051
v 0.207508 0.371175 0.037358
v 0.205732 0.343690 0.037051
v 0.200437 0.316675 0.036136
v 0.191712 0.290593 0.034629
v 0.179707 0.265891 0.032554
v 0.164627 0.242989 0.029948
v 0.141043 0.519745 0.046319
v 0.141043 0.519745 0.046319
v 0.160189 0.499440 0.052403
v 0.173765 0.476533 0.056718
v 0.185416 0.451756 0.060421
v 0.193854 0.425674 0.063103
v 0.198976 0.398660 0.064730
v 0.200693 0.371175 0.065276
v 0.198976 0.343690 0.064730
v 0.193854 0.316675 0.063103
v 0.185416 0.290593 0.060421
v 0.173805 0.265891 0.056731
v 0.159221 0.242989 0.052096
v 0.133627 0.519745 0.065103
v 0.133627 0.519745 0.065103
v 0.151766 0.499440 0.073738
v 0.164629 0.476533 0.079861
v 0.175666 0.451756 0.085116
v 0.183661 0.425674 0.088922
v 0.188513 0.398660 0.091231
v 0.190140 0.371175 0.092006
v 0.188513 0.343690 0.091231
v 0.183661 0.316675 0.088922
v 0.175667 0.290593 0.085116
v 0.164666 0.265891 0.079879
v 0.150849 0.242989 0.073301
v 0.123723 0.519745 0.082702
v 0.123723 0.519745 0.082702
v 0.140516 0.499440 0.093727
v 0.152426 0.476533 0.101544
v 0.162645 0.451756 0.108253
v 0.170047 0.425674 0.113112
v 0.174540 0.398660 0.116061
v 0.176046 0.371175 0.117050
v 0.174540 0.343690 0.116061
v 0.170047 0.316675 0.113112
v 0.162645 0.290593 0.108253
v 0.152461 0.265891 0.101567
v 0.139668 0.242989 0.093169
v 0.111514 0.519745 0.098789
v 0.111514 0.519745 0.098789
v 0.126650 0.499440 0.111998
v 0.137384 0.476533 0.121364
v 0.146595 0.451756 0.129402
v 0.153266 0.425674 0.135224
v 0.157315 0.398660 0.138757
v 0.158673 0.371175 0.139941
v 0.157315 0.343690 0.138757
v 0.153266 0.316675 0.135224
v 0.146595 0.290593 0.129402
v 0.137415 0.265891 0.121392
v 0.125885 0.242989 0.111330
v 0.097228 0.519745 0.113064
v 0.097228 0.519745 0.113064
v 0.110425 0.499440 0.128210
v 0.119783 0.476533 0.138951
v 0.127814 0.451756 0.148168
v 0.133631 0.425674 0.154844
v 0.137161 0.398660 0.158896
v 0.138344 0.371175 0.160254
v 0.137161 0.343690 0.158896
v 0.133631 0.316675 0.154844
v 0.127814 0.290593 0.148168
v 0.119811 0.265891 0.138983
v 0.109758 0.242989 0.127444
v 0.081132 0.519745 0.125260
v 0.081132 0.519745 0.125260
v 0.092144 0.499440 0.142062
v 0.099952 0.476533 0.153977
v 0.106653 0.451756 0.164202
v 0.111506 0.425674 0.171608
v 0.114452 0.398660 0.176103
v 0.115439 0.371175 0.177609
v 0.114452 0.343690 0.176103
v 0.111506 0.316675 0.171608
v 0.106653 0.290593 0.164202
v 0.099975 0.265891 0.154012
v 0.091587 0.242989 0.141213
v 0.063525 0.519745 0.135151
v 0.063525 0.519745 0.135151
v 0.072146 0.499440 0.153296
v 0.078260 0.476533 0.166164
v 0.083506 0.451756 0.177206
v 0.087305 0.425674 0.185203
v 0.089611 0.398660 0.190057
v 0.090385 0.371175 0.191684
v 0.089611 0.343690 0.190057
v 0.087305 0.316675 0.185203
v 0.083506 0.290593 0.177206
v 0.078278 0.265891 0.166201
v 0.071710 0.242989 0.152379
v 0.044736 0.519745 0.142552
v 0.044736 0.519745 0.142552
v 0.050805 0.499440 0.161702
v 0.055109 0.476533 0.175282
v 0.058803 0.451756 0.186936
v 0.061479 0.425674 0.195376
v 0.063102 0.398660 0.200499
v 0.063647 0.371175 0.202216
v 0.063102 0.343690 0.200499
v 0.061479 0.316675 0.195376
v 0.058803 0.290593 0.186936
v 0.055122 0.265891 0.175322
v 0.050498 0.242989 0.160734
v 0.025113 0.519745 0.147326
v 0.025113 0.519745 0.147326
v 0.028518 0.499440 0.167124
v 0.030934 0.476533 0.181164
v 0.033006 0.451756 0.193212
v 0.034507 0.425674 0.201938
v 0.035418 0.398660 0.207234
v 0.035723 0.371175 0.209010
v 0.035418 0.343690 0.207234
v 0.034507 0.316675 0.201938
v 0.033006 0.290593 0.193212
v 0.030941 0.265891 0.181205
v 0.028346 0.242989 0.166124
v 0.005023 0.519745 0.149384
v 0.005023 0.519745 0.149384
v 0.005023 0.519745 0.149384
v 0.005701 0.499440 0.169461
v 0.005701 0.499440 0.169461
v 0.006182 0.476533 0.183699
v 0.006182 0.476533 0.183699
v 0.006594 0.451756 0.195917
v 0.006594 0.451756 0.195917
v 0.006893 0.425674 0.204766
v 0.006893 0.425674 0.204766
v 0.007075 0.398660 0.210137
v 0.007075 0.398660 0.210137
v 0.007136 0.371175 0.211937
v 0.007136 0.371175 0.211937
v 0.007075 0.343690 0.210137
v 0.007075 0.343690 0.210137
v 0.006893 0.316675 0.204766
v 0.006893 0.316675 0.204766
v 0.006595 0.290593 0.195917
v 0.006595 0.290593 0.195917
v 0.006183 0.265891 0.183741
v 0.006183 0.265891 0.183741
v 0.005667 0.242989 0.168446
v 0.005667 0.242989 0.168446
v -0.015160 0.519745 0.148686
v -0.015160 0.519745 0.148686
v -0.017222 0.499440 0.168669
v -0.018684 0.476533 0.182840
v -0.019939 0.451756 0.195000
v -0.020848 0.425674 0.203808
v -0.021400 0.398660 0.209153
v -0.021585 0.371175 0.210945
v -0.021400 0.343690 0.209153
v -0.020848 0.316675 0.203808
v -0.019939 0.290593 0.195000
v -0.018689 0.265891 0.182882
v -0.017118 0.242989 0.167659
v -0.035060 0.519745 0.145247
v -0.035060 0.519745 0.145247
v -0.039824 0.499440 0.164763
v -0.043202 0.476533 0.178603
v -0.046101 0.451756 0.190479
v -0.048201 0.425674 0.199081
v -0.049475 0.398660 0.204301
v -0.049903 0.371175 0.206052
v -0.049475 0.343690 0.204301
v -0.048201 0.316675 0.199081
v -0.046101 0.290593 0.190479
v -0.043212 0.265891 0.178643
v -0.039583 0.242989 0.163777
v -0.054307 0.519745 0.139131
v -0.054307 0.519745 0.139131
v -0.061683 0.499440 0.157816
v -0.066915 0.476533 0.171067
v -0.071404 0.451756 0.182438
v -0.074655 0.425674 0.190673
v -0.076629 0.398660 0.195672
v -0.077290 0.371175 0.197347
v -0.076629 0.343690 0.195672
v -0.074655 0.316675 0.190673
v -0.071404 0.290593 0.182438
v -0.066930 0.265891 0.171106
v -0.061311 0.242989 0.156872
v -0.072541 0.519745 0.130450
v -0.072541 0.519745 0.130450
v -0.082393 0.499440 0.147957
v -0.089380 0.476533 0.160372
v -0.095376 0.451756 0.171026
v -0.099718 0.425674 0.178742
v -0.102354 0.398660 0.183425
v -0.103238 0.371175 0.184995
v -0.102354 0.343690 0.183425
v -0.099718 0.316675 0.178742
v -0.095376 0.290593 0.171026
v -0.089401 0.265891 0.160408
v -0.081895 0.242989 0.147072
v -0.089423 0.519745 0.119368
v -0.089423 0.519745 0.119368
v -0.101568 0.499440 0.135370
v -0.110180 0.476533 0.146718
v -0.117571 0.451756 0.156456
v -0.122924 0.425674 0.163509
v -0.126172 0.398660 0.167789
v -0.127261 0.371175 0.169225
v -0.126172 0.343690 0.167789
v -0.122924 0.316675 0.163509
v -0.117571 0.290593 0.156456
v -0.110205 0.265891 0.146751
v -0.100954 0.242989 0.134561
v -0.104639 0.519745 0.106090
v -0.104639 0.519745 0.106090
v -0.118850 0.499440 0.120289
v -0.128927 0.476533 0.130358
v -0.137575 0.451756 0.139000
v -0.143838 0.425674 0.145258
v -0.147639 0.398660 0.149056
v -0.148914 0.371175 0.150330
v -0.147639 0.343690 0.149056
v -0.143838 0.316675 0.145258
v -0.137575 0.290593 0.139000
v -0.128957 0.265891 0.130388
v -0.118132 0.242989 0.119571
v -0.117906 0.519745 0.090863
v -0.117906 0.519745 0.090863
v -0.133917 0.499440 0.102995
v -0.145272 0.476533 0.111599
v -0.155016 0.451756 0.118982
v -0.162073 0.425674 0.124329
v -0.166356 0.398660 0.127575
v -0.167792 0.371175 0.128663
v -0.166356 0.343690 0.127575
v -0.162073 0.316675 0.124329
v -0.155016 0.290593 0.118982
v -0.145305 0.265891 0.111624
v -0.133108 0.242989 0.102382
v -0.128975 0.519745 0.073972
v -0.128975 0.519745 0.073972
v -0.146490 0.499440 0.083811
v -0.158910 0.476533 0.090788
v -0.169568 0.451756 0.096776
v -0.177288 0.425674 0.101113
v -0.181973 0.398660 0.103745
v -0.183544 0.371175 0.104627
v -0.181973 0.343690 0.103745
v -0.177288 0.316675 0.101113
v -0.169568 0.290593 0.096776
v -0.158947 0.265891 0.090809
v -0.145604 0.242989 0.083314
v -0.137642 0.519745 0.055731
v -0.137642 0.519745 0.055731
v -0.156333 0.499440 0.063094
v -0.169587 0.476533 0.068315
v -0.180962 0.451756 0.072795
v -0.189200 0.425674 0.076040
v -0.194200 0.398660 0.078010
v -0.195876 0.371175 0.078670
v -0.194200 0.343690 0.078010
v -0.189200 0.316675 0.076040
v -0.180962 0.290593 0.072795
v -0.169626 0.265891 0.068330
v -0.155388 0.242989 0.062722
v -0.143744 0.519745 0.036480
v -0.143744 0.519745 0.036480
v -0.163263 0.499440 0.041229
v -0.177105 0.476533 0.044597
v -0.188984 0.451756 0.047486
v -0.197587 0.425674 0.049579
v -0.202808 0.398660 0.050850
v -0.204559 0.371175 0.051276
v -0.202808 0.343690 0.050850
v -0.197587 0.316675 0.049579
v -0.188984 0.290593 0.047486
v -0.177146 0.265891 0.044606
v -0.162276 0.242989 0.040989
v -0.147167 0.519745 0.016577
v -0.147167 0.519745 0.016577
v -0.167152 0.499440 0.018624
v -0.181323 0.476533 0.020076
v -0.193484 0.451756 0.021321
v -0.202293 0.425674 0.022223
v -0.207639 0.398660 0.022771
v -0.209431 0.371175 0.022954
v -0.207639 0.343690 0.022771
v -0.202293 0.316675 0.022223
v -0.193484 0.290593 0.021321
v -0.181365 0.265891 0.020080
v -0.166141 0.242989 0.018521
v -0.147849 0.519745 -0.003606
v -0.147849 0.519745 -0.003606
v -0.167926 0.499440 -0.004300
v -0.182163 0.476533 -0.004792
v -0.194381 0.451756 -0.005214
v -0.203230 0.425674 -0.005519
v -0.208600 0.398660 -0.005705
v -0.210401 0.371175 -0.005767
v -0.208600 0.343690 -0.005705
v -0.203230 0.316675 -0.005519
v -0.194381 0.290593 -0.005214
v -0.182205 0.265891 -0.004793
v -0.166911 0.242989 -0.004265
v -0.145776 0.519745 -0.023694
v -0.145776 0.519745 -0.023694
v -0.165571 0.499440 -0.027115
v -0.179609 0.476533 -0.029541
v -0.191655 0.451756 -0.031623
v -0.200380 0.425674 -0.033131
v -0.205676 0.398660 -0.034046
v -0.207451 0.371175 -0.034353
v -0.205676 0.343690 -0.034046
v -0.200380 0.316675 -0.033131
v -0.191655 0.290593 -0.031623
v -0.179650 0.265891 -0.029548
v -0.164571 0.242989 -0.026942
v -0.140987 0.519745 -0.043313
v -0.140987 0.519745 -0.043313
v -0.160132 0.499440 -0.049398
v -0.173709 0.476533 -0.053713
v -0.185359 0.451756 -0.057415
v -0.193798 0.425674 -0.060097
v -0.198919 0.398660 -0.061725
v -0.200636 0.371175 -0.062271
v -0.198919 0.343690 -0.061725
v -0.193798 0.316675 -0.060097
v -0.185359 0.290593 -0.057415
v -0.173749 0.265891 -0.053725
v -0.159164 0.242989 -0.049090
v -0.133571 0.519745 -0.062097
v -0.133571 0.519745 -0.062097
v -0.151709 0.499440 -0.070732
v -0.164572 0.476533 -0.076856
v -0.175610 0.451756 -0.082110
v -0.183605 0.425674 -0.085916
v -0.188457 0.398660 -0.088226
v -0.188457 0.343690 -0.088226
v -0.183605 0.316675 -0.085916
v -0.175610 0.290593 -0.082110
v -0.164610 0.265891 -0.076874
v -0.150792 0.242989 -0.070296
v -0.105113 0.522882 -0.067517
v -0.094735 0.522882 -0.081191
v -0.082593 0.522882 -0.093325
v -0.068911 0.522882 -0.103692
v -0.053945 0.522882 -0.112099
v -0.037973 0.522882 -0.118390
v -0.021294 0.522882 -0.122448
v -0.004217 0.522882 -0.124197
v 0.012938 0.522882 -0.123604
v 0.029854 0.522882 -0.120681
v 0.046213 0.522882 -0.115482
v 0.061712 0.522882 -0.108103
v 0.076063 0.522882 -0.098683
v 0.088996 0.522882 -0.087397
v 0.100273 0.522882 -0.074454
v 0.109682 0.522882 -0.060097
v 0.117049 0.522882 -0.044592
v 0.122235 0.522882 -0.028228
v 0.125145 0.522882 -0.011311
v 0.125725 0.522882 0.005845
v 0.123963 0.522882 0.022920
v 0.119892 0.522882 0.039597
v 0.113588 0.522882 0.055563
v 0.105169 0.522882 0.070523
v 0.094792 0.522882 0.084197
v 0.082649 0.522882 0.096330
v 0.068967 0.522882 0.106697
v 0.054001 0.522882 0.115105
v 0.038030 0.522882 0.121396
v 0.021350 0.522882 0.125454
v 0.004274 0.522882 0.127202
v -0.012882 0.522882 0.126610
v -0.029797 0.522882 0.123687
v -0.046157 0.522882 0.118487
v -0.061656 0.522882 0.111109
v -0.076006 0.522882 0.101689
v -0.088940 0.522882 0.090402
v -0.100216 0.522882 0.077460
v -0.109626 0.522882 0.063102
v -0.116992 0.522882 0.047597
v -0.122179 0.522882 0.031234
v -0.125089 0.522882 0.014316
v -0.125668 0.522882 -0.002840
v -0.123906 0.522882 -0.019915
v -0.119835 0.522882 -0.036591
v -0.113532 0.522882 -0.052558
v -0.062643 0.522882 -0.039638
v -0.056457 0.522882 -0.047788
v -0.049219 0.522882 -0.055021
v -0.041064 0.522882 -0.061200
v -0.032143 0.522882 -0.066212
v -0.022623 0.522882 -0.069962
v -0.012681 0.522882 -0.072380
v -0.002502 0.522882 -0.073423
v 0.007724 0.522882 -0.073069
v 0.017806 0.522882 -0.071327
v 0.027558 0.522882 -0.068228
v 0.036796 0.522882 -0.063830
v 0.045350 0.522882 -0.058215
v 0.053059 0.522882 -0.051487
v 0.059781 0.522882 -0.043773
v 0.065389 0.522882 -0.035215
v 0.069780 0.522882 -0.025973
v 0.072872 0.522882 -0.016219
v 0.074606 0.522882 -0.006135
v 0.074952 0.522882 0.004091
v 0.073901 0.522882 0.014269
v 0.071475 0.522882 0.024209
v 0.067718 0.522882 0.033726
v 0.062699 0.522882 0.042643
v 0.056514 0.522882 0.050794
v 0.049276 0.522882 0.058026
v 0.041120 0.522882 0.064206
v 0.032200 0.522882 0.069217
v 0.022680 0.522882 0.072967
v 0.012738 0.522882 0.075386
v 0.002559 0.522882 0.076428
v -0.007667 0.522882 0.076075
v -0.017750 0.522882 0.074333
v -0.027501 0.522882 0.071233
v -0.036740 0.522882 0.066835
v -0.045293 0.522882 0.061220
v -0.053003 0.522882 0.054493
v -0.059724 0.522882 0.046778
v -0.065333 0.522882 0.038220
v -0.069724 0.522882 0.028978
v -0.072815 0.522882 0.019224
v -0.074550 0.522882 0.009141
v -0.074895 0.522882 -0.001086
v -0.073845 0.522882 -0.011264
v -0.071419 0.522882 -0.021204
v -0.067661 0.522882 -0.030721
v -0.129788 0.221421 -0.083716
v -0.116975 0.221421 -0.100599
v -0.101983 0.221421 -0.115580
v -0.085090 0.221421 -0.128380
v -0.066611 0.221421 -0.138760
v -0.046892 0.221421 -0.146528
v -0.026298 0.221421 -0.151538
v -0.005214 0.221421 -0.153697
v 0.015968 0.221421 -0.152965
v 0.036853 0.221421 -0.149356
v 0.057052 0.221421 -0.142937
v 0.076189 0.221421 -0.133827
v 0.093907 0.221421 -0.122196
v 0.109876 0.221421 -0.108260
v 0.123799 0.221421 -0.092280
v 0.135416 0.221421 -0.074553
v 0.144512 0.221421 -0.055410
v 0.150916 0.221421 -0.035206
v 0.154509 0.221421 -0.014318
v 0.155224 0.221421 0.006864
v 0.153049 0.221421 0.027947
v 0.148023 0.221421 0.048537
v 0.140240 0.221421 0.068251
v 0.129845 0.221421 0.086721
v 0.117032 0.221421 0.103604
v 0.102039 0.221421 0.118585
v 0.085146 0.221421 0.131385
v 0.066668 0.221421 0.141766
v 0.046948 0.221421 0.149533
v 0.026354 0.221421 0.154543
v 0.005270 0.221421 0.156703
v 0.005270 0.221421 0.156703
v -0.015912 0.221421 0.155971
v -0.036797 0.221421 0.152362
v -0.056996 0.221421 0.145942
v -0.076133 0.221421 0.136832
v -0.093851 0.221421 0.125201
v -0.109820 0.221421 0.111266
v -0.123743 0.221421 0.095286
v -0.135360 0.221421 0.077559
v -0.144455 0.221421 0.058415
v -0.150859 0.221421 0.038211
v -0.154452 0.221421 0.017324
v -0.155168 0.221421 -0.003859
v -0.152992 0.221421 -0.024941
v -0.147966 0.221421 -0.045531
v -0.140183 0.221421 -0.065245
v -0.126298 0.224847 -0.081425
v -0.126298 0.224847 -0.081425
v -0.113830 0.224847 -0.097854
v -0.113830 0.224847 -0.097854
v -0.099240 0.224847 -0.112432
v -0.099240 0.224847 -0.112432
v -0.082802 0.224847 -0.124888
v -0.082802 0.224847 -0.124888
v -0.064820 0.224847 -0.134990
v -0.064820 0.224847 -0.134990
v -0.045630 0.224847 -0.142548
v -0.045630 0.224847 -0.142548
v -0.025590 0.224847 -0.147424
v -0.025590 0.224847 -0.147424
v -0.005073 0.224847 -0.149525
v -0.005073 0.224847 -0.149525
v 0.015540 0.224847 -0.148813
v 0.015540 0.224847 -0.148813
v 0.035863 0.224847 -0.145301
v 0.035863 0.224847 -0.145301
v 0.055519 0.224847 -0.139054
v 0.055519 0.224847 -0.139054
v 0.074142 0.224847 -0.130189
v 0.074142 0.224847 -0.130189
v 0.091383 0.224847 -0.118870
v 0.091383 0.224847 -0.118870
v 0.106923 0.224847 -0.105310
v 0.106923 0.224847 -0.105310
v 0.120472 0.224847 -0.089759
v 0.120472 0.224847 -0.089759
v 0.131777 0.224847 -0.072509
v 0.131777 0.224847 -0.072509
v 0.140628 0.224847 -0.053880
v 0.140628 0.224847 -0.053880
v 0.146859 0.224847 -0.034219
v 0.146859 0.224847 -0.034219
v 0.150356 0.224847 -0.013893
v 0.150356 0.224847 -0.013893
v 0.151052 0.224847 0.006720
v 0.151052 0.224847 0.006720
v 0.148935 0.224847 0.027236
v 0.148935 0.224847 0.027236
v 0.144044 0.224847 0.047272
v 0.144044 0.224847 0.047272
v 0.136470 0.224847 0.066456
v 0.136470 0.224847 0.066456
v 0.126355 0.224847 0.084430
v 0.126355 0.224847 0.084430
v 0.113886 0.224847 0.100859
v 0.113886 0.224847 0.100859
v 0.099297 0.224847 0.115438
v 0.099297 0.224847 0.115438
v 0.082858 0.224847 0.127894
v 0.082858 0.224847 0.127894
v 0.064876 0.224847 0.137995
v 0.064876 0.224847 0.137995
v 0.045687 0.224847 0.145554
v 0.045687 0.224847 0.145554
v 0.025647 0.224847 0.150429
v 0.025647 0.224847 0.150429
v 0.005129 0.224847 0.152531
v 0.005129 0.224847 0.152531
v 0.005129 0.224847 0.152531
v 0.005129 0.224847 0.152531
v -0.015483 0.224847 0.151819
v -0.015483 0.224847 0.151819
v -0.035807 0.224847 0.148306
v -0.035807 0.224847 0.148306
v -0.055463 0.224847 0.142059
v -0.055463 0.224847 0.142059
v -0.074085 0.224847 0.133194
v -0.074085 0.224847 0.133194
v -0.091327 0.224847 0.121876
v -0.091327 0.224847 0.121876
v -0.106867 0.224847 0.108315
v -0.106867 0.224847 0.108315
v -0.120416 0.224847 0.092765
v -0.120416 0.224847 0.092765
v -0.131721 0.224847 0.075514
v -0.131721 0.224847 0.075514
v -0.140571 0.224847 0.056885
v -0.140571 0.224847 0.056885
v -0.146803 0.224847 0.037224
v -0.146803 0.224847 0.037224
v -0.150299 0.224847 0.016898
v -0.150299 0.224847 0.016898
v -0.150996 0.224847 -0.003715
v -0.150996 0.224847 -0.003715
v -0.148879 0.224847 -0.024231
v -0.148879 0.224847 -0.024231
v -0.143988 0.224847 -0.044267
v -0.143988 0.224847 -0.044267
v -0.136414 0.224847 -0.063451
v -0.136414 0.224847 -0.063451
v -0.128702 0.221092 -0.083002
v -0.126202 0.223650 -0.081362
v -0.126821 0.221493 -0.081768
v -0.113743 0.223650 -0.097778
v -0.115996 0.221092 -0.099744
v -0.114301 0.221493 -0.098265
v -0.099165 0.223650 -0.112346
v -0.101129 0.221092 -0.114600
v -0.099651 0.221493 -0.112904
v -0.082739 0.223650 -0.124792
v -0.084377 0.221092 -0.127293
v -0.083145 0.221493 -0.125411
v -0.064771 0.223650 -0.134886
v -0.066054 0.221092 -0.137586
v -0.065088 0.221493 -0.135555
v -0.045596 0.223650 -0.142439
v -0.046499 0.221092 -0.145289
v -0.045819 0.221493 -0.143145
v -0.025571 0.223650 -0.147311
v -0.026077 0.221092 -0.150257
v -0.025696 0.221493 -0.148040
v -0.005069 0.223650 -0.149410
v -0.005170 0.221092 -0.152398
v -0.005094 0.221493 -0.150150
v 0.015528 0.223650 -0.148699
v 0.015835 0.221092 -0.151673
v 0.015604 0.221493 -0.149435
v 0.035836 0.223650 -0.145189
v 0.036545 0.221092 -0.148094
v 0.036012 0.221493 -0.145909
v 0.055477 0.223650 -0.138947
v 0.056575 0.221092 -0.141728
v 0.055749 0.221493 -0.139636
v 0.074085 0.223650 -0.130089
v 0.075552 0.221092 -0.132694
v 0.074448 0.221493 -0.130734
v 0.091314 0.223650 -0.118779
v 0.093121 0.221092 -0.121160
v 0.091762 0.221493 -0.119369
v 0.106842 0.223650 -0.105228
v 0.108957 0.221092 -0.107342
v 0.107366 0.221493 -0.105752
v 0.120380 0.223650 -0.089690
v 0.122763 0.221092 -0.091496
v 0.120971 0.221493 -0.090137
v 0.131677 0.223650 -0.072453
v 0.134283 0.221092 -0.073917
v 0.132322 0.221493 -0.072815
v 0.140521 0.223650 -0.053838
v 0.143303 0.221092 -0.054933
v 0.141210 0.221493 -0.054109
v 0.146748 0.223650 -0.034192
v 0.149653 0.221092 -0.034899
v 0.147467 0.221493 -0.034367
v 0.150242 0.223650 -0.013881
v 0.153216 0.221092 -0.014186
v 0.150978 0.221493 -0.013956
v 0.150937 0.223650 0.006716
v 0.153925 0.221092 0.006820
v 0.151677 0.221493 0.006742
v 0.148822 0.223650 0.027216
v 0.151768 0.221092 0.027726
v 0.149551 0.221493 0.027343
v 0.143935 0.223650 0.047238
v 0.146784 0.221092 0.048143
v 0.144640 0.221493 0.047462
v 0.136367 0.223650 0.066407
v 0.139066 0.221092 0.067692
v 0.137035 0.221493 0.066725
v 0.126259 0.223650 0.084367
v 0.128758 0.221092 0.086008
v 0.126878 0.221493 0.084774
v 0.113800 0.223650 0.100784
v 0.116053 0.221092 0.102750
v 0.114358 0.221493 0.101271
v 0.099221 0.223650 0.115351
v 0.101185 0.221092 0.117605
v 0.099708 0.221493 0.115909
v 0.082795 0.223650 0.127797
v 0.084434 0.221092 0.130298
v 0.083201 0.221493 0.128417
v 0.064827 0.223650 0.137891
v 0.066110 0.221092 0.140592
v 0.065145 0.221493 0.138560
v 0.045652 0.223650 0.145444
v 0.046555 0.221092 0.148294
v 0.045876 0.221493 0.146150
v 0.025627 0.223650 0.150316
v 0.026134 0.221092 0.153263
v 0.025753 0.221493 0.151046
v 0.005125 0.223650 0.152416
v 0.005125 0.223650 0.152416
v 0.005226 0.221092 0.155404
v 0.005226 0.221092 0.155404
v 0.005150 0.221493 0.153156
v 0.005150 0.221493 0.153156
v -0.015471 0.223650 0.151704
v -0.015778 0.221092 0.154678
v -0.015548 0.221493 0.152441
v -0.035780 0.223650 0.148195
v -0.036489 0.221092 0.151099
v -0.035955 0.221493 0.148914
v -0.055421 0.223650 0.141953
v -0.056519 0.221092 0.144733
v -0.055693 0.221493 0.142641
v -0.074029 0.223650 0.133094
v -0.075495 0.221092 0.135700
v -0.074392 0.221493 0.133739
v -0.091257 0.223650 0.121784
v -0.093065 0.221092 0.124166
v -0.091705 0.221493 0.122374
v -0.106786 0.223650 0.108234
v -0.108900 0.221092 0.110347
v -0.107309 0.221493 0.108757
v -0.120324 0.223650 0.092695
v -0.122707 0.221092 0.094501
v -0.120914 0.221493 0.093143
v -0.131620 0.223650 0.075458
v -0.134227 0.221092 0.076922
v -0.132266 0.221493 0.075821
v -0.140464 0.223650 0.056843
v -0.143246 0.221092 0.057939
v -0.141153 0.221493 0.057115
v -0.146691 0.223650 0.037197
v -0.149596 0.221092 0.037904
v -0.147411 0.221493 0.037372
v -0.150185 0.223650 0.016887
v -0.153159 0.221092 0.017191
v -0.150922 0.221493 0.016962
v -0.150881 0.223650 -0.003711
v -0.153869 0.221092 -0.003814
v -0.151621 0.221493 -0.003736
v -0.148765 0.223650 -0.024211
v -0.151711 0.221092 -0.024720
v -0.149495 0.221493 -0.024337
v -0.143878 0.223650 -0.044232
v -0.146727 0.221092 -0.045138
v -0.144584 0.221493 -0.044456
v -0.136310 0.223650 -0.063402
v -0.139010 0.221092 -0.064687
v -0.136979 0.221493 -0.063720
v -0.008905 0.647518 -0.002750
v -0.000484 0.661319 -0.004949
v -0.009834 0.647518 0.002286
v 0.002810 0.661319 -0.004341
v -0.008121 0.647518 0.007113
v 0.005359 0.661319 -0.002167
v -0.004224 0.647518 0.010436
v 0.006480 0.661319 0.000990
v 0.000812 0.647518 0.011365
v 0.000812 0.647518 0.011365
v 0.005872 0.661319 0.004285
v 0.005638 0.647518 0.009652
v 0.003698 0.661319 0.006834
v 0.008961 0.647518 0.005755
v 0.000541 0.661319 0.007954
v 0.009891 0.647518 0.000719
v -0.002754 0.661319 0.007346
v 0.008178 0.647518 -0.004107
v -0.005303 0.661319 0.005173
v 0.004281 0.647518 -0.007430
v -0.003641 0.661319 -0.003828
v -0.000755 0.647518 -0.008360
v -0.005815 0.661319 -0.001279
v -0.005582 0.647518 -0.006647
v -0.006423 0.661319 0.002015
v 0.000028 0.661895 0.001503
v -0.008905 0.658503 -0.002750
v -0.008905 0.658503 -0.002750
v -0.007993 0.660382 -0.002316
v -0.008828 0.660382 0.002206
v -0.009834 0.658503 0.002286
v -0.009834 0.658503 0.002286
v -0.007289 0.660382 0.006540
v -0.008121 0.658503 0.007113
v -0.008121 0.658503 0.007113
v -0.003790 0.660382 0.009524
v -0.004224 0.658503 0.010436
v -0.004224 0.658503 0.010436
v 0.000732 0.660382 0.010359
v 0.000812 0.658503 0.011365
v 0.000812 0.658503 0.011365
v 0.000812 0.658503 0.011365
v 0.005066 0.660382 0.008820
v 0.005638 0.658503 0.009652
v 0.005638 0.658503 0.009652
v 0.008050 0.660382 0.005321
v 0.008961 0.658503 0.005755
v 0.008961 0.658503 0.005755
v 0.008884 0.660382 0.000799
v 0.009891 0.658503 0.000719
v 0.009891 0.658503 0.000719
v 0.007346 0.660382 -0.003535
v 0.008178 0.658503 -0.004107
v 0.008178 0.658503 -0.004107
v 0.003847 0.660382 -0.006519
v 0.004281 0.658503 -0.007430
v 0.004281 0.658503 -0.007430
v -0.000675 0.660382 -0.007353
v -0.000755 0.658503 -0.008360
v -0.000755 0.658503 -0.008360
v -0.005009 0.660382 -0.005815
v -0.005582 0.658503 -0.006647
v -0.005582 0.658503 -0.006647
v 0.021727 0.644252 0.011832
v 0.021727 0.644252 0.011832
v 0.023951 0.644252 0.003788
v 0.023951 0.644252 0.003788
v 0.023290 0.644252 -0.004532
v 0.023290 0.644252 -0.004532
v 0.019823 0.644252 -0.012124
v 0.019823 0.644252 -0.012124
v 0.013969 0.644252 -0.018073
v 0.013969 0.644252 -0.018073
v 0.006433 0.644252 -0.021660
v 0.006433 0.644252 -0.021660
v -0.001875 0.644252 -0.022454
v -0.001875 0.644252 -0.022454
v -0.009954 0.644252 -0.020358
v -0.009954 0.644252 -0.020358
v -0.016829 0.644252 -0.015625
v -0.016829 0.644252 -0.015625
v -0.021670 0.644252 -0.008827
v -0.021670 0.644252 -0.008827
v -0.023895 0.644252 -0.000783
v -0.023895 0.644252 -0.000783
v -0.023234 0.644252 0.007537
v -0.023234 0.644252 0.007537
v -0.019767 0.644252 0.015130
v -0.019767 0.644252 0.015130
v -0.013912 0.644252 0.021078
v -0.013912 0.644252 0.021078
v -0.006377 0.644252 0.024666
v -0.006377 0.644252 0.024666
v 0.001932 0.644252 0.025459
v 0.001932 0.644252 0.025459
v 0.001932 0.644252 0.025459
v 0.010011 0.644252 0.023363
v 0.010011 0.644252 0.023363
v 0.016885 0.644252 0.018631
v 0.016885 0.644252 0.018631
v 0.008872 0.647719 0.020869
v 0.001715 0.647719 0.022726
v -0.005646 0.647719 0.022023
v -0.012322 0.647719 0.018845
v -0.017508 0.647719 0.013575
v -0.020579 0.647719 0.006849
v -0.021165 0.647719 -0.000522
v -0.019195 0.647719 -0.007648
v -0.014905 0.647719 -0.013671
v -0.008815 0.647719 -0.017864
v -0.001658 0.647719 -0.019720
v 0.005702 0.647719 -0.019017
v 0.012378 0.647719 -0.015839
v 0.017565 0.647719 -0.010569
v 0.020636 0.647719 -0.003843
v 0.014962 0.647719 0.016677
v 0.021222 0.647719 0.003527
v 0.019251 0.647719 0.010654
v 0.014152 0.649551 0.008226
v 0.015600 0.649551 0.002990
v 0.015170 0.649551 -0.002425
v 0.012913 0.649551 -0.007367
v 0.009102 0.649551 -0.011239
v 0.004197 0.649551 -0.013574
v -0.001211 0.649551 -0.014090
v -0.006469 0.649551 -0.012726
v -0.010944 0.649551 -0.009646
v -0.014095 0.649551 -0.005221
v -0.015543 0.649551 0.000015
v -0.015113 0.649551 0.005431
v -0.012856 0.649551 0.010372
v -0.009046 0.649551 0.014244
v -0.004141 0.649551 0.016579
v 0.001267 0.649551 0.017096
v 0.006526 0.649551 0.015732
v 0.011001 0.649551 0.012651
v 0.016885 0.587964 0.018631
v 0.010011 0.587964 0.023363
v 0.001932 0.587964 0.025459
v 0.001932 0.587964 0.025459
v -0.006377 0.587964 0.024666
v -0.013912 0.587964 0.021078
v -0.019767 0.587964 0.015130
v -0.023234 0.587964 0.007537
v -0.023895 0.587964 -0.000783
v -0.021670 0.587964 -0.008827
v -0.016829 0.587964 -0.015625
v -0.009954 0.587964 -0.020358
v -0.001875 0.587964 -0.022454
v 0.006433 0.587964 -0.021660
v 0.013969 0.587964 -0.018073
v 0.019823 0.587964 -0.012124
v 0.023290 0.587964 -0.004532
v 0.023951 0.587964 0.003788
v 0.021727 0.587964 0.011832
v -0.021670 0.457985 -0.008827
v -0.021670 0.457985 -0.008827
v -0.016829 0.457985 -0.015625
v -0.016829 0.457985 -0.015625
v -0.009954 0.457985 -0.020358
v -0.009954 0.457985 -0.020358
v -0.001875 0.457985 -0.022454
v -0.001875 0.457985 -0.022454
v 0.006433 0.457985 -0.021660
v 0.006433 0.457985 -0.021660
v 0.013969 0.457985 -0.018073
v 0.013969 0.457985 -0.018073
v 0.019823 0.457985 -0.012124
v 0.019823 0.457985 -0.012124
v 0.023290 0.457985 -0.004532
v 0.023290 0.457985 -0.004532
v 0.023951 0.457985 0.003788
v 0.023951 0.457985 0.003788
v 0.021727 0.457985 0.011832
v 0.021727 0.457985 0.011832
v 0.016885 0.457985 0.018631
v 0.016885 0.457985 0.018631
v 0.010011 0.457985 0.023363
v 0.010011 0.457985 0.023363
v 0.001932 0.457985 0.025459
v 0.001932 0.457985 0.025459
v 0.001932 0.457985 0.025459
v -0.006377 0.457985 0.024666
v -0.006377 0.457985 0.024666
v -0.013912 0.457985 0.021078
v -0.013912 0.457985 0.021078
v -0.019767 0.457985 0.015129
v -0.019767 0.457985 0.015129
v -0.023234 0.457985 0.007537
v -0.023234 0.457985 0.007537
v -0.023895 0.457985 -0.000783
v -0.023895 0.457985 -0.000783
v -0.031870 0.512934 -0.013683
v -0.031870 0.512934 -0.013683
v -0.024753 0.512934 -0.023677
v -0.024753 0.512934 -0.023677
v -0.014646 0.512934 -0.030634
v -0.014646 0.512934 -0.030634
v -0.002770 0.512934 -0.033715
v -0.002770 0.512934 -0.033715
v 0.009444 0.512934 -0.032548
v 0.009444 0.512934 -0.032548
v 0.020522 0.512934 -0.027274
v 0.020522 0.512934 -0.027274
v 0.029128 0.512934 -0.018529
v 0.029128 0.512934 -0.018529
v 0.034225 0.512934 -0.007369
v 0.034225 0.512934 -0.007369
v 0.035196 0.512934 0.004862
v 0.035196 0.512934 0.004862
v 0.031927 0.512934 0.016688
v 0.031927 0.512934 0.016688
v 0.024809 0.512934 0.026682
v 0.024809 0.512934 0.026682
v 0.014703 0.512934 0.033639
v 0.014703 0.512934 0.033639
v 0.002827 0.512934 0.036720
v 0.002827 0.512934 0.036720
v 0.002827 0.512934 0.036720
v -0.009387 0.512934 0.035553
v -0.009387 0.512934 0.035553
v -0.020465 0.512934 0.030280
v -0.020465 0.512934 0.030280
v -0.029072 0.512934 0.021535
v -0.029072 0.512934 0.021535
v -0.034168 0.512934 0.010374
v -0.034168 0.512934 0.010374
v -0.035140 0.512934 -0.001857
v -0.035140 0.512934 -0.001857
v -0.023895 0.512934 -0.000783
v -0.023895 0.512934 -0.000783
v -0.023234 0.512934 0.007537
v -0.023234 0.512934 0.007537
v -0.019767 0.512934 0.015130
v -0.019767 0.512934 0.015130
v -0.013912 0.512934 0.021078
v -0.013912 0.512934 0.021078
v -0.006377 0.512934 0.024666
v -0.006377 0.512934 0.024666
v 0.001932 0.512934 0.025459
v 0.001932 0.512934 0.025459
v 0.001932 0.512934 0.025459
v 0.010011 0.512934 0.023363
v 0.010011 0.512934 0.023363
v 0.016885 0.512934 0.018631
v 0.016885 0.512934 0.018631
v 0.021727 0.512934 0.011832
v 0.021727 0.512934 0.011832
v 0.023951 0.512934 0.003788
v 0.023951 0.512934 0.003788
v 0.023290 0.512934 -0.004532
v 0.023290 0.512934 -0.004532
v 0.019823 0.512934 -0.012124
v 0.019823 0.512934 -0.012124
v 0.013969 0.512934 -0.018073
v 0.013969 0.512934 -0.018073
v 0.006433 0.512934 -0.021660
v 0.006433 0.512934 -0.021660
v -0.001875 0.512934 -0.022454
v -0.001875 0.512934 -0.022454
v -0.009954 0.512934 -0.020358
v -0.009954 0.512934 -0.020358
v -0.016829 0.512934 -0.015625
v -0.016829 0.512934 -0.015625
v -0.021670 0.512934 -0.008827
v -0.021670 0.512934 -0.008827
v -0.031870 0.518384 -0.013683
v -0.031870 0.518384 -0.013683
v -0.024753 0.518384 -0.023677
v -0.024753 0.518384 -0.023677
v -0.014646 0.518384 -0.030634
v -0.014646 0.518384 -0.030634
v -0.002770 0.518384 -0.033715
v -0.002770 0.518384 -0.033715
v 0.009444 0.518384 -0.032548
v 0.009444 0.518384 -0.032548
v 0.020522 0.518384 -0.027274
v 0.020522 0.518384 -0.027274
v 0.029128 0.518384 -0.018529
v 0.029128 0.518384 -0.018529
v 0.034225 0.518384 -0.007369
v 0.034225 0.518384 -0.007369
v 0.035196 0.518384 0.004862
v 0.035196 0.518384 0.004862
v 0.031927 0.518384 0.016688
v 0.031927 0.518384 0.016688
v 0.024809 0.518384 0.026682
v 0.024809 0.518384 0.026682
v 0.014703 0.518384 0.033639
v 0.014703 0.518384 0.033639
v 0.002827 0.518384 0.036720
v 0.002827 0.518384 0.036720
v 0.002827 0.518384 0.036720
v -0.009387 0.518384 0.035553
v -0.009387 0.518384 0.035553
v -0.020465 0.518384 0.030280
v -0.020465 0.518384 0.030280
v -0.029072 0.518384 0.021535
v -0.029072 0.518384 0.021535
v -0.034168 0.518384 0.010374
v -0.034168 0.518384 0.010374
v -0.035140 0.518384 -0.001857
v -0.035140 0.518384 -0.001857
v -0.075712 0.518384 -0.034554
v -0.075712 0.518384 -0.034554
v -0.058813 0.518384 -0.058284
v -0.058813 0.518384 -0.058284
v -0.034816 0.518384 -0.074803
v -0.034816 0.518384 -0.074803
v -0.006616 0.518384 -0.082119
v -0.006616 0.518384 -0.082119
v 0.022385 0.518384 -0.079348
v 0.022385 0.518384 -0.079348
v 0.048689 0.518384 -0.066826
v 0.048689 0.518384 -0.066826
v 0.069124 0.518384 -0.046062
v 0.069124 0.518384 -0.046062
v 0.081226 0.518384 -0.019562
v 0.081226 0.518384 -0.019562
v 0.083533 0.518384 0.009480
v 0.083533 0.518384 0.009480
v 0.075769 0.518384 0.037559
v 0.075769 0.518384 0.037559
v 0.058869 0.518384 0.061290
v 0.058869 0.518384 0.061290
v 0.034872 0.518384 0.077809
v 0.034872 0.518384 0.077809
v 0.006673 0.518384 0.085124
v 0.006673 0.518384 0.085124
v 0.006673 0.518384 0.085124
v -0.022328 0.518384 0.082354
v -0.022328 0.518384 0.082354
v -0.048633 0.518384 0.069832
v -0.048633 0.518384 0.069832
v -0.069068 0.518384 0.049068
v -0.069068 0.518384 0.049068
v -0.081169 0.518384 0.022567
v -0.081169 0.518384 0.022567
v -0.083477 0.518384 -0.006474
v -0.083477 0.518384 -0.006474
v -0.075712 0.523221 -0.034554
v -0.058813 0.523221 -0.058284
v -0.034816 0.523221 -0.074803
v -0.006616 0.523221 -0.082119
v 0.022385 0.523221 -0.079348
v 0.048689 0.523221 -0.066826
v 0.069124 0.523221 -0.046062
v 0.081226 0.523221 -0.019562
v 0.083533 0.523221 0.009480
v 0.075769 0.523221 0.037559
v 0.058869 0.523221 0.061290
v 0.034872 0.523221 0.077809
v 0.006673 0.523221 0.085124
v 0.006673 0.523221 0.085124
v -0.022328 0.523221 0.082354
v -0.048633 0.523221 0.069832
v -0.069068 0.523221 0.049068
v -0.081169 0.523221 0.022567
v -0.083477 0.523221 -0.006474
v -0.015568 0.457985 -0.005922
v -0.012088 0.457985 -0.010808
v -0.007147 0.457985 -0.014210
v -0.001340 0.457985 -0.015716
v 0.004632 0.457985 -0.015146
v 0.010048 0.457985 -0.012567
v 0.014256 0.457985 -0.008292
v 0.016748 0.457985 -0.002835
v 0.017223 0.457985 0.003145
v 0.015624 0.457985 0.008927
v 0.012144 0.457985 0.013814
v 0.007203 0.457985 0.017215
v 0.001396 0.457985 0.018722
v -0.004575 0.457985 0.018151
v -0.009992 0.457985 0.015573
v -0.014200 0.457985 0.011297
v -0.016691 0.457985 0.005840
v -0.017167 0.457985 -0.000140
v -0.022726 0.588805 -0.013434
v -0.045090 0.583484 -0.028115
v -0.066683 0.574716 -0.042290
v -0.087134 0.562652 -0.055715
v -0.106093 0.547498 -0.068161
v -0.123237 0.529513 -0.079415
v -0.123237 0.529513 -0.079415
v -0.020480 0.588805 -0.016393
v -0.040637 0.583484 -0.033983
v -0.060098 0.574716 -0.050966
v -0.078531 0.562652 -0.067051
v -0.095619 0.547498 -0.081962
v -0.111071 0.529513 -0.095446
v -0.111071 0.529513 -0.095446
v -0.017852 0.588805 -0.019019
v -0.035426 0.583484 -0.039190
v -0.052394 0.574716 -0.058664
v -0.068464 0.562652 -0.077109
v -0.083363 0.547498 -0.094209
v -0.096835 0.529513 -0.109671
v -0.096835 0.529513 -0.109671
v -0.014891 0.588805 -0.021263
v -0.029555 0.583484 -0.043638
v -0.043713 0.574716 -0.065242
v -0.057122 0.562652 -0.085703
v -0.069554 0.547498 -0.104673
v -0.080794 0.529513 -0.121825
v -0.080794 0.529513 -0.121825
v -0.011652 0.588805 -0.023082
v -0.023133 0.583484 -0.047246
v -0.034217 0.574716 -0.070576
v -0.044715 0.562652 -0.092673
v -0.054448 0.547498 -0.113158
v -0.063249 0.529513 -0.131682
v -0.063249 0.529513 -0.131682
v -0.008196 0.588805 -0.024444
v -0.016279 0.583484 -0.049946
v -0.024083 0.574716 -0.074568
v -0.031475 0.562652 -0.097888
v -0.038327 0.547498 -0.119508
v -0.044524 0.529513 -0.139058
v -0.044524 0.529513 -0.139058
v -0.004586 0.588805 -0.025322
v -0.009121 0.583484 -0.051687
v -0.013500 0.574716 -0.077143
v -0.017648 0.562652 -0.101252
v -0.021493 0.547498 -0.123604
v -0.024969 0.529513 -0.143815
v -0.024969 0.529513 -0.143815
v -0.000890 0.588805 -0.025700
v -0.001794 0.583484 -0.052438
v -0.002665 0.574716 -0.078252
v -0.003491 0.562652 -0.102702
v -0.004257 0.547498 -0.125369
v -0.004949 0.529513 -0.145865
v -0.004949 0.529513 -0.145865
v 0.002822 0.588805 -0.025572
v 0.005568 0.583484 -0.052183
v 0.008220 0.574716 -0.077876
v 0.010731 0.562652 -0.102211
v 0.013059 0.547498 -0.124771
v 0.015164 0.529513 -0.145170
v 0.015164 0.529513 -0.145170
v 0.000028 0.590589 0.001503
v 0.006483 0.588805 -0.024939
v 0.012827 0.583484 -0.050929
v 0.018952 0.574716 -0.076021
v 0.024753 0.562652 -0.099788
v 0.030132 0.547498 -0.121820
v 0.034995 0.529513 -0.141743
v 0.034995 0.529513 -0.141743
v 0.010023 0.588805 -0.023814
v 0.019847 0.583484 -0.048698
v 0.029332 0.574716 -0.072723
v 0.038316 0.562652 -0.095477
v 0.046644 0.547498 -0.116573
v 0.054175 0.529513 -0.135648
v 0.054175 0.529513 -0.135648
v 0.013377 0.588805 -0.022217
v 0.026498 0.583484 -0.045532
v 0.039166 0.574716 -0.068041
v 0.051164 0.562652 -0.089361
v 0.062288 0.547498 -0.109125
v 0.072346 0.529513 -0.126997
v 0.072346 0.529513 -0.126997
v 0.016483 0.588805 -0.020179
v 0.032656 0.583484 -0.041489
v 0.048271 0.574716 -0.062064
v 0.063061 0.562652 -0.081551
v 0.076772 0.547498 -0.099617
v 0.089170 0.529513 -0.115953
v 0.089170 0.529513 -0.115953
v 0.019282 0.588805 -0.017736
v 0.038206 0.583484 -0.036646
v 0.056477 0.574716 -0.054903
v 0.073783 0.562652 -0.072195
v 0.089826 0.547498 -0.088226
v 0.104333 0.529513 -0.102721
v 0.104333 0.529513 -0.102721
v 0.021722 0.588805 -0.014935
v 0.043045 0.583484 -0.031092
v 0.063632 0.574716 -0.046691
v 0.083131 0.562652 -0.061465
v 0.101208 0.547498 -0.075162
v 0.117553 0.529513 -0.087548
v 0.117553 0.529513 -0.087548
v 0.023759 0.588805 -0.011828
v 0.047083 0.583484 -0.024931
v 0.069602 0.574716 -0.037581
v 0.090931 0.562652 -0.049563
v 0.110705 0.547498 -0.060671
v 0.128584 0.529513 -0.070715
v 0.128584 0.529513 -0.070715
v 0.025353 0.588805 -0.008473
v 0.050244 0.583484 -0.018277
v 0.074276 0.574716 -0.027744
v 0.097038 0.562652 -0.036710
v 0.118140 0.547498 -0.045022
v 0.137221 0.529513 -0.052538
v 0.137221 0.529513 -0.052538
v 0.026475 0.588805 -0.004931
v 0.052470 0.583484 -0.011255
v 0.077567 0.574716 -0.017361
v 0.101338 0.562652 -0.023144
v 0.123375 0.547498 -0.028505
v 0.143301 0.529513 -0.033353
v 0.143301 0.529513 -0.033353
v 0.027105 0.588805 -0.001270
v 0.053719 0.583484 -0.003996
v 0.079413 0.574716 -0.006627
v 0.103750 0.562652 -0.009120
v 0.126312 0.547498 -0.011430
v 0.146713 0.529513 -0.013520
v 0.146713 0.529513 -0.013520
v 0.027230 0.588805 0.002443
v 0.053967 0.583484 0.003366
v 0.079781 0.574716 0.004258
v 0.104230 0.562652 0.005103
v 0.126897 0.547498 0.005886
v 0.147392 0.529513 0.006594
v 0.147392 0.529513 0.006594
v 0.026849 0.588805 0.006138
v 0.053211 0.583484 0.010694
v 0.078663 0.574716 0.015092
v 0.102770 0.562652 0.019258
v 0.125118 0.547498 0.023120
v 0.145327 0.529513 0.026612
v 0.145327 0.529513 0.026612
v 0.025968 0.588805 0.009747
v 0.051464 0.583484 0.017850
v 0.076080 0.574716 0.025673
v 0.099395 0.562652 0.033083
v 0.121010 0.547498 0.039952
v 0.140554 0.529513 0.046163
v 0.140554 0.529513 0.046163
v 0.024604 0.588805 0.013202
v 0.048759 0.583484 0.024701
v 0.072081 0.574716 0.035804
v 0.094169 0.562652 0.046319
v 0.114647 0.547498 0.056067
v 0.133164 0.529513 0.064882
v 0.133164 0.529513 0.064882
v 0.022782 0.588805 0.016440
v 0.045147 0.583484 0.031121
v 0.066739 0.574716 0.045295
v 0.087190 0.562652 0.058720
v 0.106150 0.547498 0.071167
v 0.123294 0.529513 0.082421
v 0.123294 0.529513 0.082421
v 0.020536 0.588805 0.019399
v 0.040693 0.583484 0.036988
v 0.060155 0.574716 0.053971
v 0.078587 0.562652 0.070056
v 0.095676 0.547498 0.084968
v 0.111127 0.529513 0.098452
v 0.111127 0.529513 0.098452
v 0.017908 0.588805 0.022025
v 0.035483 0.583484 0.042195
v 0.052450 0.574716 0.061670
v 0.068521 0.562652 0.080115
v 0.083419 0.547498 0.097214
v 0.096891 0.529513 0.112677
v 0.096891 0.529513 0.112677
v 0.014947 0.588805 0.024268
v 0.029611 0.583484 0.046644
v 0.043769 0.574716 0.068247
v 0.057179 0.562652 0.088709
v 0.069610 0.547498 0.107678
v 0.080851 0.529513 0.124831
v 0.080851 0.529513 0.124831
v 0.011709 0.588805 0.026087
v 0.023189 0.583484 0.050252
v 0.034273 0.574716 0.073582
v 0.044772 0.562652 0.095678
v 0.054504 0.547498 0.116164
v 0.063305 0.529513 0.134687
v 0.063305 0.529513 0.134687
v 0.008252 0.588805 0.027449
v 0.016335 0.583484 0.052951
v 0.024140 0.574716 0.077573
v 0.031531 0.562652 0.100894
v 0.038384 0.547498 0.122514
v 0.044580 0.529513 0.142063
v 0.044580 0.529513 0.142063
v 0.004643 0.588805 0.028327
v 0.009178 0.583484 0.054693
v 0.013557 0.574716 0.080148
v 0.017704 0.562652 0.104258
v 0.021549 0.547498 0.126609
v 0.025026 0.529513 0.146820
v 0.025026 0.529513 0.146820
v 0.000947 0.588805 0.028706
v 0.001850 0.583484 0.055443
v 0.002722 0.574716 0.081258
v 0.003548 0.562652 0.105708
v 0.004313 0.547498 0.128375
v 0.005006 0.529513 0.148871
v 0.005006 0.529513 0.148871
v 0.005006 0.529513 0.148871
v -0.002766 0.588805 0.028577
v -0.005512 0.583484 0.055189
v -0.008163 0.574716 0.080882
v -0.010674 0.562652 0.105216
v -0.013002 0.547498 0.127776
v -0.015107 0.529513 0.148176
v -0.015107 0.529513 0.148176
v -0.006426 0.588805 0.027945
v -0.012770 0.583484 0.053934
v -0.018896 0.574716 0.079027
v -0.024697 0.562652 0.102793
v -0.030075 0.547498 0.124826
v -0.034938 0.529513 0.144749
v -0.034938 0.529513 0.144749
v -0.009967 0.588805 0.026820
v -0.019791 0.583484 0.051703
v -0.029276 0.574716 0.075728
v -0.038259 0.562652 0.098483
v -0.046587 0.547498 0.119578
v -0.054118 0.529513 0.138653
v -0.054118 0.529513 0.138653
v -0.013321 0.588805 0.025223
v -0.026442 0.583484 0.048537
v -0.039110 0.574716 0.071047
v -0.051108 0.562652 0.092366
v -0.062231 0.547498 0.112131
v -0.072289 0.529513 0.130003
v -0.072289 0.529513 0.130003
v -0.016426 0.588805 0.023184
v -0.032600 0.583484 0.044495
v -0.048215 0.574716 0.065070
v -0.063004 0.562652 0.084557
v -0.076715 0.547498 0.102623
v -0.089113 0.529513 0.118959
v -0.089113 0.529513 0.118959
v -0.019225 0.588805 0.020742
v -0.038150 0.583484 0.039651
v -0.056421 0.574716 0.057908
v -0.073726 0.562652 0.075200
v -0.089770 0.547498 0.091231
v -0.104276 0.529513 0.105727
v -0.104276 0.529513 0.105727
v -0.021666 0.588805 0.017941
v -0.042989 0.583484 0.034097
v -0.063576 0.574716 0.049697
v -0.083074 0.562652 0.064471
v -0.101151 0.547498 0.078168
v -0.117497 0.529513 0.090553
v -0.117497 0.529513 0.090553
v -0.023702 0.588805 0.014834
v -0.047026 0.583484 0.027936
v -0.069546 0.574716 0.040587
v -0.090875 0.562652 0.052569
v -0.110648 0.547498 0.063677
v -0.128528 0.529513 0.073721
v -0.128528 0.529513 0.073721
v -0.025296 0.588805 0.011478
v -0.050188 0.583484 0.021283
v -0.074220 0.574716 0.030749
v -0.096981 0.562652 0.039715
v -0.118083 0.547498 0.048027
v -0.137164 0.529513 0.055543
v -0.137164 0.529513 0.055543
v -0.026419 0.588805 0.007937
v -0.052413 0.583484 0.014261
v -0.077510 0.574716 0.020367
v -0.101281 0.562652 0.026150
v -0.123318 0.547498 0.031511
v -0.143245 0.529513 0.036359
v -0.143245 0.529513 0.036359
v -0.027049 0.588805 0.004276
v -0.053662 0.583484 0.007001
v -0.079357 0.574716 0.009633
v -0.103694 0.562652 0.012125
v -0.126255 0.547498 0.014436
v -0.146657 0.529513 0.016525
v -0.146657 0.529513 0.016525
v -0.027174 0.588805 0.000563
v -0.053911 0.583484 -0.000361
v -0.079725 0.574716 -0.001253
v -0.104174 0.562652 -0.002097
v -0.126840 0.547498 -0.002880
v -0.147336 0.529513 -0.003588
v -0.147336 0.529513 -0.003588
v -0.026793 0.588805 -0.003132
v -0.053155 0.583484 -0.007688
v -0.078607 0.574716 -0.012087
v -0.102713 0.562652 -0.016253
v -0.125062 0.547498 -0.020115
v -0.145270 0.529513 -0.023607
v -0.145270 0.529513 -0.023607
v -0.025912 0.588805 -0.006741
v -0.051408 0.583484 -0.014844
v -0.076024 0.574716 -0.022667
v -0.099339 0.562652 -0.030077
v -0.120953 0.547498 -0.036946
v -0.140498 0.529513 -0.043158
v -0.140498 0.529513 -0.043158
v -0.024547 0.588805 -0.010197
v -0.048703 0.583484 -0.021696
v -0.072024 0.574716 -0.032798
v -0.094113 0.562652 -0.043313
v -0.114591 0.547498 -0.053062
v -0.133108 0.529513 -0.061877
v -0.133108 0.529513 -0.061877
v -0.122088 0.527945 -0.078661
v -0.110035 0.527945 -0.094542
v -0.095932 0.527945 -0.108635
v -0.080041 0.527945 -0.120675
v -0.062659 0.527945 -0.130440
v -0.044108 0.527945 -0.137747
v -0.024736 0.527945 -0.142460
v -0.004903 0.527945 -0.144491
v 0.015023 0.527945 -0.143803
v 0.034669 0.527945 -0.140408
v 0.053670 0.527945 -0.134369
v 0.071671 0.527945 -0.125799
v 0.088338 0.527945 -0.114858
v 0.103360 0.527945 -0.101750
v 0.116457 0.527945 -0.086717
v 0.127386 0.527945 -0.070042
v 0.135941 0.527945 -0.052034
v 0.141965 0.527945 -0.033028
v 0.145345 0.527945 -0.013380
v 0.146018 0.527945 0.006546
v 0.143972 0.527945 0.026378
v 0.139244 0.527945 0.045747
v 0.131923 0.527945 0.064291
v 0.122144 0.527945 0.081666
v 0.110091 0.527945 0.097548
v 0.095988 0.527945 0.111640
v 0.080097 0.527945 0.123681
v 0.062715 0.527945 0.133446
v 0.044165 0.527945 0.140752
v 0.024793 0.527945 0.145465
v 0.004959 0.527945 0.147497
v 0.004959 0.527945 0.147497
v -0.014966 0.527945 0.146808
v -0.034612 0.527945 0.143413
v -0.053613 0.527945 0.137374
v -0.071615 0.527945 0.128805
v -0.088282 0.527945 0.117864
v -0.103304 0.527945 0.104755
v -0.116401 0.527945 0.089723
v -0.127329 0.527945 0.073047
v -0.135885 0.527945 0.055039
v -0.141909 0.527945 0.036034
v -0.145289 0.527945 0.016385
v -0.145962 0.527945 -0.003541
v -0.143915 0.527945 -0.023373
v -0.139187 0.527945 -0.042741
v -0.131866 0.527945 -0.061286
v -0.121674 0.531153 -0.078389
v -0.109662 0.531153 -0.094217
v -0.095606 0.531153 -0.108261
v -0.079769 0.531153 -0.120261
v -0.062446 0.531153 -0.129993
v -0.043959 0.531153 -0.137275
v -0.024652 0.531153 -0.141972
v -0.004886 0.531153 -0.143996
v 0.014972 0.531153 -0.143310
v 0.034551 0.531153 -0.139927
v 0.053488 0.531153 -0.133908
v 0.071428 0.531153 -0.125368
v 0.088039 0.531153 -0.114464
v 0.104054 0.531292 -0.101269
v 0.117106 0.531292 -0.086287
v 0.126954 0.531153 -0.069799
v 0.135481 0.531153 -0.051852
v 0.141484 0.531153 -0.032911
v 0.144853 0.531153 -0.013329
v 0.145523 0.531153 0.006529
v 0.143484 0.531153 0.026294
v 0.138772 0.531153 0.045597
v 0.131475 0.531153 0.064078
v 0.121730 0.531153 0.081394
v 0.109718 0.531153 0.097222
v 0.095663 0.531153 0.111267
v 0.079826 0.531153 0.123267
v 0.062502 0.531153 0.132998
v 0.044015 0.531153 0.140280
v 0.024709 0.531153 0.144977
v 0.004942 0.531153 0.147002
v -0.014915 0.531153 0.146316
v -0.034495 0.531153 0.142932
v -0.053431 0.531153 0.136914
v -0.071372 0.531153 0.128373
v -0.087982 0.531153 0.117469
v -0.102953 0.531153 0.104405
v -0.116006 0.531153 0.089424
v -0.126897 0.531153 0.072805
v -0.135424 0.531153 0.054858
v -0.141428 0.531153 0.035917
v -0.144796 0.531153 0.016335
v -0.145467 0.531153 -0.003524
v -0.143427 0.531153 -0.023289
v -0.138715 0.531153 -0.042591
v -0.131419 0.531153 -0.061073
v -0.121222 0.528854 -0.078092
v -0.109254 0.528854 -0.093861
v -0.095251 0.528854 -0.107854
v -0.079473 0.528854 -0.119809
v -0.062214 0.528854 -0.129504
v -0.043795 0.528854 -0.136760
v -0.024561 0.528854 -0.141439
v -0.004868 0.528854 -0.143456
v 0.014916 0.528854 -0.142772
v 0.034423 0.528854 -0.139401
v 0.053289 0.528854 -0.133405
v 0.071163 0.528854 -0.124897
v 0.087712 0.528854 -0.114033
v 0.102628 0.528854 -0.101017
v 0.115632 0.528854 -0.086092
v 0.126482 0.528854 -0.069535
v 0.134978 0.528854 -0.051654
v 0.140959 0.528854 -0.032783
v 0.144315 0.528854 -0.013274
v 0.144983 0.528854 0.006511
v 0.142951 0.528854 0.026202
v 0.138257 0.528854 0.045433
v 0.130987 0.528854 0.063846
v 0.121278 0.528854 0.081098
v 0.109311 0.528854 0.096867
v 0.095308 0.528854 0.110859
v 0.079530 0.528854 0.122814
v 0.062270 0.528854 0.132510
v 0.043852 0.528854 0.139765
v 0.024617 0.528854 0.144445
v 0.004924 0.528854 0.146461
v 0.004924 0.528854 0.146461
v -0.014860 0.528854 0.145778
v -0.034367 0.528854 0.142407
v -0.053233 0.528854 0.136411
v -0.071107 0.528854 0.127902
v -0.087656 0.528854 0.117039
v -0.102571 0.528854 0.104023
v -0.115575 0.528854 0.089097
v -0.126426 0.528854 0.072540
v -0.134921 0.528854 0.054660
v -0.140902 0.528854 0.035789
v -0.144258 0.528854 0.016280
v -0.144927 0.528854 -0.003505
v -0.142895 0.528854 -0.023196
v -0.138200 0.528854 -0.042428
v -0.130931 0.528854 -0.060841
v 0.007216 1.130509 0.003435
v 0.004551 1.125219 -0.002427
v 0.004757 1.130509 0.006318
v 0.002665 1.125219 -0.004035
v 0.001186 1.130509 0.007586
v 0.000227 1.125219 -0.004485
v -0.002540 1.130509 0.006898
v -0.002109 1.125219 -0.003656
v -0.005424 1.130509 0.004440
v -0.003717 1.125219 -0.001770
v -0.006691 1.130509 0.000868
v -0.004167 1.125219 0.000668
v -0.006003 1.130509 -0.002858
v -0.003338 1.125219 0.003004
v -0.003545 1.130509 -0.005741
v -0.001452 1.125219 0.004612
v 0.000026 1.130509 -0.007009
v 0.000026 1.130509 -0.007009
v 0.000986 1.125219 0.005062
v 0.003753 1.130509 -0.006321
v 0.005380 1.125219 -0.000091
v 0.006636 1.130509 -0.003862
v 0.004930 1.125219 0.002347
v 0.007904 1.130509 -0.000291
v 0.003322 1.125219 0.004233
v 0.001520 1.124849 0.001615
v 0.002061 1.124849 0.000981
v 0.000734 1.124849 0.001894
v -0.000086 1.124849 0.001743
v -0.000720 1.124849 0.001202
v -0.000999 1.124849 0.000416
v -0.000848 1.124849 -0.000404
v -0.000307 1.124849 -0.001038
v 0.000479 1.124849 -0.001317
v 0.001299 1.124849 -0.001166
v 0.001933 1.124849 -0.000625
v 0.002212 1.124849 0.000161
v 0.007216 1.127032 0.003435
v 0.007216 1.127032 0.003435
v 0.006541 1.125822 0.003114
v 0.004334 1.125822 0.005703
v 0.004757 1.127032 0.006318
v 0.004757 1.127032 0.006318
v 0.001127 1.125822 0.006841
v 0.001186 1.127032 0.007586
v 0.001186 1.127032 0.007586
v -0.002219 1.125822 0.006224
v -0.002540 1.127032 0.006898
v -0.002540 1.127032 0.006898
v -0.004808 1.125822 0.004016
v -0.005424 1.127032 0.004440
v -0.005424 1.127032 0.004440
v -0.005946 1.125822 0.000809
v -0.006691 1.127032 0.000868
v -0.006691 1.127032 0.000868
v -0.005329 1.125822 -0.002537
v -0.006003 1.127032 -0.002858
v -0.006003 1.127032 -0.002858
v -0.003121 1.125822 -0.005126
v -0.003545 1.127032 -0.005741
v -0.003545 1.127032 -0.005741
v 0.000086 1.125822 -0.006264
v 0.000026 1.127032 -0.007009
v 0.000026 1.127032 -0.007009
v 0.000026 1.127032 -0.007009
v 0.003432 1.125822 -0.005647
v 0.003753 1.127032 -0.006321
v 0.003753 1.127032 -0.006321
v 0.006021 1.125822 -0.003439
v 0.006636 1.127032 -0.003862
v 0.006636 1.127032 -0.003862
v 0.007159 1.125822 -0.000232
v 0.007904 1.127032 -0.000291
v 0.007904 1.127032 -0.000291
v -0.051889 1.154314 -0.004726
v -0.051889 1.154314 -0.004726
v -0.016614 1.146103 -0.007909
v -0.016614 1.146103 -0.007909
v -0.016614 1.146103 -0.007909
v -0.050439 1.154314 0.013531
v -0.050439 1.154314 0.013531
v -0.012772 1.146103 -0.013305
v -0.012772 1.146103 -0.013305
v -0.042831 1.154314 0.030191
v -0.042831 1.154314 0.030191
v -0.007316 1.146103 -0.017061
v -0.007316 1.146103 -0.017061
v -0.029985 1.154314 0.043244
v -0.029985 1.154314 0.043244
v -0.000904 1.146103 -0.018724
v -0.000904 1.146103 -0.018724
v -0.013448 1.154314 0.051116
v -0.013448 1.154314 0.051116
v 0.005689 1.146103 -0.018094
v 0.005689 1.146103 -0.018094
v 0.004783 1.154314 0.052858
v 0.004783 1.154314 0.052858
v 0.011670 1.146103 -0.015247
v 0.011670 1.146103 -0.015247
v 0.022511 1.154314 0.048259
v 0.022511 1.154314 0.048259
v 0.016316 1.146103 -0.010526
v 0.016316 1.146103 -0.010526
v 0.037597 1.154314 0.037874
v 0.037597 1.154314 0.037874
v 0.019068 1.146103 -0.004501
v 0.019068 1.146103 -0.004501
v 0.048221 1.154314 0.022956
v 0.048221 1.154314 0.022956
v 0.019593 1.146103 0.002102
v 0.019593 1.146103 0.002102
v 0.053102 1.154314 0.005304
v 0.053102 1.154314 0.005304
v 0.017827 1.146103 0.008487
v 0.017827 1.146103 0.008487
v 0.051651 1.154314 -0.012954
v 0.051651 1.154314 -0.012954
v 0.013985 1.146103 0.013882
v 0.013985 1.146103 0.013882
v 0.044044 1.154314 -0.029613
v 0.044044 1.154314 -0.029613
v 0.008529 1.146103 0.017638
v 0.008529 1.146103 0.017638
v 0.031197 1.154314 -0.042667
v 0.031197 1.154314 -0.042667
v 0.002117 1.146103 0.019301
v 0.002117 1.146103 0.019301
v 0.014661 1.154314 -0.050539
v 0.014661 1.154314 -0.050539
v -0.004477 1.146103 0.018671
v -0.004477 1.146103 0.018671
v -0.003571 1.154314 -0.052280
v -0.003571 1.154314 -0.052280
v -0.010457 1.146103 0.015824
v -0.010457 1.146103 0.015824
v -0.021298 1.154314 -0.047681
v -0.021298 1.154314 -0.047681
v -0.015104 1.146103 0.011103
v -0.015104 1.146103 0.011103
v -0.047008 1.154314 -0.022378
v -0.047008 1.154314 -0.022378
v -0.047008 1.154314 -0.022378
v -0.017855 1.146103 0.005078
v -0.017855 1.146103 0.005078
v -0.036384 1.154314 -0.037297
v -0.036384 1.154314 -0.037297
v -0.018380 1.146103 -0.001525
v -0.018380 1.146103 -0.001525
v -0.013300 1.131142 -0.006332
v -0.010197 1.131142 -0.010689
v -0.005791 1.131142 -0.013722
v -0.000614 1.131142 -0.015065
v 0.004711 1.131142 -0.014556
v 0.009541 1.131142 -0.012257
v 0.013293 1.131142 -0.008445
v 0.015515 1.131142 -0.003579
v 0.015938 1.131142 0.001753
v 0.014513 1.131142 0.006909
v 0.011410 1.131142 0.011266
v 0.007004 1.131142 0.014299
v 0.001826 1.131142 0.015642
v -0.003498 1.131142 0.015133
v -0.008328 1.131142 0.012834
v -0.012080 1.131142 0.009022
v -0.014302 1.131142 0.004156
v -0.014726 1.131142 -0.001176
v -0.015134 1.134448 -0.007205
v -0.015134 1.134448 -0.007205
v -0.015134 1.134448 -0.007205
v -0.011622 1.134448 -0.012137
v -0.011622 1.134448 -0.012137
v -0.006635 1.134448 -0.015570
v -0.006635 1.134448 -0.015570
v -0.000775 1.134448 -0.017090
v -0.000775 1.134448 -0.017090
v 0.005253 1.134448 -0.016514
v 0.005253 1.134448 -0.016514
v 0.010719 1.134448 -0.013912
v 0.010719 1.134448 -0.013912
v 0.014966 1.134448 -0.009597
v 0.014966 1.134448 -0.009597
v 0.017481 1.134448 -0.004089
v 0.017481 1.134448 -0.004089
v 0.017961 1.134448 0.001946
v 0.017961 1.134448 0.001946
v 0.016347 1.134448 0.007782
v 0.016347 1.134448 0.007782
v 0.012835 1.134448 0.012714
v 0.012835 1.134448 0.012714
v 0.007848 1.134448 0.016147
v 0.007848 1.134448 0.016147
v 0.001987 1.134448 0.017667
v 0.001987 1.134448 0.017667
v -0.004040 1.134448 0.017092
v -0.004040 1.134448 0.017092
v -0.009507 1.134448 0.014489
v -0.009507 1.134448 0.014489
v -0.013754 1.134448 0.010174
v -0.013754 1.134448 0.010174
v -0.016269 1.134448 0.004666
v -0.016269 1.134448 0.004666
v -0.016748 1.134448 -0.001369
v -0.016748 1.134448 -0.001369
v -0.010603 1.129039 -0.005047
v -0.008102 1.129039 -0.008559
v -0.004550 1.129039 -0.011004
v -0.000377 1.129039 -0.012087
v 0.003915 1.129039 -0.011677
v 0.007808 1.129039 -0.009824
v 0.010832 1.129039 -0.006751
v 0.012623 1.129039 -0.002829
v 0.012964 1.129039 0.001469
v 0.011815 1.129039 0.005625
v 0.009314 1.129039 0.009137
v 0.005763 1.129039 0.011581
v 0.001590 1.129039 0.012664
v -0.002702 1.129039 0.012254
v -0.006595 1.129039 0.010401
v -0.009619 1.129039 0.007328
v -0.011410 1.129039 0.003406
v -0.011752 1.129039 -0.000892
v -0.022906 1.148318 -0.010905
v 0.025813 1.148318 -0.006250
v -0.010210 1.148318 -0.023399
v -0.017660 1.148318 -0.018271
v -0.014500 1.148318 0.021500
v -0.006334 1.148318 0.025388
v 0.024119 1.148318 0.011482
v 0.026529 1.148318 0.002765
v 0.007547 1.148318 -0.024810
v -0.001456 1.148318 -0.025670
v -0.024600 1.148318 0.006828
v -0.020843 1.148318 0.015054
v 0.011423 1.148318 0.023977
v 0.018873 1.148318 0.018848
v 0.022056 1.148318 -0.014477
v 0.015712 1.148318 -0.020923
v -0.025316 1.148318 -0.002188
v 0.002669 1.148318 0.026248
v -0.023607 1.150429 -0.011238
v -0.018205 1.150429 -0.018825
v -0.006541 1.150429 0.026136
v 0.027302 1.150429 0.002839
v -0.001518 1.150429 -0.026445
v -0.021483 1.150429 0.015495
v 0.019417 1.150429 0.019402
v 0.016163 1.150429 -0.021556
v 0.026564 1.150429 -0.006445
v -0.010533 1.150429 -0.024106
v -0.014950 1.150429 0.022133
v 0.024820 1.150429 0.011816
v 0.007754 1.150429 -0.025559
v -0.025352 1.150429 0.007023
v 0.011746 1.150429 0.024683
v 0.022696 1.150429 -0.014918
v -0.026090 1.150429 -0.002262
v 0.002731 1.150429 0.027022
v -0.029508 1.152239 -0.014047
v -0.022789 1.152239 -0.023483
v -0.008283 1.152239 0.032435
v 0.033808 1.152239 0.003460
v -0.002035 1.152239 -0.032959
v -0.026866 1.152239 0.019201
v 0.024001 1.152239 0.024060
v 0.019954 1.152239 -0.026879
v 0.032890 1.152239 -0.008087
v -0.013248 1.152239 -0.030051
v -0.018741 1.152239 0.027456
v 0.030721 1.152239 0.014625
v 0.009495 1.152239 -0.031858
v -0.031678 1.152239 0.008664
v 0.014460 1.152239 0.030628
v 0.028079 1.152239 -0.018623
v -0.032595 1.152239 -0.002883
v 0.003248 1.152239 0.033537
v -0.031629 1.153718 -0.015057
v -0.024437 1.153718 -0.025157
v -0.008909 1.153718 0.034699
v 0.036146 1.153718 0.003684
v -0.002222 1.153718 -0.035301
v -0.028801 1.153718 0.020533
v 0.025649 1.153718 0.025734
v 0.021317 1.153718 -0.028792
v 0.035164 1.153718 -0.008676
v -0.014223 1.153718 -0.032188
v -0.020104 1.153718 0.029370
v 0.032842 1.153718 0.015634
v 0.010121 1.153718 -0.034122
v -0.033952 1.153718 0.009254
v 0.015436 1.153718 0.032765
v 0.030014 1.153718 -0.019955
v -0.034934 1.153718 -0.003107
v 0.003434 1.153718 0.035878
v 0.024263 1.157105 0.052095
v 0.015785 1.157105 -0.054603
v 0.004903 1.157626 0.057259
v 0.033644 1.157105 -0.046102
v -0.014626 1.157626 0.055359
v 0.047518 1.157105 -0.032005
v -0.032431 1.157105 0.046679
v 0.055733 1.157105 -0.014012
v -0.046305 1.157105 0.032582
v 0.057300 1.157105 0.005705
v -0.039342 1.157105 -0.040302
v -0.054521 1.157105 0.014590
v 0.052029 1.157105 0.024768
v 0.040555 1.157105 0.040879
v -0.023050 1.157105 -0.051518
v -0.003905 1.157105 -0.056484
v -0.056087 1.157105 -0.005127
v -0.050816 1.157105 -0.024191
v -0.050816 1.157105 -0.024191
v -0.059103 1.163342 -0.005415
v -0.057453 1.163342 0.015350
v -0.048800 1.163342 0.034300
v -0.034188 1.163342 0.049147
v -0.015379 1.163342 0.058101
v 0.005357 1.163342 0.060082
v 0.025521 1.163342 0.054851
v 0.042680 1.163342 0.043039
v 0.054764 1.163342 0.026071
v 0.060316 1.163342 0.005993
v 0.058666 1.163342 -0.014773
v 0.050013 1.163342 -0.033722
v 0.035401 1.163342 -0.048569
v 0.016592 1.163342 -0.057523
v -0.004145 1.163342 -0.059504
v -0.024309 1.163342 -0.054273
v -0.053551 1.163342 -0.025493
v -0.053551 1.163342 -0.025493
v -0.041467 1.163342 -0.042461
v -0.059103 1.172644 -0.005415
v -0.059103 1.172644 -0.005415
v -0.057453 1.172644 0.015350
v -0.057453 1.172644 0.015350
v -0.048800 1.172644 0.034300
v -0.048800 1.172644 0.034300
v -0.034188 1.172644 0.049147
v -0.034188 1.172644 0.049147
v -0.015379 1.172644 0.058101
v -0.015379 1.172644 0.058101
v 0.005357 1.172644 0.060082
v 0.005357 1.172644 0.060082
v 0.025521 1.172644 0.054851
v 0.025521 1.172644 0.054851
v 0.042680 1.172644 0.043039
v 0.042680 1.172644 0.043039
v 0.054764 1.172644 0.026071
v 0.054764 1.172644 0.026071
v 0.060316 1.172644 0.005993
v 0.060316 1.172644 0.005993
v 0.058666 1.172644 -0.014773
v 0.058666 1.172644 -0.014773
v 0.050013 1.172644 -0.033722
v 0.050013 1.172644 -0.033722
v 0.035401 1.172644 -0.048569
v 0.035401 1.172644 -0.048569
v 0.016592 1.172644 -0.057523
v 0.016592 1.172644 -0.057523
v -0.004145 1.172644 -0.059504
v -0.004145 1.172644 -0.059504
v -0.024309 1.172644 -0.054273
v -0.024309 1.172644 -0.054273
v -0.053551 1.172644 -0.025493
v -0.053551 1.172644 -0.025493
v -0.053551 1.172644 -0.025493
v -0.041467 1.172644 -0.042461
v -0.041467 1.172644 -0.042461
v 0.000606 1.172644 0.000289
v 0.000028 0.649551 0.001503
v 0.000075 0.683678 0.004093
v 0.000075 0.683678 0.004093
v 0.000071 0.679884 0.004102
v 0.000071 0.679884 0.004102
v -0.002129 0.683702 0.002684
v -0.002129 0.683702 0.002684
v -0.002133 0.679908 0.002693
v -0.002133 0.679908 0.002693
v -0.002390 0.683781 0.000109
v -0.002390 0.683781 0.000109
v -0.002394 0.679987 0.000118
v -0.002394 0.679987 0.000118
v -0.001894 0.683663 -0.002989
v -0.001894 0.683663 -0.002989
v -0.001898 0.679870 -0.002980
v -0.001898 0.679870 -0.002980
v 0.000367 0.683640 -0.004246
v 0.000367 0.683640 -0.004246
v 0.000367 0.683640 -0.004246
v 0.000363 0.679846 -0.004237
v 0.000363 0.679846 -0.004237
v 0.000363 0.679846 -0.004237
v 0.001885 0.683656 -0.002348
v 0.001885 0.683656 -0.002348
v 0.001882 0.679862 -0.002339
v 0.001882 0.679862 -0.002339
v 0.002429 0.683666 0.000085
v 0.002429 0.683666 0.000085
v 0.002425 0.679873 0.000094
v 0.002425 0.679873 0.000094
v 0.002199 0.683722 0.002755
v 0.002199 0.683722 0.002755
v 0.002195 0.679929 0.002764
v 0.002195 0.679929 0.002764
v 0.000073 0.683679 0.004659
v 0.000073 0.683679 0.004659
v -0.002556 0.683703 0.002911
v -0.002556 0.683703 0.002911
v -0.002560 0.679909 0.002920
v -0.002560 0.679909 0.002920
v 0.000069 0.679886 0.004668
v 0.000069 0.679886 0.004668
v -0.002775 0.683781 0.000107
v -0.002775 0.683781 0.000107
v -0.002779 0.679988 0.000116
v -0.002779 0.679988 0.000116
v -0.002165 0.683663 -0.003391
v -0.002165 0.683663 -0.003391
v -0.002169 0.679869 -0.003382
v -0.002169 0.679869 -0.003382
v 0.000369 0.683639 -0.004812
v 0.000369 0.683639 -0.004812
v 0.000365 0.679845 -0.004803
v 0.000365 0.679845 -0.004803
v 0.002159 0.683655 -0.002747
v 0.002159 0.683655 -0.002747
v 0.002155 0.679861 -0.002738
v 0.002155 0.679861 -0.002738
v 0.002815 0.683666 0.000086
v 0.002815 0.683666 0.000086
v 0.002811 0.679872 0.000095
v 0.002811 0.679872 0.000095
v 0.002577 0.683723 0.003058
v 0.002577 0.683723 0.003058
v 0.002573 0.679929 0.003067
v 0.002573 0.679929 0.003067
v -0.001515 0.683662 -0.003218
v -0.001515 0.683662 -0.003218
v -0.001519 0.679869 -0.003209
v -0.001519 0.679869 -0.003209
v -0.001543 0.683636 -0.003615
v -0.001543 0.683636 -0.003615
v -0.001543 0.683636 -0.003615
v -0.001547 0.679843 -0.003606
v -0.001547 0.679843 -0.003606
v -0.001547 0.679843 -0.003606
v -0.001466 0.679865 -0.005220
v -0.001466 0.679865 -0.005220
v -0.001059 0.680432 -0.006284
v -0.001059 0.680432 -0.006284
v -0.001056 0.683087 -0.006290
v -0.001056 0.683087 -0.006290
v -0.001462 0.683659 -0.005229
v -0.001462 0.683659 -0.005229
v -0.000574 0.680340 -0.006024
v -0.000574 0.680340 -0.006024
v -0.000999 0.679802 -0.004969
v -0.000999 0.679802 -0.004969
v -0.000995 0.683596 -0.004978
v -0.000995 0.683596 -0.004978
v -0.000571 0.682995 -0.006030
v -0.000571 0.682995 -0.006030
v -0.003379 0.680205 0.002799
v -0.003379 0.680205 0.002799
v -0.003376 0.683420 0.002792
v -0.003376 0.683420 0.002792
v -0.003562 0.683487 0.000415
v -0.003562 0.683487 0.000415
v -0.003565 0.680272 0.000423
v -0.003565 0.680272 0.000423
v -0.002006 0.657315 0.000509
v -0.001521 1.137292 -0.000632
v -0.000683 0.657310 -0.000675
v -0.000198 1.137288 -0.001817
v 0.001091 0.657309 -0.000578
v 0.001576 1.137286 -0.001719
v 0.002275 0.657311 0.000746
v 0.002761 1.137288 -0.000396
v 0.002177 0.657315 0.002519
v 0.002663 1.137293 0.001378
v 0.000854 0.657319 0.003704
v 0.001339 1.137297 0.002563
v -0.000919 0.657321 0.003606
v -0.000434 1.137298 0.002465
v -0.002104 0.657319 0.002283
v -0.002104 0.657319 0.002283
v -0.001619 1.137297 0.001141
v -0.001619 1.137297 0.001141
v -0.003939 0.698783 -0.000538
v -0.003939 0.698783 -0.000538
v -0.004371 0.698788 0.001757
v -0.004371 0.698788 0.001757
v -0.003597 0.698793 0.003960
v -0.003597 0.698793 0.003960
v -0.001826 0.698795 0.005482
v -0.001826 0.698795 0.005482
v 0.000469 0.698793 0.005914
v 0.000469 0.698793 0.005914
v 0.002673 0.698789 0.005141
v 0.002673 0.698789 0.005141
v 0.004194 0.698784 0.003369
v 0.004194 0.698784 0.003369
v 0.004626 0.698778 0.001074
v 0.004626 0.698778 0.001074
v 0.003853 0.698773 -0.001129
v 0.003853 0.698773 -0.001129
v 0.002081 0.698771 -0.002651
v 0.002081 0.698771 -0.002651
v -0.000214 0.698773 -0.003083
v -0.000214 0.698773 -0.003083
v -0.000214 0.698773 -0.003083
v -0.002417 0.698777 -0.002310
v -0.002417 0.698777 -0.002310
v -0.003933 0.704421 -0.000551
v -0.003933 0.704421 -0.000551
v -0.004365 0.704427 0.001743
v -0.004365 0.704427 0.001743
v -0.003592 0.704432 0.003947
v -0.003592 0.704432 0.003947
v -0.001820 0.704434 0.005469
v -0.001820 0.704434 0.005469
v 0.000475 0.704432 0.005901
v 0.000475 0.704432 0.005901
v 0.002678 0.704428 0.005127
v 0.002678 0.704428 0.005127
v 0.004200 0.704422 0.003356
v 0.004200 0.704422 0.003356
v 0.004632 0.704416 0.001061
v 0.004632 0.704416 0.001061
v 0.003858 0.704412 -0.001143
v 0.003858 0.704412 -0.001143
v 0.002087 0.704410 -0.002664
v 0.002087 0.704410 -0.002664
v -0.000208 0.704412 -0.003096
v -0.000208 0.704412 -0.003096
v -0.000208 0.704412 -0.003096
v -0.002412 0.704416 -0.002323
v -0.002412 0.704416 -0.002323
v -0.003536 1.097159 -0.001485
v -0.003536 1.097159 -0.001485
v -0.003968 1.097165 0.000810
v -0.003968 1.097165 0.000810
v -0.003195 1.097170 0.003013
v -0.003195 1.097170 0.003013
v -0.001423 1.097172 0.004535
v -0.001423 1.097172 0.004535
v 0.000872 1.097170 0.004967
v 0.000872 1.097170 0.004967
v 0.003075 1.097166 0.004193
v 0.003075 1.097166 0.004193
v 0.004597 1.097160 0.002422
v 0.004597 1.097160 0.002422
v 0.005029 1.097155 0.000127
v 0.005029 1.097155 0.000127
v 0.004255 1.097150 -0.002076
v 0.004255 1.097150 -0.002076
v 0.002484 1.097148 -0.003598
v 0.002484 1.097148 -0.003598
v 0.000189 1.097150 -0.004030
v 0.000189 1.097150 -0.004030
v 0.000189 1.097150 -0.004030
v -0.002015 1.097154 -0.003257
v -0.002015 1.097154 -0.003257
v -0.003530 1.102798 -0.001499
v -0.003530 1.102798 -0.001499
v -0.003962 1.102804 0.000796
v -0.003962 1.102804 0.000796
v -0.003189 1.102808 0.003000
v -0.003189 1.102808 0.003000
v -0.001417 1.102810 0.004521
v -0.001417 1.102810 0.004521
v 0.000878 1.102809 0.004953
v 0.000878 1.102809 0.004953
v 0.003081 1.102805 0.004180
v 0.003081 1.102805 0.004180
v 0.004603 1.102799 0.002409
v 0.004603 1.102799 0.002409
v 0.005035 1.102793 0.000114
v 0.005035 1.102793 0.000114
v 0.004261 1.102789 -0.002090
v 0.004261 1.102789 -0.002090
v 0.002490 1.102787 -0.003611
v 0.002490 1.102787 -0.003611
v 0.000195 1.102788 -0.004043
v 0.000195 1.102788 -0.004043
v 0.000195 1.102788 -0.004043
v -0.002009 1.102792 -0.003270
v -0.002009 1.102792 -0.003270
v 0.000873 0.659694 -0.002733
v 0.000711 1.128828 -0.004003
v 0.001240 0.659696 -0.001715
v 0.001596 1.128829 -0.003379
v 0.000780 0.659699 -0.000734
v 0.001781 1.128832 -0.002311
v -0.000238 0.659701 -0.000366
v 0.001159 1.128834 -0.001426
v -0.001219 0.659700 -0.000826
v -0.001219 0.659700 -0.000826
v 0.000093 1.128836 -0.001241
v 0.000093 1.128836 -0.001241
v -0.001587 0.659698 -0.001845
v -0.000792 1.128835 -0.001865
v -0.001126 0.659696 -0.002826
v -0.000977 1.128832 -0.002933
v -0.000108 0.659694 -0.003193
v -0.000354 1.128829 -0.003819
v -0.003707 0.879698 0.003383
v -0.003909 0.835429 0.000256
v -0.004568 0.865934 0.002496
v -0.004595 0.849748 0.001363
v -0.003072 0.835425 -0.000028
v -0.003371 0.879711 0.002700
v -0.003826 0.849748 0.000877
v -0.003983 0.865940 0.001864
v -0.002279 0.835415 0.000364
v -0.002653 0.879718 0.002454
v -0.002942 0.849746 0.001077
v -0.003126 0.865945 0.001830
v -0.001997 0.835406 0.001201
v -0.001975 0.879716 0.002788
v -0.002459 0.849742 0.001846
v -0.002499 0.865945 0.002415
v -0.002389 0.835405 0.001993
v -0.002389 0.835405 0.001993
v -0.001733 0.879708 0.003508
v -0.001733 0.879708 0.003508
v -0.002661 0.849744 0.002733
v -0.002661 0.849744 0.002733
v -0.002469 0.865943 0.003275
v -0.002469 0.865943 0.003275
v -0.003227 0.835412 0.002276
v -0.002070 0.879698 0.004192
v -0.003429 0.849746 0.003219
v -0.003054 0.865938 0.003908
v -0.004019 0.835423 0.001885
v -0.002788 0.879692 0.004438
v -0.004314 0.849746 0.003019
v -0.003911 0.865934 0.003941
v -0.004302 0.835429 0.001048
v -0.003466 0.879691 0.004103
v -0.004797 0.849747 0.002250
v -0.004538 0.865932 0.003356
v -0.000925 0.792946 -0.003111
v 0.000289 0.756759 -0.004039
v -0.000124 0.775518 -0.003890
v 0.001043 0.756760 -0.003296
v -0.000083 0.792954 -0.002687
v 0.000693 0.775521 -0.003266
v 0.001051 0.756762 -0.002238
v 0.000213 0.792959 -0.001793
v 0.000830 0.775523 -0.002248
v 0.000308 0.756761 -0.001483
v -0.000210 0.792957 -0.000951
v 0.000207 0.775523 -0.001432
v -0.000751 0.756762 -0.001476
v -0.000751 0.756762 -0.001476
v -0.001104 0.792954 -0.000655
v -0.001104 0.792954 -0.000655
v -0.000811 0.775522 -0.001295
v -0.000811 0.775522 -0.001295
v -0.001505 0.756764 -0.002219
v -0.001945 0.792950 -0.001078
v -0.001628 0.775523 -0.001918
v -0.001513 0.756761 -0.003277
v -0.002242 0.792946 -0.001973
v -0.001765 0.775520 -0.002936
v -0.000770 0.756759 -0.004032
v -0.001819 0.792944 -0.002815
v -0.001142 0.775516 -0.003753
v 0.003312 0.939099 0.005168
v 0.001499 0.921461 0.006085
v 0.002552 0.930267 0.006070
v 0.000857 0.921461 0.005412
v 0.002509 0.939108 0.004699
v 0.001776 0.930272 0.005458
v 0.000877 0.921455 0.004482
v 0.002272 0.939112 0.003801
v 0.001660 0.930271 0.004477
v 0.001549 0.921446 0.003839
v 0.002740 0.939106 0.002998
v 0.002272 0.930266 0.003701
v 0.002479 0.921442 0.003860
v 0.002479 0.921442 0.003860
v 0.003638 0.939097 0.002762
v 0.003638 0.939097 0.002762
v 0.003253 0.930260 0.003586
v 0.003253 0.930260 0.003586
v 0.003123 0.921442 0.004533
v 0.004441 0.939088 0.003230
v 0.004028 0.930257 0.004198
v 0.003102 0.921448 0.005463
v 0.004678 0.939087 0.004129
v 0.004145 0.930256 0.005179
v 0.002429 0.921457 0.006106
v 0.004210 0.939090 0.004932
v 0.003533 0.930260 0.005955
v 0.003869 1.037292 -0.002326
v 0.005737 0.985522 -0.000558
v 0.005147 1.019396 -0.002188
v 0.005863 1.000494 -0.001566
v 0.005166 0.985521 -0.000027
v 0.003769 1.037312 -0.001444
v 0.005393 1.000497 -0.000825
v 0.004851 1.019406 -0.001318
v 0.004387 0.985508 -0.000052
v 0.003076 1.037323 -0.000889
v 0.004537 1.000493 -0.000630
v 0.004026 1.019410 -0.000911
v 0.003857 0.985490 -0.000619
v 0.002195 1.037317 -0.000987
v 0.003796 1.000483 -0.001096
v 0.003157 1.019405 -0.001205
v 0.003887 0.985479 -0.001395
v 0.003887 0.985479 -0.001395
v 0.001642 1.037300 -0.001679
v 0.001642 1.037300 -0.001679
v 0.003604 1.000473 -0.001950
v 0.003604 1.000473 -0.001950
v 0.002751 1.019394 -0.002029
v 0.002751 1.019394 -0.002029
v 0.004458 0.985482 -0.001925
v 0.001741 1.037283 -0.002561
v 0.004074 1.000472 -0.002691
v 0.003047 1.019386 -0.002899
v 0.005236 0.985497 -0.001900
v 0.002435 1.037274 -0.003116
v 0.004930 1.000477 -0.002886
v 0.003871 1.019383 -0.003306
v 0.005766 0.985513 -0.001334
v 0.003316 1.037277 -0.003018
v 0.005671 1.000486 -0.002420
v 0.004742 1.019387 -0.003011
v 0.000773 0.677393 -0.002961
v 0.001207 0.677395 -0.001990
v -0.000221 0.677393 -0.003341
v 0.000828 0.677397 -0.000996
v -0.000143 0.677399 -0.000562
v -0.001137 0.677399 -0.000941
v -0.001137 0.677399 -0.000941
v -0.001572 0.677397 -0.001912
v -0.001192 0.677395 -0.002906
v 0.001022 0.701807 -0.005455
v 0.000009 0.701807 -0.005721
v 0.001550 0.701809 -0.004550
v 0.001284 0.701812 -0.003537
v 0.000380 0.701813 -0.003009
v -0.000633 0.701813 -0.003276
v -0.000633 0.701813 -0.003276
v -0.001161 0.701812 -0.004180
v -0.000895 0.701809 -0.005193
v -0.000238 1.115607 -0.005617
v 0.000753 1.115620 -0.005671
v 0.001493 1.115562 -0.005010
v 0.001547 1.115467 -0.004021
v 0.000884 1.115390 -0.003285
v -0.000108 1.115377 -0.003232
v -0.000108 1.115377 -0.003232
v -0.000848 1.115435 -0.003893
v -0.000902 1.115530 -0.004881
v 0.000754 1.101497 -0.006403
v 0.001343 1.101504 -0.005701
v 0.001263 1.101510 -0.004788
v 0.000563 1.101510 -0.004198
v -0.000349 1.101505 -0.004278
v -0.000349 1.101505 -0.004278
v -0.000937 1.101498 -0.004979
v -0.000858 1.101493 -0.005893
v -0.000157 1.101492 -0.006482
v -0.001383 1.031901 0.002806
v -0.001383 1.031901 0.002806
v -0.001366 1.028711 0.002813
v -0.001366 1.028711 0.002813
v -0.002146 1.031914 0.000304
v -0.002146 1.031914 0.000304
v -0.002130 1.028724 0.000311
v -0.002130 1.028724 0.000311
v -0.000675 1.031986 -0.001826
v -0.000675 1.031986 -0.001826
v -0.000658 1.028795 -0.001819
v -0.000658 1.028795 -0.001819
v 0.001713 1.031897 -0.003862
v 0.001713 1.031897 -0.003862
v 0.001729 1.028707 -0.003855
v 0.001729 1.028707 -0.003855
v 0.004249 1.031891 -0.003351
v 0.004249 1.031891 -0.003351
v 0.004249 1.031891 -0.003351
v 0.004265 1.028702 -0.003344
v 0.004265 1.028702 -0.003344
v 0.004265 1.028702 -0.003344
v 0.004173 1.031908 -0.000922
v 0.004173 1.031908 -0.000922
v 0.004190 1.028718 -0.000915
v 0.004190 1.028718 -0.000915
v 0.003009 1.031912 0.001283
v 0.003009 1.031912 0.001283
v 0.003026 1.028723 0.001289
v 0.003026 1.028723 0.001289
v 0.001102 1.031952 0.003166
v 0.001102 1.031952 0.003166
v 0.001118 1.028762 0.003172
v 0.001118 1.028762 0.003172
v -0.001752 1.031901 0.003235
v -0.001752 1.031901 0.003235
v -0.002619 1.031912 0.000199
v -0.002619 1.031912 0.000199
v -0.002602 1.028722 0.000206
v -0.002602 1.028722 0.000206
v -0.001735 1.028711 0.003242
v -0.001735 1.028711 0.003242
v -0.000967 1.031985 -0.002077
v -0.000967 1.031985 -0.002077
v -0.000951 1.028794 -0.002070
v -0.000951 1.028794 -0.002070
v 0.001767 1.031896 -0.004343
v 0.001767 1.031896 -0.004343
v 0.001783 1.028706 -0.004336
v 0.001783 1.028706 -0.004336
v 0.004618 1.031891 -0.003781
v 0.004618 1.031891 -0.003781
v 0.004634 1.028702 -0.003774
v 0.004634 1.028702 -0.003774
v 0.004641 1.031909 -0.001048
v 0.004641 1.031909 -0.001048
v 0.004657 1.028719 -0.001041
v 0.004657 1.028719 -0.001041
v 0.003302 1.031914 0.001533
v 0.003302 1.031914 0.001533
v 0.003318 1.028724 0.001540
v 0.003318 1.028724 0.001540
v 0.001193 1.031954 0.003641
v 0.001193 1.031954 0.003641
v 0.001209 1.028763 0.003648
v 0.001209 1.028763 0.003648
v 0.002150 1.031899 -0.003790
v 0.002150 1.031899 -0.003790
v 0.002166 1.028709 -0.003783
v 0.002166 1.028709 -0.003783
v 0.002386 1.031878 -0.004110
v 0.002386 1.031878 -0.004110
v 0.002386 1.031878 -0.004110
v 0.002402 1.028688 -0.004103
v 0.002402 1.028688 -0.004103
v 0.002402 1.028688 -0.004103
v 0.003511 1.028710 -0.005279
v 0.003511 1.028710 -0.005279
v 0.004507 1.029188 -0.005825
v 0.004507 1.029188 -0.005825
v 0.004496 1.031421 -0.005830
v 0.004496 1.031421 -0.005830
v 0.003495 1.031900 -0.005286
v 0.003495 1.031900 -0.005286
v 0.004708 1.029113 -0.005313
v 0.004708 1.029113 -0.005313
v 0.003704 1.028660 -0.004785
v 0.003704 1.028660 -0.004785
v 0.003688 1.031849 -0.004792
v 0.003688 1.031849 -0.004792
v 0.004697 1.031345 -0.005317
v 0.004697 1.031345 -0.005317
v -0.003149 1.028967 -0.000417
v -0.003149 1.028967 -0.000417
v -0.003163 1.031670 -0.000423
v -0.003163 1.031670 -0.000423
v -0.001763 1.031732 -0.002352
v -0.001763 1.031732 -0.002352
v -0.001749 1.029027 -0.002346
v -0.001749 1.029027 -0.002346
v 0.000128 0.698783 0.001415
v 0.000133 0.704422 0.001402
v 0.000536 1.102799 0.000455
v 0.000530 1.097160 0.000468
v 0.000606 1.129040 0.000289
v -0.015950 0.450123 -0.006104
v -0.025259 0.435111 -0.010535
v -0.030547 0.423519 -0.013053
v -0.032121 0.412516 -0.013802
v -0.030547 0.401513 -0.013053
v -0.018868 0.383710 -0.007493
v -0.009906 0.378652 -0.003227
v 0.000028 0.376909 0.001503
v 0.000028 0.376909 0.001503
v -0.011823 0.450123 -0.011639
v -0.013956 0.442578 -0.014005
v -0.018727 0.435111 -0.019296
v -0.022650 0.423519 -0.023646
v -0.023817 0.412516 -0.024940
v -0.022650 0.401513 -0.023646
v -0.019263 0.391587 -0.019890
v -0.013987 0.383710 -0.014040
v -0.007340 0.378652 -0.006668
v -0.005891 0.450123 -0.015174
v -0.006957 0.442578 -0.018176
v -0.009340 0.435111 -0.024890
v -0.011300 0.423519 -0.030410
v -0.011882 0.412516 -0.032052
v -0.011300 0.401513 -0.030410
v -0.009608 0.391587 -0.025644
v -0.006973 0.383710 -0.018220
v -0.003652 0.378652 -0.008866
v 0.000941 0.450123 -0.016170
v 0.000941 0.450123 -0.016170
v 0.001106 0.442578 -0.019351
v 0.001106 0.442578 -0.019351
v 0.001473 0.435111 -0.026467
v 0.001473 0.435111 -0.026467
v 0.001775 0.423519 -0.032316
v 0.001775 0.423519 -0.032316
v 0.001865 0.412516 -0.034056
v 0.001865 0.412516 -0.034056
v 0.001775 0.401513 -0.032316
v 0.001775 0.401513 -0.032316
v 0.001514 0.391587 -0.027265
v 0.001514 0.391587 -0.027265
v 0.001108 0.383710 -0.019398
v 0.001108 0.383710 -0.019398
v 0.000596 0.378652 -0.009485
v 0.000596 0.378652 -0.009485
v 0.007635 0.450123 -0.014475
v 0.009004 0.442578 -0.017352
v 0.012067 0.435111 -0.023785
v 0.014584 0.423519 -0.029073
v 0.015333 0.412516 -0.030646
v 0.014584 0.401513 -0.029073
v 0.012410 0.391587 -0.024506
v 0.009024 0.383710 -0.017394
v 0.004758 0.378652 -0.008432
v 0.013170 0.450123 -0.010348
v 0.015536 0.442578 -0.012482
v 0.020827 0.435111 -0.017253
v 0.025177 0.423519 -0.021175
v 0.026471 0.412516 -0.022342
v 0.025177 0.401513 -0.021175
v 0.021421 0.391587 -0.017788
v 0.015571 0.383710 -0.012513
v 0.008200 0.378652 -0.005866
v 0.016705 0.450123 -0.004417
v 0.019707 0.442578 -0.005483
v 0.026422 0.435111 -0.007866
v 0.031941 0.423519 -0.009825
v 0.033583 0.412516 -0.010408
v 0.031941 0.401513 -0.009825
v 0.027175 0.391587 -0.008133
v 0.019751 0.383710 -0.005498
v 0.010397 0.378652 -0.002178
v 0.017701 0.450123 0.002416
v 0.020882 0.442578 0.002580
v 0.027998 0.435111 0.002948
v 0.033847 0.423519 0.003250
v 0.035587 0.412516 0.003340
v 0.033847 0.401513 0.003250
v 0.028796 0.391587 0.002989
v 0.020929 0.383710 0.002582
v 0.011017 0.378652 0.002070
v 0.016006 0.450123 0.009109
v 0.018883 0.442578 0.010479
v 0.025316 0.435111 0.013541
v 0.030604 0.423519 0.016058
v 0.032177 0.412516 0.016807
v 0.030604 0.401513 0.016058
v 0.026038 0.391587 0.013885
v 0.018925 0.383710 0.010499
v 0.009963 0.378652 0.006232
v 0.011879 0.450123 0.014645
v 0.014013 0.442578 0.017011
v 0.018784 0.435111 0.022302
v 0.022706 0.423519 0.026651
v 0.023873 0.412516 0.027945
v 0.022706 0.401513 0.026651
v 0.019319 0.391587 0.022895
v 0.014044 0.383710 0.017045
v 0.007397 0.378652 0.009674
v 0.005948 0.450123 0.018179
v 0.005948 0.450123 0.018179
v 0.007014 0.442578 0.021182
v 0.007014 0.442578 0.021182
v 0.009397 0.435111 0.027896
v 0.009397 0.435111 0.027896
v 0.011356 0.423519 0.033415
v 0.011356 0.423519 0.033415
v 0.011939 0.412516 0.035058
v 0.011939 0.412516 0.035058
v 0.011356 0.401513 0.033415
v 0.011356 0.401513 0.033415
v 0.009664 0.391587 0.028649
v 0.009664 0.391587 0.028649
v 0.007029 0.383710 0.021226
v 0.007029 0.383710 0.021226
v 0.003709 0.378652 0.011872
v 0.003709 0.378652 0.011872
v -0.000885 0.450123 0.019175
v -0.001049 0.442578 0.022357
v -0.001416 0.435111 0.029472
v -0.001719 0.423519 0.035321
v -0.001808 0.412516 0.037062
v -0.001719 0.401513 0.035321
v -0.001458 0.391587 0.030270
v -0.001051 0.383710 0.022404
v -0.000539 0.378652 0.012491
v -0.007578 0.450123 0.017481
v -0.008947 0.442578 0.020357
v -0.012010 0.435111 0.026790
v -0.014527 0.423519 0.032078
v -0.015276 0.412516 0.033652
v -0.014527 0.401513 0.032078
v -0.012353 0.391587 0.027512
v -0.008968 0.383710 0.020400
v -0.004701 0.378652 0.011437
v -0.013114 0.450123 0.013354
v -0.015479 0.442578 0.015487
v -0.020771 0.435111 0.020259
v -0.025120 0.423519 0.024181
v -0.026414 0.412516 0.025348
v -0.025120 0.401513 0.024181
v -0.021364 0.391587 0.020794
v -0.015514 0.383710 0.015519
v -0.008143 0.378652 0.008871
v -0.016648 0.450123 0.007422
v -0.019651 0.442578 0.008488
v -0.026365 0.435111 0.010871
v -0.031884 0.423519 0.012831
v -0.033527 0.412516 0.013414
v -0.031884 0.401513 0.012831
v -0.027118 0.391587 0.011139
v -0.019695 0.383710 0.008504
v -0.010341 0.378652 0.005183
v -0.017644 0.450123 0.000590
v -0.020826 0.442578 0.000426
v -0.027941 0.435111 0.000058
v -0.033790 0.423519 -0.000244
v -0.035530 0.412516 -0.000334
v -0.033790 0.401513 -0.000244
v -0.028739 0.391587 0.000017
v -0.020873 0.383710 0.000423
v -0.010960 0.378652 0.000935
v -0.018826 0.442578 -0.007473
v -0.025981 0.391587 -0.010879
v -0.015950 0.462555 -0.006104
v -0.011823 0.462555 -0.011639
v -0.005891 0.462555 -0.015174
v 0.000941 0.462555 -0.016170
v 0.000941 0.462555 -0.016170
v 0.007635 0.462555 -0.014475
v 0.013170 0.462555 -0.010348
v 0.016705 0.462555 -0.004417
v 0.017701 0.462555 0.002416
v 0.016006 0.462555 0.009109
v 0.011879 0.462555 0.014645
v 0.005948 0.462555 0.018179
v 0.005948 0.462555 0.018179
v -0.000885 0.462555 0.019175
v -0.007578 0.462555 0.017481
v -0.013114 0.462555 0.013354
v -0.016648 0.462555 0.007422
v -0.017644 0.462555 0.000590
vt 0.209027 0.657644
vt 0.189049 0.657628
vt 0.189055 0.636831
vt 0.209037 0.636846
vt 0.069182 0.657529
vt 0.049617 0.657513
vt 0.049595 0.636730
vt 0.069164 0.636744
vt 0.229004 0.657660
vt 0.229019 0.636860
vt 0.089160 0.657546
vt 0.089146 0.636759
vt 0.248982 0.657677
vt 0.249001 0.636874
vt 0.109138 0.657562
vt 0.109128 0.636773
vt 0.266186 0.657691
vt 0.266208 0.636887
vt 0.129115 0.657579
vt 0.129110 0.636788
vt 0.149093 0.657595
vt 0.149092 0.636802
vt 0.169071 0.657611
vt 0.169073 0.636817
vt 0.029713 0.657497
vt 0.029687 0.636716
vt 0.149090 0.616009
vt 0.169076 0.616022
vt 0.189062 0.616035
vt 0.029661 0.615934
vt 0.049573 0.615947
vt 0.209048 0.616047
vt 0.069146 0.615959
vt 0.229034 0.616060
vt 0.089132 0.615972
vt 0.249020 0.616072
vt 0.109118 0.615984
vt 0.266231 0.616083
vt 0.129104 0.615997
vt 0.209059 0.595249
vt 0.229049 0.595260
vt 0.069128 0.595174
vt 0.089118 0.595185
vt 0.249039 0.595270
vt 0.109108 0.595195
vt 0.266253 0.595279
vt 0.129098 0.595206
vt 0.149088 0.595217
vt 0.169078 0.595227
vt 0.189069 0.595238
vt 0.029635 0.595153
vt 0.049551 0.595164
vt 0.109098 0.574407
vt 0.129092 0.574415
vt 0.149087 0.574424
vt 0.169081 0.574433
vt 0.189075 0.574442
vt 0.029608 0.574372
vt 0.049529 0.574380
vt 0.209069 0.574450
vt 0.069110 0.574389
vt 0.229064 0.574459
vt 0.089104 0.574398
vt 0.249058 0.574468
vt 0.266275 0.574476
vt 0.169083 0.553638
vt 0.189082 0.553645
vt 0.029582 0.553590
vt 0.049506 0.553597
vt 0.209080 0.553652
vt 0.069092 0.553604
vt 0.229078 0.553659
vt 0.089090 0.553611
vt 0.249077 0.553666
vt 0.109088 0.553618
vt 0.266298 0.553672
vt 0.129087 0.553625
vt 0.149085 0.553631
vt 0.229093 0.532859
vt 0.249096 0.532864
vt 0.089076 0.532824
vt 0.109079 0.532829
vt 0.266320 0.532868
vt 0.129081 0.532834
vt 0.149083 0.532839
vt 0.169086 0.532844
vt 0.189088 0.532849
vt 0.029556 0.532809
vt 0.049484 0.532814
vt 0.209091 0.532854
vt 0.069074 0.532819
vt 0.129075 0.512043
vt 0.149082 0.512046
vt 0.169088 0.512049
vt 0.189095 0.512052
vt 0.029530 0.512027
vt 0.049462 0.512030
vt 0.209101 0.512055
vt 0.069056 0.512033
vt 0.229108 0.512058
vt 0.089062 0.512037
vt 0.249114 0.512062
vt 0.109069 0.512040
vt 0.266343 0.512064
vt 0.189101 0.491256
vt 0.209112 0.491257
vt 0.049440 0.491247
vt 0.069038 0.491248
vt 0.229123 0.491258
vt 0.089048 0.491250
vt 0.249133 0.491260
vt 0.109059 0.491251
vt 0.266365 0.491261
vt 0.129070 0.491252
vt 0.149080 0.491253
vt 0.169091 0.491255
vt 0.029504 0.491246
vt 0.249152 0.470457
vt 0.266388 0.470457
vt 0.109049 0.470462
vt 0.129064 0.470461
vt 0.149079 0.470461
vt 0.169093 0.470460
vt 0.189108 0.470459
vt 0.029478 0.470465
vt 0.049418 0.470464
vt 0.209123 0.470459
vt 0.069020 0.470463
vt 0.229138 0.470458
vt 0.089034 0.470463
vt 0.149077 0.449668
vt 0.169096 0.449665
vt 0.189115 0.449663
vt 0.029451 0.449683
vt 0.049396 0.449681
vt 0.209133 0.449660
vt 0.069002 0.449678
vt 0.229152 0.449658
vt 0.089020 0.449676
vt 0.249171 0.449655
vt 0.109039 0.449673
vt 0.266410 0.449653
vt 0.129058 0.449671
vt 0.209144 0.428862
vt 0.229167 0.428858
vt 0.068983 0.428893
vt 0.089006 0.428889
vt 0.249190 0.428853
vt 0.109029 0.428884
vt 0.266433 0.428849
vt 0.129052 0.428880
vt 0.149075 0.428875
vt 0.169098 0.428871
vt 0.189121 0.428866
vt 0.029425 0.428902
vt 0.049374 0.428897
vt 0.129047 0.408089
vt 0.149074 0.408083
vt 0.169101 0.408076
vt 0.189128 0.408070
vt 0.029399 0.408120
vt 0.049352 0.408114
vt 0.209155 0.408064
vt 0.068965 0.408108
vt 0.229182 0.408057
vt 0.088992 0.408101
vt 0.249209 0.408051
vt 0.109020 0.408095
vt 0.266455 0.408045
vt 0.169103 0.387282
vt 0.189134 0.387273
vt 0.029373 0.387339
vt 0.049330 0.387331
vt 0.209165 0.387265
vt 0.068947 0.387323
vt 0.229197 0.387257
vt 0.088978 0.387314
vt 0.249228 0.387249
vt 0.109010 0.387306
vt 0.266477 0.387242
vt 0.129041 0.387298
vt 0.149072 0.387290
vt 0.229211 0.366457
vt 0.249247 0.366446
vt 0.088965 0.366527
vt 0.109000 0.366517
vt 0.266500 0.366438
vt 0.129035 0.366507
vt 0.149070 0.366497
vt 0.169106 0.366487
vt 0.189141 0.366477
vt 0.029347 0.366558
vt 0.049308 0.366547
vt 0.209176 0.366467
vt 0.068929 0.366537
vt 0.149069 0.345704
vt 0.169108 0.345692
vt 0.189148 0.345680
vt 0.029321 0.345776
vt 0.049286 0.345764
vt 0.209187 0.345668
vt 0.068911 0.345752
vt 0.229226 0.345656
vt 0.088951 0.345740
vt 0.249266 0.345644
vt 0.108990 0.345728
vt 0.266522 0.345634
vt 0.129029 0.345716
vt 0.189154 0.324884
vt 0.209198 0.324870
vt 0.049264 0.324981
vt 0.068893 0.324967
vt 0.229241 0.324856
vt 0.088937 0.324953
vt 0.249285 0.324842
vt 0.108980 0.324939
vt 0.266545 0.324830
vt 0.129024 0.324926
vt 0.149067 0.324912
vt 0.169111 0.324898
vt 0.029294 0.324995
vt 0.249303 0.304040
vt 0.266567 0.304026
vt 0.108970 0.304150
vt 0.129018 0.304135
vt 0.149066 0.304119
vt 0.169113 0.304103
vt 0.189161 0.304087
vt 0.029268 0.304213
vt 0.049241 0.304197
vt 0.209208 0.304072
vt 0.068875 0.304182
vt 0.229256 0.304056
vt 0.088923 0.304166
vt 0.169116 0.283309
vt 0.189167 0.283291
vt 0.029242 0.283432
vt 0.049219 0.283414
vt 0.209219 0.283273
vt 0.068857 0.283397
vt 0.229271 0.283256
vt 0.088909 0.283379
vt 0.249322 0.283238
vt 0.108960 0.283362
vt 0.266590 0.283223
vt 0.129012 0.283344
vt 0.149064 0.283326
vt 0.209230 0.262475
vt 0.229285 0.262455
vt 0.068839 0.262612
vt 0.088895 0.262592
vt 0.249341 0.262436
vt 0.108951 0.262573
vt 0.266612 0.262419
vt 0.129006 0.262553
vt 0.149062 0.262533
vt 0.169118 0.262514
vt 0.189174 0.262494
vt 0.029216 0.262650
vt 0.049197 0.262631
vt 0.129001 0.241762
vt 0.149061 0.241741
vt 0.169120 0.241719
vt 0.189180 0.241698
vt 0.029190 0.241869
vt 0.049175 0.241848
vt 0.209240 0.241676
vt 0.068821 0.241827
vt 0.229300 0.241655
vt 0.088881 0.241805
vt 0.249360 0.241634
vt 0.108941 0.241784
vt 0.266634 0.241615
vt 0.029163 0.221088
vt 0.049153 0.221064
vt 0.189187 0.220901
vt 0.209251 0.220878
vt 0.068803 0.221041
vt 0.229315 0.220855
vt 0.088867 0.221018
vt 0.249379 0.220831
vt 0.108931 0.220995
vt 0.266657 0.220811
vt 0.128995 0.220971
vt 0.149059 0.220948
vt 0.169123 0.220925
vt 0.229330 0.200054
vt 0.249398 0.200029
vt 0.088853 0.200231
vt 0.108921 0.200206
vt 0.266679 0.200007
vt 0.128989 0.200181
vt 0.149057 0.200155
vt 0.169125 0.200130
vt 0.189194 0.200105
vt 0.029137 0.200306
vt 0.049131 0.200281
vt 0.209262 0.200080
vt 0.068785 0.200256
vt 0.149056 0.179363
vt 0.169128 0.179335
vt 0.189200 0.179308
vt 0.029111 0.179525
vt 0.049109 0.179498
vt 0.209272 0.179281
vt 0.068767 0.179471
vt 0.229345 0.179254
vt 0.088839 0.179444
vt 0.249417 0.179227
vt 0.108911 0.179417
vt 0.266702 0.179204
vt 0.128983 0.179390
vt 0.049087 0.158714
vt 0.068749 0.158686
vt 0.209283 0.158483
vt 0.229359 0.158454
vt 0.088825 0.158657
vt 0.249436 0.158425
vt 0.108901 0.158628
vt 0.266724 0.158400
vt 0.128978 0.158599
vt 0.149054 0.158570
vt 0.169130 0.158541
vt 0.189207 0.158512
vt 0.029085 0.158743
vt 0.249455 0.137623
vt 0.266747 0.137596
vt 0.108892 0.137839
vt 0.128972 0.137808
vt 0.149053 0.137777
vt 0.169133 0.137746
vt 0.189213 0.137715
vt 0.029059 0.137962
vt 0.049065 0.137931
vt 0.209294 0.137684
vt 0.068731 0.137901
vt 0.229374 0.137654
vt 0.088811 0.137870
vt 0.169135 0.116952
vt 0.189220 0.116919
vt 0.029033 0.117181
vt 0.049043 0.117148
vt 0.209304 0.116886
vt 0.068713 0.117116
vt 0.229389 0.116853
vt 0.088797 0.117083
vt 0.249474 0.116821
vt 0.108882 0.117050
vt 0.266769 0.116792
vt 0.128966 0.117017
vt 0.149051 0.116984
vt 0.068695 0.096331
vt 0.088783 0.096296
vt 0.229404 0.096053
vt 0.249492 0.096018
vt 0.108872 0.096261
vt 0.266792 0.095989
vt 0.128961 0.096226
vt 0.149049 0.096192
vt 0.169138 0.096157
vt 0.189226 0.096122
vt 0.029006 0.096399
vt 0.049021 0.096365
vt 0.209315 0.096088
vt 0.128955 0.075436
vt 0.149048 0.075399
vt 0.169140 0.075363
vt 0.189233 0.075326
vt 0.028980 0.075618
vt 0.048999 0.075581
vt 0.209326 0.075289
vt 0.068677 0.075545
vt 0.229419 0.075253
vt 0.088769 0.075509
vt 0.249511 0.075216
vt 0.108862 0.075472
vt 0.266814 0.075185
vt 0.028954 0.054837
vt 0.048976 0.054798
vt 0.189240 0.054529
vt 0.209336 0.054491
vt 0.068658 0.054760
vt 0.229433 0.054453
vt 0.088755 0.054722
vt 0.249530 0.054414
vt 0.108852 0.054683
vt 0.266836 0.054381
vt 0.128949 0.054645
vt 0.149046 0.054606
vt 0.169143 0.054568
vt 0.088741 0.033935
vt 0.108842 0.033894
vt 0.249549 0.033612
vt 0.266859 0.033577
vt 0.128943 0.033854
vt 0.149044 0.033814
vt 0.169145 0.033773
vt 0.189246 0.033733
vt 0.028928 0.034055
vt 0.048954 0.034015
vt 0.209347 0.033693
vt 0.068640 0.033975
vt 0.229448 0.033652
vt 0.149043 0.013021
vt 0.169148 0.012979
vt 0.189253 0.012937
vt 0.028902 0.013274
vt 0.048932 0.013232
vt 0.209358 0.012894
vt 0.068622 0.013190
vt 0.229463 0.012852
vt 0.088727 0.013148
vt 0.249568 0.012810
vt 0.108833 0.013106
vt 0.266881 0.012774
vt 0.128938 0.013063
vt 0.069453 0.969306
vt 0.049948 0.969263
vt 0.049926 0.948479
vt 0.069435 0.948521
vt 0.228782 0.969664
vt 0.208866 0.969619
vt 0.208877 0.948821
vt 0.228797 0.948864
vt 0.089369 0.969351
vt 0.089355 0.948564
vt 0.248699 0.969709
vt 0.248717 0.948907
vt 0.109285 0.969396
vt 0.109275 0.948607
vt 0.265849 0.969747
vt 0.265872 0.948944
vt 0.129201 0.969441
vt 0.129196 0.948650
vt 0.149118 0.969485
vt 0.149116 0.948693
vt 0.169034 0.969530
vt 0.169036 0.948735
vt 0.188950 0.969575
vt 0.188957 0.948778
vt 0.030106 0.969218
vt 0.030079 0.948437
vt 0.109266 0.927818
vt 0.129190 0.927859
vt 0.149114 0.927900
vt 0.169039 0.927941
vt 0.188963 0.927982
vt 0.030053 0.927655
vt 0.049904 0.927696
vt 0.208888 0.928023
vt 0.069417 0.927736
vt 0.228812 0.928064
vt 0.089341 0.927777
vt 0.248736 0.928105
vt 0.265894 0.928140
vt 0.169041 0.907146
vt 0.188970 0.907185
vt 0.030027 0.906874
vt 0.049882 0.906913
vt 0.208898 0.907224
vt 0.069399 0.906951
vt 0.228827 0.907263
vt 0.089327 0.906990
vt 0.248755 0.907302
vt 0.109256 0.907029
vt 0.265916 0.907336
vt 0.129184 0.907068
vt 0.149113 0.907107
vt 0.208909 0.886426
vt 0.228842 0.886463
vt 0.069381 0.886166
vt 0.089313 0.886203
vt 0.248774 0.886500
vt 0.109246 0.886240
vt 0.265939 0.886532
vt 0.129178 0.886277
vt 0.149111 0.886315
vt 0.169044 0.886352
vt 0.188976 0.886389
vt 0.030001 0.886092
vt 0.049860 0.886129
vt 0.109236 0.865451
vt 0.129173 0.865487
vt 0.149109 0.865522
vt 0.169046 0.865557
vt 0.188983 0.865592
vt 0.029975 0.865311
vt 0.049838 0.865346
vt 0.208920 0.865628
vt 0.069363 0.865381
vt 0.228856 0.865663
vt 0.089299 0.865416
vt 0.248793 0.865698
vt 0.265961 0.865728
vt 0.169049 0.844762
vt 0.188989 0.844796
vt 0.029949 0.844530
vt 0.049816 0.844563
vt 0.208930 0.844829
vt 0.069345 0.844596
vt 0.228871 0.844863
vt 0.089285 0.844629
vt 0.248812 0.844896
vt 0.109226 0.844662
vt 0.265984 0.844925
vt 0.129167 0.844696
vt 0.149108 0.844729
vt 0.228886 0.824062
vt 0.248831 0.824094
vt 0.089271 0.823842
vt 0.109216 0.823873
vt 0.266006 0.824121
vt 0.129161 0.823905
vt 0.149106 0.823936
vt 0.169051 0.823968
vt 0.188996 0.823999
vt 0.029922 0.823748
vt 0.049793 0.823780
vt 0.208941 0.824031
vt 0.069327 0.823811
vt 0.129156 0.803114
vt 0.149105 0.803144
vt 0.169054 0.803173
vt 0.189003 0.803203
vt 0.029896 0.802967
vt 0.049771 0.802996
vt 0.208952 0.803233
vt 0.069309 0.803025
vt 0.228901 0.803262
vt 0.089258 0.803055
vt 0.248850 0.803292
vt 0.109207 0.803084
vt 0.266029 0.803317
vt 0.189009 0.782406
vt 0.208962 0.782434
vt 0.049749 0.782213
vt 0.069290 0.782240
vt 0.228916 0.782462
vt 0.089244 0.782268
vt 0.248869 0.782490
vt 0.109197 0.782296
vt 0.266051 0.782513
vt 0.129150 0.782323
vt 0.149103 0.782351
vt 0.169056 0.782379
vt 0.029870 0.782186
vt 0.248888 0.761687
vt 0.266073 0.761710
vt 0.109187 0.761507
vt 0.129144 0.761533
vt 0.149101 0.761558
vt 0.169059 0.761584
vt 0.189016 0.761610
vt 0.029844 0.761404
vt 0.049727 0.761430
vt 0.208973 0.761636
vt 0.069272 0.761455
vt 0.228930 0.761662
vt 0.089230 0.761481
vt 0.149100 0.740766
vt 0.169061 0.740790
vt 0.189022 0.740814
vt 0.029818 0.740623
vt 0.049705 0.740647
vt 0.208984 0.740837
vt 0.069254 0.740670
vt 0.228945 0.740861
vt 0.089216 0.740694
vt 0.248906 0.740885
vt 0.109177 0.740718
vt 0.266096 0.740906
vt 0.129138 0.740742
vt 0.208995 0.720039
vt 0.228960 0.720061
vt 0.069236 0.719885
vt 0.089202 0.719907
vt 0.248925 0.720083
vt 0.109167 0.719929
vt 0.266118 0.720102
vt 0.129133 0.719951
vt 0.149098 0.719973
vt 0.169064 0.719995
vt 0.189029 0.720017
vt 0.029792 0.719841
vt 0.049683 0.719863
vt 0.129127 0.699160
vt 0.149096 0.699180
vt 0.169066 0.699201
vt 0.189036 0.699221
vt 0.029765 0.699060
vt 0.049661 0.699080
vt 0.209005 0.699241
vt 0.069218 0.699100
vt 0.228975 0.699261
vt 0.089188 0.699120
vt 0.248944 0.699281
vt 0.109157 0.699140
vt 0.266141 0.699298
vt 0.169068 0.678406
vt 0.189042 0.678424
vt 0.029739 0.678279
vt 0.049639 0.678297
vt 0.209016 0.678442
vt 0.069200 0.678315
vt 0.228990 0.678461
vt 0.089174 0.678333
vt 0.248963 0.678479
vt 0.109148 0.678351
vt 0.266163 0.678495
vt 0.129121 0.678369
vt 0.149095 0.678388
vt 0.023031 0.241876
vt 0.023004 0.221095
vt 0.023196 0.366561
vt 0.023168 0.345780
vt 0.023827 0.844519
vt 0.023799 0.823739
vt 0.023991 0.969204
vt 0.023964 0.948424
vt 0.023635 0.699054
vt 0.023607 0.678273
vt 0.023580 0.657492
vt 0.023936 0.927643
vt 0.023909 0.906862
vt 0.022839 0.096410
vt 0.022812 0.075629
vt 0.023223 0.387341
vt 0.023388 0.512026
vt 0.023360 0.491246
vt 0.023333 0.470465
vt 0.023305 0.449684
vt 0.022866 0.117191
vt 0.023525 0.615930
vt 0.023497 0.595150
vt 0.022784 0.054848
vt 0.022976 0.200314
vt 0.022949 0.179533
vt 0.023113 0.304218
vt 0.023086 0.283437
vt 0.023470 0.574369
vt 0.023717 0.761396
vt 0.023689 0.740615
vt 0.023772 0.802958
vt 0.023744 0.782177
vt 0.022757 0.034068
vt 0.022729 0.013287
vt 0.023443 0.553588
vt 0.023141 0.324999
vt 0.023881 0.886081
vt 0.023854 0.865300
vt 0.022894 0.137972
vt 0.023278 0.428903
vt 0.023251 0.408122
vt 0.023415 0.532807
vt 0.022921 0.158752
vt 0.023552 0.636711
vt 0.023662 0.719835
vt 0.023058 0.262657
vt 0.017162 0.449685
vt 0.017133 0.428905
vt 0.017649 0.802949
vt 0.017621 0.782169
vt 0.016760 0.158761
vt 0.016731 0.137981
vt 0.017104 0.408124
vt 0.017592 0.761388
vt 0.016702 0.117201
vt 0.017076 0.387344
vt 0.017563 0.740608
vt 0.016674 0.096421
vt 0.017047 0.366564
vt 0.017535 0.719828
vt 0.016645 0.075641
vt 0.016616 0.054860
vt 0.016588 0.034080
vt 0.017018 0.345784
vt 0.017506 0.699048
vt 0.017420 0.636707
vt 0.017391 0.615927
vt 0.016559 0.013300
vt 0.016989 0.325003
vt 0.017477 0.678267
vt 0.017362 0.595146
vt 0.017879 0.969190
vt 0.017850 0.948410
vt 0.016961 0.304223
vt 0.017449 0.657487
vt 0.017334 0.574366
vt 0.017821 0.927630
vt 0.016932 0.283443
vt 0.017305 0.553586
vt 0.017793 0.906850
vt 0.016903 0.262663
vt 0.017276 0.532806
vt 0.017764 0.886070
vt 0.016875 0.241882
vt 0.017248 0.512025
vt 0.017735 0.865289
vt 0.016846 0.221102
vt 0.017219 0.491245
vt 0.017707 0.844509
vt 0.016817 0.200322
vt 0.017190 0.470465
vt 0.017678 0.823729
vt 0.016788 0.179542
vt 0.471254 0.330508
vt 0.471251 0.351666
vt 0.450838 0.351558
vt 0.450839 0.330384
vt 0.328286 0.329641
vt 0.328294 0.350910
vt 0.308302 0.350804
vt 0.308292 0.329520
vt 0.491669 0.330632
vt 0.491665 0.351774
vt 0.348764 0.329766
vt 0.348771 0.351018
vt 0.512084 0.330756
vt 0.512078 0.351882
vt 0.369179 0.329889
vt 0.369184 0.351126
vt 0.529976 0.330864
vt 0.529969 0.351976
vt 0.389594 0.330013
vt 0.389598 0.351234
vt 0.410009 0.330137
vt 0.410011 0.351342
vt 0.430425 0.330261
vt 0.430425 0.351450
vt 0.287133 0.350692
vt 0.287122 0.329392
vt 0.430425 0.372639
vt 0.410013 0.372547
vt 0.450837 0.372731
vt 0.308311 0.372088
vt 0.287144 0.371992
vt 0.471248 0.372823
vt 0.328302 0.372178
vt 0.491660 0.372915
vt 0.348777 0.372270
vt 0.512072 0.373007
vt 0.369189 0.372362
vt 0.529961 0.373088
vt 0.389601 0.372454
vt 0.491656 0.394056
vt 0.471245 0.393980
vt 0.348784 0.393523
vt 0.328310 0.393446
vt 0.512066 0.394133
vt 0.369194 0.393599
vt 0.529954 0.394199
vt 0.389604 0.393675
vt 0.410014 0.393751
vt 0.430425 0.393828
vt 0.450835 0.393904
vt 0.308321 0.393371
vt 0.287155 0.393292
vt 0.389607 0.414896
vt 0.369199 0.414835
vt 0.410016 0.414956
vt 0.430425 0.415017
vt 0.450834 0.415077
vt 0.308330 0.414655
vt 0.287167 0.414592
vt 0.471242 0.415137
vt 0.328318 0.414714
vt 0.491651 0.415198
vt 0.348790 0.414775
vt 0.512060 0.415258
vt 0.529946 0.415311
vt 0.450832 0.436250
vt 0.430425 0.436205
vt 0.308340 0.435939
vt 0.287178 0.435892
vt 0.471239 0.436295
vt 0.328326 0.435982
vt 0.491646 0.436339
vt 0.348796 0.436027
vt 0.512053 0.436384
vt 0.369204 0.436072
vt 0.529939 0.436423
vt 0.389611 0.436116
vt 0.410018 0.436161
vt 0.512047 0.457509
vt 0.491642 0.457481
vt 0.369208 0.457308
vt 0.348803 0.457279
vt 0.529931 0.457535
vt 0.389614 0.457337
vt 0.410020 0.457366
vt 0.430425 0.457394
vt 0.450831 0.457423
vt 0.308350 0.457222
vt 0.287189 0.457193
vt 0.471236 0.457452
vt 0.328334 0.457251
vt 0.410021 0.478570
vt 0.389617 0.478557
vt 0.430425 0.478583
vt 0.450829 0.478596
vt 0.308359 0.478506
vt 0.287200 0.478493
vt 0.471233 0.478609
vt 0.328342 0.478519
vt 0.491637 0.478622
vt 0.348809 0.478532
vt 0.512041 0.478635
vt 0.369213 0.478545
vt 0.529924 0.478646
vt 0.471230 0.499766
vt 0.450828 0.499769
vt 0.328350 0.499787
vt 0.308369 0.499790
vt 0.491633 0.499763
vt 0.348816 0.499784
vt 0.512035 0.499761
vt 0.369218 0.499781
vt 0.529916 0.499758
vt 0.389620 0.499778
vt 0.410023 0.499775
vt 0.430426 0.499772
vt 0.287211 0.499793
vt 0.529909 0.520870
vt 0.512029 0.520886
vt 0.389624 0.520999
vt 0.369223 0.521017
vt 0.410025 0.520980
vt 0.430426 0.520961
vt 0.450827 0.520942
vt 0.308378 0.521073
vt 0.287222 0.521093
vt 0.471227 0.520924
vt 0.328358 0.521055
vt 0.491628 0.520905
vt 0.348822 0.521036
vt 0.430426 0.542150
vt 0.410026 0.542185
vt 0.450825 0.542115
vt 0.308388 0.542357
vt 0.287234 0.542393
vt 0.471224 0.542081
vt 0.328366 0.542323
vt 0.491624 0.542046
vt 0.348828 0.542288
vt 0.512023 0.542012
vt 0.369228 0.542254
vt 0.529901 0.541981
vt 0.389627 0.542219
vt 0.491619 0.563188
vt 0.471221 0.563238
vt 0.348835 0.563541
vt 0.328374 0.563591
vt 0.512017 0.563137
vt 0.369232 0.563490
vt 0.529894 0.563093
vt 0.389630 0.563440
vt 0.410028 0.563389
vt 0.430426 0.563339
vt 0.450824 0.563289
vt 0.308397 0.563641
vt 0.287245 0.563693
vt 0.410030 0.584594
vt 0.389633 0.584660
vt 0.430426 0.584528
vt 0.450822 0.584462
vt 0.308407 0.584924
vt 0.287256 0.584993
vt 0.471218 0.584395
vt 0.328382 0.584860
vt 0.491615 0.584329
vt 0.348841 0.584793
vt 0.512011 0.584263
vt 0.369237 0.584727
vt 0.529886 0.584205
vt 0.450821 0.605635
vt 0.430426 0.605717
vt 0.308416 0.606208
vt 0.287267 0.606293
vt 0.471215 0.605552
vt 0.328390 0.606128
vt 0.491610 0.605470
vt 0.348847 0.606045
vt 0.512004 0.605388
vt 0.369242 0.605963
vt 0.529879 0.605316
vt 0.389637 0.605881
vt 0.410031 0.605799
vt 0.511998 0.626514
vt 0.491605 0.626612
vt 0.369247 0.627199
vt 0.348854 0.627297
vt 0.529871 0.626428
vt 0.389640 0.627102
vt 0.410033 0.627004
vt 0.430426 0.626906
vt 0.450819 0.626808
vt 0.308426 0.627491
vt 0.287278 0.627593
vt 0.471212 0.626710
vt 0.328398 0.627396
vt 0.430427 0.648095
vt 0.410035 0.648208
vt 0.450818 0.647981
vt 0.308435 0.648775
vt 0.287289 0.648893
vt 0.471209 0.647867
vt 0.328406 0.648663
vt 0.491601 0.647753
vt 0.348860 0.648549
vt 0.511992 0.647639
vt 0.369252 0.648436
vt 0.529864 0.647540
vt 0.389643 0.648322
vt 0.471206 0.669024
vt 0.450816 0.669154
vt 0.328414 0.669931
vt 0.308445 0.670058
vt 0.491596 0.668894
vt 0.348867 0.669801
vt 0.511986 0.668765
vt 0.369257 0.669672
vt 0.529856 0.668651
vt 0.389646 0.669542
vt 0.410037 0.669413
vt 0.430427 0.669283
vt 0.287300 0.670192
vt 0.529849 0.689763
vt 0.511980 0.689890
vt 0.389650 0.690763
vt 0.369261 0.690908
vt 0.410038 0.690618
vt 0.430427 0.690472
vt 0.450815 0.690327
vt 0.308454 0.691341
vt 0.287311 0.691492
vt 0.471203 0.690181
vt 0.328422 0.691199
vt 0.491592 0.690036
vt 0.348873 0.691053
vt 0.450814 0.711500
vt 0.430427 0.711661
vt 0.308464 0.712625
vt 0.287322 0.712792
vt 0.471200 0.711339
vt 0.328430 0.712467
vt 0.491587 0.711177
vt 0.348879 0.712305
vt 0.511974 0.711016
vt 0.369266 0.712144
vt 0.529841 0.710875
vt 0.389653 0.711983
vt 0.410040 0.711822
vt 0.491583 0.732318
vt 0.471197 0.732496
vt 0.348886 0.733557
vt 0.328438 0.733735
vt 0.511968 0.732141
vt 0.369271 0.733381
vt 0.529834 0.731986
vt 0.389656 0.733204
vt 0.410042 0.733027
vt 0.430427 0.732850
vt 0.450812 0.732673
vt 0.308473 0.733908
vt 0.287333 0.734091
vt 0.410043 0.754232
vt 0.389659 0.754424
vt 0.430427 0.754039
vt 0.450811 0.753846
vt 0.308483 0.755191
vt 0.287345 0.755391
vt 0.471194 0.753653
vt 0.328446 0.755002
vt 0.491578 0.753460
vt 0.348892 0.754809
vt 0.511962 0.753267
vt 0.369276 0.754617
vt 0.529826 0.753098
vt 0.308492 0.776474
vt 0.287356 0.776690
vt 0.471191 0.774810
vt 0.450809 0.775019
vt 0.328454 0.776270
vt 0.491573 0.774601
vt 0.348899 0.776061
vt 0.511955 0.774393
vt 0.369281 0.775853
vt 0.529819 0.774210
vt 0.389663 0.775645
vt 0.410045 0.775436
vt 0.430427 0.775228
vt 0.511949 0.795518
vt 0.491569 0.795742
vt 0.369285 0.797089
vt 0.348905 0.797313
vt 0.529811 0.795321
vt 0.389666 0.796865
vt 0.410047 0.796641
vt 0.430427 0.796417
vt 0.450808 0.796192
vt 0.308502 0.797758
vt 0.287367 0.797990
vt 0.471188 0.795968
vt 0.328462 0.797538
vt 0.430428 0.817606
vt 0.410048 0.817846
vt 0.450806 0.817365
vt 0.308511 0.819041
vt 0.287378 0.819290
vt 0.471185 0.817125
vt 0.328470 0.818806
vt 0.491564 0.816884
vt 0.348911 0.818565
vt 0.511943 0.816644
vt 0.369290 0.818326
vt 0.529804 0.816433
vt 0.389669 0.818086
vt 0.328478 0.840074
vt 0.308521 0.840324
vt 0.491560 0.838025
vt 0.471182 0.838282
vt 0.348918 0.839817
vt 0.511937 0.837769
vt 0.369295 0.839562
vt 0.529796 0.837545
vt 0.389673 0.839306
vt 0.410050 0.839050
vt 0.430428 0.838795
vt 0.450805 0.838538
vt 0.287389 0.840589
vt 0.529789 0.858656
vt 0.511931 0.858895
vt 0.389676 0.860527
vt 0.369300 0.860798
vt 0.410052 0.860255
vt 0.430428 0.859984
vt 0.450804 0.859711
vt 0.308530 0.861608
vt 0.287400 0.861889
vt 0.471179 0.859439
vt 0.328485 0.861342
vt 0.491555 0.859166
vt 0.348924 0.861069
vt 0.450802 0.880884
vt 0.430428 0.881173
vt 0.308540 0.882891
vt 0.287411 0.883189
vt 0.471176 0.880596
vt 0.328493 0.882610
vt 0.491551 0.880308
vt 0.348931 0.882321
vt 0.511925 0.880020
vt 0.369305 0.882034
vt 0.529781 0.879768
vt 0.389679 0.881747
vt 0.410053 0.881460
vt 0.348937 0.903574
vt 0.328501 0.903877
vt 0.511919 0.901146
vt 0.491546 0.901449
vt 0.369310 0.903270
vt 0.529774 0.900880
vt 0.389682 0.902967
vt 0.410055 0.902664
vt 0.430428 0.902361
vt 0.450801 0.902057
vt 0.308549 0.904174
vt 0.287422 0.904488
vt 0.471173 0.901754
vt 0.410057 0.923869
vt 0.389686 0.924188
vt 0.430428 0.923550
vt 0.450799 0.923230
vt 0.308559 0.925457
vt 0.287434 0.925788
vt 0.471170 0.922911
vt 0.328509 0.925145
vt 0.491542 0.922590
vt 0.348943 0.924825
vt 0.511912 0.922271
vt 0.369314 0.924507
vt 0.529766 0.921991
vt 0.308568 0.946741
vt 0.287445 0.947088
vt 0.471167 0.944068
vt 0.450798 0.944403
vt 0.328517 0.946413
vt 0.491537 0.943731
vt 0.348950 0.946077
vt 0.511906 0.943397
vt 0.369319 0.945743
vt 0.529759 0.943103
vt 0.389689 0.945408
vt 0.410059 0.945074
vt 0.430428 0.944739
vt 0.369324 0.966979
vt 0.348956 0.967330
vt 0.529751 0.964215
vt 0.511900 0.964522
vt 0.389692 0.966629
vt 0.410060 0.966279
vt 0.430428 0.965928
vt 0.450796 0.965576
vt 0.308578 0.968024
vt 0.287456 0.968387
vt 0.471164 0.965225
vt 0.328525 0.967681
vt 0.491532 0.964873
vt 0.430429 0.987117
vt 0.410062 0.987483
vt 0.450795 0.986749
vt 0.308587 0.989307
vt 0.287467 0.989687
vt 0.471161 0.986383
vt 0.328533 0.988949
vt 0.491528 0.986014
vt 0.348962 0.988581
vt 0.511894 0.985648
vt 0.369329 0.988215
vt 0.529744 0.985326
vt 0.389695 0.987849
vt 0.328167 0.010619
vt 0.328175 0.031887
vt 0.308159 0.031548
vt 0.308149 0.010265
vt 0.491738 0.013511
vt 0.491733 0.034652
vt 0.471296 0.034306
vt 0.471299 0.013149
vt 0.348669 0.010981
vt 0.348675 0.032233
vt 0.512176 0.013872
vt 0.512170 0.034998
vt 0.369107 0.011342
vt 0.369112 0.032579
vt 0.530089 0.014189
vt 0.530081 0.035300
vt 0.389545 0.011703
vt 0.389549 0.032924
vt 0.409984 0.012065
vt 0.409986 0.033270
vt 0.430423 0.012426
vt 0.430423 0.033615
vt 0.450861 0.012788
vt 0.450860 0.033961
vt 0.286965 0.031190
vt 0.286953 0.009890
vt 0.389552 0.054145
vt 0.369117 0.053815
vt 0.409987 0.054474
vt 0.430423 0.054804
vt 0.450858 0.055134
vt 0.308168 0.052832
vt 0.286976 0.052490
vt 0.471293 0.055464
vt 0.328183 0.053155
vt 0.491729 0.055793
vt 0.348681 0.053485
vt 0.512164 0.056123
vt 0.530074 0.056412
vt 0.450857 0.076307
vt 0.430423 0.075993
vt 0.308178 0.074116
vt 0.286987 0.073790
vt 0.471290 0.076621
vt 0.328190 0.074423
vt 0.491724 0.076935
vt 0.348688 0.074738
vt 0.512158 0.077249
vt 0.369121 0.075052
vt 0.530066 0.077524
vt 0.389555 0.075365
vt 0.409989 0.075679
vt 0.491719 0.098076
vt 0.471287 0.097778
vt 0.348694 0.095990
vt 0.328198 0.095691
vt 0.512151 0.098374
vt 0.369126 0.096288
vt 0.530059 0.098636
vt 0.389558 0.096586
vt 0.409991 0.096884
vt 0.430423 0.097182
vt 0.450855 0.097480
vt 0.308187 0.095399
vt 0.286998 0.095090
vt 0.389562 0.117807
vt 0.369131 0.117525
vt 0.409992 0.118089
vt 0.430423 0.118371
vt 0.450854 0.118653
vt 0.308197 0.116683
vt 0.287010 0.116391
vt 0.471284 0.118936
vt 0.328206 0.116960
vt 0.491715 0.119218
vt 0.348701 0.117242
vt 0.512145 0.119500
vt 0.530051 0.119747
vt 0.450852 0.139827
vt 0.430423 0.139560
vt 0.308206 0.137967
vt 0.287021 0.137691
vt 0.471281 0.140093
vt 0.328214 0.138228
vt 0.491710 0.140359
vt 0.348707 0.138495
vt 0.512139 0.140626
vt 0.369136 0.138761
vt 0.530044 0.140859
vt 0.389565 0.139027
vt 0.409994 0.139294
vt 0.512133 0.161751
vt 0.491706 0.161501
vt 0.369141 0.159998
vt 0.348713 0.159747
vt 0.530036 0.161971
vt 0.389568 0.160248
vt 0.409996 0.160499
vt 0.430423 0.160749
vt 0.450851 0.161000
vt 0.308216 0.159251
vt 0.287032 0.158991
vt 0.471278 0.161250
vt 0.328222 0.159496
vt 0.409998 0.181703
vt 0.389571 0.181469
vt 0.430424 0.181938
vt 0.450849 0.182173
vt 0.308225 0.180534
vt 0.287043 0.180291
vt 0.471275 0.182407
vt 0.328230 0.180764
vt 0.491701 0.182642
vt 0.348720 0.180999
vt 0.512127 0.182877
vt 0.369146 0.181234
vt 0.530029 0.183082
vt 0.471272 0.203565
vt 0.450848 0.203346
vt 0.328238 0.202032
vt 0.308235 0.201818
vt 0.491697 0.203784
vt 0.348726 0.202252
vt 0.512121 0.204002
vt 0.369150 0.202470
vt 0.530021 0.204194
vt 0.389575 0.202689
vt 0.409999 0.202908
vt 0.430424 0.203127
vt 0.287054 0.201591
vt 0.530014 0.225306
vt 0.512115 0.225128
vt 0.389578 0.223910
vt 0.369155 0.223707
vt 0.410001 0.224113
vt 0.430424 0.224316
vt 0.450847 0.224519
vt 0.308245 0.223102
vt 0.287066 0.222891
vt 0.471269 0.224722
vt 0.328246 0.223301
vt 0.491692 0.224925
vt 0.348733 0.223504
vt 0.430424 0.245505
vt 0.410003 0.245318
vt 0.450845 0.245692
vt 0.308254 0.244385
vt 0.287077 0.244191
vt 0.471266 0.245879
vt 0.328254 0.244569
vt 0.491688 0.246066
vt 0.348739 0.244756
vt 0.512109 0.246253
vt 0.369160 0.244943
vt 0.530006 0.246418
vt 0.389581 0.245131
vt 0.491683 0.267208
vt 0.471263 0.267037
vt 0.348745 0.266009
vt 0.328262 0.265837
vt 0.512102 0.267379
vt 0.369165 0.266180
vt 0.529999 0.267529
vt 0.389584 0.266351
vt 0.410004 0.266523
vt 0.430424 0.266694
vt 0.450844 0.266865
vt 0.308264 0.265669
vt 0.287088 0.265491
vt 0.410006 0.287727
vt 0.389588 0.287572
vt 0.430424 0.287883
vt 0.450842 0.288038
vt 0.308273 0.286953
vt 0.287099 0.286792
vt 0.471260 0.288194
vt 0.328270 0.287105
vt 0.491678 0.288349
vt 0.348752 0.287261
vt 0.512096 0.288505
vt 0.369170 0.287416
vt 0.529991 0.288641
vt 0.450841 0.309211
vt 0.430424 0.309072
vt 0.308283 0.308237
vt 0.287110 0.308092
vt 0.471257 0.309351
vt 0.328278 0.308373
vt 0.491674 0.309491
vt 0.348758 0.308513
vt 0.512090 0.309630
vt 0.369175 0.308653
vt 0.529984 0.309753
vt 0.389591 0.308792
vt 0.410008 0.308932
vt 0.842269 0.757888
vt 0.824323 0.741132
vt 0.836177 0.726552
vt 0.856241 0.740711
vt 0.885539 0.636090
vt 0.861042 0.637765
vt 0.858480 0.619150
vt 0.882524 0.614152
vt 0.561851 0.658264
vt 0.586348 0.656590
vt 0.588910 0.675204
vt 0.564866 0.680202
vt 0.621338 0.773037
vt 0.636829 0.753984
vt 0.652181 0.764819
vt 0.639430 0.785799
vt 0.621300 0.521349
vt 0.636801 0.540398
vt 0.623067 0.553222
vt 0.605121 0.536467
vt 0.639393 0.508578
vt 0.652150 0.529559
vt 0.591171 0.740746
vt 0.611233 0.726585
vt 0.623096 0.741158
vt 0.605148 0.757925
vt 0.701636 0.807888
vt 0.704971 0.783567
vt 0.723715 0.784847
vt 0.723720 0.809392
vt 0.853413 0.601056
vt 0.876545 0.592833
vt 0.807960 0.508555
vt 0.795208 0.529535
vt 0.778521 0.520898
vt 0.788299 0.498371
vt 0.826052 0.521317
vt 0.810561 0.540370
vt 0.842242 0.536429
vt 0.824294 0.553196
vt 0.742459 0.783561
vt 0.745802 0.807880
vt 0.701588 0.486475
vt 0.704931 0.510794
vt 0.686536 0.514619
vt 0.679914 0.490978
vt 0.679959 0.803392
vt 0.686574 0.779747
vt 0.807997 0.785777
vt 0.795240 0.764795
vt 0.810589 0.753956
vt 0.826090 0.773006
vt 0.876559 0.701481
vt 0.853420 0.693262
vt 0.858491 0.675169
vt 0.882526 0.680161
vt 0.723670 0.484963
vt 0.723674 0.509507
vt 0.579650 0.572565
vt 0.601450 0.583856
vt 0.593969 0.601093
vt 0.570831 0.592873
vt 0.564864 0.614193
vt 0.588899 0.619185
vt 0.586344 0.637800
vt 0.561851 0.636124
vt 0.668868 0.773456
vt 0.659091 0.795983
vt 0.745753 0.486466
vt 0.742419 0.510788
vt 0.885539 0.658230
vt 0.861045 0.656555
vt 0.579666 0.721827
vt 0.601467 0.710531
vt 0.570845 0.701521
vt 0.593977 0.693298
vt 0.760854 0.779735
vt 0.767476 0.803376
vt 0.867724 0.572527
vt 0.845923 0.583823
vt 0.836157 0.567769
vt 0.856219 0.553608
vt 0.760816 0.514608
vt 0.767431 0.490963
vt 0.788337 0.795963
vt 0.778558 0.773442
vt 0.668832 0.520913
vt 0.659052 0.498392
vt 0.611213 0.567802
vt 0.591149 0.553644
vt 0.845940 0.710498
vt 0.867740 0.721789
vt 0.723708 0.729242
vt 0.734882 0.728476
vt 0.804041 0.630469
vt 0.801017 0.619684
vt 0.646364 0.619707
vt 0.643344 0.630492
vt 0.690989 0.571911
vt 0.681045 0.577066
vt 0.712533 0.728480
vt 0.805568 0.641565
vt 0.650825 0.609433
vt 0.701542 0.568159
vt 0.701567 0.726202
vt 0.805569 0.652766
vt 0.656644 0.599862
vt 0.712508 0.565878
vt 0.691012 0.722453
vt 0.804046 0.663862
vt 0.663711 0.591172
vt 0.723682 0.565112
vt 0.681067 0.717302
vt 0.801025 0.674648
vt 0.671896 0.583526
vt 0.734856 0.565875
vt 0.671915 0.710844
vt 0.796565 0.684922
vt 0.745823 0.568152
vt 0.663728 0.703200
vt 0.790746 0.694493
vt 0.756377 0.571901
vt 0.656658 0.694513
vt 0.783679 0.703182
vt 0.766323 0.577052
vt 0.650836 0.684943
vt 0.775494 0.710828
vt 0.775475 0.583510
vt 0.646372 0.674671
vt 0.766345 0.717289
vt 0.783662 0.591154
vt 0.643349 0.663886
vt 0.756401 0.722443
vt 0.790732 0.599842
vt 0.641822 0.652789
vt 0.745848 0.726196
vt 0.796553 0.609411
vt 0.641821 0.641589
vt 0.270386 0.636890
vt 0.270409 0.616086
vt 0.271260 0.616086
vt 0.271236 0.636891
vt 0.270339 0.678498
vt 0.270362 0.657694
vt 0.271213 0.657695
vt 0.271189 0.678499
vt 0.270316 0.699303
vt 0.271166 0.699304
vt 0.270292 0.720107
vt 0.271142 0.720108
vt 0.270269 0.740911
vt 0.271119 0.740912
vt 0.270246 0.761715
vt 0.271095 0.761716
vt 0.270223 0.782519
vt 0.271072 0.782520
vt 0.270199 0.803324
vt 0.271049 0.803325
vt 0.270176 0.824128
vt 0.271025 0.824129
vt 0.270153 0.844932
vt 0.271002 0.844933
vt 0.270129 0.865736
vt 0.270978 0.865737
vt 0.270106 0.886540
vt 0.270955 0.886542
vt 0.270083 0.907344
vt 0.270931 0.907346
vt 0.270059 0.928148
vt 0.270908 0.928150
vt 0.270036 0.948953
vt 0.270884 0.948954
vt 0.270013 0.969757
vt 0.270861 0.969759
vt 0.271061 0.033569
vt 0.271085 0.012765
vt 0.271940 0.012763
vt 0.271917 0.033567
vt 0.271038 0.054373
vt 0.271893 0.054371
vt 0.271015 0.075177
vt 0.271870 0.075176
vt 0.270991 0.095981
vt 0.271846 0.095980
vt 0.270968 0.116785
vt 0.271823 0.116784
vt 0.270945 0.137590
vt 0.271800 0.137588
vt 0.270922 0.158394
vt 0.271776 0.158393
vt 0.270898 0.179198
vt 0.271753 0.179197
vt 0.270875 0.200002
vt 0.271729 0.200001
vt 0.270852 0.220806
vt 0.271706 0.220805
vt 0.270828 0.241611
vt 0.271682 0.241610
vt 0.270805 0.262415
vt 0.271659 0.262414
vt 0.270782 0.283219
vt 0.271635 0.283218
vt 0.270758 0.304023
vt 0.271612 0.304022
vt 0.270735 0.324827
vt 0.271588 0.324827
vt 0.270712 0.345632
vt 0.271565 0.345631
vt 0.270689 0.366436
vt 0.271541 0.366435
vt 0.270665 0.387240
vt 0.271518 0.387240
vt 0.270642 0.408044
vt 0.271494 0.408044
vt 0.270619 0.428848
vt 0.271471 0.428848
vt 0.270595 0.449653
vt 0.271447 0.449652
vt 0.270572 0.470457
vt 0.271424 0.470457
vt 0.270549 0.491261
vt 0.271400 0.491261
vt 0.270525 0.512065
vt 0.271377 0.512065
vt 0.270502 0.532869
vt 0.271353 0.532870
vt 0.270479 0.553673
vt 0.271330 0.553674
vt 0.270455 0.574477
vt 0.271306 0.574478
vt 0.270432 0.595282
vt 0.271283 0.595282
vt 0.267179 0.616084
vt 0.267157 0.636888
vt 0.267134 0.657692
vt 0.267111 0.678495
vt 0.267089 0.699299
vt 0.267066 0.720103
vt 0.267043 0.740907
vt 0.267021 0.761711
vt 0.266998 0.782515
vt 0.266975 0.803319
vt 0.266953 0.824122
vt 0.266930 0.844926
vt 0.266908 0.865730
vt 0.266885 0.886534
vt 0.266862 0.907338
vt 0.266840 0.928142
vt 0.266817 0.948946
vt 0.266794 0.969750
vt 0.267836 0.012772
vt 0.267813 0.033575
vt 0.267790 0.054379
vt 0.267768 0.075183
vt 0.267745 0.095987
vt 0.267722 0.116791
vt 0.267700 0.137595
vt 0.267677 0.158399
vt 0.267654 0.179202
vt 0.267632 0.200006
vt 0.267609 0.220810
vt 0.267587 0.241614
vt 0.267564 0.262418
vt 0.267541 0.283222
vt 0.267519 0.304026
vt 0.267496 0.324830
vt 0.267473 0.345634
vt 0.267451 0.366437
vt 0.267428 0.387241
vt 0.267405 0.408045
vt 0.267383 0.428849
vt 0.267360 0.449653
vt 0.267338 0.470457
vt 0.267315 0.491261
vt 0.267292 0.512064
vt 0.267270 0.532868
vt 0.267247 0.553672
vt 0.267224 0.574476
vt 0.267202 0.595280
vt 0.268750 0.657693
vt 0.268773 0.636889
vt 0.268727 0.678497
vt 0.268704 0.699301
vt 0.268681 0.720105
vt 0.268658 0.740909
vt 0.268635 0.761713
vt 0.268612 0.782517
vt 0.268589 0.803321
vt 0.268566 0.824125
vt 0.268543 0.844929
vt 0.268520 0.865733
vt 0.268497 0.886537
vt 0.268474 0.907341
vt 0.268451 0.928145
vt 0.268428 0.948949
vt 0.268405 0.969753
vt 0.269439 0.033572
vt 0.269462 0.012768
vt 0.269416 0.054376
vt 0.269393 0.075180
vt 0.269370 0.095984
vt 0.269347 0.116788
vt 0.269324 0.137592
vt 0.269301 0.158396
vt 0.269278 0.179200
vt 0.269255 0.200004
vt 0.269232 0.220808
vt 0.269209 0.241612
vt 0.269186 0.262416
vt 0.269163 0.283220
vt 0.269140 0.304024
vt 0.269117 0.324829
vt 0.269094 0.345632
vt 0.269071 0.366436
vt 0.269048 0.387241
vt 0.269025 0.408045
vt 0.269002 0.428849
vt 0.268979 0.449653
vt 0.268956 0.470457
vt 0.268933 0.491261
vt 0.268910 0.512065
vt 0.268888 0.532869
vt 0.268865 0.553673
vt 0.268842 0.574477
vt 0.268819 0.595281
vt 0.268796 0.616085
vt 0.905328 0.170259
vt 0.897415 0.174829
vt 0.901645 0.186450
vt 0.913278 0.179734
vt 0.879417 0.125380
vt 0.888416 0.123793
vt 0.888416 0.111425
vt 0.875187 0.113757
vt 0.911202 0.163260
vt 0.921913 0.169443
vt 0.871503 0.129948
vt 0.863553 0.120474
vt 0.914327 0.154673
vt 0.926507 0.156820
vt 0.865630 0.136948
vt 0.854919 0.130764
vt 0.914327 0.145535
vt 0.926507 0.143387
vt 0.871503 0.170259
vt 0.865630 0.163260
vt 0.854919 0.169443
vt 0.863553 0.179734
vt 0.862504 0.145535
vt 0.850324 0.143387
vt 0.911202 0.136948
vt 0.921913 0.130764
vt 0.879417 0.174829
vt 0.875187 0.186450
vt 0.862504 0.154673
vt 0.850324 0.156820
vt 0.905328 0.129948
vt 0.913278 0.120474
vt 0.888416 0.176415
vt 0.888416 0.188783
vt 0.897415 0.125380
vt 0.901645 0.113757
vt 0.628869 0.932898
vt 0.617236 0.926182
vt 0.583063 0.966906
vt 0.610686 0.982854
vt 0.666960 0.866922
vt 0.675595 0.877212
vt 0.721635 0.850631
vt 0.701132 0.826197
vt 0.642098 0.935231
vt 0.642098 0.988393
vt 0.655327 0.860205
vt 0.673509 0.810249
vt 0.655327 0.932898
vt 0.673509 0.982854
vt 0.642098 0.857873
vt 0.642098 0.804711
vt 0.666960 0.926182
vt 0.701132 0.966906
vt 0.628869 0.860205
vt 0.610686 0.810249
vt 0.675595 0.915891
vt 0.721635 0.942472
vt 0.604007 0.903268
vt 0.604007 0.889835
vt 0.551652 0.880604
vt 0.551652 0.912500
vt 0.617236 0.866922
vt 0.583064 0.826197
vt 0.680189 0.903268
vt 0.732544 0.912500
vt 0.608601 0.915891
vt 0.562561 0.942472
vt 0.608601 0.877212
vt 0.562561 0.850631
vt 0.680189 0.889835
vt 0.732544 0.880604
vt 0.703632 0.584156
vt 0.683880 0.595559
vt 0.726092 0.645865
vt 0.782964 0.678700
vt 0.790765 0.657269
vt 0.661420 0.657269
vt 0.669220 0.678700
vt 0.669220 0.613030
vt 0.790765 0.634462
vt 0.683880 0.696171
vt 0.661420 0.634462
vt 0.782964 0.613030
vt 0.703632 0.707575
vt 0.768304 0.595559
vt 0.726092 0.711535
vt 0.748553 0.584155
vt 0.748553 0.707575
vt 0.726092 0.580195
vt 0.768304 0.696171
vt 0.820355 0.840007
vt 0.825962 0.840007
vt 0.825962 0.827980
vt 0.820355 0.827980
vt 0.755829 0.827953
vt 0.757526 0.834564
vt 0.759362 0.827990
vt 0.752751 0.829687
vt 0.750952 0.832729
vt 0.750915 0.836262
vt 0.752649 0.839340
vt 0.755691 0.841139
vt 0.759224 0.841176
vt 0.762302 0.839441
vt 0.764101 0.836400
vt 0.842783 0.840007
vt 0.848390 0.840007
vt 0.848390 0.827981
vt 0.842783 0.827980
vt 0.764138 0.832867
vt 0.762403 0.829789
vt 0.760068 0.825298
vt 0.764361 0.827810
vt 0.837176 0.840007
vt 0.837176 0.827980
vt 0.814748 0.840007
vt 0.814748 0.827980
vt 0.809141 0.840007
vt 0.809141 0.827980
vt 0.803534 0.840007
vt 0.803534 0.827980
vt 0.797927 0.840007
vt 0.797927 0.827980
vt 0.792320 0.840007
vt 0.792320 0.827980
vt 0.786713 0.840007
vt 0.786713 0.827980
vt 0.781106 0.840007
vt 0.781106 0.827980
vt 0.831569 0.840007
vt 0.831569 0.827980
vt 0.760671 0.822829
vt 0.766117 0.825974
vt 0.754382 0.822829
vt 0.755095 0.825269
vt 0.748936 0.825974
vt 0.750773 0.827730
vt 0.745791 0.831420
vt 0.748260 0.832023
vt 0.745791 0.837709
vt 0.748231 0.836996
vt 0.748936 0.843155
vt 0.750692 0.841318
vt 0.754382 0.846299
vt 0.754985 0.843830
vt 0.760671 0.846299
vt 0.759958 0.843860
vt 0.766117 0.843155
vt 0.764280 0.841398
vt 0.769261 0.837709
vt 0.766792 0.837106
vt 0.769261 0.831420
vt 0.766822 0.832132
vt 0.909212 0.801467
vt 0.902802 0.793884
vt 0.899502 0.797859
vt 0.904781 0.803988
vt 0.894206 0.789092
vt 0.892547 0.793777
vt 0.884612 0.792498
vt 0.884627 0.787481
vt 0.876704 0.793956
vt 0.878911 0.799954
vt 0.884626 0.798895
vt 0.869739 0.797964
vt 0.873868 0.802869
vt 0.864597 0.804141
vt 0.870143 0.807361
vt 0.861865 0.811716
vt 0.868177 0.812850
vt 0.861885 0.819771
vt 0.868206 0.818680
vt 0.864658 0.827335
vt 0.870225 0.824149
vt 0.869850 0.833498
vt 0.873994 0.828599
vt 0.876839 0.837513
vt 0.879057 0.831492
vt 0.884781 0.838897
vt 0.884806 0.832479
vt 0.892719 0.837481
vt 0.890547 0.831439
vt 0.899696 0.833434
vt 0.895587 0.828499
vt 0.904869 0.827242
vt 0.899317 0.824010
vt 0.907611 0.819650
vt 0.901285 0.818514
vt 0.907586 0.811572
vt 0.901251 0.812675
vt 0.899214 0.807203
vt 0.912594 0.820581
vt 0.912594 0.810736
vt 0.895421 0.802770
vt 0.890373 0.799852
vt 0.875025 0.789207
vt 0.866547 0.794067
vt 0.860249 0.801574
vt 0.856899 0.810789
vt 0.856899 0.820597
vt 0.860253 0.829817
vt 0.866560 0.837337
vt 0.875059 0.842247
vt 0.884727 0.843956
vt 0.894399 0.842254
vt 0.902908 0.837346
vt 0.909228 0.829820
vt 0.884723 0.815683
vt 0.837656 0.854636
vt 0.828519 0.854636
vt 0.828519 0.916262
vt 0.837656 0.916262
vt 0.791967 0.854636
vt 0.782830 0.854636
vt 0.782830 0.916262
vt 0.791967 0.916262
vt 0.901621 0.854636
vt 0.892483 0.854636
vt 0.892483 0.916262
vt 0.901621 0.916262
vt 0.855932 0.854636
vt 0.846794 0.854636
vt 0.846794 0.916262
vt 0.855932 0.916262
vt 0.810243 0.854636
vt 0.801105 0.854636
vt 0.801105 0.916262
vt 0.810243 0.916262
vt 0.755416 0.854636
vt 0.746278 0.854636
vt 0.746278 0.916262
vt 0.755416 0.916262
vt 0.874208 0.854636
vt 0.865070 0.854636
vt 0.865070 0.916262
vt 0.874208 0.916262
vt 0.819381 0.854636
vt 0.819381 0.916262
vt 0.773692 0.854636
vt 0.764554 0.854636
vt 0.764554 0.916262
vt 0.773692 0.916262
vt 0.883345 0.854636
vt 0.883345 0.916262
vt 0.910759 0.854636
vt 0.910759 0.916262
vt 0.860865 0.924687
vt 0.851727 0.924687
vt 0.851727 0.984847
vt 0.860865 0.984847
vt 0.815176 0.924687
vt 0.806038 0.924687
vt 0.806038 0.984847
vt 0.815176 0.984847
vt 0.760349 0.924686
vt 0.751211 0.924686
vt 0.751211 0.984847
vt 0.760349 0.984847
vt 0.879140 0.924687
vt 0.870002 0.924687
vt 0.870002 0.984847
vt 0.879140 0.984847
vt 0.833451 0.924687
vt 0.824313 0.924687
vt 0.824313 0.984847
vt 0.833451 0.984847
vt 0.778624 0.924687
vt 0.769487 0.924686
vt 0.769486 0.984847
vt 0.778624 0.984847
vt 0.897416 0.924687
vt 0.888278 0.924687
vt 0.888278 0.984847
vt 0.897416 0.984847
vt 0.842589 0.924687
vt 0.842589 0.984847
vt 0.796900 0.924687
vt 0.787762 0.924687
vt 0.787762 0.984847
vt 0.796900 0.984847
vt 0.742073 0.924686
vt 0.742073 0.984847
vt 0.906554 0.924687
vt 0.906554 0.984847
vt 0.911720 0.695329
vt 0.911720 0.681896
vt 0.905752 0.681896
vt 0.905752 0.695329
vt 0.911720 0.560998
vt 0.911720 0.547565
vt 0.905752 0.547565
vt 0.905752 0.560998
vt 0.911720 0.708762
vt 0.905752 0.708762
vt 0.911719 0.574431
vt 0.905752 0.574431
vt 0.911720 0.722195
vt 0.905752 0.722195
vt 0.911719 0.628164
vt 0.911719 0.614731
vt 0.905752 0.614731
vt 0.905752 0.628164
vt 0.911719 0.587865
vt 0.905752 0.587865
vt 0.911720 0.735628
vt 0.905752 0.735628
vt 0.911719 0.641597
vt 0.905752 0.641597
vt 0.911719 0.601298
vt 0.905752 0.601298
vt 0.911720 0.749061
vt 0.905752 0.749061
vt 0.911719 0.655030
vt 0.905752 0.655030
vt 0.911720 0.762494
vt 0.905752 0.762494
vt 0.911720 0.668463
vt 0.905752 0.668463
vt 0.911720 0.775928
vt 0.905752 0.775928
vt 0.911720 0.534132
vt 0.905752 0.534132
vt 0.924034 0.769195
vt 0.924034 0.737299
vt 0.918739 0.737299
vt 0.918739 0.769195
vt 0.924034 0.450234
vt 0.924034 0.418338
vt 0.918739 0.418338
vt 0.918739 0.450234
vt 0.924034 0.801091
vt 0.918739 0.801091
vt 0.924034 0.482130
vt 0.918739 0.482130
vt 0.924034 0.832987
vt 0.918739 0.832987
vt 0.924034 0.514026
vt 0.918739 0.514026
vt 0.924034 0.864884
vt 0.918739 0.864884
vt 0.924034 0.641611
vt 0.924034 0.609715
vt 0.918739 0.609715
vt 0.918739 0.641611
vt 0.924034 0.545923
vt 0.918738 0.545923
vt 0.924034 0.896780
vt 0.918739 0.896780
vt 0.924034 0.673507
vt 0.918739 0.673507
vt 0.924034 0.577819
vt 0.918739 0.577819
vt 0.924034 0.928676
vt 0.918739 0.928676
vt 0.924034 0.705403
vt 0.918739 0.705403
vt 0.924034 0.960571
vt 0.918739 0.960571
vt 0.924034 0.992467
vt 0.918739 0.992467
vt 0.616109 0.893200
vt 0.616109 0.902338
vt 0.623397 0.901053
vt 0.623397 0.894485
vt 0.642021 0.871458
vt 0.633022 0.873044
vt 0.635553 0.879998
vt 0.642021 0.878858
vt 0.658934 0.917925
vt 0.664807 0.910924
vt 0.658399 0.907225
vt 0.654177 0.912256
vt 0.625109 0.877613
vt 0.629865 0.883282
vt 0.667933 0.902338
vt 0.660645 0.901053
vt 0.619235 0.910924
vt 0.625643 0.907225
vt 0.619235 0.884613
vt 0.625643 0.888313
vt 0.667933 0.893200
vt 0.660645 0.894485
vt 0.625108 0.917925
vt 0.629865 0.912256
vt 0.664807 0.884613
vt 0.658399 0.888313
vt 0.633022 0.922494
vt 0.635553 0.915540
vt 0.658934 0.877613
vt 0.654177 0.883282
vt 0.642021 0.924080
vt 0.642021 0.916680
vt 0.651020 0.873044
vt 0.648489 0.879998
vt 0.651020 0.922494
vt 0.648489 0.915540
vt 0.728934 0.296888
vt 0.752192 0.308834
vt 0.727524 0.300166
vt 0.705556 0.284855
vt 0.702724 0.291430
vt 0.681817 0.272602
vt 0.677534 0.282525
vt 0.657511 0.260015
vt 0.651684 0.273348
vt 0.632273 0.246958
vt 0.624980 0.263878
vt 0.608373 0.234552
vt 0.599603 0.254840
vt 0.620037 0.281615
vt 0.593678 0.276120
vt 0.726574 0.303606
vt 0.700815 0.298329
vt 0.674646 0.292939
vt 0.647802 0.287376
vt 0.726101 0.307144
vt 0.699863 0.305424
vt 0.673205 0.303649
vt 0.645859 0.301798
vt 0.617560 0.299862
vt 0.590701 0.298006
vt 0.673237 0.314456
vt 0.645897 0.316348
vt 0.617591 0.318280
vt 0.590727 0.320095
vt 0.726114 0.310712
vt 0.699887 0.312583
vt 0.726613 0.314246
vt 0.700886 0.319671
vt 0.674740 0.325158
vt 0.647914 0.330757
vt 0.620130 0.336524
vt 0.593759 0.341981
vt 0.727589 0.317679
vt 0.702841 0.326557
vt 0.677687 0.335555
vt 0.651874 0.344757
vt 0.625131 0.354255
vt 0.599743 0.363254
vt 0.657705 0.358087
vt 0.632502 0.371144
vt 0.608571 0.383521
vt 0.729023 0.320947
vt 0.705716 0.333112
vt 0.682024 0.345453
vt 0.730889 0.323989
vt 0.709457 0.339215
vt 0.687669 0.354667
vt 0.665300 0.370499
vt 0.642109 0.386872
vt 0.620082 0.402403
vt 0.713995 0.344750
vt 0.694517 0.363026
vt 0.674516 0.381759
vt 0.653776 0.401146
vt 0.634066 0.419545
vt 0.733151 0.326748
vt 0.667285 0.413694
vt 0.650269 0.434626
vt 0.735768 0.329173
vt 0.719243 0.349615
vt 0.702439 0.370372
vt 0.685183 0.391654
vt 0.738691 0.331220
vt 0.725105 0.353720
vt 0.711288 0.376568
vt 0.697100 0.399999
vt 0.682387 0.424274
vt 0.668396 0.447358
vt 0.720896 0.381500
vt 0.710040 0.406634
vt 0.698795 0.432671
vt 0.688114 0.457489
vt 0.741865 0.332849
vt 0.731470 0.356987
vt 0.745232 0.334031
vt 0.738220 0.359358
vt 0.731083 0.385077
vt 0.723756 0.411443
vt 0.716183 0.438703
vt 0.709048 0.464789
vt 0.748727 0.334743
vt 0.745229 0.360787
vt 0.741660 0.387234
vt 0.737989 0.414344
vt 0.734190 0.442395
vt 0.731675 0.469443
vt 0.752474 0.415285
vt 0.752517 0.443600
vt 0.753454 0.470692
vt 0.752287 0.334973
vt 0.752366 0.361249
vt 0.752428 0.387933
vt 0.755845 0.334717
vt 0.759500 0.360736
vt 0.763189 0.387161
vt 0.766945 0.414250
vt 0.770800 0.442276
vt 0.774419 0.468777
vt 0.766496 0.359258
vt 0.773744 0.384935
vt 0.781142 0.411262
vt 0.788757 0.438509
vt 0.795942 0.464336
vt 0.759335 0.333978
vt 0.806051 0.432342
vt 0.816690 0.456981
vt 0.762692 0.332771
vt 0.773226 0.356841
vt 0.783898 0.381294
vt 0.794805 0.406374
vt 0.765853 0.331119
vt 0.779565 0.353531
vt 0.793464 0.376306
vt 0.807681 0.399673
vt 0.822358 0.423880
vt 0.836260 0.446858
vt 0.802264 0.370063
vt 0.819529 0.391282
vt 0.837368 0.413274
vt 0.854278 0.434155
vt 0.768760 0.329052
vt 0.785395 0.349389
vt 0.771358 0.326608
vt 0.790607 0.344492
vt 0.810134 0.362680
vt 0.830128 0.381355
vt 0.850800 0.400719
vt 0.870402 0.419109
vt 0.795105 0.338931
vt 0.816926 0.354293
vt 0.839280 0.370076
vt 0.862400 0.386449
vt 0.884331 0.402002
vt 0.773600 0.323833
vt 0.846812 0.357654
vt 0.871950 0.370729
vt 0.895800 0.383152
vt 0.775443 0.320779
vt 0.798804 0.332810
vt 0.822515 0.345059
vt 0.776853 0.317502
vt 0.801635 0.326241
vt 0.826795 0.335150
vt 0.852584 0.344320
vt 0.879272 0.353852
vt 0.904596 0.362911
vt 0.829686 0.324749
vt 0.856486 0.330323
vt 0.884228 0.336132
vt 0.910554 0.341658
vt 0.777804 0.314064
vt 0.803546 0.319348
vt 0.886725 0.317900
vt 0.913561 0.319789
vt 0.778278 0.310528
vt 0.804501 0.312258
vt 0.831135 0.314050
vt 0.858447 0.315923
vt 0.778266 0.306960
vt 0.804481 0.305104
vt 0.831113 0.303252
vt 0.858428 0.301389
vt 0.886715 0.299496
vt 0.913560 0.297712
vt 0.856430 0.286992
vt 0.884198 0.281264
vt 0.910553 0.275839
vt 0.777768 0.303428
vt 0.803488 0.298019
vt 0.829621 0.292558
vt 0.776794 0.299995
vt 0.801539 0.291135
vt 0.826687 0.282165
vt 0.852490 0.273000
vt 0.879220 0.263542
vt 0.904593 0.254578
vt 0.798671 0.284580
vt 0.822364 0.272269
vt 0.846681 0.259674
vt 0.871876 0.246663
vt 0.895792 0.234326
vt 0.775362 0.296727
vt 0.862300 0.230940
vt 0.884315 0.215460
vt 0.773498 0.293685
vt 0.794936 0.278476
vt 0.816734 0.263052
vt 0.839110 0.247262
vt 0.771237 0.290925
vt 0.790405 0.272937
vt 0.809900 0.254688
vt 0.829919 0.235996
vt 0.850671 0.216667
vt 0.870374 0.198331
vt 0.801991 0.247332
vt 0.819278 0.226087
vt 0.837206 0.204110
vt 0.854229 0.183261
vt 0.768621 0.288498
vt 0.785162 0.268067
vt 0.765699 0.286450
vt 0.779304 0.263956
vt 0.793153 0.241121
vt 0.807387 0.217718
vt 0.822155 0.193503
vt 0.836181 0.170528
vt 0.762525 0.284818
vt 0.772940 0.260681
vt 0.783551 0.236171
vt 0.794466 0.211047
vt 0.805799 0.185045
vt 0.816566 0.160372
vt 0.773364 0.232576
vt 0.780755 0.206197
vt 0.788442 0.178892
vt 0.795748 0.152981
vt 0.759159 0.283634
vt 0.766190 0.258303
vt 0.755663 0.282920
vt 0.759178 0.256866
vt 0.762782 0.230401
vt 0.766512 0.203260
vt 0.770408 0.175160
vt 0.774117 0.148494
vt 0.752102 0.282689
vt 0.752036 0.256398
vt 0.752001 0.229687
vt 0.752000 0.202290
vt 0.752032 0.173920
vt 0.752075 0.146994
vt 0.737490 0.203306
vt 0.733657 0.175194
vt 0.730032 0.148511
vt 0.748542 0.282944
vt 0.744897 0.256907
vt 0.741224 0.230449
vt 0.745050 0.283682
vt 0.737893 0.258384
vt 0.730650 0.232672
vt 0.723253 0.206289
vt 0.715626 0.178959
vt 0.708399 0.153017
vt 0.731155 0.260800
vt 0.720478 0.236314
vt 0.709555 0.211185
vt 0.698274 0.185147
vt 0.687579 0.160429
vt 0.741692 0.284889
vt 0.681926 0.193642
vt 0.667960 0.170609
vt 0.738528 0.286542
vt 0.724809 0.264113
vt 0.710896 0.241309
vt 0.696652 0.217901
vt 0.735620 0.288610
vt 0.718973 0.268258
vt 0.702084 0.247562
vt 0.684784 0.226314
vt 0.666887 0.204286
vt 0.649910 0.183371
vt 0.694206 0.254958
vt 0.674174 0.236265
vt 0.653438 0.216882
vt 0.633766 0.198476
vt 0.733020 0.291055
vt 0.713757 0.273160
vt 0.730778 0.293832
vt 0.709256 0.278727
vt 0.687409 0.263357
vt 0.665024 0.247570
vt 0.641829 0.231195
vt 0.619832 0.215644
vt 0.539992 0.648567
vt 0.540033 0.627291
vt 0.542388 0.627232
vt 0.542372 0.648498
vt 0.540073 0.606015
vt 0.542404 0.605966
vt 0.540114 0.584739
vt 0.542420 0.584700
vt 0.540154 0.563463
vt 0.542436 0.563434
vt 0.540195 0.542187
vt 0.542452 0.542167
vt 0.540236 0.520911
vt 0.542468 0.520901
vt 0.540276 0.499635
vt 0.542484 0.499635
vt 0.540317 0.478359
vt 0.542500 0.478369
vt 0.540358 0.457083
vt 0.542516 0.457102
vt 0.540398 0.435807
vt 0.542532 0.435836
vt 0.540439 0.414531
vt 0.542548 0.414570
vt 0.540479 0.393255
vt 0.542564 0.393304
vt 0.540520 0.371838
vt 0.542580 0.371897
vt 0.540561 0.350562
vt 0.542596 0.350631
vt 0.540601 0.329393
vt 0.542612 0.329471
vt 0.540642 0.308116
vt 0.542628 0.308204
vt 0.540683 0.286840
vt 0.542644 0.286938
vt 0.540723 0.265564
vt 0.542660 0.265672
vt 0.540764 0.244288
vt 0.542676 0.244406
vt 0.540804 0.223012
vt 0.542692 0.223140
vt 0.540845 0.201736
vt 0.542708 0.201873
vt 0.540886 0.180460
vt 0.542724 0.180607
vt 0.540926 0.159184
vt 0.542740 0.159341
vt 0.540967 0.137908
vt 0.542756 0.138075
vt 0.541008 0.116632
vt 0.542772 0.116808
vt 0.541048 0.095356
vt 0.542788 0.095542
vt 0.541089 0.074080
vt 0.542804 0.074276
vt 0.541130 0.052804
vt 0.542820 0.053010
vt 0.541170 0.031528
vt 0.542836 0.031744
vt 0.541211 0.010252
vt 0.542852 0.010477
vt 0.539342 0.988983
vt 0.539382 0.967707
vt 0.542132 0.967492
vt 0.542116 0.988758
vt 0.539423 0.946431
vt 0.542148 0.946226
vt 0.539464 0.925155
vt 0.542164 0.924959
vt 0.539504 0.903879
vt 0.542180 0.903693
vt 0.539545 0.882603
vt 0.542196 0.882427
vt 0.539586 0.861327
vt 0.542212 0.861161
vt 0.539626 0.840051
vt 0.542228 0.839895
vt 0.539667 0.818775
vt 0.542244 0.818628
vt 0.539707 0.797499
vt 0.542260 0.797362
vt 0.539748 0.776223
vt 0.542276 0.776096
vt 0.539789 0.754947
vt 0.542292 0.754830
vt 0.539829 0.733671
vt 0.542308 0.733563
vt 0.539870 0.712395
vt 0.542324 0.712297
vt 0.539911 0.691119
vt 0.542340 0.691031
vt 0.539951 0.669843
vt 0.542356 0.669765
vt 0.617562 0.214045
vt 0.605906 0.233279
vt 0.631735 0.196583
vt 0.648157 0.181218
vt 0.666517 0.168239
vt 0.686472 0.157884
vt 0.707649 0.150345
vt 0.729654 0.145763
vt 0.752074 0.144220
vt 0.774495 0.145745
vt 0.796497 0.150310
vt 0.817670 0.157827
vt 0.837622 0.168158
vt 0.855979 0.181109
vt 0.872401 0.196438
vt 0.886580 0.213860
vt 0.898255 0.233050
vt 0.907206 0.253650
vt 0.913267 0.275276
vt 0.916326 0.297524
vt 0.916326 0.319979
vt 0.913268 0.342223
vt 0.907208 0.363840
vt 0.898260 0.384428
vt 0.886593 0.403601
vt 0.872426 0.421001
vt 0.856024 0.436304
vt 0.837696 0.449224
vt 0.817790 0.459519
vt 0.796684 0.466996
vt 0.774785 0.471510
vt 0.752660 0.473017
vt 0.730468 0.471709
vt 0.708325 0.467478
vt 0.687016 0.460048
vt 0.666956 0.449740
vt 0.648518 0.436786
vt 0.632038 0.421445
vt 0.617814 0.404007
vt 0.606106 0.384801
vt 0.597128 0.364186
vt 0.591042 0.342547
vt 0.587959 0.320287
vt 0.587933 0.297819
vt 0.590962 0.275559
vt 0.596988 0.253915
vt 0.543946 0.669713
vt 0.543946 0.690973
vt 0.543946 0.712232
vt 0.543947 0.733492
vt 0.543947 0.754752
vt 0.543947 0.776012
vt 0.543948 0.797271
vt 0.543948 0.818531
vt 0.543948 0.839791
vt 0.543949 0.861051
vt 0.543949 0.882311
vt 0.543949 0.903570
vt 0.543950 0.924830
vt 0.543950 0.946090
vt 0.543950 0.967349
vt 0.543951 0.988609
vt 0.543936 0.010626
vt 0.543936 0.031886
vt 0.543936 0.053145
vt 0.543937 0.074405
vt 0.543937 0.095665
vt 0.543937 0.116924
vt 0.543938 0.138184
vt 0.543938 0.159444
vt 0.543938 0.180704
vt 0.543939 0.201964
vt 0.543939 0.223223
vt 0.543939 0.244483
vt 0.543940 0.265743
vt 0.543940 0.287003
vt 0.543940 0.308262
vt 0.543941 0.329522
vt 0.543941 0.350676
vt 0.543941 0.371936
vt 0.543942 0.393336
vt 0.543942 0.414596
vt 0.543942 0.435855
vt 0.543943 0.457115
vt 0.543943 0.478375
vt 0.543943 0.499635
vt 0.543944 0.520895
vt 0.543944 0.542154
vt 0.543944 0.563414
vt 0.543944 0.584674
vt 0.543945 0.605934
vt 0.543945 0.627193
vt 0.543945 0.648453
vt 0.818787 0.130996
vt 0.812696 0.130996
vt 0.812696 0.136585
vt 0.818787 0.136585
vt 0.883448 0.149304
vt 0.886717 0.150206
vt 0.887166 0.149445
vt 0.884788 0.147029
vt 0.883426 0.151943
vt 0.886708 0.151091
vt 0.884726 0.154240
vt 0.887142 0.151861
vt 0.887001 0.155579
vt 0.887903 0.152310
vt 0.889640 0.155601
vt 0.888788 0.152319
vt 0.891937 0.154301
vt 0.889558 0.151885
vt 0.893276 0.152026
vt 0.890008 0.151124
vt 0.893299 0.149387
vt 0.890017 0.150239
vt 0.891998 0.147090
vt 0.889583 0.149469
vt 0.794426 0.130996
vt 0.788336 0.130996
vt 0.788336 0.136585
vt 0.794426 0.136585
vt 0.889724 0.145751
vt 0.888821 0.149019
vt 0.887084 0.145728
vt 0.887937 0.149010
vt 0.883340 0.145595
vt 0.886548 0.143762
vt 0.800516 0.130996
vt 0.800516 0.136585
vt 0.824877 0.130996
vt 0.824877 0.136585
vt 0.830966 0.130996
vt 0.830966 0.136585
vt 0.837056 0.130996
vt 0.837056 0.136585
vt 0.770065 0.130996
vt 0.763975 0.130996
vt 0.763975 0.136585
vt 0.770065 0.136585
vt 0.776156 0.130996
vt 0.776156 0.136585
vt 0.782246 0.130996
vt 0.782246 0.136585
vt 0.806606 0.130996
vt 0.806606 0.136585
vt 0.882129 0.144432
vt 0.886081 0.142150
vt 0.879848 0.148383
vt 0.881477 0.148785
vt 0.879848 0.152946
vt 0.881460 0.152480
vt 0.882129 0.156898
vt 0.883292 0.155688
vt 0.886081 0.159179
vt 0.886483 0.157550
vt 0.890644 0.159179
vt 0.890177 0.157567
vt 0.894595 0.156898
vt 0.893385 0.155735
vt 0.896877 0.152946
vt 0.895247 0.152544
vt 0.896877 0.148383
vt 0.895265 0.148850
vt 0.894595 0.144432
vt 0.893432 0.145642
vt 0.890644 0.142150
vt 0.890242 0.143780
vt 0.192885 0.991464
vt 0.192890 0.980938
vt 0.187251 0.980938
vt 0.187247 0.991457
vt 0.181613 0.980938
vt 0.181609 0.991450
vt 0.175974 0.980938
vt 0.175971 0.991443
vt 0.170336 0.980938
vt 0.170333 0.991435
vt 0.164697 0.980938
vt 0.164695 0.991428
vt 0.159059 0.980938
vt 0.159057 0.991421
vt 0.153420 0.980938
vt 0.153419 0.991414
vt 0.147782 0.980938
vt 0.147781 0.991407
vt 0.142143 0.980938
vt 0.142143 0.991400
vt 0.136505 0.980938
vt 0.136505 0.991392
vt 0.130866 0.980938
vt 0.130867 0.991385
vt 0.125212 0.980938
vt 0.125213 0.991378
vt 0.119573 0.980938
vt 0.119575 0.991371
vt 0.113965 0.980938
vt 0.113967 0.991364
vt 0.108326 0.980938
vt 0.108329 0.991357
vt 0.102688 0.980938
vt 0.102691 0.991350
vt 0.821550 0.063447
vt 0.821567 0.051420
vt 0.805292 0.048575
vt 0.805284 0.066339
vt 0.097049 0.980938
vt 0.097053 0.991342
vt 0.091411 0.980938
vt 0.091415 0.991335
vt 0.565631 0.778423
vt 0.568529 0.774960
vt 0.566036 0.771922
vt 0.562252 0.776415
vt 0.571650 0.292461
vt 0.563959 0.292445
vt 0.563959 0.315453
vt 0.571651 0.315473
vt 0.576891 0.771958
vt 0.581330 0.772721
vt 0.582718 0.769037
vt 0.576909 0.768008
vt 0.585239 0.774971
vt 0.587807 0.771989
vt 0.588142 0.778426
vt 0.591575 0.776505
vt 0.589686 0.782668
vt 0.593570 0.782038
vt 0.589685 0.787182
vt 0.593550 0.787919
vt 0.588140 0.791423
vt 0.591519 0.793438
vt 0.585238 0.794880
vt 0.587724 0.797929
vt 0.581329 0.797135
vt 0.582622 0.800850
vt 0.576884 0.797918
vt 0.576828 0.801850
vt 0.572440 0.797133
vt 0.571043 0.800809
vt 0.568532 0.794875
vt 0.565963 0.797852
vt 0.565633 0.791418
vt 0.562200 0.793336
vt 0.564090 0.787177
vt 0.560209 0.787807
vt 0.564090 0.782665
vt 0.560228 0.781930
vt 0.576886 0.784923
vt 0.584214 0.764727
vt 0.576851 0.763442
vt 0.590690 0.768454
vt 0.595494 0.774173
vt 0.598049 0.781188
vt 0.598049 0.788653
vt 0.595496 0.795666
vt 0.590698 0.801383
vt 0.584235 0.805113
vt 0.576886 0.806407
vt 0.569539 0.805110
vt 0.563079 0.801379
vt 0.558285 0.795664
vt 0.555734 0.788656
vt 0.555733 0.781199
vt 0.558278 0.774194
vt 0.563059 0.768480
vt 0.571114 0.768996
vt 0.569499 0.764740
vt 0.572437 0.772686
vt 0.867433 0.090075
vt 0.855598 0.092132
vt 0.855598 0.108648
vt 0.873081 0.105611
vt 0.885705 0.040222
vt 0.889813 0.051538
vt 0.906103 0.048636
vt 0.900014 0.031922
vt 0.825696 0.040126
vt 0.833440 0.030925
vt 0.822802 0.018283
vt 0.811377 0.031885
vt 0.843764 0.090017
vt 0.833362 0.083982
vt 0.822757 0.096648
vt 0.838124 0.105540
vt 0.889799 0.063580
vt 0.885659 0.074894
vt 0.899998 0.083165
vt 0.906103 0.066434
vt 0.843865 0.024928
vt 0.855715 0.022858
vt 0.855690 0.006330
vt 0.838192 0.009408
vt 0.825647 0.074755
vt 0.811350 0.083035
vt 0.877888 0.084113
vt 0.888509 0.096786
vt 0.877977 0.030994
vt 0.888581 0.018306
vt 0.867561 0.024964
vt 0.873188 0.009420
vt 0.861422 0.041620
vt 0.866514 0.044556
vt 0.870759 0.039603
vt 0.863721 0.035518
vt 0.870330 0.065935
vt 0.866561 0.070433
vt 0.870682 0.075459
vt 0.875929 0.069258
vt 0.855636 0.040601
vt 0.855714 0.034085
vt 0.844827 0.070445
vt 0.841047 0.065949
vt 0.835368 0.069144
vt 0.840580 0.075387
vt 0.844777 0.044558
vt 0.849856 0.041622
vt 0.847702 0.035476
vt 0.840652 0.039522
vt 0.872322 0.054552
vt 0.872332 0.060420
vt 0.878733 0.061626
vt 0.878751 0.053492
vt 0.855699 0.074399
vt 0.849915 0.073379
vt 0.847612 0.079475
vt 0.855618 0.080917
vt 0.839017 0.054568
vt 0.841013 0.049055
vt 0.835414 0.045736
vt 0.832619 0.053368
vt 0.870301 0.049042
vt 0.875980 0.045844
vt 0.861480 0.073377
vt 0.863643 0.079540
vt 0.839031 0.060433
vt 0.832603 0.061497
vt 0.872128 0.037998
vt 0.864460 0.033543
vt 0.872021 0.077079
vt 0.877744 0.070330
vt 0.855733 0.031978
vt 0.833533 0.070182
vt 0.839211 0.076990
vt 0.846999 0.033489
vt 0.839312 0.037897
vt 0.880806 0.062010
vt 0.880830 0.053143
vt 0.846872 0.081449
vt 0.855596 0.083026
vt 0.833599 0.044667
vt 0.830548 0.052984
vt 0.877815 0.044804
vt 0.864350 0.081534
vt 0.830525 0.061845
vt 0.876244 0.033046
vt 0.866634 0.027484
vt 0.876173 0.082046
vt 0.883336 0.073540
vt 0.855705 0.025542
vt 0.827976 0.073422
vt 0.835095 0.081934
vt 0.844774 0.027454
vt 0.835157 0.032987
vt 0.887154 0.063104
vt 0.887166 0.051996
vt 0.844692 0.087500
vt 0.855610 0.089450
vt 0.828015 0.041476
vt 0.824208 0.051895
vt 0.883375 0.041557
vt 0.866529 0.087547
vt 0.824195 0.062990
vt 0.571642 0.062269
vt 0.563959 0.062302
vt 0.563959 0.085309
vt 0.571643 0.085281
vt 0.571646 0.177332
vt 0.563959 0.177340
vt 0.563959 0.200348
vt 0.571647 0.200344
vt 0.571653 0.384388
vt 0.563959 0.384353
vt 0.563959 0.407361
vt 0.571654 0.407400
vt 0.571645 0.154319
vt 0.563959 0.154332
vt 0.571649 0.269381
vt 0.563959 0.269371
vt 0.571642 0.039256
vt 0.563959 0.039294
vt 0.571648 0.246369
vt 0.563959 0.246363
vt 0.571641 0.016244
vt 0.563959 0.016286
vt 0.571652 0.361375
vt 0.563959 0.361345
vt 0.571645 0.131306
vt 0.563959 0.131324
vt 0.571651 0.338363
vt 0.563959 0.338338
vt 0.571644 0.108294
vt 0.563959 0.108317
vt 0.571648 0.223356
vt 0.563959 0.223355
vt 0.577271 0.407429
vt 0.571654 0.430413
vt 0.577272 0.430445
vt 0.577260 0.200341
vt 0.577261 0.223357
vt 0.577262 0.246373
vt 0.577263 0.269389
vt 0.577265 0.292472
vt 0.577266 0.315488
vt 0.577267 0.338381
vt 0.577249 0.016213
vt 0.577251 0.039229
vt 0.577252 0.062245
vt 0.577253 0.085261
vt 0.577254 0.108277
vt 0.577269 0.361397
vt 0.577270 0.384413
vt 0.577258 0.177325
vt 0.577256 0.131293
vt 0.577257 0.154309
vt 0.553609 0.384306
vt 0.553608 0.407307
vt 0.553624 0.039344
vt 0.553623 0.062345
vt 0.553617 0.200353
vt 0.553616 0.223354
vt 0.553610 0.361305
vt 0.553625 0.016343
vt 0.553618 0.177351
vt 0.553611 0.338304
vt 0.553619 0.154350
vt 0.553612 0.315426
vt 0.553620 0.131349
vt 0.553613 0.292424
vt 0.553621 0.108348
vt 0.553614 0.269356
vt 0.553622 0.085347
vt 0.553615 0.246355
vt 0.563959 0.430368
vt 0.553607 0.430309
vt 0.616893 0.107172
vt 0.617165 0.103840
vt 0.599355 0.097598
vt 0.601282 0.100999
vt 0.629634 0.044555
vt 0.632028 0.045716
vt 0.639578 0.026561
vt 0.636315 0.027293
vt 0.609260 0.014595
vt 0.607297 0.011888
vt 0.597419 0.028615
vt 0.599813 0.029776
vt 0.636274 0.136682
vt 0.639578 0.137202
vt 0.630808 0.118575
vt 0.628494 0.119888
vt 0.599689 0.136559
vt 0.597376 0.137873
vt 0.608311 0.153927
vt 0.610095 0.151099
vt 0.595139 0.053074
vt 0.593758 0.055455
vt 0.601992 0.068679
vt 0.603698 0.065160
vt 0.791595 0.066307
vt 0.775712 0.066397
vt 0.775982 0.077618
vt 0.791866 0.077528
vt 0.593523 0.113612
vt 0.591989 0.111325
vt 0.589033 0.114810
vt 0.592035 0.116284
vt 0.618878 0.057993
vt 0.619364 0.061301
vt 0.791743 0.055793
vt 0.775859 0.055884
vt 0.700335 0.067956
vt 0.700245 0.081176
vt 0.716129 0.081161
vt 0.716220 0.067941
vt 0.715789 0.098141
vt 0.714603 0.094609
vt 0.701139 0.094623
vt 0.699905 0.098157
vt 0.700379 0.113025
vt 0.716263 0.113009
vt 0.700383 0.009961
vt 0.700362 0.019407
vt 0.716247 0.019392
vt 0.716267 0.009946
vt 0.700319 0.030851
vt 0.716204 0.030835
vt 0.700310 0.043027
vt 0.716195 0.043012
vt 0.700115 0.055511
vt 0.715999 0.055496
vt 0.628132 0.151987
vt 0.630062 0.155387
vt 0.590584 0.052168
vt 0.593482 0.050503
vt 0.628908 0.009028
vt 0.627202 0.012545
vt 0.589337 0.065706
vt 0.593025 0.065577
vt 0.776330 0.105226
vt 0.776251 0.111379
vt 0.792134 0.111183
vt 0.792213 0.105031
vt 0.590606 0.101271
vt 0.586917 0.101380
vt 0.586119 0.092635
vt 0.589968 0.092429
vt 0.592023 0.074208
vt 0.588174 0.074414
vt 0.700383 0.121268
vt 0.716267 0.121252
vt 0.776063 0.088055
vt 0.791946 0.087964
vt 0.776175 0.098233
vt 0.792059 0.098143
vt 0.791558 0.010034
vt 0.775674 0.010125
vt 0.775649 0.019103
vt 0.791533 0.019013
vt 0.775661 0.020957
vt 0.791544 0.020867
vt 0.775275 0.034097
vt 0.791159 0.034007
vt 0.775694 0.044933
vt 0.791577 0.044842
vt 0.701432 0.084643
vt 0.714895 0.084629
vt 0.593470 0.142654
vt 0.602738 0.156260
vt 0.601520 0.010021
vt 0.593149 0.024198
vt 0.964789 0.991495
vt 0.964789 0.006240
vt 0.959973 0.006234
vt 0.959973 0.991493
vt 0.955158 0.006228
vt 0.955158 0.991491
vt 0.950343 0.006222
vt 0.950343 0.991490
vt 0.945528 0.006216
vt 0.945528 0.991488
vt 0.940713 0.006210
vt 0.940713 0.991486
vt 0.935897 0.006204
vt 0.935897 0.991484
vt 0.931082 0.006197
vt 0.931082 0.991482
vt 0.969604 0.991497
vt 0.969604 0.006247
vt 0.843060 0.809487
vt 0.840504 0.809487
vt 0.840504 0.815661
vt 0.843060 0.815661
vt 0.832833 0.809487
vt 0.830277 0.809487
vt 0.830277 0.815661
vt 0.832833 0.815661
vt 0.835390 0.809487
vt 0.835390 0.815661
vt 0.845617 0.809487
vt 0.845617 0.815661
vt 0.817493 0.809487
vt 0.814936 0.809487
vt 0.814936 0.815661
vt 0.817493 0.815661
vt 0.820050 0.809487
vt 0.820050 0.815661
vt 0.822606 0.809487
vt 0.822606 0.815661
vt 0.825163 0.809487
vt 0.825163 0.815661
vt 0.827720 0.809487
vt 0.827720 0.815661
vt 0.837947 0.809487
vt 0.837947 0.815661
vt 0.802480 0.804614
vt 0.801202 0.809385
vt 0.804695 0.805893
vt 0.805973 0.810664
vt 0.804695 0.812878
vt 0.884574 0.747522
vt 0.884574 0.750079
vt 0.890747 0.750079
vt 0.890747 0.747522
vt 0.884574 0.757749
vt 0.884574 0.760306
vt 0.890747 0.760306
vt 0.890747 0.757749
vt 0.884574 0.755193
vt 0.890747 0.755193
vt 0.884574 0.744965
vt 0.890747 0.744966
vt 0.884574 0.773090
vt 0.884574 0.775647
vt 0.890747 0.775647
vt 0.890747 0.773090
vt 0.884574 0.770533
vt 0.890747 0.770533
vt 0.884574 0.767976
vt 0.890747 0.767977
vt 0.884574 0.765420
vt 0.890747 0.765420
vt 0.884574 0.762863
vt 0.890747 0.762863
vt 0.884574 0.752636
vt 0.890747 0.752636
vt 0.888997 0.735031
vt 0.887718 0.730260
vt 0.886440 0.735031
vt 0.888997 0.725489
vt 0.891211 0.726767
vt 0.987204 0.962580
vt 0.987205 0.990614
vt 0.989488 0.990651
vt 0.989484 0.962615
vt 0.987197 0.594010
vt 0.987199 0.691283
vt 0.989448 0.691305
vt 0.989436 0.594027
vt 0.991696 0.691327
vt 0.991673 0.594044
vt 0.993944 0.691349
vt 0.993910 0.594062
vt 0.976007 0.593923
vt 0.975956 0.691174
vt 0.978206 0.691196
vt 0.978246 0.593941
vt 0.980454 0.691217
vt 0.980484 0.593958
vt 0.982701 0.691239
vt 0.982721 0.593975
vt 0.984958 0.593993
vt 0.984949 0.691262
vt 0.982781 0.288159
vt 0.982764 0.376953
vt 0.984977 0.376960
vt 0.984985 0.288162
vt 0.982745 0.469397
vt 0.982728 0.556989
vt 0.984961 0.557005
vt 0.984969 0.469409
vt 0.991761 0.962650
vt 0.991768 0.990686
vt 0.994047 0.990723
vt 0.994038 0.962685
vt 0.987196 0.557020
vt 0.987194 0.469420
vt 0.980578 0.288156
vt 0.980551 0.376945
vt 0.980522 0.469386
vt 0.980495 0.556974
vt 0.978373 0.288153
vt 0.978336 0.376938
vt 0.980637 0.098244
vt 0.980601 0.212732
vt 0.982796 0.212732
vt 0.982819 0.098238
vt 0.978298 0.469375
vt 0.978261 0.556958
vt 0.976167 0.288150
vt 0.976121 0.376931
vt 0.978453 0.098250
vt 0.978405 0.212733
vt 0.976072 0.469363
vt 0.976026 0.556942
vt 0.991599 0.288171
vt 0.991621 0.376981
vt 0.993835 0.376988
vt 0.993804 0.288174
vt 0.980370 0.962477
vt 0.980361 0.990507
vt 0.982641 0.990543
vt 0.982647 0.962512
vt 0.976268 0.098255
vt 0.976207 0.212733
vt 0.991643 0.469443
vt 0.991664 0.557051
vt 0.993898 0.557067
vt 0.993867 0.469455
vt 0.989396 0.288168
vt 0.989408 0.376974
vt 0.978093 0.962443
vt 0.978082 0.990472
vt 0.991554 0.098215
vt 0.991581 0.212730
vt 0.993777 0.212729
vt 0.993737 0.098209
vt 0.989420 0.469432
vt 0.989431 0.557036
vt 0.987191 0.288165
vt 0.987193 0.376967
vt 0.975814 0.962408
vt 0.975799 0.990435
vt 0.989371 0.098220
vt 0.989386 0.212730
vt 0.987187 0.098226
vt 0.987189 0.212731
vt 0.984925 0.962546
vt 0.984923 0.990579
vt 0.984972 0.440661
vt 0.982751 0.440650
vt 0.984975 0.406884
vt 0.982758 0.406875
vt 0.980531 0.440640
vt 0.980541 0.406867
vt 0.978310 0.440630
vt 0.978324 0.406858
vt 0.976088 0.440620
vt 0.976105 0.406850
vt 0.993857 0.440701
vt 0.991636 0.440691
vt 0.993845 0.406918
vt 0.991628 0.406910
vt 0.989416 0.440681
vt 0.989411 0.406901
vt 0.987194 0.440671
vt 0.987193 0.406892
vt 0.984992 0.212731
vt 0.985002 0.098232
vt 0.984989 0.251808
vt 0.982789 0.251807
vt 0.980589 0.251805
vt 0.978388 0.251804
vt 0.976187 0.251803
vt 0.993791 0.251813
vt 0.991591 0.251812
vt 0.989391 0.251811
vt 0.987190 0.251809
vt 0.984960 0.575463
vt 0.982724 0.575446
vt 0.980489 0.575430
vt 0.978254 0.575413
vt 0.976017 0.575397
vt 0.993904 0.575529
vt 0.991668 0.575512
vt 0.989433 0.575496
vt 0.987196 0.575479
vt 0.982680 0.799289
vt 0.984940 0.799317
vt 0.984943 0.761947
vt 0.982687 0.761921
vt 0.984947 0.722515
vt 0.982695 0.722491
vt 0.980420 0.799262
vt 0.980432 0.761896
vt 0.980444 0.722468
vt 0.978161 0.799236
vt 0.978176 0.761871
vt 0.978193 0.722445
vt 0.975899 0.799208
vt 0.975919 0.761845
vt 0.975940 0.722421
vt 0.991722 0.799397
vt 0.993981 0.799425
vt 0.993968 0.762048
vt 0.991713 0.762022
vt 0.993955 0.722609
vt 0.991704 0.722585
vt 0.989463 0.799370
vt 0.989458 0.761997
vt 0.989452 0.722562
vt 0.987201 0.799343
vt 0.987200 0.761971
vt 0.987199 0.722538
vt 0.985010 0.010267
vt 0.985007 0.047130
vt 0.987186 0.047122
vt 0.987185 0.010257
vt 0.982837 0.010277
vt 0.982829 0.047138
vt 0.989365 0.047114
vt 0.989360 0.010247
vt 0.991542 0.047105
vt 0.991533 0.010237
vt 0.993719 0.047097
vt 0.993706 0.010227
vt 0.976314 0.010307
vt 0.976295 0.047163
vt 0.978474 0.047155
vt 0.978490 0.010297
vt 0.980652 0.047147
vt 0.980664 0.010287
vt 0.982653 0.933298
vt 0.984928 0.933332
vt 0.987204 0.933364
vt 0.989480 0.933398
vt 0.991754 0.933431
vt 0.975829 0.933199
vt 0.978105 0.933232
vt 0.980379 0.933265
vt 0.994028 0.933465
vt 0.670455 0.103575
vt 0.670749 0.100244
vt 0.652981 0.093883
vt 0.654887 0.097297
vt 0.682816 0.044558
vt 0.685198 0.045743
vt 0.692933 0.026663
vt 0.689664 0.027363
vt 0.662733 0.014403
vt 0.660797 0.011677
vt 0.650759 0.028304
vt 0.653141 0.029488
vt 0.689634 0.133216
vt 0.692933 0.133758
vt 0.684291 0.115071
vt 0.681969 0.116368
vt 0.653051 0.132845
vt 0.650729 0.134142
vt 0.661553 0.150268
vt 0.663356 0.147453
vt 0.648241 0.052738
vt 0.646837 0.055104
vt 0.654940 0.068408
vt 0.656679 0.064907
vt 0.765107 0.066218
vt 0.751749 0.066218
vt 0.751939 0.077440
vt 0.765295 0.077440
vt 0.647042 0.109856
vt 0.645526 0.107560
vt 0.642546 0.111023
vt 0.645537 0.112519
vt 0.671928 0.057890
vt 0.672382 0.061202
vt 0.765261 0.055705
vt 0.751906 0.055705
vt 0.727884 0.067950
vt 0.727801 0.081170
vt 0.741158 0.081160
vt 0.741240 0.067940
vt 0.740885 0.098141
vt 0.739885 0.094609
vt 0.728562 0.094617
vt 0.727525 0.098151
vt 0.727944 0.113019
vt 0.741301 0.113009
vt 0.727962 0.009956
vt 0.727963 0.019401
vt 0.741319 0.019391
vt 0.741317 0.009946
vt 0.727922 0.030845
vt 0.741278 0.030835
vt 0.727904 0.043021
vt 0.741260 0.043011
vt 0.727722 0.055505
vt 0.741080 0.055495
vt 0.681387 0.148464
vt 0.683294 0.151877
vt 0.643695 0.051789
vt 0.646610 0.050151
vt 0.682436 0.009028
vt 0.680695 0.012528
vt 0.642325 0.065314
vt 0.646006 0.065218
vt 0.752043 0.104728
vt 0.751901 0.110880
vt 0.765254 0.110880
vt 0.765398 0.104729
vt 0.644210 0.097498
vt 0.640529 0.097579
vt 0.639673 0.089089
vt 0.643508 0.088934
vt 0.645052 0.073600
vt 0.641217 0.073749
vt 0.727963 0.121262
vt 0.741319 0.121252
vt 0.751964 0.087877
vt 0.765320 0.087877
vt 0.752012 0.098055
vt 0.765368 0.098056
vt 0.765368 0.009946
vt 0.752013 0.009946
vt 0.751932 0.018923
vt 0.765288 0.018924
vt 0.751929 0.020778
vt 0.765285 0.020778
vt 0.751524 0.033916
vt 0.764884 0.033916
vt 0.751814 0.044754
vt 0.765170 0.044754
vt 0.728800 0.084637
vt 0.740120 0.084629
vt 0.646862 0.138825
vt 0.656036 0.152493
vt 0.655135 0.009787
vt 0.646627 0.023880
vt 0.797709 0.812878
vt 0.796431 0.810664
vt 0.796431 0.808107
vt 0.797709 0.805893
vt 0.802480 0.814156
vt 0.805973 0.808107
vt 0.799924 0.804614
vt 0.799924 0.814156
vt 0.785101 0.810664
vt 0.789872 0.809385
vt 0.785101 0.808107
vt 0.793365 0.805893
vt 0.794643 0.808107
vt 0.788593 0.804614
vt 0.791150 0.804614
vt 0.793365 0.812878
vt 0.791150 0.814156
vt 0.786379 0.812878
vt 0.786379 0.805893
vt 0.794643 0.810664
vt 0.788593 0.814156
vt 0.882948 0.731538
vt 0.882948 0.728981
vt 0.886440 0.725489
vt 0.891211 0.733752
vt 0.892489 0.728981
vt 0.892489 0.731538
vt 0.884226 0.733752
vt 0.884226 0.726767
vt 0.887151 0.713324
vt 0.888430 0.718095
vt 0.889708 0.713324
vt 0.887151 0.722866
vt 0.884937 0.721588
vt 0.883659 0.719373
vt 0.883659 0.716817
vt 0.893200 0.719373
vt 0.891922 0.721588
vt 0.891922 0.714603
vt 0.884937 0.714603
vt 0.889708 0.722866
vt 0.893200 0.716817
vt 0.702769 0.126027
vt 0.713886 0.126016
vt 0.778574 0.116107
vt 0.789690 0.115970
vt 0.753783 0.115636
vt 0.763128 0.115636
vt 0.729990 0.126022
vt 0.739338 0.126015
vt 0.584327 0.467646
vt 0.589712 0.467872
vt 0.590176 0.461010
vt 0.584323 0.460902
vt 0.604051 0.469558
vt 0.610825 0.470415
vt 0.611547 0.464459
vt 0.604889 0.463249
vt 0.562404 0.470429
vt 0.568555 0.468895
vt 0.567212 0.464631
vt 0.561222 0.468034
vt 0.579204 0.467712
vt 0.578677 0.461390
vt 0.596888 0.468560
vt 0.597701 0.461893
vt 0.555267 0.473215
vt 0.574043 0.468090
vt 0.573023 0.462559
vt 0.889606 0.496898
vt 0.889791 0.503350
vt 0.900971 0.502546
vt 0.900631 0.496706
vt 0.590798 0.453411
vt 0.584032 0.453214
vt 0.612587 0.458698
vt 0.606142 0.457000
vt 0.564577 0.460257
vt 0.559179 0.465933
vt 0.577363 0.454157
vt 0.598969 0.454933
vt 0.570811 0.456416
vt 0.891371 0.478470
vt 0.890395 0.484394
vt 0.900914 0.485411
vt 0.901528 0.479970
vt 0.610345 0.495802
vt 0.610946 0.502504
vt 0.622643 0.501074
vt 0.621930 0.494826
vt 0.566696 0.449257
vt 0.560089 0.455939
vt 0.592080 0.444442
vt 0.583564 0.443635
vt 0.613958 0.453264
vt 0.608092 0.451064
vt 0.556187 0.464446
vt 0.574861 0.445142
vt 0.601250 0.447605
vt 0.863775 0.522315
vt 0.875406 0.521036
vt 0.874231 0.511784
vt 0.864586 0.511804
vt 0.892715 0.472923
vt 0.902395 0.474641
vt 0.833451 0.503960
vt 0.838614 0.511155
vt 0.843875 0.504834
vt 0.838150 0.500266
vt 0.854200 0.520779
vt 0.857091 0.510580
vt 0.884465 0.518029
vt 0.891478 0.515983
vt 0.890408 0.509808
vt 0.882952 0.510809
vt 0.830250 0.495941
vt 0.833081 0.494484
vt 0.845646 0.516933
vt 0.850198 0.508257
vt 0.828593 0.487509
vt 0.835098 0.492307
vt 0.852971 0.500822
vt 0.847081 0.498780
vt 0.874109 0.503670
vt 0.865537 0.503209
vt 0.902395 0.514547
vt 0.901597 0.508484
vt 0.841189 0.496011
vt 0.859046 0.502274
vt 0.882356 0.503646
vt 0.860357 0.494821
vt 0.854629 0.493963
vt 0.882324 0.496679
vt 0.874432 0.496175
vt 0.836257 0.489724
vt 0.848911 0.492883
vt 0.866403 0.495516
vt 0.610363 0.476518
vt 0.621172 0.476894
vt 0.621386 0.471230
vt 0.842908 0.491501
vt 0.889810 0.490561
vt 0.882702 0.489895
vt 0.843488 0.486828
vt 0.836559 0.486947
vt 0.861200 0.487640
vt 0.855469 0.487247
vt 0.875029 0.488980
vt 0.849668 0.486967
vt 0.867178 0.488160
vt 0.611996 0.509019
vt 0.623506 0.507466
vt 0.867953 0.480723
vt 0.861694 0.480271
vt 0.883478 0.483255
vt 0.842935 0.481999
vt 0.835981 0.484150
vt 0.855601 0.480283
vt 0.875933 0.481847
vt 0.849420 0.480808
vt 0.900610 0.490990
vt 0.848005 0.474104
vt 0.841066 0.477009
vt 0.868955 0.472771
vt 0.861960 0.472172
vt 0.884753 0.476779
vt 0.834460 0.481526
vt 0.854994 0.472567
vt 0.877372 0.474597
vt 0.853366 0.463238
vt 0.844853 0.466408
vt 0.879844 0.467154
vt 0.870668 0.463691
vt 0.610101 0.489198
vt 0.621444 0.488699
vt 0.837409 0.471948
vt 0.862160 0.462425
vt 0.886752 0.470720
vt 0.831912 0.479364
vt 0.594704 0.513721
vt 0.604484 0.511031
vt 0.603158 0.503402
vt 0.594111 0.503999
vt 0.554152 0.481623
vt 0.557238 0.481076
vt 0.558444 0.498559
vt 0.564420 0.505794
vt 0.570478 0.497867
vt 0.564944 0.493410
vt 0.582345 0.513983
vt 0.584305 0.503244
vt 0.621849 0.465722
vt 0.622567 0.460356
vt 0.555018 0.490215
vt 0.560464 0.487809
vt 0.572584 0.511140
vt 0.576943 0.501162
vt 0.579859 0.493290
vt 0.574290 0.491140
vt 0.602735 0.496047
vt 0.594432 0.495807
vt 0.559700 0.479649
vt 0.569129 0.488282
vt 0.586024 0.494814
vt 0.610122 0.482771
vt 0.621193 0.482718
vt 0.564279 0.484548
vt 0.602768 0.489061
vt 0.566812 0.480893
vt 0.561449 0.477675
vt 0.581845 0.486451
vt 0.576749 0.485055
vt 0.595010 0.488487
vt 0.571817 0.483257
vt 0.587387 0.487540
vt 0.623506 0.455102
vt 0.573425 0.478287
vt 0.568306 0.477032
vt 0.588418 0.480850
vt 0.583166 0.480114
vt 0.603038 0.482383
vt 0.562483 0.475382
vt 0.578275 0.479283
vt 0.595630 0.481667
vt 0.596242 0.475092
vt 0.589168 0.474387
vt 0.574150 0.473274
vt 0.568883 0.473028
vt 0.583964 0.473941
vt 0.603462 0.475914
vt 0.562807 0.472924
vt 0.579067 0.473580
vn -0.8348 -0.3809 -0.3974
vn -0.8725 -0.2574 -0.4153
vn -0.8078 -0.2574 -0.5303
vn -0.7729 -0.3811 -0.5074
vn -0.7902 0.4838 -0.3762
vn -0.7279 0.5916 -0.3465
vn -0.6740 0.5916 -0.4425
vn -0.7316 0.4839 -0.4802
vn -0.7831 -0.4978 -0.3728
vn -0.7250 -0.4979 -0.4759
vn -0.8349 0.3808 -0.3974
vn -0.7730 0.3809 -0.5074
vn -0.7206 -0.6025 -0.3431
vn -0.6672 -0.6025 -0.4380
vn -0.8725 0.2575 -0.4153
vn -0.8078 0.2574 -0.5303
vn -0.6617 -0.6804 -0.3150
vn -0.6126 -0.6804 -0.4022
vn -0.8953 0.1298 -0.4262
vn -0.8289 0.1297 -0.5441
vn -0.9029 -0.0000 -0.4298
vn -0.8360 -0.0000 -0.5488
vn -0.8953 -0.1296 -0.4262
vn -0.8289 -0.1302 -0.5441
vn -0.6378 0.7078 -0.3036
vn -0.5905 0.7078 -0.3876
vn -0.7535 0.0000 -0.6575
vn -0.7470 -0.1302 -0.6519
vn -0.7280 -0.2576 -0.6353
vn -0.5322 0.7078 -0.4644
vn -0.6075 0.5915 -0.5301
vn -0.6966 -0.3812 -0.6078
vn -0.6594 0.4838 -0.5754
vn -0.6534 -0.4979 -0.5702
vn -0.6966 0.3810 -0.6079
vn -0.6014 -0.6025 -0.5248
vn -0.7280 0.2576 -0.6353
vn -0.5522 -0.6804 -0.4819
vn -0.7470 0.1302 -0.6519
vn -0.6073 -0.3814 -0.6970
vn -0.5697 -0.4980 -0.6538
vn -0.5749 0.4840 -0.6598
vn -0.6074 0.3810 -0.6971
vn -0.5243 -0.6025 -0.6018
vn -0.6347 0.2576 -0.7285
vn -0.4814 -0.6804 -0.5525
vn -0.6513 0.1302 -0.7476
vn -0.6569 -0.0000 -0.7540
vn -0.6514 -0.1295 -0.7476
vn -0.6348 -0.2573 -0.7286
vn -0.4640 0.7078 -0.5326
vn -0.5296 0.5917 -0.6078
vn -0.5296 0.2581 -0.8081
vn -0.5435 0.1297 -0.8293
vn -0.5481 0.0000 -0.8364
vn -0.5435 -0.1302 -0.8293
vn -0.5297 -0.2574 -0.8082
vn -0.3872 0.7078 -0.5908
vn -0.4419 0.5916 -0.6743
vn -0.5068 -0.3809 -0.7733
vn -0.4797 0.4838 -0.7320
vn -0.4754 -0.4978 -0.7254
vn -0.5068 0.3809 -0.7733
vn -0.4375 -0.6025 -0.6675
vn -0.4017 -0.6804 -0.6129
vn -0.4255 -0.1302 -0.8956
vn -0.4147 -0.2573 -0.8728
vn -0.3031 0.7078 -0.6380
vn -0.3459 0.5917 -0.7281
vn -0.3967 -0.3812 -0.8350
vn -0.3755 0.4840 -0.7904
vn -0.3722 -0.4978 -0.7834
vn -0.3968 0.3810 -0.8351
vn -0.3425 -0.6025 -0.7209
vn -0.4147 0.2575 -0.8728
vn -0.3145 -0.6804 -0.6619
vn -0.4255 0.1302 -0.8956
vn -0.4291 0.0000 -0.9032
vn -0.2620 -0.4978 -0.8267
vn -0.2412 -0.6025 -0.7608
vn -0.2793 0.3811 -0.8813
vn -0.2920 0.2574 -0.9211
vn -0.2214 -0.6804 -0.6986
vn -0.2996 0.1302 -0.9452
vn -0.3021 0.0000 -0.9533
vn -0.2996 -0.1297 -0.9452
vn -0.2920 -0.2575 -0.9211
vn -0.2134 0.7078 -0.6734
vn -0.2436 0.5916 -0.7685
vn -0.2793 -0.3811 -0.8813
vn -0.2644 0.4839 -0.8342
vn -0.1681 0.1302 -0.9771
vn -0.1695 0.0000 -0.9855
vn -0.1681 -0.1302 -0.9771
vn -0.1638 -0.2581 -0.9521
vn -0.1197 0.7078 -0.6962
vn -0.1367 0.5917 -0.7945
vn -0.1567 -0.3811 -0.9111
vn -0.1484 0.4840 -0.8624
vn -0.1470 -0.4977 -0.8548
vn -0.1567 0.3812 -0.9111
vn -0.1353 -0.6025 -0.7866
vn -0.1638 0.2576 -0.9523
vn -0.1242 -0.6804 -0.7222
vn -0.0326 -0.2574 -0.9657
vn -0.0312 -0.3809 -0.9241
vn -0.0272 0.5916 -0.8058
vn -0.0295 0.4839 -0.8746
vn -0.0293 -0.4976 -0.8669
vn -0.0312 0.3808 -0.9241
vn -0.0269 -0.6025 -0.7977
vn -0.0326 0.2574 -0.9658
vn -0.0247 -0.6804 -0.7324
vn -0.0335 0.1302 -0.9909
vn -0.0338 0.0000 -0.9994
vn -0.0335 -0.1297 -0.9910
vn -0.0238 0.7078 -0.7060
vn 0.0819 -0.6025 -0.7939
vn 0.0752 -0.6804 -0.7290
vn 0.0992 0.2581 -0.9610
vn 0.1018 0.1295 -0.9863
vn 0.1026 -0.0000 -0.9947
vn 0.1018 -0.1302 -0.9863
vn 0.0992 -0.2578 -0.9611
vn 0.0725 0.7078 -0.7027
vn 0.0828 0.5915 -0.8020
vn 0.0949 -0.3812 -0.9196
vn 0.0898 0.4839 -0.8705
vn 0.0890 -0.4976 -0.8628
vn 0.0949 0.3810 -0.9197
vn 0.2371 -0.0000 -0.9715
vn 0.2351 -0.1297 -0.9633
vn 0.2292 -0.2573 -0.9388
vn 0.1675 0.7078 -0.6862
vn 0.1912 0.5916 -0.7832
vn 0.2193 -0.3809 -0.8982
vn 0.2075 0.4839 -0.8502
vn 0.2057 -0.4979 -0.8425
vn 0.2192 0.3811 -0.8982
vn 0.1893 -0.6025 -0.7754
vn 0.2291 0.2574 -0.9387
vn 0.1738 -0.6804 -0.7119
vn 0.2351 0.1302 -0.9632
vn 0.3395 -0.3812 -0.8599
vn 0.3185 -0.4977 -0.8067
vn 0.3213 0.4840 -0.8139
vn 0.3395 0.3810 -0.8600
vn 0.2931 -0.6025 -0.7424
vn 0.3548 0.2575 -0.8988
vn 0.2691 -0.6804 -0.6816
vn 0.3641 0.1302 -0.9222
vn 0.3672 -0.0000 -0.9301
vn 0.3641 -0.1295 -0.9223
vn 0.3548 -0.2574 -0.8988
vn 0.2594 0.7078 -0.6570
vn 0.2960 0.5917 -0.7498
vn 0.4863 0.1302 -0.8641
vn 0.4904 -0.0000 -0.8715
vn 0.4863 -0.1298 -0.8641
vn 0.4738 -0.2581 -0.8419
vn 0.3465 0.7078 -0.6156
vn 0.3954 0.5916 -0.7026
vn 0.4534 -0.3812 -0.8057
vn 0.4292 0.4841 -0.7626
vn 0.4254 -0.4978 -0.7558
vn 0.4534 0.3810 -0.8057
vn 0.3914 -0.6025 -0.6955
vn 0.4739 0.2576 -0.8421
vn 0.3594 -0.6804 -0.6386
vn 0.5994 -0.1302 -0.7898
vn 0.5841 -0.2581 -0.7696
vn 0.4270 0.7078 -0.5627
vn 0.4873 0.5917 -0.6421
vn 0.5590 -0.3809 -0.7365
vn 0.5291 0.4838 -0.6972
vn 0.5243 -0.4979 -0.6908
vn 0.5590 0.3809 -0.7365
vn 0.4825 -0.6025 -0.6358
vn 0.5842 0.2573 -0.7698
vn 0.4430 -0.6804 -0.5837
vn 0.5994 0.1302 -0.7898
vn 0.6045 0.0000 -0.7966
vn 0.6136 -0.4977 -0.6131
vn 0.5646 -0.6025 -0.5641
vn 0.6540 0.3810 -0.6535
vn 0.6835 0.2578 -0.6829
vn 0.5184 -0.6804 -0.5180
vn 0.7014 0.1297 -0.7009
vn 0.7074 -0.0000 -0.7068
vn 0.7014 -0.1296 -0.7009
vn 0.6835 -0.2576 -0.6830
vn 0.4997 0.7078 -0.4993
vn 0.5703 0.5916 -0.5699
vn 0.6540 -0.3810 -0.6535
vn 0.6191 0.4838 -0.6186
vn 0.7970 0.0000 -0.6039
vn 0.7903 -0.1302 -0.5988
vn 0.7700 -0.2581 -0.5835
vn 0.5630 0.7078 -0.4266
vn 0.6427 0.5914 -0.4870
vn 0.7369 -0.3810 -0.5584
vn 0.6975 0.4839 -0.5285
vn 0.6912 -0.4980 -0.5237
vn 0.7370 0.3809 -0.5584
vn 0.6361 -0.6025 -0.4820
vn 0.7702 0.2573 -0.5836
vn 0.5841 -0.6804 -0.4426
vn 0.7903 0.1298 -0.5988
vn 0.8424 -0.2578 -0.4732
vn 0.8060 -0.3811 -0.4528
vn 0.7029 0.5916 -0.3949
vn 0.7630 0.4838 -0.4286
vn 0.7561 -0.4978 -0.4248
vn 0.8060 0.3814 -0.4528
vn 0.6958 -0.6025 -0.3909
vn 0.8424 0.2576 -0.4732
vn 0.6389 -0.6804 -0.3589
vn 0.8644 0.1302 -0.4856
vn 0.8718 -0.0000 -0.4898
vn 0.8645 -0.1295 -0.4857
vn 0.6159 0.7078 -0.3460
vn 0.7426 -0.6025 -0.2925
vn 0.6819 -0.6804 -0.2686
vn 0.8989 0.2581 -0.3541
vn 0.9225 0.1302 -0.3634
vn 0.9304 -0.0000 -0.3665
vn 0.9226 -0.1295 -0.3634
vn 0.8990 -0.2576 -0.3541
vn 0.6572 0.7078 -0.2589
vn 0.7500 0.5917 -0.2954
vn 0.8602 -0.3812 -0.3388
vn 0.8142 0.4839 -0.3207
vn 0.8068 -0.4980 -0.3178
vn 0.8602 0.3811 -0.3388
vn 0.9634 -0.1302 -0.2344
vn 0.9387 -0.2581 -0.2284
vn 0.6864 0.7078 -0.1670
vn 0.7834 0.5915 -0.1906
vn 0.8983 -0.3811 -0.2185
vn 0.8503 0.4840 -0.2069
vn 0.8427 -0.4978 -0.2050
vn 0.8982 0.3814 -0.2185
vn 0.7755 -0.6025 -0.1887
vn 0.9387 0.2581 -0.2284
vn 0.7121 -0.6804 -0.1732
vn 0.9634 0.1302 -0.2344
vn 0.9717 0.0000 -0.2364
vn 0.9198 -0.3810 -0.0942
vn 0.8627 -0.4980 -0.0883
vn 0.8705 0.4840 -0.0892
vn 0.9195 0.3817 -0.0942
vn 0.7940 -0.6025 -0.0813
vn 0.9612 0.2578 -0.0984
vn 0.7290 -0.6804 -0.0746
vn 0.9864 0.1297 -0.1010
vn 0.9948 -0.0000 -0.1019
vn 0.9864 -0.1298 -0.1010
vn 0.9612 -0.2578 -0.0984
vn 0.7027 0.7078 -0.0720
vn 0.8021 0.5916 -0.0821
vn 0.9909 0.1302 0.0342
vn 0.9994 0.0000 0.0345
vn 0.9909 -0.1302 0.0342
vn 0.9656 -0.2578 0.0334
vn 0.7060 0.7078 0.0244
vn 0.8059 0.5914 0.0278
vn 0.9237 -0.3817 0.0319
vn 0.8746 0.4839 0.0302
vn 0.8667 -0.4979 0.0299
vn 0.9240 0.3810 0.0319
vn 0.7976 -0.6025 0.0276
vn 0.9655 0.2581 0.0334
vn 0.7324 -0.6804 0.0253
vn 0.6961 0.7078 0.1203
vn 0.7944 0.5917 0.1373
vn 0.9520 -0.2581 0.1645
vn 0.9110 -0.3812 0.1574
vn 0.8624 0.4838 0.1490
vn 0.8546 -0.4978 0.1477
vn 0.9112 0.3808 0.1575
vn 0.7865 -0.6025 0.1359
vn 0.9522 0.2575 0.1645
vn 0.7221 -0.6804 0.1248
vn 0.9770 0.1302 0.1688
vn 0.9854 -0.0000 0.1703
vn 0.9771 -0.1296 0.1689
vn 0.8265 -0.4978 0.2627
vn 0.7606 -0.6025 0.2417
vn 0.8811 0.3811 0.2800
vn 0.9207 0.2581 0.2926
vn 0.6984 -0.6804 0.2220
vn 0.9450 0.1298 0.3003
vn 0.9530 0.0000 0.3029
vn 0.9450 -0.1298 0.3003
vn 0.9209 -0.2573 0.2927
vn 0.6732 0.7078 0.2139
vn 0.7685 0.5914 0.2442
vn 0.8811 -0.3811 0.2800
vn 0.8340 0.4839 0.2651
vn 0.9029 0.0000 0.4298
vn 0.8953 -0.1298 0.4262
vn 0.8723 -0.2581 0.4153
vn 0.6378 0.7078 0.3036
vn 0.7280 0.5915 0.3466
vn 0.8347 -0.3814 0.3973
vn 0.7901 0.4840 0.3761
vn 0.7831 -0.4978 0.3728
vn 0.8348 0.3809 0.3974
vn 0.7206 -0.6025 0.3431
vn 0.8723 0.2581 0.4153
vn 0.6617 -0.6804 0.3150
vn 0.8953 0.1298 0.4262
vn 0.6740 0.5916 0.4424
vn 0.7315 0.4840 0.4802
vn 0.7728 -0.3814 0.5073
vn 0.7250 -0.4979 0.4759
vn 0.7729 0.3810 0.5074
vn 0.6672 -0.6025 0.4380
vn 0.8076 0.2581 0.5302
vn 0.6126 -0.6804 0.4022
vn 0.8289 0.1296 0.5441
vn 0.8360 0.0000 0.5488
vn 0.8289 -0.1302 0.5441
vn 0.8076 -0.2581 0.5302
vn 0.5905 0.7078 0.3877
vn 0.6014 -0.6025 0.5248
vn 0.5521 -0.6804 0.4819
vn 0.7279 0.2581 0.6352
vn 0.7470 0.1302 0.6519
vn 0.7535 0.0000 0.6575
vn 0.7470 -0.1302 0.6519
vn 0.7279 -0.2581 0.6352
vn 0.5322 0.7078 0.4644
vn 0.6075 0.5915 0.5301
vn 0.6966 -0.3812 0.6078
vn 0.6593 0.4842 0.5753
vn 0.6535 -0.4978 0.5702
vn 0.6966 0.3810 0.6079
vn 0.6513 -0.1302 0.7476
vn 0.6347 -0.2581 0.7284
vn 0.4640 0.7078 0.5326
vn 0.5296 0.5916 0.6079
vn 0.6073 -0.3812 0.6970
vn 0.5748 0.4841 0.6597
vn 0.5697 -0.4979 0.6538
vn 0.6074 0.3809 0.6971
vn 0.5243 -0.6025 0.6018
vn 0.6347 0.2581 0.7284
vn 0.4814 -0.6804 0.5525
vn 0.6514 0.1297 0.7476
vn 0.6569 0.0000 0.7540
vn 0.4797 0.4839 0.7320
vn 0.5068 0.3810 0.7733
vn 0.4754 -0.4976 0.7255
vn 0.4375 -0.6025 0.6675
vn 0.5296 0.2581 0.8081
vn 0.4017 -0.6804 0.6129
vn 0.5435 0.1297 0.8293
vn 0.5481 0.0000 0.8364
vn 0.5435 -0.1302 0.8293
vn 0.5296 -0.2576 0.8082
vn 0.3872 0.7078 0.5908
vn 0.4419 0.5915 0.6744
vn 0.5067 -0.3812 0.7732
vn 0.4255 0.1302 0.8956
vn 0.4291 0.0000 0.9032
vn 0.4255 -0.1302 0.8956
vn 0.4146 -0.2581 0.8726
vn 0.3031 0.7078 0.6380
vn 0.3460 0.5917 0.7282
vn 0.3967 -0.3812 0.8350
vn 0.3755 0.4839 0.7905
vn 0.3722 -0.4978 0.7834
vn 0.3968 0.3808 0.8352
vn 0.3425 -0.6025 0.7209
vn 0.4146 0.2581 0.8726
vn 0.3145 -0.6804 0.6619
vn 0.2134 0.7078 0.6734
vn 0.2436 0.5916 0.7686
vn 0.2919 -0.2581 0.9210
vn 0.2793 -0.3812 0.8813
vn 0.2644 0.4838 0.8343
vn 0.2620 -0.4979 0.8267
vn 0.2794 0.3810 0.8814
vn 0.2412 -0.6025 0.7608
vn 0.2919 0.2578 0.9210
vn 0.2214 -0.6804 0.6986
vn 0.2996 0.1302 0.9452
vn 0.3021 -0.0000 0.9533
vn 0.2996 -0.1302 0.9452
vn 0.1568 0.3808 0.9113
vn 0.1638 0.2581 0.9521
vn 0.1353 -0.6025 0.7866
vn 0.1242 -0.6804 0.7222
vn 0.1681 0.1297 0.9772
vn 0.1695 0.0000 0.9855
vn 0.1681 -0.1298 0.9772
vn 0.1638 -0.2576 0.9523
vn 0.1197 0.7078 0.6962
vn 0.1367 0.5915 0.7946
vn 0.1567 -0.3811 0.9111
vn 0.1484 0.4838 0.8625
vn 0.1470 -0.4979 0.8547
vn 0.0337 -0.0000 0.9994
vn 0.0335 -0.1297 0.9910
vn 0.0326 -0.2581 0.9656
vn 0.0238 0.7078 0.7060
vn 0.0272 0.5915 0.8058
vn 0.0312 -0.3810 0.9240
vn 0.0295 0.4839 0.8746
vn 0.0293 -0.4978 0.8668
vn 0.0312 0.3810 0.9240
vn 0.0269 -0.6025 0.7977
vn 0.0326 0.2581 0.9656
vn 0.0247 -0.6804 0.7324
vn 0.0335 0.1298 0.9910
vn -0.0827 0.5917 0.8019
vn -0.0898 0.4838 0.8705
vn -0.0949 -0.3809 0.9197
vn -0.0890 -0.4979 0.8626
vn -0.0949 0.3810 0.9197
vn -0.0819 -0.6025 0.7939
vn -0.0992 0.2581 0.9610
vn -0.0752 -0.6804 0.7290
vn -0.1018 0.1302 0.9863
vn 0.0338 0.0000 0.9994
vn -0.1026 -0.0000 0.9947
vn -0.1018 -0.1302 0.9863
vn -0.0992 -0.2581 0.9610
vn 0.0238 0.7079 0.7060
vn -0.0725 0.7078 0.7027
vn -0.2291 0.2581 0.9386
vn -0.2351 0.1302 0.9632
vn -0.2371 -0.0000 0.9715
vn -0.2351 -0.1302 0.9632
vn -0.2291 -0.2576 0.9387
vn -0.1675 0.7078 0.6862
vn -0.1912 0.5916 0.7832
vn -0.2193 -0.3810 0.8982
vn -0.2075 0.4841 0.8501
vn -0.2057 -0.4978 0.8426
vn -0.2193 0.3809 0.8982
vn -0.1893 -0.6025 0.7754
vn -0.1738 -0.6804 0.7119
vn -0.3641 -0.1296 0.9223
vn -0.3548 -0.2575 0.8988
vn -0.2594 0.7078 0.6570
vn -0.2961 0.5916 0.7499
vn -0.3395 -0.3810 0.8600
vn -0.3214 0.4839 0.8140
vn -0.3185 -0.4978 0.8067
vn -0.3395 0.3809 0.8600
vn -0.2931 -0.6025 0.7424
vn -0.3548 0.2575 0.8988
vn -0.2691 -0.6804 0.6816
vn -0.3641 0.1302 0.9222
vn -0.3672 0.0000 0.9301
vn -0.4534 -0.3810 0.8057
vn -0.4254 -0.4978 0.7558
vn -0.4292 0.4838 0.7627
vn -0.4534 0.3810 0.8057
vn -0.3914 -0.6025 0.6955
vn -0.4738 0.2581 0.8419
vn -0.3594 -0.6804 0.6386
vn -0.4863 0.1302 0.8641
vn -0.4904 -0.0000 0.8715
vn -0.4863 -0.1296 0.8641
vn -0.4738 -0.2581 0.8419
vn -0.3465 0.7078 0.6156
vn -0.3954 0.5915 0.7027
vn -0.5841 0.2576 0.7697
vn -0.5994 0.1297 0.7898
vn -0.6045 -0.0000 0.7966
vn -0.5994 -0.1302 0.7898
vn -0.5841 -0.2581 0.7696
vn -0.4270 0.7078 0.5627
vn -0.4874 0.5916 0.6422
vn -0.5588 -0.3817 0.7363
vn -0.5290 0.4840 0.6971
vn -0.5243 -0.4979 0.6908
vn -0.5589 0.3810 0.7365
vn -0.4825 -0.6025 0.6358
vn -0.4430 -0.6804 0.5837
vn -0.7014 -0.1302 0.7008
vn -0.6834 -0.2581 0.6829
vn -0.4997 0.7078 0.4993
vn -0.5703 0.5915 0.5699
vn -0.6540 -0.3810 0.6535
vn -0.6190 0.4841 0.6185
vn -0.6135 -0.4977 0.6131
vn -0.6540 0.3812 0.6535
vn -0.5646 -0.6025 0.5642
vn -0.6834 0.2581 0.6829
vn -0.5184 -0.6804 0.5180
vn -0.7014 0.1297 0.7009
vn -0.7074 -0.0000 0.7068
vn -0.6913 -0.4976 0.5238
vn -0.6361 -0.6025 0.4820
vn -0.7369 0.3810 0.5584
vn -0.7702 0.2574 0.5836
vn -0.5841 -0.6804 0.4426
vn -0.7903 0.1302 0.5988
vn -0.7970 0.0000 0.6039
vn -0.7903 -0.1302 0.5988
vn -0.7700 -0.2581 0.5835
vn -0.5630 0.7078 0.4266
vn -0.6426 0.5916 0.4869
vn -0.7369 -0.3810 0.5584
vn -0.6975 0.4838 0.5285
vn -0.8644 0.1302 0.4856
vn -0.8718 0.0000 0.4898
vn -0.8645 -0.1296 0.4856
vn -0.8424 -0.2578 0.4732
vn -0.6159 0.7078 0.3460
vn -0.7029 0.5916 0.3949
vn -0.8058 -0.3817 0.4527
vn -0.7629 0.4840 0.4286
vn -0.7561 -0.4979 0.4247
vn -0.8061 0.3810 0.4528
vn -0.6958 -0.6025 0.3909
vn -0.8423 0.2581 0.4732
vn -0.6389 -0.6804 0.3589
vn -0.8989 -0.2581 0.3541
vn -0.8602 -0.3810 0.3388
vn -0.7500 0.5917 0.2954
vn -0.8142 0.4839 0.3207
vn -0.8069 -0.4979 0.3178
vn -0.8602 0.3812 0.3388
vn -0.7426 -0.6025 0.2925
vn -0.8989 0.2581 0.3541
vn -0.6819 -0.6804 0.2686
vn -0.9225 0.1302 0.3634
vn -0.9304 0.0000 0.3665
vn -0.9225 -0.1298 0.3634
vn -0.6572 0.7078 0.2589
vn -0.7755 -0.6025 0.1887
vn -0.7121 -0.6804 0.1732
vn -0.9387 0.2581 0.2284
vn -0.9634 0.1302 0.2344
vn -0.9717 0.0000 0.2364
vn -0.9634 -0.1302 0.2344
vn -0.9388 -0.2578 0.2284
vn -0.6864 0.7078 0.1670
vn -0.7834 0.5916 0.1906
vn -0.8982 -0.3814 0.2185
vn -0.8503 0.4839 0.2069
vn -0.8427 -0.4979 0.2050
vn -0.8984 0.3810 0.2186
vn -0.9948 0.0000 0.1019
vn -0.9863 -0.1302 0.1010
vn -0.9612 -0.2575 0.0984
vn -0.7027 0.7078 0.0720
vn -0.8020 0.5916 0.0821
vn -0.9198 -0.3808 0.0942
vn -0.8706 0.4838 0.0892
vn -0.8628 -0.4978 0.0884
vn -0.9197 0.3811 0.0942
vn -0.7940 -0.6025 0.0813
vn -0.9611 0.2581 0.0984
vn -0.7290 -0.6804 0.0746
vn -0.9864 0.1298 0.1010
vn -0.9239 -0.3812 -0.0319
vn -0.8668 -0.4977 -0.0299
vn -0.8746 0.4839 -0.0302
vn -0.9241 0.3809 -0.0319
vn -0.7976 -0.6025 -0.0276
vn -0.9655 0.2581 -0.0334
vn -0.7324 -0.6804 -0.0253
vn -0.9909 0.1302 -0.0342
vn -0.9994 0.0000 -0.0345
vn -0.9910 -0.1297 -0.0342
vn -0.9657 -0.2576 -0.0334
vn -0.7060 0.7078 -0.0244
vn -0.8057 0.5916 -0.0278
vn -0.9771 0.1297 -0.1689
vn -0.9854 0.0000 -0.1703
vn -0.9770 -0.1302 -0.1688
vn -0.9522 -0.2573 -0.1646
vn -0.6961 0.7078 -0.1203
vn -0.7944 0.5916 -0.1373
vn -0.9111 -0.3808 -0.1575
vn -0.8623 0.4841 -0.1490
vn -0.8546 -0.4978 -0.1477
vn -0.9110 0.3811 -0.1574
vn -0.7865 -0.6025 -0.1359
vn -0.9520 0.2581 -0.1645
vn -0.7221 -0.6804 -0.1248
vn -0.9450 -0.1297 -0.3003
vn -0.9208 -0.2578 -0.2926
vn -0.6732 0.7078 -0.2139
vn -0.7685 0.5914 -0.2442
vn -0.8812 -0.3810 -0.2800
vn -0.8340 0.4838 -0.2651
vn -0.8266 -0.4977 -0.2627
vn -0.8811 0.3812 -0.2800
vn -0.7606 -0.6025 -0.2417
vn -0.9207 0.2581 -0.2926
vn -0.6984 -0.6804 -0.2220
vn -0.9449 0.1302 -0.3003
vn -0.9530 -0.0000 -0.3029
vn 0.2703 0.9627 0.0093
vn 0.2666 0.9627 0.0461
vn 0.1913 0.9627 -0.1912
vn 0.2156 0.9627 -0.1634
vn -0.1913 0.9627 0.1912
vn -0.2155 0.9628 0.1633
vn 0.0091 0.9627 0.2703
vn -0.0278 0.9627 0.2690
vn -0.2666 0.9627 -0.0461
vn -0.2578 0.9627 -0.0819
vn -0.2442 0.9627 -0.1163
vn -0.0641 0.9628 0.2627
vn -0.0993 0.9627 0.2515
vn 0.1483 0.9627 0.2262
vn 0.1161 0.9627 0.2443
vn 0.1635 0.9627 -0.2154
vn -0.0459 0.9627 -0.2666
vn -0.0091 0.9627 -0.2703
vn 0.0278 0.9627 -0.2691
vn 0.0641 0.9627 -0.2628
vn 0.1777 0.9627 0.2039
vn -0.2038 0.9627 -0.1778
vn -0.1777 0.9627 -0.2039
vn 0.0817 0.9627 0.2578
vn 0.2578 0.9627 0.0819
vn 0.2441 0.9628 0.1162
vn 0.2516 0.9627 -0.0991
vn 0.2628 0.9627 -0.0639
vn -0.1483 0.9627 -0.2262
vn -0.2628 0.9627 0.0639
vn -0.2691 0.9627 0.0276
vn -0.2358 0.9627 0.1325
vn -0.2517 0.9627 0.0992
vn 0.0459 0.9627 0.2666
vn -0.1161 0.9627 -0.2443
vn 0.2359 0.9627 -0.1325
vn -0.1327 0.9627 0.2357
vn -0.1635 0.9627 0.2155
vn 0.2038 0.9627 0.1779
vn 0.0993 0.9627 -0.2516
vn 0.1326 0.9627 -0.2357
vn -0.0817 0.9628 -0.2578
vn 0.2261 0.9627 0.1484
vn -0.2261 0.9627 -0.1484
vn -0.2703 0.9627 -0.0093
vn 0.2690 0.9627 -0.0276
vn 0.0000 1.0000 -0.0000
vn 0.8348 0.3811 0.3974
vn 0.7729 0.3809 0.5074
vn 0.8078 0.2573 0.5303
vn 0.7902 -0.4838 0.3762
vn 0.7316 -0.4839 0.4803
vn 0.6577 -0.6172 0.4318
vn 0.7104 -0.6172 0.3382
vn 0.7831 0.4978 0.3728
vn 0.7250 0.4979 0.4759
vn 0.8347 -0.3813 0.3974
vn 0.7728 -0.3812 0.5073
vn 0.7202 0.6031 0.3429
vn 0.6668 0.6031 0.4377
vn 0.8077 -0.2576 0.5302
vn 0.6942 0.6394 0.3305
vn 0.6427 0.6394 0.4219
vn 0.8952 -0.1302 0.4262
vn 0.8952 0.1302 0.4262
vn 0.8289 0.1302 0.5441
vn 0.4224 -0.8629 0.2773
vn 0.4562 -0.8629 0.2172
vn 0.7471 0.1296 0.6520
vn 0.7280 0.2578 0.6353
vn 0.5926 -0.6176 0.5171
vn 0.3807 -0.8629 0.3322
vn 0.6966 0.3812 0.6079
vn 0.6594 -0.4838 0.5754
vn 0.6534 0.4980 0.5702
vn 0.6966 -0.3812 0.6079
vn 0.6010 0.6030 0.5245
vn 0.5793 0.6394 0.5055
vn 0.5697 0.4978 0.6539
vn 0.6073 0.3812 0.6970
vn 0.6072 -0.3814 0.6970
vn 0.5749 -0.4838 0.6599
vn 0.5240 0.6031 0.6014
vn 0.6347 -0.2578 0.7285
vn 0.5051 0.6394 0.5797
vn 0.6514 0.1298 0.7476
vn 0.6347 0.2576 0.7285
vn 0.5166 -0.6176 0.5930
vn 0.3319 -0.8629 0.3810
vn 0.5296 -0.2581 0.8080
vn 0.5435 0.1302 0.8293
vn 0.5296 0.2575 0.8082
vn 0.4313 -0.6172 0.6581
vn 0.2770 -0.8629 0.4226
vn 0.5068 0.3808 0.7734
vn 0.4797 -0.4838 0.7320
vn 0.4754 0.4979 0.7254
vn 0.4372 0.6031 0.6672
vn 0.4214 0.6394 0.6431
vn 0.4146 0.2578 0.8727
vn 0.3376 -0.6172 0.7107
vn 0.2168 -0.8629 0.4564
vn 0.3966 0.3817 0.8348
vn 0.3756 -0.4839 0.7905
vn 0.3722 0.4978 0.7834
vn 0.3966 -0.3818 0.8348
vn 0.3423 0.6031 0.7205
vn 0.4146 -0.2578 0.8727
vn 0.3299 0.6394 0.6945
vn 0.2410 0.6031 0.7604
vn 0.2620 0.4978 0.8268
vn 0.2323 0.6394 0.7329
vn 0.2996 -0.1297 0.9452
vn 0.2919 0.2576 0.9211
vn 0.2376 -0.6176 0.7497
vn 0.1527 -0.8629 0.4817
vn 0.2793 0.3817 0.8811
vn 0.2644 -0.4838 0.8343
vn 0.1681 -0.1302 0.9771
vn 0.1681 0.1302 0.9771
vn 0.1638 0.2576 0.9523
vn 0.1334 -0.6172 0.7754
vn 0.0857 -0.8629 0.4980
vn 0.1567 0.3812 0.9111
vn 0.1484 -0.4837 0.8626
vn 0.1470 0.4980 0.8546
vn 0.1567 -0.3812 0.9111
vn 0.1352 0.6031 0.7861
vn 0.1638 -0.2578 0.9522
vn 0.1303 0.6394 0.7577
vn 0.0312 0.3809 0.9241
vn 0.0295 -0.4839 0.8746
vn 0.0266 -0.6172 0.7863
vn 0.0293 0.4979 0.8667
vn 0.0312 -0.3812 0.9240
vn 0.0269 0.6031 0.7972
vn 0.0260 0.6394 0.7684
vn 0.0335 -0.1302 0.9909
vn 0.0335 0.1297 0.9910
vn 0.0170 -0.8629 0.5051
vn -0.0789 0.6394 0.7648
vn -0.0819 0.6031 0.7935
vn -0.0807 -0.6176 0.7823
vn -0.0519 -0.8629 0.5026
vn -0.0949 0.3812 0.9196
vn -0.0898 -0.4838 0.8706
vn -0.0890 0.4979 0.8627
vn -0.0949 -0.3812 0.9196
vn -0.2351 0.1297 0.9633
vn -0.2291 0.2575 0.9387
vn -0.1865 -0.6177 0.7640
vn -0.1199 -0.8629 0.4909
vn -0.2192 0.3811 0.8982
vn -0.2075 -0.4837 0.8503
vn -0.2056 0.4980 0.8425
vn -0.2192 -0.3818 0.8979
vn -0.1892 0.6030 0.7749
vn -0.2291 -0.2581 0.9386
vn -0.1823 0.6394 0.7469
vn -0.2351 -0.1297 0.9633
vn -0.3185 0.4979 0.8067
vn -0.3394 0.3817 0.8597
vn -0.3395 -0.3812 0.8599
vn -0.3214 -0.4839 0.8140
vn -0.2929 0.6031 0.7420
vn -0.3548 -0.2576 0.8987
vn -0.2823 0.6394 0.7151
vn -0.3641 -0.1302 0.9222
vn -0.3641 0.1298 0.9223
vn -0.3548 0.2578 0.8987
vn -0.2889 -0.6172 0.7318
vn -0.1856 -0.8629 0.4700
vn -0.4863 -0.1302 0.8641
vn -0.3857 -0.6178 0.6853
vn -0.2478 -0.8629 0.4404
vn -0.4534 0.3814 0.8056
vn -0.4292 -0.4838 0.7627
vn -0.4253 0.4979 0.7558
vn -0.4534 -0.3814 0.8056
vn -0.3912 0.6031 0.6952
vn -0.3771 0.6394 0.6700
vn -0.5842 0.2574 0.7697
vn -0.5994 0.1296 0.7899
vn -0.4755 -0.6176 0.6265
vn -0.3055 -0.8629 0.4025
vn -0.5588 0.3817 0.7363
vn -0.5291 -0.4838 0.6972
vn -0.5242 0.4981 0.6907
vn -0.5589 -0.3813 0.7364
vn -0.4822 0.6031 0.6354
vn -0.5841 -0.2576 0.7697
vn -0.4648 0.6394 0.6124
vn -0.5994 -0.1298 0.7898
vn -0.5642 0.6031 0.5638
vn -0.6134 0.4980 0.6129
vn -0.6539 -0.3813 0.6534
vn -0.5439 0.6394 0.5435
vn -0.7014 0.1302 0.7008
vn -0.5566 -0.6172 0.5561
vn -0.3575 -0.8629 0.3572
vn -0.6540 0.3811 0.6535
vn -0.6191 -0.4838 0.6186
vn -0.7700 0.2581 0.5835
vn -0.6271 -0.6172 0.4752
vn -0.4028 -0.8629 0.3052
vn -0.6975 -0.4838 0.5285
vn -0.6913 0.4977 0.5238
vn -0.7369 -0.3812 0.5583
vn -0.6358 0.6031 0.4817
vn -0.7701 -0.2576 0.5835
vn -0.6128 0.6394 0.4643
vn -0.8060 0.3814 0.4528
vn -0.7630 -0.4839 0.4286
vn -0.6857 -0.6176 0.3852
vn -0.7561 0.4979 0.4248
vn -0.8060 -0.3812 0.4528
vn -0.6955 0.6031 0.3907
vn -0.8424 -0.2576 0.4732
vn -0.6703 0.6394 0.3766
vn -0.8644 -0.1302 0.4856
vn -0.4406 -0.8629 0.2475
vn -0.7154 0.6394 0.2818
vn -0.7422 0.6031 0.2923
vn -0.9225 -0.1302 0.3634
vn -0.8990 -0.2576 0.3541
vn -0.7318 -0.6176 0.2882
vn -0.4702 -0.8629 0.1852
vn -0.8602 0.3811 0.3388
vn -0.8143 -0.4838 0.3208
vn -0.8068 0.4980 0.3178
vn -0.8602 -0.3810 0.3389
vn -0.7642 -0.6176 0.1859
vn -0.4910 -0.8629 0.1194
vn -0.8983 0.3811 0.2186
vn -0.8504 -0.4837 0.2069
vn -0.8427 0.4979 0.2050
vn -0.8983 -0.3812 0.2185
vn -0.7751 0.6031 0.1886
vn -0.9387 -0.2581 0.2284
vn -0.7471 0.6394 0.1817
vn -0.9635 -0.1296 0.2344
vn -0.8626 0.4981 0.0883
vn -0.9198 0.3808 0.0942
vn -0.9194 -0.3818 0.0942
vn -0.8706 -0.4838 0.0892
vn -0.7936 0.6031 0.0813
vn -0.9611 -0.2581 0.0984
vn -0.7648 0.6394 0.0783
vn -0.9864 -0.1296 0.1010
vn -0.9864 0.1296 0.1010
vn -0.7827 -0.6172 0.0802
vn -0.5027 -0.8629 0.0515
vn -0.9909 -0.1298 -0.0342
vn -0.9657 0.2576 -0.0334
vn -0.7863 -0.6172 -0.0272
vn -0.5050 -0.8629 -0.0175
vn -0.9240 0.3811 -0.0319
vn -0.8747 -0.4838 -0.0302
vn -0.8668 0.4977 -0.0299
vn -0.9240 -0.3812 -0.0319
vn -0.7972 0.6031 -0.0275
vn -0.9655 -0.2581 -0.0334
vn -0.7684 0.6394 -0.0265
vn -0.7749 -0.6177 -0.1339
vn -0.4979 -0.8629 -0.0861
vn -0.9110 0.3812 -0.1574
vn -0.9521 0.2578 -0.1645
vn -0.8624 -0.4837 -0.1490
vn -0.8546 0.4978 -0.1477
vn -0.9109 -0.3814 -0.1574
vn -0.7860 0.6031 -0.1358
vn -0.9520 -0.2581 -0.1645
vn -0.7576 0.6394 -0.1309
vn -0.9770 0.1302 -0.1688
vn -0.7602 0.6031 -0.2416
vn -0.8265 0.4979 -0.2627
vn -0.9209 -0.2575 -0.2927
vn -0.8811 -0.3812 -0.2800
vn -0.7327 0.6394 -0.2329
vn -0.9450 -0.1295 -0.3003
vn -0.7494 -0.6178 -0.2382
vn -0.4816 -0.8629 -0.1531
vn -0.8812 0.3808 -0.2801
vn -0.8340 -0.4838 -0.2651
vn -0.8952 0.1302 -0.4262
vn -0.8724 0.2576 -0.4153
vn -0.7104 -0.6172 -0.3382
vn -0.4563 -0.8629 -0.2172
vn -0.7902 -0.4838 -0.3762
vn -0.7831 0.4979 -0.3728
vn -0.8345 -0.3818 -0.3973
vn -0.7202 0.6031 -0.3429
vn -0.8723 -0.2581 -0.4153
vn -0.6942 0.6394 -0.3305
vn -0.8952 -0.1302 -0.4262
vn -0.7316 -0.4838 -0.4803
vn -0.6577 -0.6172 -0.4318
vn -0.7250 0.4979 -0.4759
vn -0.7728 -0.3813 -0.5073
vn -0.6668 0.6031 -0.4377
vn -0.8077 -0.2576 -0.5302
vn -0.6427 0.6394 -0.4219
vn -0.8076 0.2581 -0.5302
vn -0.4224 -0.8629 -0.2773
vn -0.5793 0.6394 -0.5055
vn -0.6010 0.6031 -0.5245
vn -0.7471 -0.1298 -0.6519
vn -0.7280 -0.2578 -0.6353
vn -0.7471 0.1298 -0.6519
vn -0.7279 0.2581 -0.6352
vn -0.5926 -0.6176 -0.5171
vn -0.3807 -0.8629 -0.3322
vn -0.6966 0.3811 -0.6079
vn -0.6594 -0.4838 -0.5754
vn -0.6535 0.4978 -0.5703
vn -0.6965 -0.3814 -0.6078
vn -0.6514 0.1296 -0.7476
vn -0.5167 -0.6175 -0.5930
vn -0.3319 -0.8629 -0.3810
vn -0.6074 0.3809 -0.6971
vn -0.5749 -0.4838 -0.6598
vn -0.5697 0.4979 -0.6539
vn -0.6073 -0.3812 -0.6971
vn -0.5240 0.6031 -0.6014
vn -0.6347 -0.2576 -0.7285
vn -0.5051 0.6394 -0.5797
vn -0.6513 -0.1302 -0.7476
vn -0.5066 -0.3818 -0.7730
vn -0.4797 -0.4838 -0.7320
vn -0.4372 0.6031 -0.6672
vn -0.4754 0.4978 -0.7254
vn -0.5296 -0.2581 -0.8080
vn -0.4214 0.6394 -0.6431
vn -0.5435 0.1302 -0.8293
vn -0.5296 0.2578 -0.8081
vn -0.4311 -0.6175 -0.6579
vn -0.2770 -0.8629 -0.4226
vn -0.5067 0.3814 -0.7732
vn -0.4255 0.1297 -0.8956
vn -0.4146 0.2576 -0.8727
vn -0.3375 -0.6177 -0.7103
vn -0.2168 -0.8629 -0.4564
vn -0.3968 0.3811 -0.8351
vn -0.3756 -0.4838 -0.7905
vn -0.3722 0.4979 -0.7833
vn -0.3968 -0.3810 -0.8351
vn -0.3423 0.6031 -0.7205
vn -0.4147 -0.2575 -0.8728
vn -0.3299 0.6394 -0.6945
vn -0.2376 -0.6178 -0.7496
vn -0.1527 -0.8629 -0.4817
vn -0.2919 0.2581 -0.9210
vn -0.2644 -0.4838 -0.8343
vn -0.2620 0.4981 -0.8266
vn -0.2793 -0.3818 -0.8811
vn -0.2410 0.6031 -0.7604
vn -0.2919 -0.2578 -0.9210
vn -0.2323 0.6394 -0.7329
vn -0.2996 -0.1302 -0.9452
vn -0.1567 -0.3812 -0.9111
vn -0.1303 0.6394 -0.7577
vn -0.1352 0.6031 -0.7861
vn -0.1681 0.1297 -0.9772
vn -0.1334 -0.6172 -0.7754
vn -0.0856 -0.8629 -0.4980
vn -0.1567 0.3817 -0.9109
vn -0.1484 -0.4838 -0.8625
vn -0.1470 0.4978 -0.8547
vn -0.0335 0.1298 -0.9910
vn -0.0337 0.0000 -0.9994
vn -0.0326 0.2578 -0.9657
vn -0.0265 -0.6172 -0.7863
vn -0.0171 -0.8629 -0.5050
vn -0.0312 0.3811 -0.9240
vn -0.0295 -0.4838 -0.8747
vn -0.0293 0.4979 -0.8667
vn -0.0312 -0.3818 -0.9237
vn -0.0269 0.6031 -0.7972
vn -0.0326 -0.2576 -0.9657
vn -0.0259 0.6394 -0.7684
vn -0.0335 -0.1302 -0.9909
vn 0.0898 -0.4838 -0.8706
vn 0.0807 -0.6176 -0.7823
vn -0.0266 -0.6172 -0.7863
vn 0.0890 0.4980 -0.8626
vn 0.0949 0.3807 -0.9198
vn 0.0949 -0.3818 -0.9194
vn 0.0819 0.6031 -0.7935
vn 0.0992 -0.2581 -0.9610
vn -0.0260 0.6394 -0.7684
vn 0.0789 0.6394 -0.7648
vn -0.0334 -0.1302 -0.9909
vn 0.1018 -0.1298 -0.9863
vn 0.1018 0.1302 -0.9863
vn 0.0992 0.2578 -0.9611
vn 0.0519 -0.8629 -0.5026
vn -0.0170 -0.8629 -0.5050
vn 0.2351 -0.1302 -0.9632
vn 0.2291 -0.2576 -0.9387
vn 0.2291 0.2576 -0.9387
vn 0.1866 -0.6172 -0.7643
vn 0.1198 -0.8629 -0.4909
vn 0.2193 0.3810 -0.8982
vn 0.2075 -0.4838 -0.8502
vn 0.2057 0.4979 -0.8425
vn 0.2192 -0.3814 -0.8980
vn 0.1892 0.6030 -0.7749
vn 0.1823 0.6394 -0.7469
vn 0.3548 0.2576 -0.8988
vn 0.3641 0.1296 -0.9223
vn 0.2888 -0.6176 -0.7315
vn 0.1856 -0.8629 -0.4700
vn 0.3395 0.3809 -0.8600
vn 0.3214 -0.4838 -0.8140
vn 0.3184 0.4981 -0.8065
vn 0.3395 -0.3813 -0.8599
vn 0.2929 0.6031 -0.7419
vn 0.3548 -0.2576 -0.8988
vn 0.2823 0.6394 -0.7151
vn 0.3641 -0.1298 -0.9223
vn 0.4253 0.4980 -0.7557
vn 0.4535 0.3810 -0.8057
vn 0.4292 -0.4838 -0.7627
vn 0.3912 0.6030 -0.6952
vn 0.4739 -0.2576 -0.8421
vn 0.3771 0.6394 -0.6700
vn 0.3859 -0.6172 -0.6857
vn 0.2479 -0.8629 -0.4404
vn 0.5994 -0.1296 -0.7899
vn 0.5841 -0.2578 -0.7697
vn 0.5841 0.2581 -0.7696
vn 0.4755 -0.6176 -0.6265
vn 0.3055 -0.8629 -0.4025
vn 0.5291 -0.4838 -0.6972
vn 0.5243 0.4979 -0.6908
vn 0.5588 -0.3814 -0.7363
vn 0.4822 0.6031 -0.6354
vn 0.4648 0.6394 -0.6124
vn 0.6834 0.2581 -0.6829
vn 0.7014 0.1302 -0.7008
vn 0.5566 -0.6172 -0.5561
vn 0.3575 -0.8629 -0.3572
vn 0.6541 0.3809 -0.6536
vn 0.6191 -0.4836 -0.6187
vn 0.6134 0.4980 -0.6129
vn 0.6539 -0.3813 -0.6534
vn 0.5643 0.6031 -0.5638
vn 0.5439 0.6394 -0.5434
vn 0.7014 -0.1297 -0.7009
vn 0.6358 0.6030 -0.4818
vn 0.6913 0.4978 -0.5238
vn 0.7701 -0.2576 -0.5835
vn 0.7367 -0.3818 -0.5582
vn 0.6128 0.6394 -0.4643
vn 0.7903 0.1302 -0.5988
vn 0.7700 0.2581 -0.5835
vn 0.6269 -0.6176 -0.4750
vn 0.4028 -0.8629 -0.3052
vn 0.6976 -0.4838 -0.5286
vn 0.8719 0.0000 -0.4898
vn 0.8644 -0.1302 -0.4856
vn 0.8645 0.1296 -0.4856
vn 0.6860 -0.6172 -0.3853
vn 0.4406 -0.8629 -0.2475
vn 0.7630 -0.4838 -0.4286
vn 0.7561 0.4979 -0.4248
vn 0.8060 -0.3812 -0.4528
vn 0.6955 0.6031 -0.3907
vn 0.8423 -0.2581 -0.4732
vn 0.6703 0.6394 -0.3766
vn 0.8602 0.3812 -0.3388
vn 0.8990 0.2576 -0.3541
vn 0.8143 -0.4838 -0.3208
vn 0.7320 -0.6172 -0.2884
vn 0.8069 0.4979 -0.3178
vn 0.8601 -0.3814 -0.3388
vn 0.7422 0.6031 -0.2924
vn 0.8989 -0.2581 -0.3541
vn 0.7154 0.6394 -0.2818
vn 0.9225 -0.1298 -0.3634
vn 0.4702 -0.8629 -0.1852
vn 0.7471 0.6394 -0.1817
vn 0.7751 0.6031 -0.1886
vn 0.9389 -0.2576 -0.2284
vn 0.7641 -0.6177 -0.1859
vn 0.4910 -0.8629 -0.1194
vn 0.8504 -0.4838 -0.2069
vn 0.8426 0.4980 -0.2050
vn 0.8983 -0.3812 -0.2185
vn 0.9863 0.1302 -0.1010
vn 0.9612 0.2576 -0.0984
vn 0.7825 -0.6175 -0.0801
vn 0.5027 -0.8629 -0.0515
vn 0.9198 0.3809 -0.0942
vn 0.8707 -0.4837 -0.0892
vn 0.8628 0.4978 -0.0884
vn 0.9196 -0.3813 -0.0942
vn 0.7935 0.6031 -0.0813
vn 0.7648 0.6394 -0.0783
vn 0.9863 -0.1302 -0.1010
vn 0.8667 0.4979 0.0299
vn 0.9240 0.3812 0.0319
vn 0.9238 -0.3814 0.0319
vn 0.8746 -0.4839 0.0302
vn 0.7972 0.6031 0.0275
vn 0.7684 0.6394 0.0265
vn 0.9909 -0.1298 0.0342
vn 0.9657 0.2575 0.0334
vn 0.7863 -0.6172 0.0272
vn 0.5050 -0.8629 0.0175
vn 0.9770 -0.1302 0.1688
vn 0.9520 0.2581 0.1645
vn 0.7753 -0.6172 0.1340
vn 0.4979 -0.8629 0.0861
vn 0.9109 0.3814 0.1574
vn 0.8624 -0.4838 0.1490
vn 0.8546 0.4979 0.1477
vn 0.7861 0.6030 0.1358
vn 0.9521 -0.2576 0.1645
vn 0.7576 0.6394 0.1309
vn 0.9209 0.2575 0.2927
vn 0.9449 0.1302 0.3003
vn 0.7495 -0.6176 0.2382
vn 0.4816 -0.8629 0.1531
vn 0.8812 0.3809 0.2801
vn 0.8341 -0.4838 0.2651
vn 0.8265 0.4979 0.2627
vn 0.8812 -0.3810 0.2800
vn 0.7602 0.6031 0.2416
vn 0.9209 -0.2576 0.2927
vn 0.7327 0.6394 0.2329
vn 0.9449 -0.1302 0.3003
vn -0.0502 -0.9986 -0.0160
vn -0.0519 -0.9986 -0.0090
vn -0.0459 -0.9986 0.0258
vn -0.0420 -0.9986 0.0318
vn 0.0459 -0.9986 -0.0258
vn 0.0420 -0.9986 -0.0318
vn 0.1199 -0.8629 -0.4909
vn 0.0125 -0.9986 -0.0512
vn 0.0054 -0.9986 -0.0524
vn 0.0519 -0.8629 -0.5027
vn 0.4563 -0.8629 0.2172
vn 0.0476 -0.9986 0.0227
vn 0.0502 -0.9986 0.0160
vn 0.0440 -0.9986 0.0289
vn 0.0258 -0.9986 -0.0459
vn 0.0194 -0.9986 -0.0490
vn -0.0159 -0.9986 -0.0502
vn -0.0226 -0.9986 -0.0476
vn -0.0372 -0.9986 0.0372
vn -0.0519 -0.8629 0.5027
vn -0.0054 -0.9986 0.0524
vn 0.0018 -0.9986 0.0526
vn 0.0170 -0.8629 0.5050
vn -0.0125 -0.9986 0.0512
vn -0.0194 -0.9986 0.0490
vn -0.0289 -0.9986 -0.0440
vn -0.2770 -0.8629 -0.4227
vn 0.2770 -0.8629 0.4227
vn 0.0289 -0.9986 0.0440
vn 0.0346 -0.9986 0.0397
vn -0.0089 -0.9986 -0.0519
vn -0.0441 -0.9986 -0.0289
vn -0.0475 -0.9986 -0.0226
vn -0.0524 -0.9986 0.0054
vn -0.0512 -0.9986 0.0124
vn 0.0226 -0.9986 0.0476
vn 0.0526 -0.9986 0.0018
vn 0.0524 -0.9986 -0.0054
vn 0.0512 -0.9986 -0.0125
vn 0.0490 -0.9986 -0.0193
vn -0.0018 -0.9986 -0.0526
vn 0.0159 -0.9986 0.0502
vn -0.0490 -0.9986 0.0193
vn 0.0319 -0.9986 -0.0420
vn 0.0373 -0.9986 -0.0373
vn -0.0346 -0.9986 -0.0397
vn -0.0318 -0.9986 0.0419
vn -0.0258 -0.9986 0.0459
vn 0.0089 -0.9986 0.0519
vn 0.0856 -0.8629 0.4980
vn -0.3807 -0.8629 -0.3323
vn -0.0397 -0.9986 -0.0346
vn 0.0397 -0.9986 0.0346
vn 0.3807 -0.8629 0.3323
vn 0.0519 -0.9986 0.0090
vn -0.0526 -0.9986 -0.0018
vn 0.0000 -1.0000 -0.0000
vn 0.8218 -0.1836 0.5394
vn 0.7407 -0.1836 0.6463
vn 0.6427 0.6394 0.4220
vn 0.9368 -0.1836 0.2977
vn 0.8876 -0.1836 0.4225
vn 0.9686 -0.1836 0.1674
vn 0.7576 0.6394 0.1310
vn 0.9824 -0.1835 0.0339
vn 0.7684 0.6394 0.0266
vn 0.9779 -0.1836 -0.1001
vn 0.7649 0.6394 -0.0783
vn 0.9552 -0.1835 -0.2324
vn 0.7471 0.6394 -0.1818
vn 0.9146 -0.1836 -0.3603
vn 0.8570 -0.1836 -0.4815
vn 0.6703 0.6394 -0.3765
vn 0.7835 -0.1836 -0.5937
vn 0.6954 -0.1835 -0.6948
vn 0.5943 -0.1836 -0.7830
vn 0.4648 0.6394 -0.6125
vn 0.4821 -0.1836 -0.8567
vn 0.3610 -0.1836 -0.9143
vn 0.2823 0.6394 -0.7152
vn 0.2331 -0.1835 -0.9550
vn 0.1824 0.6394 -0.7469
vn 0.1009 -0.1836 -0.9778
vn -0.0332 -0.1836 -0.9824
vn -0.1666 -0.1836 -0.9688
vn -0.0332 -0.1835 -0.9825
vn -0.2970 -0.1836 -0.9371
vn -0.4218 -0.1836 -0.8879
vn -0.5388 -0.1836 -0.8222
vn -0.4215 0.6394 -0.6431
vn -0.6458 -0.1835 -0.7412
vn -0.7407 -0.1836 -0.6463
vn -0.8218 -0.1836 -0.5395
vn -0.6428 0.6394 -0.4219
vn -0.8876 -0.1836 -0.4225
vn -0.9368 -0.1836 -0.2977
vn -0.7328 0.6394 -0.2329
vn -0.9686 -0.1836 -0.1674
vn -0.7576 0.6394 -0.1310
vn -0.9824 -0.1835 -0.0339
vn -0.9779 -0.1836 0.1001
vn -0.7649 0.6394 0.0783
vn -0.9552 -0.1835 0.2324
vn -0.9146 -0.1836 0.3603
vn -0.8570 -0.1835 0.4815
vn -0.6703 0.6394 0.3765
vn -0.7835 -0.1836 0.5937
vn -0.6128 0.6394 0.4644
vn -0.6954 -0.1836 0.6948
vn -0.5439 0.6394 0.5434
vn -0.5943 -0.1835 0.7830
vn -0.4821 -0.1836 0.8567
vn -0.3771 0.6394 0.6701
vn -0.3610 -0.1836 0.9143
vn -0.2824 0.6394 0.7151
vn -0.2331 -0.1836 0.9550
vn -0.1824 0.6394 0.7469
vn -0.1009 -0.1836 0.9778
vn -0.0790 0.6394 0.7648
vn 0.0332 -0.1835 0.9825
vn 0.0259 0.6394 0.7684
vn 0.1667 -0.1836 0.9688
vn 0.1304 0.6394 0.7577
vn 0.2970 -0.1836 0.9371
vn 0.4218 -0.1836 0.8879
vn 0.5388 -0.1836 0.8222
vn 0.4215 0.6394 0.6431
vn 0.6457 -0.1836 0.7412
vn 0.0144 -0.9998 0.0126
vn 0.0160 -0.9998 0.0105
vn 0.0173 -0.9998 0.0082
vn 0.0182 -0.9998 0.0058
vn 0.0188 -0.9998 0.0033
vn 0.0191 -0.9998 0.0007
vn 0.0190 -0.9998 -0.0019
vn 0.0186 -0.9998 -0.0045
vn 0.0178 -0.9998 -0.0070
vn 0.0167 -0.9998 -0.0093
vn 0.0152 -0.9998 -0.0115
vn 0.0135 -0.9998 -0.0135
vn 0.0116 -0.9998 -0.0152
vn 0.0094 -0.9998 -0.0167
vn 0.0070 -0.9998 -0.0178
vn 0.0045 -0.9998 -0.0186
vn 0.0019 -0.9998 -0.0190
vn -0.0006 -0.9998 -0.0191
vn -0.0032 -0.9998 -0.0188
vn -0.0058 -0.9998 -0.0182
vn -0.0082 -0.9998 -0.0173
vn -0.0105 -0.9998 -0.0160
vn -0.0126 -0.9998 -0.0144
vn -0.0144 -0.9998 -0.0126
vn -0.0160 -0.9998 -0.0105
vn -0.0173 -0.9998 -0.0082
vn -0.0182 -0.9998 -0.0058
vn -0.0188 -0.9998 -0.0033
vn -0.0191 -0.9998 -0.0007
vn -0.0190 -0.9998 0.0019
vn -0.0186 -0.9998 0.0045
vn -0.0178 -0.9998 0.0070
vn -0.0167 -0.9998 0.0093
vn -0.0153 -0.9998 0.0115
vn -0.0135 -0.9998 0.0135
vn -0.0116 -0.9998 0.0152
vn -0.0094 -0.9998 0.0167
vn -0.0070 -0.9998 0.0178
vn -0.0045 -0.9998 0.0186
vn -0.0020 -0.9998 0.0190
vn 0.0006 -0.9998 0.0191
vn 0.0032 -0.9998 0.0189
vn 0.0058 -0.9998 0.0182
vn 0.0082 -0.9998 0.0173
vn 0.0105 -0.9998 0.0160
vn 0.0125 -0.9998 0.0144
vn 0.5850 -0.7617 0.2785
vn 0.5416 -0.7617 0.3555
vn 0.6175 -0.7617 0.1962
vn 0.6384 -0.7617 0.1103
vn 0.6475 -0.7617 0.0224
vn 0.6445 -0.7617 -0.0660
vn 0.6295 -0.7617 -0.1532
vn 0.6028 -0.7617 -0.2374
vn 0.5649 -0.7617 -0.3173
vn 0.5164 -0.7617 -0.3913
vn 0.4583 -0.7617 -0.4580
vn 0.3917 -0.7617 -0.5161
vn 0.3178 -0.7617 -0.5646
vn 0.2379 -0.7617 -0.6026
vn 0.1536 -0.7617 -0.6294
vn 0.0665 -0.7617 -0.6445
vn -0.0219 -0.7617 -0.6475
vn -0.1098 -0.7617 -0.6385
vn -0.1958 -0.7617 -0.6176
vn -0.2780 -0.7617 -0.5852
vn -0.3551 -0.7617 -0.5419
vn -0.4256 -0.7617 -0.4885
vn -0.4882 -0.7617 -0.4260
vn -0.5416 -0.7617 -0.3555
vn -0.5850 -0.7617 -0.2785
vn -0.6175 -0.7617 -0.1962
vn -0.6384 -0.7617 -0.1103
vn -0.6475 -0.7617 -0.0224
vn -0.6445 -0.7617 0.0660
vn -0.6295 -0.7617 0.1532
vn -0.6028 -0.7617 0.2375
vn -0.5649 -0.7617 0.3173
vn -0.5164 -0.7617 0.3913
vn -0.4583 -0.7617 0.4579
vn -0.3917 -0.7617 0.5161
vn -0.3178 -0.7617 0.5646
vn -0.2379 -0.7617 0.6026
vn -0.1536 -0.7617 0.6294
vn -0.0665 -0.7617 0.6445
vn 0.0219 -0.7617 0.6475
vn 0.1098 -0.7617 0.6385
vn 0.1958 -0.7617 0.6176
vn 0.2780 -0.7617 0.5852
vn 0.3551 -0.7617 0.5419
vn 0.4256 -0.7617 0.4885
vn 0.4882 -0.7617 0.4260
vn -0.5670 0.0000 -0.8237
vn -0.9004 0.0749 -0.4286
vn -0.5655 0.0748 -0.8214
vn -0.1842 0.9747 0.1268
vn -0.2230 0.9747 0.0177
vn -0.0961 0.9747 0.2020
vn 0.0177 0.9747 0.2229
vn 0.1268 0.9747 0.1842
vn 0.2020 0.9747 0.0961
vn 0.2230 0.9747 -0.0177
vn 0.1842 0.9747 -0.1268
vn 0.0961 0.9747 -0.2019
vn -0.0177 0.9747 -0.2229
vn -0.4298 0.0000 0.9029
vn 0.0792 0.0000 0.9969
vn 0.0790 0.0749 0.9941
vn -0.4286 0.0748 0.9004
vn -0.1268 0.9747 -0.1842
vn -0.2020 0.9747 -0.0961
vn -0.6615 0.7481 0.0526
vn -0.5991 0.7481 -0.2852
vn -0.8237 -0.0000 0.5670
vn -0.8214 0.0748 0.5654
vn -0.0792 0.0000 -0.9969
vn -0.0790 0.0749 -0.9941
vn 0.4298 0.0000 -0.9029
vn 0.4286 0.0749 -0.9004
vn 0.8237 -0.0000 -0.5670
vn 0.8214 0.0749 -0.5655
vn 0.9969 -0.0000 -0.0792
vn 0.9941 0.0749 -0.0790
vn 0.9004 0.0749 0.4286
vn 0.5670 -0.0000 0.8237
vn 0.5654 0.0749 0.8214
vn 0.0790 0.0748 0.9941
vn -0.9969 0.0000 0.0792
vn -0.9941 0.0749 0.0790
vn -0.9941 0.0748 0.0790
vn -0.8214 0.0748 0.5655
vn -0.5466 0.7481 0.3763
vn -0.2852 0.7481 0.5991
vn 0.0526 0.7481 0.6614
vn 0.5654 0.0748 0.8214
vn 0.3762 0.7481 0.5466
vn 0.9004 0.0748 0.4287
vn 0.5991 0.7481 0.2852
vn 0.6615 0.7481 -0.0526
vn 0.8214 0.0748 -0.5655
vn 0.5466 0.7481 -0.3763
vn 0.4286 0.0748 -0.9004
vn 0.2852 0.7481 -0.5991
vn -0.0790 0.0748 -0.9941
vn -0.0526 0.7481 -0.6615
vn -0.5655 0.0749 -0.8214
vn -0.3762 0.7482 -0.5465
vn 0.7008 0.0433 0.7121
vn 0.9021 0.0434 0.4294
vn 0.5053 0.8287 0.2406
vn 0.3926 0.8287 0.3989
vn 0.9945 0.0433 0.0949
vn 0.5571 0.8287 0.0532
vn 0.5417 0.8287 -0.1405
vn 0.9670 0.0433 -0.2509
vn 0.4610 0.8287 -0.3174
vn 0.1216 0.9890 -0.0837
vn 0.1429 0.9890 -0.0371
vn 0.3247 0.8287 -0.4559
vn 0.0856 0.9890 -0.1202
vn 0.1492 0.8287 -0.5394
vn 0.0393 0.9890 -0.1423
vn -0.0443 0.8287 -0.5579
vn -0.0117 0.9890 -0.1472
vn -0.2325 0.8287 -0.5091
vn -0.0613 0.9890 -0.1343
vn -0.3926 0.8287 -0.3989
vn -0.1035 0.9890 -0.1052
vn -0.5053 0.8287 -0.2406
vn -0.1333 0.9890 -0.0635
vn -0.5571 0.8287 -0.0532
vn -0.1469 0.9890 -0.0140
vn -0.5417 0.8287 0.1405
vn -0.1429 0.9890 0.0371
vn -0.4610 0.8287 0.3174
vn -0.1216 0.9890 0.0837
vn -0.3247 0.8287 0.4559
vn -0.0856 0.9890 0.1202
vn -0.1492 0.8287 0.5394
vn -0.0393 0.9890 0.1423
vn 0.0443 0.8287 0.5579
vn 0.0117 0.9890 0.1472
vn 0.2325 0.8287 0.5091
vn 0.0613 0.9890 0.1343
vn 0.1035 0.9890 0.1052
vn 0.0791 0.0434 0.9959
vn 0.4151 0.0434 0.9088
vn 0.1333 0.9890 0.0635
vn 0.1469 0.9890 0.0140
vn 0.8229 0.0434 -0.5665
vn 0.5795 0.0433 -0.8138
vn 0.2662 0.0434 -0.9629
vn -0.0792 0.0434 -0.9959
vn -0.4150 0.0434 -0.9088
vn -0.7008 0.0434 -0.7120
vn -0.9021 0.0433 -0.4294
vn -0.9945 0.0433 -0.0949
vn -0.9670 0.0433 0.2509
vn -0.8229 0.0434 0.5665
vn -0.5795 0.0434 0.8138
vn -0.2662 0.0434 0.9629
vn -0.4154 -0.0000 -0.9096
vn 0.9670 0.0434 -0.2509
vn 0.9945 0.0434 0.0949
vn 0.9955 0.0000 0.0951
vn 0.9680 0.0000 -0.2511
vn -0.5801 -0.0000 0.8146
vn -0.2665 0.0000 0.9638
vn -0.9021 0.0434 -0.4294
vn -0.7014 -0.0000 -0.7127
vn 0.5795 0.0434 -0.8138
vn 0.5801 0.0000 -0.8146
vn 0.4150 0.0434 0.9088
vn 0.4154 0.0000 0.9096
vn -0.9670 0.0434 0.2509
vn -0.9945 0.0434 -0.0949
vn -0.9955 -0.0000 -0.0951
vn -0.9680 0.0000 0.2511
vn 0.2665 0.0000 -0.9638
vn 0.7008 0.0434 0.7121
vn 0.7014 -0.0000 0.7127
vn 0.9626 -0.1051 -0.2497
vn 0.8191 -0.1051 -0.5639
vn -0.4131 -0.1051 -0.9046
vn -0.6976 -0.1051 -0.7088
vn -0.5769 -0.1051 0.8100
vn -0.2650 -0.1051 0.9585
vn 0.8979 -0.1051 0.4275
vn 0.9900 -0.1051 0.0945
vn 0.2650 -0.1051 -0.9585
vn -0.0788 -0.1051 -0.9913
vn -0.9626 -0.1051 0.2497
vn -0.8191 -0.1051 0.5639
vn 0.4131 -0.1051 0.9046
vn 0.6976 -0.1051 0.7088
vn 0.5769 -0.1051 -0.8100
vn -0.8979 -0.1051 -0.4274
vn -0.9900 -0.1051 -0.0946
vn 0.0788 -0.1051 0.9913
vn 0.0792 -0.0001 0.9969
vn -0.5801 0.0000 0.8145
vn -0.4154 0.0000 -0.9097
vn -0.6975 -0.1051 -0.7088
vn -0.5768 -0.1051 0.8101
vn 0.9626 -0.1051 -0.2498
vn 0.9899 -0.1051 0.0946
vn -0.9626 -0.1051 0.2498
vn 0.8979 -0.1051 0.4274
vn -0.9899 -0.1051 -0.0946
vn 0.6976 -0.1051 0.7087
vn 0.0787 -0.1051 0.9913
vn -0.2651 -0.1051 0.9585
vn 0.8192 -0.1051 -0.5638
vn -0.1470 0.9867 -0.0700
vn -0.1361 0.9867 -0.0893
vn -0.2476 0.9617 -0.1179
vn -0.2293 0.9617 -0.1505
vn -0.3542 0.9199 -0.1686
vn -0.3279 0.9199 -0.2152
vn -0.4572 0.8623 -0.2177
vn -0.4234 0.8623 -0.2779
vn -0.5513 0.7920 -0.2624
vn -0.5104 0.7920 -0.3351
vn -0.5953 0.7518 -0.2834
vn -0.5512 0.7518 -0.3618
vn -0.4600 0.7920 -0.4014
vn -0.4968 0.7518 -0.4335
vn -0.1226 0.9867 -0.1070
vn -0.2066 0.9617 -0.1803
vn -0.2955 0.9199 -0.2579
vn -0.3815 0.8623 -0.3329
vn -0.1069 0.9867 -0.1227
vn -0.1802 0.9617 -0.2068
vn -0.2577 0.9199 -0.2957
vn -0.3327 0.8623 -0.3818
vn -0.4011 0.7920 -0.4603
vn -0.4331 0.7518 -0.4971
vn -0.2150 0.9199 -0.3281
vn -0.2776 0.8623 -0.4236
vn -0.3347 0.7920 -0.5107
vn -0.3614 0.7518 -0.5515
vn -0.0892 0.9867 -0.1361
vn -0.1503 0.9616 -0.2294
vn -0.0699 0.9867 -0.1470
vn -0.1177 0.9617 -0.2477
vn -0.1683 0.9199 -0.3543
vn -0.2173 0.8623 -0.4575
vn -0.2620 0.7920 -0.5515
vn -0.2830 0.7518 -0.5955
vn -0.0492 0.9867 -0.1552
vn -0.0829 0.9616 -0.2615
vn -0.1185 0.9199 -0.3739
vn -0.1530 0.8623 -0.4827
vn -0.1845 0.7920 -0.5820
vn -0.1992 0.7518 -0.6285
vn -0.0859 0.8623 -0.4991
vn -0.1035 0.7920 -0.6017
vn -0.1118 0.7518 -0.6498
vn -0.0276 0.9867 -0.1604
vn -0.0465 0.9617 -0.2703
vn -0.0665 0.9199 -0.3866
vn -0.0055 0.9867 -0.1627
vn -0.0093 0.9617 -0.2741
vn -0.0132 0.9199 -0.3920
vn -0.0171 0.8623 -0.5061
vn -0.0206 0.7920 -0.6102
vn -0.0223 0.7518 -0.6590
vn 0.0282 0.9616 -0.2728
vn 0.0403 0.9199 -0.3902
vn 0.0520 0.8623 -0.5037
vn 0.0627 0.7920 -0.6073
vn 0.0677 0.7518 -0.6559
vn 0.0167 0.9867 -0.1619
vn 0.1448 0.7920 -0.5931
vn 0.1564 0.7518 -0.6405
vn 0.0386 0.9867 -0.1581
vn 0.0650 0.9617 -0.2664
vn 0.0930 0.9199 -0.3810
vn 0.1201 0.8623 -0.4919
vn 0.0598 0.9867 -0.1514
vn 0.1007 0.9617 -0.2551
vn 0.1440 0.9199 -0.3648
vn 0.1860 0.8623 -0.4710
vn 0.2242 0.7920 -0.5679
vn 0.2421 0.7518 -0.6133
vn 0.1924 0.9199 -0.3418
vn 0.2484 0.8623 -0.4413
vn 0.2994 0.7920 -0.5321
vn 0.3234 0.7518 -0.5746
vn 0.0798 0.9867 -0.1419
vn 0.1345 0.9617 -0.2390
vn 0.0984 0.9867 -0.1297
vn 0.1658 0.9616 -0.2185
vn 0.2371 0.9199 -0.3124
vn 0.3062 0.8623 -0.4034
vn 0.3658 0.7930 -0.4871
vn 0.3942 0.7514 -0.5292
vn 0.1151 0.9867 -0.1151
vn 0.1940 0.9617 -0.1938
vn 0.2775 0.9199 -0.2772
vn 0.3582 0.8623 -0.3580
vn 0.4251 0.7968 -0.4295
vn 0.4618 0.7513 -0.4714
vn 0.4036 0.8623 -0.3058
vn 0.4834 0.7975 -0.3608
vn 0.5309 0.7513 -0.3921
vn 0.1297 0.9867 -0.0983
vn 0.2186 0.9616 -0.1657
vn 0.3126 0.9199 -0.2369
vn 0.1419 0.9867 -0.0797
vn 0.2391 0.9616 -0.1343
vn 0.3420 0.9199 -0.1921
vn 0.4415 0.8623 -0.2480
vn 0.5325 0.7938 -0.2938
vn 0.5798 0.7513 -0.3154
vn 0.2552 0.9617 -0.1005
vn 0.3649 0.9199 -0.1438
vn 0.4712 0.8623 -0.1856
vn 0.5681 0.7920 -0.2238
vn 0.6135 0.7518 -0.2417
vn 0.1515 0.9867 -0.0597
vn 0.5932 0.7920 -0.1443
vn 0.6407 0.7518 -0.1559
vn 0.1582 0.9867 -0.0385
vn 0.2665 0.9616 -0.0648
vn 0.3811 0.9199 -0.0927
vn 0.4921 0.8623 -0.1197
vn 0.1619 0.9867 -0.0166
vn 0.2729 0.9616 -0.0279
vn 0.3902 0.9199 -0.0400
vn 0.5038 0.8623 -0.0516
vn 0.6074 0.7920 -0.0622
vn 0.6559 0.7518 -0.0672
vn 0.3920 0.9199 0.0135
vn 0.5062 0.8623 0.0175
vn 0.6102 0.7920 0.0211
vn 0.6590 0.7518 0.0228
vn 0.1627 0.9867 0.0056
vn 0.2741 0.9617 0.0095
vn 0.1604 0.9867 0.0277
vn 0.2702 0.9617 0.0467
vn 0.3865 0.9199 0.0668
vn 0.4990 0.8623 0.0862
vn 0.6016 0.7920 0.1040
vn 0.6497 0.7518 0.1123
vn 0.2614 0.9616 0.0831
vn 0.3738 0.9199 0.1188
vn 0.4826 0.8623 0.1534
vn 0.5819 0.7920 0.1849
vn 0.6284 0.7518 0.1997
vn 0.1551 0.9867 0.0493
vn 0.4572 0.8623 0.2177
vn 0.5513 0.7920 0.2624
vn 0.5953 0.7518 0.2834
vn 0.1470 0.9867 0.0700
vn 0.2477 0.9616 0.1179
vn 0.3542 0.9199 0.1686
vn 0.1361 0.9867 0.0893
vn 0.2293 0.9617 0.1505
vn 0.3279 0.9199 0.2152
vn 0.4234 0.8623 0.2779
vn 0.5104 0.7920 0.3351
vn 0.5512 0.7518 0.3618
vn 0.2955 0.9199 0.2579
vn 0.3816 0.8623 0.3330
vn 0.4600 0.7920 0.4014
vn 0.4968 0.7518 0.4335
vn 0.1226 0.9867 0.1070
vn 0.2066 0.9617 0.1803
vn 0.4011 0.7920 0.4603
vn 0.4331 0.7518 0.4971
vn 0.1069 0.9867 0.1227
vn 0.1802 0.9617 0.2068
vn 0.2577 0.9199 0.2957
vn 0.3327 0.8623 0.3818
vn 0.0892 0.9867 0.1362
vn 0.1503 0.9617 0.2294
vn 0.2150 0.9199 0.3281
vn 0.2776 0.8623 0.4236
vn 0.3347 0.7920 0.5107
vn 0.3614 0.7518 0.5515
vn 0.2173 0.8623 0.4574
vn 0.2620 0.7920 0.5515
vn 0.2830 0.7518 0.5955
vn 0.0699 0.9867 0.1470
vn 0.1177 0.9617 0.2477
vn 0.1683 0.9199 0.3543
vn 0.0492 0.9867 0.1552
vn 0.0829 0.9617 0.2614
vn 0.1185 0.9199 0.3739
vn 0.1530 0.8623 0.4827
vn 0.1845 0.7920 0.5820
vn 0.1992 0.7518 0.6285
vn 0.0465 0.9617 0.2703
vn 0.0665 0.9199 0.3866
vn 0.0859 0.8623 0.4991
vn 0.1035 0.7920 0.6017
vn 0.1118 0.7518 0.6498
vn 0.0276 0.9867 0.1604
vn 0.0206 0.7920 0.6102
vn 0.0223 0.7518 0.6590
vn 0.0055 0.9867 0.1627
vn 0.0093 0.9616 0.2741
vn 0.0132 0.9199 0.3920
vn 0.0171 0.8623 0.5062
vn -0.0167 0.9867 0.1619
vn -0.0282 0.9617 0.2728
vn -0.0403 0.9198 0.3902
vn -0.0520 0.8623 0.5037
vn -0.0627 0.7920 0.6073
vn -0.0677 0.7518 0.6559
vn -0.0930 0.9199 0.3810
vn -0.1201 0.8623 0.4920
vn -0.1448 0.7920 0.5931
vn -0.1564 0.7518 0.6405
vn -0.0386 0.9867 0.1581
vn -0.0650 0.9617 0.2664
vn -0.0598 0.9867 0.1514
vn -0.1007 0.9616 0.2551
vn -0.1440 0.9199 0.3648
vn -0.1859 0.8623 0.4710
vn -0.2242 0.7920 0.5679
vn -0.2421 0.7518 0.6133
vn -0.0798 0.9867 0.1419
vn -0.1345 0.9616 0.2390
vn -0.1924 0.9199 0.3418
vn -0.2483 0.8623 0.4413
vn -0.2994 0.7920 0.5321
vn -0.3234 0.7518 0.5746
vn -0.2371 0.9199 0.3124
vn -0.3061 0.8623 0.4034
vn -0.3691 0.7920 0.4863
vn -0.3986 0.7518 0.5252
vn -0.0984 0.9867 0.1297
vn -0.1658 0.9616 0.2185
vn -0.1151 0.9867 0.1151
vn -0.1940 0.9617 0.1938
vn -0.2775 0.9199 0.2772
vn -0.3583 0.8623 0.3580
vn -0.4319 0.7920 0.4316
vn -0.4664 0.7518 0.4661
vn -0.1297 0.9867 0.0983
vn -0.2186 0.9617 0.1656
vn -0.3126 0.9199 0.2369
vn -0.4036 0.8623 0.3058
vn -0.4866 0.7920 0.3687
vn -0.5255 0.7518 0.3982
vn -0.4415 0.8623 0.2480
vn -0.5323 0.7920 0.2990
vn -0.5749 0.7518 0.3229
vn -0.1419 0.9867 0.0797
vn -0.2391 0.9617 0.1343
vn -0.3420 0.9199 0.1921
vn -0.1515 0.9867 0.0597
vn -0.2552 0.9617 0.1005
vn -0.3649 0.9199 0.1438
vn -0.4712 0.8623 0.1856
vn -0.5681 0.7920 0.2238
vn -0.6135 0.7518 0.2416
vn -0.2665 0.9617 0.0648
vn -0.3811 0.9199 0.0927
vn -0.4921 0.8623 0.1197
vn -0.5932 0.7920 0.1443
vn -0.6407 0.7518 0.1559
vn -0.1582 0.9867 0.0385
vn -0.6074 0.7920 0.0622
vn -0.6559 0.7518 0.0672
vn -0.1619 0.9867 0.0166
vn -0.2728 0.9617 0.0279
vn -0.3902 0.9199 0.0400
vn -0.5038 0.8623 0.0516
vn -0.1627 0.9867 -0.0056
vn -0.2741 0.9616 -0.0095
vn -0.3920 0.9199 -0.0135
vn -0.5061 0.8623 -0.0175
vn -0.6102 0.7920 -0.0211
vn -0.6590 0.7518 -0.0228
vn -0.3865 0.9199 -0.0668
vn -0.4990 0.8623 -0.0862
vn -0.6016 0.7920 -0.1040
vn -0.6497 0.7518 -0.1123
vn -0.1604 0.9867 -0.0277
vn -0.2702 0.9617 -0.0467
vn -0.1551 0.9867 -0.0493
vn -0.2614 0.9617 -0.0831
vn -0.3738 0.9199 -0.1188
vn -0.4826 0.8623 -0.1534
vn -0.5819 0.7920 -0.1849
vn -0.6284 0.7518 -0.1997
vn -0.8263 0.1517 -0.5424
vn -0.7447 0.1517 -0.6499
vn -0.2014 -0.9636 -0.1758
vn -0.2235 -0.9636 -0.1467
vn -0.6493 0.1518 -0.7452
vn -0.1756 -0.9636 -0.2015
vn -0.5417 0.1517 -0.8267
vn -0.1465 -0.9636 -0.2236
vn -0.4241 0.1518 -0.8928
vn -0.1147 -0.9636 -0.2415
vn -0.2986 0.1517 -0.9422
vn -0.0808 -0.9636 -0.2548
vn -0.1675 0.1518 -0.9741
vn -0.0453 -0.9636 -0.2635
vn -0.0333 0.1517 -0.9879
vn -0.0090 -0.9636 -0.2672
vn 0.1015 0.1518 -0.9832
vn 0.0274 -0.9636 -0.2659
vn 0.2343 0.1517 -0.9603
vn 0.0634 -0.9636 -0.2597
vn 0.3630 0.1518 -0.9193
vn 0.0982 -0.9636 -0.2487
vn 0.4848 0.1517 -0.8614
vn 0.1311 -0.9636 -0.2330
vn 0.5979 0.1114 -0.7938
vn 0.1616 -0.9636 -0.2129
vn 0.7043 0.0044 -0.7098
vn 0.1891 -0.9636 -0.1890
vn 0.7998 -0.0227 -0.5998
vn 0.2131 -0.9636 -0.1615
vn 0.8714 0.0851 -0.4831
vn 0.2331 -0.9636 -0.1309
vn 0.9197 0.1517 -0.3622
vn 0.2487 -0.9636 -0.0980
vn 0.9604 0.1518 -0.2336
vn 0.2597 -0.9636 -0.0632
vn 0.9833 0.1517 -0.1007
vn 0.2659 -0.9636 -0.0272
vn 0.9878 0.1517 0.0342
vn 0.2672 -0.9636 0.0092
vn 0.9740 0.1517 0.1683
vn 0.2634 -0.9636 0.0455
vn 0.9420 0.1518 0.2993
vn 0.2548 -0.9636 0.0810
vn 0.8924 0.1517 0.4249
vn 0.2414 -0.9636 0.1149
vn 0.8263 0.1518 0.5425
vn 0.2235 -0.9636 0.1467
vn 0.7448 0.1518 0.6499
vn 0.2014 -0.9636 0.1758
vn 0.6493 0.1518 0.7453
vn 0.1756 -0.9636 0.2015
vn 0.5418 0.1517 0.8267
vn 0.1465 -0.9636 0.2236
vn 0.4241 0.1518 0.8928
vn 0.1147 -0.9636 0.2415
vn 0.2986 0.1517 0.9422
vn 0.0808 -0.9636 0.2548
vn 0.1675 0.1517 0.9741
vn 0.0453 -0.9636 0.2635
vn 0.0335 0.1517 0.9879
vn 0.0090 -0.9636 0.2672
vn 0.0334 0.1518 0.9879
vn -0.1015 0.1518 0.9832
vn -0.0274 -0.9636 0.2659
vn -0.2344 0.1517 0.9602
vn -0.0634 -0.9636 0.2597
vn -0.3629 0.1518 0.9194
vn -0.0982 -0.9636 0.2486
vn -0.4848 0.1517 0.8614
vn -0.1311 -0.9636 0.2330
vn -0.5975 0.1517 0.7874
vn -0.1616 -0.9636 0.2130
vn -0.6992 0.1517 0.6986
vn -0.1891 -0.9636 0.1890
vn -0.7878 0.1517 0.5969
vn -0.2131 -0.9636 0.1615
vn -0.8618 0.1517 0.4841
vn -0.2331 -0.9636 0.1309
vn -0.9197 0.1517 0.3622
vn -0.2487 -0.9636 0.0980
vn -0.9604 0.1518 0.2336
vn -0.2597 -0.9636 0.0632
vn -0.9833 0.1518 0.1007
vn -0.2659 -0.9636 0.0272
vn -0.9878 0.1518 -0.0342
vn -0.2672 -0.9636 -0.0092
vn -0.9740 0.1517 -0.1683
vn -0.2634 -0.9636 -0.0455
vn -0.9420 0.1518 -0.2994
vn -0.2548 -0.9636 -0.0810
vn -0.8924 0.1517 -0.4249
vn -0.2414 -0.9636 -0.1149
vn -0.9878 0.1517 -0.0342
vn -0.9604 0.1517 0.2336
vn -0.9197 0.1518 0.3622
vn -0.5976 0.1517 0.7873
vn -0.3629 0.1517 0.9194
vn 0.0334 0.1517 0.9879
vn 0.4241 0.1517 0.8928
vn 0.6493 0.1517 0.7453
vn 0.7448 0.1517 0.6499
vn 0.8263 0.1517 0.5424
vn 0.9604 0.1517 -0.2336
vn 0.7044 0.0044 -0.7098
vn 0.5980 0.1114 -0.7938
vn 0.3630 0.1517 -0.9194
vn 0.2343 0.1518 -0.9602
vn -0.1675 0.1517 -0.9741
vn -0.4241 0.1517 -0.8928
vn -0.5418 0.1517 -0.8267
vn -0.6493 0.1517 -0.7453
vn 0.5954 -0.7517 0.2834
vn 0.6285 -0.7517 0.1997
vn 0.6498 -0.7517 0.1123
vn 0.6591 -0.7517 0.0228
vn 0.6560 -0.7517 -0.0672
vn 0.6408 -0.7517 -0.1559
vn 0.6136 -0.7517 -0.2417
vn 0.5749 -0.7517 -0.3230
vn 0.5256 -0.7517 -0.3983
vn 0.4665 -0.7517 -0.4661
vn 0.3987 -0.7517 -0.5253
vn 0.3234 -0.7517 -0.5747
vn 0.2422 -0.7517 -0.6134
vn 0.1564 -0.7517 -0.6406
vn 0.0677 -0.7517 -0.6560
vn -0.0222 -0.7518 -0.6590
vn -0.0223 -0.7517 -0.6591
vn -0.1118 -0.7518 -0.6499
vn -0.1993 -0.7518 -0.6286
vn -0.2830 -0.7517 -0.5957
vn -0.3615 -0.7517 -0.5516
vn -0.4332 -0.7517 -0.4972
vn -0.4969 -0.7517 -0.4336
vn -0.5513 -0.7517 -0.3619
vn -0.5954 -0.7517 -0.2834
vn -0.6285 -0.7517 -0.1997
vn -0.6498 -0.7517 -0.1123
vn -0.6591 -0.7517 -0.0228
vn -0.6560 -0.7517 0.0672
vn -0.6408 -0.7517 0.1559
vn -0.6136 -0.7517 0.2417
vn -0.5749 -0.7517 0.3230
vn -0.5256 -0.7517 0.3983
vn -0.4665 -0.7517 0.4661
vn -0.3987 -0.7517 0.5253
vn -0.3234 -0.7518 0.5747
vn -0.2422 -0.7518 0.6134
vn -0.1564 -0.7517 0.6407
vn -0.0677 -0.7517 0.6560
vn 0.0223 -0.7517 0.6591
vn 0.1118 -0.7518 0.6499
vn 0.1993 -0.7517 0.6287
vn 0.2830 -0.7517 0.5957
vn 0.3615 -0.7517 0.5516
vn 0.4332 -0.7517 0.4972
vn 0.4969 -0.7517 0.4336
vn 0.5513 -0.7517 0.3619
vn 0.8925 -0.1515 0.4249
vn 0.9854 -0.1515 -0.0783
vn 0.0175 -0.9752 0.2208
vn 0.0052 -0.9978 0.0659
vn 0.0373 -0.9978 0.0543
vn 0.1256 -0.9752 0.1824
vn -0.0952 -0.9752 0.2000
vn -0.0284 -0.9978 0.0596
vn -0.1824 -0.9752 0.1256
vn -0.0544 -0.9978 0.0374
vn -0.2208 -0.9752 0.0175
vn -0.0656 -0.9978 0.0052
vn -0.1999 -0.9752 -0.0952
vn -0.0598 -0.9978 -0.0284
vn -0.1256 -0.9752 -0.1824
vn -0.0374 -0.9978 -0.0543
vn -0.0175 -0.9752 -0.2207
vn -0.0053 -0.9978 -0.0658
vn 0.0952 -0.9752 -0.1999
vn 0.0285 -0.9978 -0.0595
vn 0.1824 -0.9752 -0.1256
vn 0.0543 -0.9978 -0.0374
vn -0.8142 -0.1515 0.5605
vn -0.4249 -0.1515 0.8925
vn 0.2208 -0.9752 -0.0175
vn 0.0657 -0.9978 -0.0052
vn 0.1999 -0.9752 0.0952
vn 0.0596 -0.9978 0.0283
vn 0.3464 -0.7917 0.5032
vn 0.5516 -0.7917 0.2626
vn 0.0783 -0.1515 0.9854
vn 0.8142 -0.1515 -0.5605
vn 0.4249 -0.1515 -0.8925
vn -0.0783 -0.1515 -0.9854
vn -0.5605 -0.1515 -0.8142
vn -0.8925 -0.1515 -0.4248
vn -0.9854 -0.1515 0.0783
vn 0.5605 -0.1515 0.8142
vn 0.5605 -0.1514 0.8142
vn 0.0484 -0.7917 0.6091
vn -0.2626 -0.7917 0.5516
vn -0.5032 -0.7917 0.3464
vn -0.6090 -0.7917 0.0484
vn -0.8925 -0.1515 -0.4249
vn -0.5516 -0.7917 -0.2626
vn -0.3464 -0.7917 -0.5032
vn -0.0484 -0.7917 -0.6090
vn 0.2626 -0.7917 -0.5516
vn 0.5032 -0.7917 -0.3464
vn 0.6090 -0.7917 -0.0484
vn -0.8786 -0.2306 -0.4182
vn -0.8941 -0.1393 -0.4256
vn -0.6946 -0.1393 -0.7058
vn -0.6825 -0.2306 -0.6935
vn -0.4113 -0.1393 -0.9008
vn -0.4042 -0.2306 -0.8851
vn -0.0784 -0.1393 -0.9871
vn -0.0771 -0.2306 -0.9700
vn 0.2639 -0.1393 -0.9544
vn 0.2593 -0.2306 -0.9379
vn 0.5744 -0.1393 -0.8066
vn 0.5644 -0.2306 -0.7926
vn 0.8157 -0.1393 -0.5615
vn 0.8015 -0.2306 -0.5518
vn 0.9585 -0.1393 -0.2487
vn 0.9419 -0.2306 -0.2444
vn 0.9858 -0.1393 0.0942
vn 0.9686 -0.2306 0.0925
vn 0.8941 -0.1393 0.4256
vn 0.8786 -0.2306 0.4182
vn 0.6946 -0.1393 0.7058
vn 0.6825 -0.2306 0.6935
vn 0.4113 -0.1393 0.9008
vn 0.4042 -0.2306 0.8851
vn 0.0784 -0.1393 0.9871
vn 0.0771 -0.2306 0.9700
vn -0.2639 -0.1393 0.9544
vn -0.2593 -0.2306 0.9379
vn -0.5744 -0.1393 0.8066
vn -0.5644 -0.2306 0.7926
vn -0.8157 -0.1393 0.5615
vn -0.8015 -0.2306 0.5518
vn -0.9585 -0.1393 0.2487
vn -0.9419 -0.2306 0.2444
vn 0.0761 -0.9957 -0.0524
vn 0.0536 -0.9957 -0.0753
vn 0.1040 -0.9838 -0.1461
vn 0.1477 -0.9838 -0.1017
vn -0.9858 -0.1393 -0.0942
vn -0.9686 -0.2306 -0.0925
vn -0.0190 -0.9709 -0.2386
vn -0.0995 -0.9709 -0.2177
vn -0.3092 -0.6677 -0.6772
vn -0.0590 -0.6677 -0.7421
vn 0.0638 -0.6128 0.7877
vn 0.0770 -0.1868 0.9794
vn -0.2708 -0.1828 0.9451
vn -0.1982 -0.6134 0.7645
vn -0.2161 -0.9709 -0.1029
vn -0.2383 -0.9709 -0.0228
vn -0.7411 -0.6677 -0.0708
vn -0.6722 -0.6677 -0.3200
vn -0.2317 -0.9709 0.0602
vn -0.7206 -0.6677 0.1869
vn -0.1972 -0.9709 0.1357
vn -0.6132 -0.6677 0.4221
vn -0.1388 -0.9709 0.1950
vn -0.4318 -0.6677 0.6064
vn -0.0638 -0.9709 0.2307
vn -0.1984 -0.6677 0.7175
vn 0.0190 -0.9709 0.2386
vn 0.0590 -0.6677 0.7421
vn 0.0994 -0.9709 0.2177
vn 0.3092 -0.6677 0.6771
vn 0.1679 -0.9709 0.1706
vn 0.5222 -0.6677 0.5306
vn 0.2161 -0.9709 0.1029
vn 0.6722 -0.6677 0.3200
vn 0.2383 -0.9709 0.0228
vn 0.7410 -0.6677 0.0708
vn 0.2317 -0.9709 -0.0601
vn 0.7206 -0.6677 -0.1869
vn 0.1972 -0.9709 -0.1357
vn 0.6132 -0.6677 -0.4221
vn 0.1388 -0.9709 -0.1950
vn 0.4318 -0.6677 -0.6064
vn 0.0637 -0.9709 -0.2307
vn 0.1984 -0.6677 -0.7175
vn -0.8786 -0.2306 -0.4183
vn 0.8786 -0.2306 0.4183
vn -0.5222 -0.6677 -0.5306
vn -0.1679 -0.9709 -0.1706
vn 0.0384 -0.9957 0.0841
vn 0.0648 -0.9957 0.0659
vn 0.1258 -0.9838 0.1278
vn 0.0743 -0.9846 0.1584
vn -0.0895 -0.9957 0.0232
vn -0.0761 -0.9957 0.0524
vn -0.1477 -0.9838 0.1017
vn -0.1736 -0.9838 0.0450
vn 0.0246 -0.9957 -0.0891
vn -0.0074 -0.9957 -0.0921
vn -0.0142 -0.9838 -0.1788
vn 0.0478 -0.9838 -0.1729
vn 0.0834 -0.9957 0.0397
vn 0.0920 -0.9957 0.0088
vn 0.1785 -0.9838 0.0171
vn 0.1619 -0.9838 0.0771
vn -0.0536 -0.9957 0.0753
vn -0.0245 -0.9957 0.0891
vn -0.0506 -0.9853 0.1629
vn -0.1035 -0.9840 0.1447
vn -0.0384 -0.9957 -0.0841
vn -0.0648 -0.9957 -0.0658
vn -0.1258 -0.9838 -0.1278
vn -0.0745 -0.9838 -0.1632
vn 0.0894 -0.9957 -0.0232
vn 0.1736 -0.9838 -0.0450
vn 0.0073 -0.9957 0.0921
vn 0.0112 -0.9852 0.1708
vn -0.0920 -0.9957 -0.0088
vn -0.1785 -0.9838 -0.0171
vn -0.0834 -0.9957 -0.0397
vn -0.1619 -0.9838 -0.0771
vn -0.2736 -0.9530 -0.1302
vn -0.3016 -0.9530 -0.0288
vn -0.5091 -0.8593 -0.0486
vn -0.4618 -0.8593 -0.2198
vn -0.0807 -0.9530 0.2920
vn 0.0240 -0.9530 0.3020
vn 0.0405 -0.8593 0.5098
vn -0.1363 -0.8593 0.4929
vn -0.2125 -0.9530 -0.2159
vn -0.3587 -0.8593 -0.3645
vn 0.3016 -0.9530 0.0288
vn 0.2933 -0.9530 -0.0761
vn 0.4950 -0.8593 -0.1284
vn 0.5091 -0.8593 0.0486
vn -0.0240 -0.9530 -0.3020
vn -0.1258 -0.9530 -0.2756
vn -0.2124 -0.8593 -0.4652
vn -0.0405 -0.8593 -0.5098
vn -0.2496 -0.9530 0.1718
vn -0.1758 -0.9530 0.2468
vn -0.2967 -0.8593 0.4166
vn -0.4213 -0.8593 0.2900
vn 0.2125 -0.9530 0.2160
vn 0.2736 -0.9530 0.1302
vn 0.4618 -0.8593 0.2198
vn 0.3587 -0.8593 0.3645
vn 0.1758 -0.9530 -0.2468
vn 0.0807 -0.9530 -0.2920
vn 0.1363 -0.8593 -0.4929
vn 0.2967 -0.8593 -0.4166
vn -0.2933 -0.9530 0.0761
vn -0.4950 -0.8593 0.1284
vn 0.1258 -0.9530 0.2756
vn 0.2124 -0.8593 0.4652
vn 0.2496 -0.9530 -0.1718
vn 0.4213 -0.8593 -0.2900
vn -0.4506 -0.8917 -0.0430
vn -0.4088 -0.8917 -0.1946
vn 0.0359 -0.8917 0.4512
vn -0.1206 -0.8917 0.4363
vn -0.3175 -0.8917 -0.3226
vn 0.4382 -0.8917 -0.1137
vn 0.4506 -0.8917 0.0430
vn -0.1880 -0.8917 -0.4118
vn -0.0358 -0.8917 -0.4513
vn -0.2626 -0.8917 0.3687
vn -0.3728 -0.8917 0.2567
vn 0.4087 -0.8917 0.1945
vn 0.3175 -0.8917 0.3226
vn 0.1207 -0.8917 -0.4363
vn 0.2626 -0.8917 -0.3687
vn -0.4382 -0.8917 0.1137
vn 0.1881 -0.8917 0.4118
vn 0.3728 -0.8917 -0.2567
vn -0.3536 -0.9348 -0.0338
vn -0.3206 -0.9348 -0.1526
vn 0.0281 -0.9348 0.3540
vn -0.0947 -0.9348 0.3423
vn -0.2491 -0.9348 -0.2531
vn 0.3437 -0.9348 -0.0892
vn 0.3536 -0.9348 0.0338
vn -0.1475 -0.9348 -0.3231
vn -0.0281 -0.9348 -0.3540
vn -0.2060 -0.9348 0.2893
vn -0.2925 -0.9348 0.2014
vn 0.3206 -0.9348 0.1527
vn 0.2491 -0.9348 0.2532
vn 0.0946 -0.9348 -0.3423
vn 0.2060 -0.9348 -0.2893
vn -0.3438 -0.9348 0.0892
vn 0.1475 -0.9348 0.3230
vn 0.2925 -0.9348 -0.2014
vn -0.3261 -0.6194 -0.7142
vn -0.4079 -0.1886 -0.8933
vn -0.0778 -0.1885 -0.9790
vn -0.0622 -0.6194 -0.7826
vn 0.7600 -0.6194 -0.1972
vn 0.9506 -0.1885 -0.2466
vn 0.9776 -0.1885 0.0934
vn 0.7816 -0.6194 0.0747
vn -0.7600 -0.6194 0.1971
vn -0.9506 -0.1885 0.2466
vn -0.9776 -0.1885 -0.0934
vn -0.7815 -0.6194 -0.0747
vn 0.6467 -0.6194 -0.4452
vn 0.8089 -0.1885 -0.5569
vn 0.3232 -0.6199 0.7151
vn 0.4081 -0.1882 0.8934
vn -0.5507 -0.6194 -0.5596
vn -0.6889 -0.1885 -0.6999
vn 0.5507 -0.6194 0.5596
vn 0.6889 -0.1886 0.6999
vn -0.7089 -0.6194 -0.3375
vn -0.8867 -0.1886 -0.4221
vn -0.6467 -0.6194 0.4452
vn -0.8089 -0.1885 0.5569
vn 0.4554 -0.6194 -0.6395
vn 0.5697 -0.1886 -0.7999
vn -0.4549 -0.6196 0.6397
vn -0.5713 -0.1856 0.7995
vn 0.2092 -0.6194 -0.7567
vn 0.2617 -0.1885 -0.9465
vn 0.7089 -0.6194 0.3375
vn 0.8867 -0.1885 0.4221
vn -0.1736 -0.9838 0.0451
vn 0.1736 -0.9838 -0.0451
vn 0.1041 -0.9838 -0.1461
vn -0.8971 0.1143 0.4268
vn 0.8903 0.0970 -0.4450
vn 0.2247 0.1347 -0.9651
vn -0.2468 0.1513 0.9572
vn -0.9924 -0.1065 0.0624
vn 0.9929 -0.0957 -0.0703
vn 0.8516 -0.1170 0.5110
vn -0.8545 -0.1350 -0.5015
vn 0.8411 -0.1368 -0.5232
vn -0.4999 -0.2858 0.8176
vn -0.9142 -0.2663 -0.3056
vn 0.9933 -0.1077 0.0415
vn -0.8542 0.1342 -0.5023
vn 0.8519 0.1178 0.5103
vn 0.9930 0.0936 -0.0726
vn -0.9923 0.1086 0.0597
vn 0.9936 0.1055 0.0407
vn -0.9149 0.2685 -0.3014
vn -0.4914 0.2880 0.8219
vn 0.8440 0.1328 -0.5196
vn 0.4815 -0.1154 0.8688
vn 0.1015 -0.3685 -0.9241
vn 0.2275 -0.1400 -0.9637
vn -0.2437 -0.1458 0.9588
vn -0.8546 -0.1349 -0.5015
vn -0.8542 0.1340 -0.5023
vn -0.9923 0.1088 0.0597
vn -0.9924 -0.1064 0.0623
vn 0.4831 0.1194 0.8674
vn 0.1232 0.3611 -0.9243
vn -0.9644 0.1108 -0.2400
vn 0.9624 0.1083 0.2490
vn -0.8970 -0.1105 0.4279
vn 0.8904 -0.1007 -0.4440
vn 0.0128 -0.1574 -0.9875
vn 0.0157 0.1530 -0.9881
vn -0.0288 0.1336 0.9906
vn -0.0279 -0.1290 0.9913
vn -0.9142 -0.2662 -0.3056
vn -0.9532 -0.2106 -0.2170
vn -0.9552 0.2124 -0.2062
vn -0.9149 0.2684 -0.3014
vn -0.9644 0.1109 -0.2400
vn -0.9658 -0.1092 -0.2351
vn 0.1233 0.3611 -0.9243
vn 0.2247 0.1346 -0.9651
vn 0.1016 -0.3684 -0.9241
vn 0.8903 0.0967 -0.4450
vn 0.8903 -0.1006 -0.4440
vn 0.9930 0.0934 -0.0725
vn 0.9929 -0.0958 -0.0703
vn 0.8519 0.1179 0.5103
vn 0.8516 -0.1171 0.5110
vn 0.0157 0.1529 -0.9881
vn -0.0288 0.1337 0.9906
vn -0.9658 -0.1093 -0.2351
vn 0.9603 -0.1092 0.2567
vn -0.0279 -0.1291 0.9912
vn 0.0128 -0.1573 -0.9875
vn -0.9167 -0.1310 -0.3775
vn 0.9265 -0.1616 0.3398
vn 0.1015 -0.3684 -0.9241
vn 0.9265 -0.1615 0.3398
vn 0.9286 0.1558 0.3367
vn 0.1233 0.3612 -0.9243
vn 0.9286 0.1560 0.3367
vn -0.9146 0.1348 -0.3812
vn -0.6523 0.1578 -0.7414
vn 0.9896 0.1387 -0.0384
vn 0.9879 -0.1464 -0.0514
vn -0.6708 -0.1540 -0.7254
vn -0.9146 0.1350 -0.3813
vn -0.9166 -0.1311 -0.3776
vn -0.8971 -0.1105 0.4279
vn -0.2469 0.1513 0.9572
vn -0.2437 -0.1457 0.9588
vn 0.4831 0.1195 0.8674
vn 0.4816 -0.1156 0.8687
vn 0.9624 0.1082 0.2490
vn 0.9936 0.1057 0.0407
vn 0.9933 -0.1079 0.0415
vn 0.8441 0.1327 -0.5196
vn 0.8412 -0.1369 -0.5231
vn -0.9040 0.2173 0.3682
vn -0.9090 -0.2145 0.3575
vn -0.9552 0.2125 -0.2062
vn -0.9040 0.2172 0.3682
vn -0.9090 -0.2144 0.3575
vn -0.9532 -0.2105 -0.2170
vn -0.9014 -0.0001 -0.4330
vn -0.3312 -0.0019 -0.9436
vn 0.4330 -0.0026 -0.9014
vn 0.9436 -0.0017 -0.3312
vn 0.9014 0.0001 0.4330
vn 0.3312 0.0019 0.9436
vn -0.4330 0.0026 0.9014
vn -0.9436 0.0017 0.3312
vn -0.9436 0.0018 0.3312
vn -0.9436 0.0016 0.3312
vn -0.5241 -0.3728 -0.7658
vn -0.8373 -0.3715 -0.4012
vn -0.8365 0.3713 -0.4030
vn -0.5234 0.3701 -0.7675
vn -0.4024 -0.3690 0.8378
vn 0.0699 -0.3693 0.9267
vn 0.0706 0.3736 0.9249
vn -0.4016 0.3738 0.8361
vn -0.7670 -0.3694 0.5246
vn -0.7663 0.3734 0.5229
vn -0.0707 -0.3736 -0.9249
vn -0.0699 0.3693 -0.9267
vn 0.4017 -0.3738 -0.8360
vn 0.4024 0.3691 -0.8378
vn 0.7662 -0.3735 -0.5229
vn 0.7670 0.3694 -0.5246
vn 0.9254 -0.3725 -0.0695
vn 0.9262 0.3703 -0.0711
vn 0.8366 -0.3713 0.4028
vn 0.8373 0.3715 0.4012
vn 0.5233 -0.3702 0.7675
vn 0.5242 0.3727 0.7657
vn -0.9262 -0.3703 0.0712
vn -0.9254 0.3726 0.0693
vn -0.4025 -0.3690 0.8378
vn -0.0010 -1.0000 0.0024
vn 0.8365 -0.3713 0.4029
vn 0.9254 -0.3725 -0.0694
vn -0.5241 -0.3727 -0.7658
vn -0.8373 -0.3716 -0.4011
vn -0.8365 0.3713 -0.4029
vn 0.0706 0.3735 0.9249
vn -0.4016 0.3738 0.8360
vn -0.7670 -0.3694 0.5247
vn -0.7662 0.3734 0.5229
vn -0.0706 -0.3736 -0.9249
vn 0.4017 -0.3739 -0.8360
vn 0.4024 0.3690 -0.8378
vn 0.7663 -0.3734 -0.5228
vn 0.7670 0.3694 -0.5247
vn 0.9254 -0.3726 -0.0693
vn 0.9262 0.3703 -0.0712
vn 0.8365 -0.3713 0.4030
vn 0.5234 -0.3702 0.7675
vn -0.9255 0.3725 0.0693
vn -0.0698 0.3694 -0.9267
vn 0.0010 1.0000 -0.0024
vn 0.4025 0.3690 -0.8378
vn 0.9026 0.0309 -0.4293
vn 0.8738 0.0527 -0.4835
vn 0.9608 -0.0516 0.2724
vn 0.9423 -0.0461 0.3316
vn -0.4556 0.1187 0.8822
vn -0.1201 0.1007 0.9876
vn -0.7853 0.0711 0.6150
vn -0.9504 0.0737 0.3021
vn -0.9924 0.0003 -0.1234
vn -0.8873 -0.0114 -0.4611
vn -0.6129 -0.0696 -0.7871
vn -0.3008 -0.0860 -0.9498
vn 0.1206 -0.0978 -0.9879
vn 0.4569 -0.1056 -0.8832
vn 0.7860 -0.0681 -0.6145
vn 0.9514 -0.0614 -0.3017
vn 0.9924 0.0027 0.1232
vn 0.8874 0.0238 0.4604
vn 0.3013 0.0983 0.9485
vn 0.6132 0.0727 0.7866
vn -0.8084 0.0000 -0.5886
vn -0.9428 -0.0183 -0.3329
vn -0.4313 0.0452 -0.9011
vn -0.1553 0.0554 -0.9863
vn -0.3820 -0.0073 0.9242
vn -0.0359 -0.0276 0.9990
vn -0.7313 0.0613 0.6793
vn -0.9211 0.0748 0.3821
vn 0.4302 -0.1007 0.8971
vn 0.4839 -0.1297 0.8654
vn -0.2723 -0.1369 0.9524
vn -0.3328 -0.1010 0.9376
vn -0.9934 0.1094 -0.0343
vn -0.9201 0.1076 -0.3766
vn -0.9865 -0.0526 0.1550
vn -0.8998 -0.0739 0.4299
vn 0.3850 -0.0839 0.9191
vn 0.6788 -0.1045 0.7268
vn -0.5873 -0.0723 0.8061
vn -0.3318 -0.0809 0.9399
vn -0.8393 -0.0108 -0.5435
vn -0.8926 0.0038 -0.4508
vn -0.3122 0.0205 -0.9498
vn -0.2092 -0.0121 -0.9778
vn 0.9196 -0.1121 0.3765
vn 0.9919 -0.1220 0.0341
vn 0.1550 -0.0477 0.9868
vn 0.4312 -0.0435 0.9012
vn -0.9779 -0.0032 0.2091
vn -0.9499 -0.0148 0.3123
vn 0.9210 -0.0766 -0.3819
vn 0.7304 -0.0756 -0.6788
vn 0.8083 0.0070 0.5887
vn 0.9427 0.0201 0.3329
vn -0.9426 0.0301 -0.3326
vn -0.9621 0.0343 -0.2707
vn -0.4861 0.1136 -0.8665
vn -0.4297 0.0850 -0.8990
vn -0.5436 0.0063 0.8393
vn -0.4507 -0.0247 0.8923
vn 0.3819 0.0029 -0.9242
vn 0.0355 0.0133 -0.9993
vn 0.9210 -0.0766 -0.3820
vn 0.9861 0.0595 -0.1549
vn 0.8999 0.0724 -0.4300
vn -0.9021 -0.0469 0.4290
vn -0.8720 -0.0696 0.4846
vn 0.2092 0.0122 0.9778
vn 0.3123 -0.0198 0.9498
vn -0.3857 0.0796 -0.9192
vn -0.6804 0.0897 -0.7273
vn 0.5868 0.0792 -0.8059
vn 0.3314 0.0826 -0.9399
vn 0.8393 0.0110 0.5435
vn 0.8926 -0.0031 0.4508
vn 0.9779 0.0034 -0.2092
vn 0.9498 0.0156 -0.3123
vn 0.3339 0.0851 -0.9388
vn 0.2732 0.1212 -0.9543
vn -0.9304 0.0525 -0.3627
vn -0.9166 0.0137 0.3995
vn -0.8228 0.0258 -0.5677
vn -0.9837 -0.0209 0.1784
vn -0.3628 -0.0296 0.9314
vn -0.5678 -0.0550 0.8213
vn 0.4044 -0.0516 0.9131
vn 0.1814 -0.0560 0.9818
vn 0.9311 -0.0395 0.3627
vn 0.8228 -0.0236 0.5678
vn 0.9166 -0.0007 -0.3997
vn 0.8229 -0.0237 0.5677
vn 0.9837 0.0231 -0.1783
vn 0.3625 0.0425 -0.9310
vn 0.5679 0.0569 -0.8211
vn -0.4040 0.0645 -0.9125
vn -0.1812 0.0580 -0.9817
vn 0.4507 0.0254 -0.8923
vn 0.5436 -0.0062 -0.8393
vn 0.2489 0.0320 -0.9680
vn -0.5087 0.0124 -0.8609
vn -0.9684 -0.0120 -0.2490
vn -0.8606 -0.0269 0.5086
vn -0.2489 -0.0237 0.9682
vn 0.5088 -0.0041 0.8609
vn 0.9683 0.0203 0.2488
vn 0.8604 0.0353 -0.5084
vn -0.2708 0.0797 0.9593
vn 0.4884 0.0086 0.8726
vn 0.9601 -0.0676 0.2712
vn 0.8678 -0.1037 -0.4860
vn 0.2706 -0.0795 -0.9594
vn 0.2706 -0.0794 -0.9594
vn -0.4884 -0.0084 -0.8726
vn -0.9602 0.0677 -0.2710
vn -0.8678 0.1039 0.4859
vn 0.2090 -0.0275 -0.9775
vn 0.8398 0.0139 -0.5428
vn 0.9969 0.0542 -0.0575
vn 0.6637 0.0303 -0.7474
vn 0.9879 0.0278 0.1525
vn 0.8054 -0.0033 -0.5927
vn -0.5435 -0.0527 -0.8378
vn -0.0596 -0.0117 -0.9982
vn 0.1489 -0.0356 -0.9882
vn -0.9768 -0.0470 -0.2089
vn -0.7463 -0.0469 -0.6639
vn -0.5914 -0.0501 -0.8048
vn -0.8398 -0.0137 0.5428
vn -0.9968 -0.0549 0.0578
vn -0.9875 -0.0385 -0.1526
vn -0.2090 0.0276 0.9775
vn -0.6639 -0.0310 0.7472
vn -0.8057 -0.0075 0.5923
vn 0.5438 0.0527 0.8376
vn 0.0597 0.0109 0.9982
vn -0.1491 0.0248 0.9885
vn 0.9768 0.0471 0.2089
vn 0.7463 0.0461 0.6640
vn 0.5918 0.0393 0.8051
vn 0.7137 -0.0050 -0.7005
vn 0.6752 -0.0507 -0.7358
vn 0.9990 -0.0121 -0.0429
vn 1.0000 0.0020 0.0094
vn 0.0093 -0.0083 -0.9999
vn -0.0429 -0.0590 -0.9973
vn 0.7365 0.0343 0.6756
vn 0.7005 0.0087 0.7136
vn 0.0429 0.0612 0.9972
vn -0.0093 0.0111 0.9999
vn -0.6752 0.0530 0.7358
vn -0.7135 0.0078 0.7006
vn -0.6752 0.0529 0.7358
vn -0.9990 0.0143 0.0429
vn -1.0000 0.0008 -0.0095
vn -0.7365 -0.0321 -0.6757
vn -0.7005 -0.0059 -0.7136
vn -0.0013 -0.0284 -0.9996
vn 0.7068 0.0072 -0.7074
vn 0.9993 0.0373 -0.0012
vn 0.7079 0.0445 0.7049
vn 0.0006 0.0246 0.9997
vn -0.7078 -0.0110 0.7064
vn -0.9991 -0.0413 -0.0001
vn -0.7073 -0.0484 -0.7052
vn -0.7078 -0.0111 0.7063
vn -0.9579 0.1282 -0.2568
vn 0.9635 0.1225 0.2382
vn 0.7928 0.1653 -0.5866
vn -0.8062 0.1733 0.5657
vn -0.7929 -0.1333 -0.5946
vn 0.8006 -0.1065 0.5897
vn 0.3164 -0.1358 0.9389
vn -0.3230 -0.1631 -0.9322
vn 0.9769 -0.1545 0.1473
vn -0.8933 -0.3405 0.2935
vn -0.4884 -0.3165 -0.8132
vn 0.7281 -0.1217 0.6746
vn -0.3239 0.1553 -0.9332
vn 0.3156 0.1435 0.9380
vn 0.8006 0.1178 0.5875
vn -0.7929 0.1222 -0.5970
vn 0.7273 0.1315 0.6736
vn -0.4952 0.3099 -0.8116
vn -0.8946 0.3300 0.3014
vn 0.9746 0.1651 0.1514
vn -0.1958 -0.1377 0.9709
vn 0.6613 -0.4220 -0.6202
vn 0.7962 -0.1599 -0.5835
vn -0.8027 -0.1786 0.5691
vn -0.3229 -0.1632 -0.9322
vn -0.3240 0.1555 -0.9332
vn -0.7928 0.1223 -0.5970
vn -0.7929 -0.1330 -0.5946
vn -0.1951 0.1410 0.9706
vn 0.6726 0.4228 -0.6073
vn -0.5776 0.1262 -0.8065
vn 0.5688 0.1337 0.8115
vn -0.9568 -0.1390 -0.2554
vn 0.9645 -0.1114 0.2393
vn 0.6452 -0.1818 -0.7421
vn 0.6486 0.1855 -0.7382
vn -0.6631 0.1536 0.7326
vn -0.8945 0.3302 0.3014
vn -0.8932 -0.3407 0.2935
vn -0.6609 -0.1574 0.7338
vn -0.4884 -0.3164 -0.8132
vn -0.5778 -0.2534 -0.7759
vn -0.5893 0.2450 -0.7699
vn -0.4953 0.3100 -0.8115
vn -0.5775 0.1263 -0.8065
vn -0.5804 -0.1347 -0.8031
vn 0.7929 0.1652 -0.5865
vn 0.7962 -0.1601 -0.5835
vn 0.9635 0.1226 0.2381
vn 0.9645 -0.1116 0.2394
vn 0.8006 0.1177 0.5875
vn 0.8006 -0.1070 0.5896
vn 0.3156 0.1431 0.9380
vn 0.3165 -0.1356 0.9389
vn -0.6631 0.1535 0.7327
vn 0.5637 -0.1244 0.8165
vn -0.6609 -0.1576 0.7337
vn -0.4505 -0.1597 -0.8784
vn 0.4829 -0.1867 0.8555
vn 0.4829 -0.1866 0.8555
vn 0.4850 0.1889 0.8538
vn 0.4851 0.1890 0.8538
vn -0.4477 0.1558 -0.8805
vn -0.0160 0.1858 -0.9825
vn 0.7742 0.1708 0.6095
vn 0.7825 -0.1668 0.5999
vn -0.0393 -0.1835 -0.9822
vn -0.4504 -0.1597 -0.8784
vn -0.9580 0.1279 -0.2568
vn -0.9568 -0.1389 -0.2554
vn -0.8062 0.1732 0.5657
vn -0.8027 -0.1784 0.5691
vn -0.1957 -0.1379 0.9709
vn 0.5688 0.1335 0.8116
vn 0.5638 -0.1245 0.8165
vn 0.7273 0.1317 0.6736
vn 0.7282 -0.1217 0.6745
vn 0.9746 0.1650 0.1514
vn 0.9770 -0.1544 0.1474
vn -0.9198 0.2484 -0.3038
vn -0.9131 -0.2600 -0.3140
vn -0.5892 0.2448 -0.7700
vn -0.9199 0.2482 -0.3037
vn -0.9133 -0.2596 -0.3139
vn -0.5777 -0.2535 -0.7759
vn 0.4016 -0.3738 -0.8361
vn 0.5241 0.3727 0.7658
vn -0.5233 0.3701 -0.7676
vn -0.7663 0.3734 0.5228
vn -0.9254 0.3726 0.0694
vn 0.7670 0.3695 -0.5246
vn 0.8373 0.3716 0.4011
vn 0.9262 0.3704 -0.0711
vn -0.8366 0.3712 -0.4029
vn 0.5234 -0.3701 0.7675
vn -0.5242 -0.3726 -0.7658
vn -0.7671 -0.3693 0.5246
vn 0.7662 -0.3734 -0.5229
vn 0.8366 -0.3713 0.4029
vn -0.0707 -0.3735 -0.9249
vn 0.9254 -0.3725 -0.0693
vn -0.6522 0.1579 -0.7414
vn -0.6709 -0.1540 -0.7254
vn 0.9896 0.1386 -0.0384
vn 0.7825 -0.1669 0.5999
vn 0.7741 0.1708 0.6095
vn -0.0393 -0.1834 -0.9823
vn -0.8584 0.3102 -0.4086
vn -0.6366 0.3102 -0.7060
vn -0.6697 -0.0000 -0.7426
vn -0.7334 0.5833 -0.3491
vn -0.8904 0.1658 -0.4239
vn -0.6604 0.1658 -0.7324
vn -0.5439 0.5833 -0.6032
vn -0.3443 -0.9244 -0.1639
vn -0.5556 -0.7883 -0.2645
vn -0.4121 -0.7883 -0.4570
vn -0.2554 -0.9244 -0.2832
vn -0.8609 -0.3013 -0.4099
vn -0.6386 -0.3013 -0.7081
vn -0.7547 0.5489 -0.3593
vn -0.5598 0.5489 -0.6208
vn -0.7400 -0.5730 -0.3523
vn -0.5489 -0.5730 -0.6086
vn 0.9294 0.1658 -0.3299
vn 0.7324 0.1658 -0.6604
vn 0.7426 0.0000 -0.6697
vn 0.9424 0.0000 -0.3345
vn -0.3180 0.3102 -0.8959
vn -0.3345 -0.0000 -0.9424
vn -0.3299 0.1658 -0.9294
vn -0.2717 0.5833 -0.7654
vn -0.2058 -0.7883 -0.5799
vn -0.1276 -0.9244 -0.3594
vn -0.3190 -0.3013 -0.8986
vn -0.2796 0.5489 -0.7877
vn -0.2742 -0.5730 -0.7724
vn 0.6604 0.1658 0.7324
vn 0.8904 0.1658 0.4239
vn 0.6697 0.0000 0.7426
vn -0.4239 0.1658 0.8904
vn -0.0508 0.1658 0.9849
vn -0.0516 0.0000 0.9987
vn 0.0423 -0.5730 -0.8185
vn 0.0317 -0.7883 -0.6145
vn 0.0490 0.3102 -0.9494
vn 0.0516 -0.0000 -0.9987
vn 0.0509 0.1658 -0.9849
vn 0.0419 0.5833 -0.8111
vn 0.0197 -0.9244 -0.3808
vn 0.0492 -0.3012 -0.9523
vn 0.0431 0.5489 -0.8348
vn 0.3593 0.5489 -0.7547
vn 0.4086 0.3102 -0.8584
vn 0.3299 0.1658 0.9294
vn 0.3345 -0.0000 0.9424
vn 0.0318 -0.7883 -0.6145
vn 0.3523 -0.5730 -0.7400
vn 0.2645 -0.7883 -0.5556
vn 0.4239 0.1658 -0.8904
vn 0.3491 0.5833 -0.7334
vn 0.1639 -0.9244 -0.3443
vn 0.4099 -0.3012 -0.8610
vn 0.2832 -0.9244 -0.2554
vn 0.7081 -0.3013 -0.6386
vn 0.6087 -0.5729 -0.5489
vn 0.6208 0.5489 -0.5598
vn 0.7060 0.3102 -0.6366
vn 0.4570 -0.7883 -0.4121
vn 0.6032 0.5833 -0.5439
vn 0.8986 -0.3013 -0.3190
vn 0.7654 0.5833 -0.2717
vn 0.7877 0.5489 -0.2796
vn 0.3594 -0.9244 -0.1276
vn 0.7724 -0.5730 -0.2742
vn 0.8959 0.3102 -0.3180
vn -0.9849 0.1658 -0.0509
vn -0.9987 0.0000 -0.0516
vn 0.5799 -0.7883 -0.2058
vn 0.9849 0.1658 0.0509
vn 0.8112 0.5833 0.0419
vn 0.6145 -0.7883 0.0317
vn 0.3808 -0.9244 0.0197
vn 0.9987 0.0000 0.0516
vn 0.9523 -0.3013 0.0492
vn 0.8348 0.5489 0.0431
vn 0.8185 -0.5729 0.0423
vn 0.9494 0.3102 0.0490
vn 0.8584 0.3102 0.4086
vn 0.7334 0.5833 0.3491
vn 0.5556 -0.7883 0.2645
vn 0.3443 -0.9244 0.1639
vn 0.8610 -0.3012 0.4099
vn 0.7547 0.5489 0.3593
vn 0.7400 -0.5730 0.3523
vn 0.5489 -0.5730 0.6086
vn 0.4121 -0.7883 0.4570
vn 0.6366 0.3102 0.7060
vn 0.5439 0.5833 0.6032
vn 0.2554 -0.9244 0.2832
vn 0.6386 -0.3013 0.7081
vn 0.5598 0.5489 0.6208
vn 0.3190 -0.3013 0.8986
vn 0.2742 -0.5730 0.7724
vn 0.2796 0.5489 0.7877
vn 0.3180 0.3102 0.8959
vn -0.7324 0.1658 0.6604
vn -0.7426 0.0000 0.6697
vn 0.2058 -0.7883 0.5799
vn 0.2717 0.5833 0.7654
vn 0.1276 -0.9244 0.3593
vn -0.0419 0.5833 0.8112
vn -0.0431 0.5489 0.8348
vn 0.1275 -0.9244 0.3594
vn -0.0197 -0.9244 0.3808
vn -0.0492 -0.3013 0.9523
vn -0.0423 -0.5729 0.8185
vn -0.0490 0.3102 0.9494
vn 0.2059 -0.7883 0.5799
vn -0.0317 -0.7883 0.6145
vn -0.4099 -0.3013 0.8610
vn -0.3491 0.5833 0.7334
vn -0.3593 0.5489 0.7547
vn -0.1639 -0.9244 0.3443
vn -0.3523 -0.5730 0.7400
vn -0.4086 0.3102 0.8584
vn -0.9293 0.1658 0.3299
vn -0.9424 0.0000 0.3345
vn -0.2645 -0.7883 0.5556
vn -0.6032 0.5833 0.5439
vn -0.4570 -0.7883 0.4121
vn -0.2832 -0.9244 0.2554
vn -0.7081 -0.3013 0.6386
vn -0.6208 0.5489 0.5598
vn -0.6086 -0.5730 0.5489
vn -0.7060 0.3102 0.6366
vn -0.7724 -0.5730 0.2742
vn -0.5799 -0.7883 0.2058
vn -0.8959 0.3102 0.3180
vn -0.7654 0.5833 0.2717
vn -0.3594 -0.9244 0.1276
vn -0.8986 -0.3013 0.3190
vn -0.7877 0.5489 0.2796
vn -0.8348 0.5489 -0.0431
vn -0.9494 0.3102 -0.0490
vn -0.8185 -0.5730 -0.0423
vn -0.6145 -0.7883 -0.0317
vn -0.8112 0.5833 -0.0419
vn -0.3808 -0.9244 -0.0197
vn -0.9523 -0.3013 -0.0492
usemtl modern_ceiling_lamp_01_glass
s 1
f 562/1/1 561/2/2 10/3/3
f 562/1/1 10/3/3 11/4/4
f 556/5/5 555/6/6 3/7/7
f 556/5/5 3/7/7 4/8/8
f 563/9/9 562/1/1 11/4/4
f 563/9/9 11/4/4 12/10/10
f 557/11/11 556/5/5 4/8/8
f 557/11/11 4/8/8 5/12/12
f 564/13/13 563/9/9 12/10/10
f 564/13/13 12/10/10 13/14/14
f 558/15/15 557/11/11 5/12/12
f 558/15/15 5/12/12 6/16/16
f 1407/17/17 564/13/13 13/14/14
f 1407/17/17 13/14/14 1361/18/18
f 559/19/19 558/15/15 6/16/16
f 559/19/19 6/16/16 7/20/20
f 1/21/21 559/19/19 7/20/20
f 1/21/21 7/20/20 8/22/22
f 560/23/23 1/21/21 8/22/22
f 560/23/23 8/22/22 9/24/24
f 561/2/2 560/23/23 9/24/24
f 561/2/2 9/24/24 10/3/3
f 555/6/6 554/25/25 2/26/26
f 555/6/6 2/26/26 3/7/7
f 9/24/24 8/22/22 20/27/27
f 9/24/24 20/27/27 21/28/28
f 10/3/3 9/24/24 21/28/28
f 10/3/3 21/28/28 22/29/29
f 3/7/7 2/26/26 14/30/30
f 3/7/7 14/30/30 15/31/31
f 11/4/4 10/3/3 22/29/29
f 11/4/4 22/29/29 23/32/32
f 4/8/8 3/7/7 15/31/31
f 4/8/8 15/31/31 16/33/33
f 12/10/10 11/4/4 23/32/32
f 12/10/10 23/32/32 24/34/34
f 5/12/12 4/8/8 16/33/33
f 5/12/12 16/33/33 17/35/35
f 13/14/14 12/10/10 24/34/34
f 13/14/14 24/34/34 25/36/36
f 6/16/16 5/12/12 17/35/35
f 6/16/16 17/35/35 18/37/37
f 1361/18/18 13/14/14 25/36/36
f 1361/18/18 25/36/36 1362/38/38
f 7/20/20 6/16/16 18/37/37
f 7/20/20 18/37/37 19/39/39
f 8/22/22 7/20/20 19/39/39
f 8/22/22 19/39/39 20/27/27
f 24/34/34 23/32/32 35/40/40
f 24/34/34 35/40/40 36/41/41
f 17/35/35 16/33/33 28/42/42
f 17/35/35 28/42/42 29/43/43
f 25/36/36 24/34/34 36/41/41
f 25/36/36 36/41/41 37/44/44
f 18/37/37 17/35/35 29/43/43
f 18/37/37 29/43/43 30/45/45
f 1362/38/38 25/36/36 37/44/44
f 1362/38/38 37/44/44 1363/46/46
f 19/39/39 18/37/37 30/45/45
f 19/39/39 30/45/45 31/47/47
f 20/27/27 19/39/39 31/47/47
f 20/27/27 31/47/47 32/48/48
f 21/28/28 20/27/27 32/48/48
f 21/28/28 32/48/48 33/49/49
f 22/29/29 21/28/28 33/49/49
f 22/29/29 33/49/49 34/50/50
f 15/31/31 14/30/30 26/51/51
f 15/31/31 26/51/51 27/52/52
f 23/32/32 22/29/29 34/50/50
f 23/32/32 34/50/50 35/40/40
f 16/33/33 15/31/31 27/52/52
f 16/33/33 27/52/52 28/42/42
f 31/47/47 30/45/45 42/53/53
f 31/47/47 42/53/53 43/54/54
f 32/48/48 31/47/47 43/54/54
f 32/48/48 43/54/54 44/55/55
f 33/49/49 32/48/48 44/55/55
f 33/49/49 44/55/55 45/56/56
f 34/50/50 33/49/49 45/56/56
f 34/50/50 45/56/56 46/57/57
f 27/52/52 26/51/51 38/58/58
f 27/52/52 38/58/58 39/59/59
f 35/40/40 34/50/50 46/57/57
f 35/40/40 46/57/57 47/60/60
f 28/42/42 27/52/52 39/59/59
f 28/42/42 39/59/59 40/61/61
f 36/41/41 35/40/40 47/60/60
f 36/41/41 47/60/60 48/62/62
f 29/43/43 28/42/42 40/61/61
f 29/43/43 40/61/61 41/63/63
f 37/44/44 36/41/41 48/62/62
f 37/44/44 48/62/62 49/64/64
f 30/45/45 29/43/43 41/63/63
f 30/45/45 41/63/63 42/53/53
f 1363/46/46 37/44/44 49/64/64
f 1363/46/46 49/64/64 1364/65/65
f 46/57/57 45/56/56 57/66/66
f 46/57/57 57/66/66 58/67/67
f 39/59/59 38/58/58 50/68/68
f 39/59/59 50/68/68 51/69/69
f 47/60/60 46/57/57 58/67/67
f 47/60/60 58/67/67 59/70/70
f 40/61/61 39/59/59 51/69/69
f 40/61/61 51/69/69 52/71/71
f 48/62/62 47/60/60 59/70/70
f 48/62/62 59/70/70 60/72/72
f 41/63/63 40/61/61 52/71/71
f 41/63/63 52/71/71 53/73/73
f 49/64/64 48/62/62 60/72/72
f 49/64/64 60/72/72 61/74/74
f 42/53/53 41/63/63 53/73/73
f 42/53/53 53/73/73 54/75/75
f 1364/65/65 49/64/64 61/74/74
f 1364/65/65 61/74/74 1365/76/76
f 43/54/54 42/53/53 54/75/75
f 43/54/54 54/75/75 55/77/77
f 44/55/55 43/54/54 55/77/77
f 44/55/55 55/77/77 56/78/78
f 45/56/56 44/55/55 56/78/78
f 45/56/56 56/78/78 57/66/66
f 61/74/74 60/72/72 72/79/79
f 61/74/74 72/79/79 73/80/80
f 54/75/75 53/73/73 65/81/81
f 54/75/75 65/81/81 66/82/82
f 1365/76/76 61/74/74 73/80/80
f 1365/76/76 73/80/80 1366/83/83
f 55/77/77 54/75/75 66/82/82
f 55/77/77 66/82/82 67/84/84
f 56/78/78 55/77/77 67/84/84
f 56/78/78 67/84/84 68/85/85
f 57/66/66 56/78/78 68/85/85
f 57/66/66 68/85/85 69/86/86
f 58/67/67 57/66/66 69/86/86
f 58/67/67 69/86/86 70/87/87
f 51/69/69 50/68/68 62/88/88
f 51/69/69 62/88/88 63/89/89
f 59/70/70 58/67/67 70/87/87
f 59/70/70 70/87/87 71/90/90
f 52/71/71 51/69/69 63/89/89
f 52/71/71 63/89/89 64/91/91
f 60/72/72 59/70/70 71/90/90
f 60/72/72 71/90/90 72/79/79
f 53/73/73 52/71/71 64/91/91
f 53/73/73 64/91/91 65/81/81
f 68/85/85 67/84/84 79/92/92
f 68/85/85 79/92/92 80/93/93
f 69/86/86 68/85/85 80/93/93
f 69/86/86 80/93/93 81/94/94
f 70/87/87 69/86/86 81/94/94
f 70/87/87 81/94/94 82/95/95
f 63/89/89 62/88/88 74/96/96
f 63/89/89 74/96/96 75/97/97
f 71/90/90 70/87/87 82/95/95
f 71/90/90 82/95/95 83/98/98
f 64/91/91 63/89/89 75/97/97
f 64/91/91 75/97/97 76/99/99
f 72/79/79 71/90/90 83/98/98
f 72/79/79 83/98/98 84/100/100
f 65/81/81 64/91/91 76/99/99
f 65/81/81 76/99/99 77/101/101
f 73/80/80 72/79/79 84/100/100
f 73/80/80 84/100/100 85/102/102
f 66/82/82 65/81/81 77/101/101
f 66/82/82 77/101/101 78/103/103
f 1366/83/83 73/80/80 85/102/102
f 1366/83/83 85/102/102 1367/104/104
f 67/84/84 66/82/82 78/103/103
f 67/84/84 78/103/103 79/92/92
f 83/98/98 82/95/95 94/105/105
f 83/98/98 94/105/105 95/106/106
f 76/99/99 75/97/97 87/107/107
f 76/99/99 87/107/107 88/108/108
f 84/100/100 83/98/98 95/106/106
f 84/100/100 95/106/106 96/109/109
f 77/101/101 76/99/99 88/108/108
f 77/101/101 88/108/108 89/110/110
f 85/102/102 84/100/100 96/109/109
f 85/102/102 96/109/109 97/111/111
f 78/103/103 77/101/101 89/110/110
f 78/103/103 89/110/110 90/112/112
f 1367/104/104 85/102/102 97/111/111
f 1367/104/104 97/111/111 1368/113/113
f 79/92/92 78/103/103 90/112/112
f 79/92/92 90/112/112 91/114/114
f 80/93/93 79/92/92 91/114/114
f 80/93/93 91/114/114 92/115/115
f 81/94/94 80/93/93 92/115/115
f 81/94/94 92/115/115 93/116/116
f 82/95/95 81/94/94 93/116/116
f 82/95/95 93/116/116 94/105/105
f 75/97/97 74/96/96 86/117/117
f 75/97/97 86/117/117 87/107/107
f 1368/113/113 97/111/111 109/118/118
f 1368/113/113 109/118/118 1369/119/119
f 91/114/114 90/112/112 102/120/120
f 91/114/114 102/120/120 103/121/121
f 92/115/115 91/114/114 103/121/121
f 92/115/115 103/121/121 104/122/122
f 93/116/116 92/115/115 104/122/122
f 93/116/116 104/122/122 105/123/123
f 94/105/105 93/116/116 105/123/123
f 94/105/105 105/123/123 106/124/124
f 87/107/107 86/117/117 98/125/125
f 87/107/107 98/125/125 99/126/126
f 95/106/106 94/105/105 106/124/124
f 95/106/106 106/124/124 107/127/127
f 88/108/108 87/107/107 99/126/126
f 88/108/108 99/126/126 100/128/128
f 96/109/109 95/106/106 107/127/127
f 96/109/109 107/127/127 108/129/129
f 89/110/110 88/108/108 100/128/128
f 89/110/110 100/128/128 101/130/130
f 97/111/111 96/109/109 108/129/129
f 97/111/111 108/129/129 109/118/118
f 90/112/112 89/110/110 101/130/130
f 90/112/112 101/130/130 102/120/120
f 105/123/123 104/122/122 116/131/131
f 105/123/123 116/131/131 117/132/132
f 106/124/124 105/123/123 117/132/132
f 106/124/124 117/132/132 118/133/133
f 99/126/126 98/125/125 110/134/134
f 99/126/126 110/134/134 111/135/135
f 107/127/127 106/124/124 118/133/133
f 107/127/127 118/133/133 119/136/136
f 100/128/128 99/126/126 111/135/135
f 100/128/128 111/135/135 112/137/137
f 108/129/129 107/127/127 119/136/136
f 108/129/129 119/136/136 120/138/138
f 101/130/130 100/128/128 112/137/137
f 101/130/130 112/137/137 113/139/139
f 109/118/118 108/129/129 120/138/138
f 109/118/118 120/138/138 121/140/140
f 102/120/120 101/130/130 113/139/139
f 102/120/120 113/139/139 114/141/141
f 1369/119/119 109/118/118 121/140/140
f 1369/119/119 121/140/140 1370/142/142
f 103/121/121 102/120/120 114/141/141
f 103/121/121 114/141/141 115/143/143
f 104/122/122 103/121/121 115/143/143
f 104/122/122 115/143/143 116/131/131
f 120/138/138 119/136/136 131/144/144
f 120/138/138 131/144/144 132/145/145
f 113/139/139 112/137/137 124/146/146
f 113/139/139 124/146/146 125/147/147
f 121/140/140 120/138/138 132/145/145
f 121/140/140 132/145/145 133/148/148
f 114/141/141 113/139/139 125/147/147
f 114/141/141 125/147/147 126/149/149
f 1370/142/142 121/140/140 133/148/148
f 1370/142/142 133/148/148 1371/150/150
f 115/143/143 114/141/141 126/149/149
f 115/143/143 126/149/149 127/151/151
f 116/131/131 115/143/143 127/151/151
f 116/131/131 127/151/151 128/152/152
f 117/132/132 116/131/131 128/152/152
f 117/132/132 128/152/152 129/153/153
f 118/133/133 117/132/132 129/153/153
f 118/133/133 129/153/153 130/154/154
f 111/135/135 110/134/134 122/155/155
f 111/135/135 122/155/155 123/156/156
f 119/136/136 118/133/133 130/154/154
f 119/136/136 130/154/154 131/144/144
f 112/137/137 111/135/135 123/156/156
f 112/137/137 123/156/156 124/146/146
f 128/152/152 127/151/151 139/157/157
f 128/152/152 139/157/157 140/158/158
f 129/153/153 128/152/152 140/158/158
f 129/153/153 140/158/158 141/159/159
f 130/154/154 129/153/153 141/159/159
f 130/154/154 141/159/159 142/160/160
f 123/156/156 122/155/155 134/161/161
f 123/156/156 134/161/161 135/162/162
f 131/144/144 130/154/154 142/160/160
f 131/144/144 142/160/160 143/163/163
f 124/146/146 123/156/156 135/162/162
f 124/146/146 135/162/162 136/164/164
f 132/145/145 131/144/144 143/163/163
f 132/145/145 143/163/163 144/165/165
f 125/147/147 124/146/146 136/164/164
f 125/147/147 136/164/164 137/166/166
f 133/148/148 132/145/145 144/165/165
f 133/148/148 144/165/165 145/167/167
f 126/149/149 125/147/147 137/166/166
f 126/149/149 137/166/166 138/168/168
f 1371/150/150 133/148/148 145/167/167
f 1371/150/150 145/167/167 1372/169/169
f 127/151/151 126/149/149 138/168/168
f 127/151/151 138/168/168 139/157/157
f 142/160/160 141/159/159 153/170/170
f 142/160/160 153/170/170 154/171/171
f 135/162/162 134/161/161 146/172/172
f 135/162/162 146/172/172 147/173/173
f 143/163/163 142/160/160 154/171/171
f 143/163/163 154/171/171 155/174/174
f 136/164/164 135/162/162 147/173/173
f 136/164/164 147/173/173 148/175/175
f 144/165/165 143/163/163 155/174/174
f 144/165/165 155/174/174 156/176/176
f 137/166/166 136/164/164 148/175/175
f 137/166/166 148/175/175 149/177/177
f 145/167/167 144/165/165 156/176/176
f 145/167/167 156/176/176 157/178/178
f 138/168/168 137/166/166 149/177/177
f 138/168/168 149/177/177 150/179/179
f 1372/169/169 145/167/167 157/178/178
f 1372/169/169 157/178/178 1373/180/180
f 139/157/157 138/168/168 150/179/179
f 139/157/157 150/179/179 151/181/181
f 140/158/158 139/157/157 151/181/181
f 140/158/158 151/181/181 152/182/182
f 141/159/159 140/158/158 152/182/182
f 141/159/159 152/182/182 153/170/170
f 157/178/178 156/176/176 168/183/183
f 157/178/178 168/183/183 169/184/184
f 150/179/179 149/177/177 161/185/185
f 150/179/179 161/185/185 162/186/186
f 1373/180/180 157/178/178 169/184/184
f 1373/180/180 169/184/184 1374/187/187
f 151/181/181 150/179/179 162/186/186
f 151/181/181 162/186/186 163/188/188
f 152/182/182 151/181/181 163/188/188
f 152/182/182 163/188/188 164/189/189
f 153/170/170 152/182/182 164/189/189
f 153/170/170 164/189/189 165/190/190
f 154/171/171 153/170/170 165/190/190
f 154/171/171 165/190/190 166/191/191
f 147/173/173 146/172/172 158/192/192
f 147/173/173 158/192/192 159/193/193
f 155/174/174 154/171/171 166/191/191
f 155/174/174 166/191/191 167/194/194
f 148/175/175 147/173/173 159/193/193
f 148/175/175 159/193/193 160/195/195
f 156/176/176 155/174/174 167/194/194
f 156/176/176 167/194/194 168/183/183
f 149/177/177 148/175/175 160/195/195
f 149/177/177 160/195/195 161/185/185
f 165/190/190 164/189/189 176/196/196
f 165/190/190 176/196/196 177/197/197
f 166/191/191 165/190/190 177/197/197
f 166/191/191 177/197/197 178/198/198
f 159/193/193 158/192/192 170/199/199
f 159/193/193 170/199/199 171/200/200
f 167/194/194 166/191/191 178/198/198
f 167/194/194 178/198/198 179/201/201
f 160/195/195 159/193/193 171/200/200
f 160/195/195 171/200/200 172/202/202
f 168/183/183 167/194/194 179/201/201
f 168/183/183 179/201/201 180/203/203
f 161/185/185 160/195/195 172/202/202
f 161/185/185 172/202/202 173/204/204
f 169/184/184 168/183/183 180/203/203
f 169/184/184 180/203/203 181/205/205
f 162/186/186 161/185/185 173/204/204
f 162/186/186 173/204/204 174/206/206
f 1374/187/187 169/184/184 181/205/205
f 1374/187/187 181/205/205 1375/207/207
f 163/188/188 162/186/186 174/206/206
f 163/188/188 174/206/206 175/208/208
f 164/189/189 163/188/188 175/208/208
f 164/189/189 175/208/208 176/196/196
f 179/201/201 178/198/198 190/209/209
f 179/201/201 190/209/209 191/210/210
f 172/202/202 171/200/200 183/211/211
f 172/202/202 183/211/211 184/212/212
f 180/203/203 179/201/201 191/210/210
f 180/203/203 191/210/210 192/213/213
f 173/204/204 172/202/202 184/212/212
f 173/204/204 184/212/212 185/214/214
f 181/205/205 180/203/203 192/213/213
f 181/205/205 192/213/213 193/215/215
f 174/206/206 173/204/204 185/214/214
f 174/206/206 185/214/214 186/216/216
f 1375/207/207 181/205/205 193/215/215
f 1375/207/207 193/215/215 1376/217/217
f 175/208/208 174/206/206 186/216/216
f 175/208/208 186/216/216 187/218/218
f 176/196/196 175/208/208 187/218/218
f 176/196/196 187/218/218 188/219/219
f 177/197/197 176/196/196 188/219/219
f 177/197/197 188/219/219 189/220/220
f 178/198/198 177/197/197 189/220/220
f 178/198/198 189/220/220 190/209/209
f 171/200/200 170/199/199 182/221/221
f 171/200/200 182/221/221 183/211/211
f 1376/217/217 193/215/215 205/222/222
f 1376/217/217 205/222/222 1377/223/223
f 187/218/218 186/216/216 198/224/224
f 187/218/218 198/224/224 199/225/225
f 188/219/219 187/218/218 199/225/225
f 188/219/219 199/225/225 200/226/226
f 189/220/220 188/219/219 200/226/226
f 189/220/220 200/226/226 201/227/227
f 190/209/209 189/220/220 201/227/227
f 190/209/209 201/227/227 202/228/228
f 183/211/211 182/221/221 194/229/229
f 183/211/211 194/229/229 195/230/230
f 191/210/210 190/209/209 202/228/228
f 191/210/210 202/228/228 203/231/231
f 184/212/212 183/211/211 195/230/230
f 184/212/212 195/230/230 196/232/232
f 192/213/213 191/210/210 203/231/231
f 192/213/213 203/231/231 204/233/233
f 185/214/214 184/212/212 196/232/232
f 185/214/214 196/232/232 197/234/234
f 193/215/215 192/213/213 204/233/233
f 193/215/215 204/233/233 205/222/222
f 186/216/216 185/214/214 197/234/234
f 186/216/216 197/234/234 198/224/224
f 202/228/228 201/227/227 213/235/235
f 202/228/228 213/235/235 214/236/236
f 195/230/230 194/229/229 206/237/237
f 195/230/230 206/237/237 207/238/238
f 203/231/231 202/228/228 214/236/236
f 203/231/231 214/236/236 215/239/239
f 196/232/232 195/230/230 207/238/238
f 196/232/232 207/238/238 208/240/240
f 204/233/233 203/231/231 215/239/239
f 204/233/233 215/239/239 216/241/241
f 197/234/234 196/232/232 208/240/240
f 197/234/234 208/240/240 209/242/242
f 205/222/222 204/233/233 216/241/241
f 205/222/222 216/241/241 217/243/243
f 198/224/224 197/234/234 209/242/242
f 198/224/224 209/242/242 210/244/244
f 1377/223/223 205/222/222 217/243/243
f 1377/223/223 217/243/243 1378/245/245
f 199/225/225 198/224/224 210/244/244
f 199/225/225 210/244/244 211/246/246
f 200/226/226 199/225/225 211/246/246
f 200/226/226 211/246/246 212/247/247
f 201/227/227 200/226/226 212/247/247
f 201/227/227 212/247/247 213/235/235
f 216/241/241 215/239/239 227/248/248
f 216/241/241 227/248/248 228/249/249
f 209/242/242 208/240/240 220/250/250
f 209/242/242 220/250/250 221/251/251
f 217/243/243 216/241/241 228/249/249
f 217/243/243 228/249/249 229/252/252
f 210/244/244 209/242/242 221/251/251
f 210/244/244 221/251/251 222/253/253
f 1378/245/245 217/243/243 229/252/252
f 1378/245/245 229/252/252 1379/254/254
f 211/246/246 210/244/244 222/253/253
f 211/246/246 222/253/253 223/255/255
f 212/247/247 211/246/246 223/255/255
f 212/247/247 223/255/255 224/256/256
f 213/235/235 212/247/247 224/256/256
f 213/235/235 224/256/256 225/257/257
f 214/236/236 213/235/235 225/257/257
f 214/236/236 225/257/257 226/258/258
f 207/238/238 206/237/237 218/259/259
f 207/238/238 218/259/259 219/260/260
f 215/239/239 214/236/236 226/258/258
f 215/239/239 226/258/258 227/248/248
f 208/240/240 207/238/238 219/260/260
f 208/240/240 219/260/260 220/250/250
f 224/256/256 223/255/255 235/261/261
f 224/256/256 235/261/261 236/262/262
f 225/257/257 224/256/256 236/262/262
f 225/257/257 236/262/262 237/263/263
f 226/258/258 225/257/257 237/263/263
f 226/258/258 237/263/263 238/264/264
f 219/260/260 218/259/259 230/265/265
f 219/260/260 230/265/265 231/266/266
f 227/248/248 226/258/258 238/264/264
f 227/248/248 238/264/264 239/267/267
f 220/250/250 219/260/260 231/266/266
f 220/250/250 231/266/266 232/268/268
f 228/249/249 227/248/248 239/267/267
f 228/249/249 239/267/267 240/269/269
f 221/251/251 220/250/250 232/268/268
f 221/251/251 232/268/268 233/270/270
f 229/252/252 228/249/249 240/269/269
f 229/252/252 240/269/269 241/271/271
f 222/253/253 221/251/251 233/270/270
f 222/253/253 233/270/270 234/272/272
f 1379/254/254 229/252/252 241/271/271
f 1379/254/254 241/271/271 1380/273/273
f 223/255/255 222/253/253 234/272/272
f 223/255/255 234/272/272 235/261/261
f 231/266/266 230/265/265 242/274/274
f 231/266/266 242/274/274 243/275/275
f 239/267/267 238/264/264 250/276/276
f 239/267/267 250/276/276 251/277/277
f 232/268/268 231/266/266 243/275/275
f 232/268/268 243/275/275 244/278/278
f 240/269/269 239/267/267 251/277/277
f 240/269/269 251/277/277 252/279/279
f 233/270/270 232/268/268 244/278/278
f 233/270/270 244/278/278 245/280/280
f 241/271/271 240/269/269 252/279/279
f 241/271/271 252/279/279 253/281/281
f 234/272/272 233/270/270 245/280/280
f 234/272/272 245/280/280 246/282/282
f 1380/273/273 241/271/271 253/281/281
f 1380/273/273 253/281/281 1381/283/283
f 235/261/261 234/272/272 246/282/282
f 235/261/261 246/282/282 247/284/284
f 236/262/262 235/261/261 247/284/284
f 236/262/262 247/284/284 248/285/285
f 237/263/263 236/262/262 248/285/285
f 237/263/263 248/285/285 249/286/286
f 238/264/264 237/263/263 249/286/286
f 238/264/264 249/286/286 250/276/276
f 253/281/281 252/279/279 264/287/287
f 253/281/281 264/287/287 265/288/288
f 246/282/282 245/280/280 257/289/289
f 246/282/282 257/289/289 258/290/290
f 1381/283/283 253/281/281 265/288/288
f 1381/283/283 265/288/288 1382/291/291
f 247/284/284 246/282/282 258/290/290
f 247/284/284 258/290/290 259/292/292
f 248/285/285 247/284/284 259/292/292
f 248/285/285 259/292/292 260/293/293
f 249/286/286 248/285/285 260/293/293
f 249/286/286 260/293/293 261/294/294
f 250/276/276 249/286/286 261/294/294
f 250/276/276 261/294/294 262/295/295
f 243/275/275 242/274/274 254/296/296
f 243/275/275 254/296/296 255/297/297
f 251/277/277 250/276/276 262/295/295
f 251/277/277 262/295/295 263/298/298
f 244/278/278 243/275/275 255/297/297
f 244/278/278 255/297/297 256/299/299
f 252/279/279 251/277/277 263/298/298
f 252/279/279 263/298/298 264/287/287
f 245/280/280 244/278/278 256/299/299
f 245/280/280 256/299/299 257/289/289
f 261/294/294 260/293/293 272/300/300
f 261/294/294 272/300/300 273/301/301
f 262/295/295 261/294/294 273/301/301
f 262/295/295 273/301/301 274/302/302
f 255/297/297 254/296/296 266/303/303
f 255/297/297 266/303/303 267/304/304
f 263/298/298 262/295/295 274/302/302
f 263/298/298 274/302/302 275/305/305
f 256/299/299 255/297/297 267/304/304
f 256/299/299 267/304/304 268/306/306
f 264/287/287 263/298/298 275/305/305
f 264/287/287 275/305/305 276/307/307
f 257/289/289 256/299/299 268/306/306
f 257/289/289 268/306/306 269/308/308
f 265/288/288 264/287/287 276/307/307
f 265/288/288 276/307/307 277/309/309
f 258/290/290 257/289/289 269/308/308
f 258/290/290 269/308/308 270/310/310
f 1382/291/291 265/288/288 277/309/309
f 1382/291/291 277/309/309 1383/311/311
f 259/292/292 258/290/290 270/310/310
f 259/292/292 270/310/310 271/312/312
f 260/293/293 259/292/292 271/312/312
f 260/293/293 271/312/312 272/300/300
f 268/306/306 267/304/304 279/313/313
f 268/306/306 279/313/313 280/314/314
f 276/307/307 275/305/305 287/315/315
f 276/307/307 287/315/315 288/316/316
f 269/308/308 268/306/306 280/314/314
f 269/308/308 280/314/314 281/317/317
f 277/309/309 276/307/307 288/316/316
f 277/309/309 288/316/316 289/318/318
f 270/310/310 269/308/308 281/317/317
f 270/310/310 281/317/317 282/319/319
f 1383/311/311 277/309/309 289/318/318
f 1383/311/311 289/318/318 1384/320/320
f 271/312/312 270/310/310 282/319/319
f 271/312/312 282/319/319 283/321/321
f 272/300/300 271/312/312 283/321/321
f 272/300/300 283/321/321 284/322/322
f 273/301/301 272/300/300 284/322/322
f 273/301/301 284/322/322 285/323/323
f 274/302/302 273/301/301 285/323/323
f 274/302/302 285/323/323 286/324/324
f 267/304/304 266/303/303 278/325/325
f 267/304/304 278/325/325 279/313/313
f 275/305/305 274/302/302 286/324/324
f 275/305/305 286/324/324 287/315/315
f 1384/320/320 289/318/318 301/326/326
f 1384/320/320 301/326/326 1385/327/327
f 283/321/321 282/319/319 294/328/328
f 283/321/321 294/328/328 295/329/329
f 284/322/322 283/321/321 295/329/329
f 284/322/322 295/329/329 296/330/330
f 285/323/323 284/322/322 296/330/330
f 285/323/323 296/330/330 297/331/331
f 286/324/324 285/323/323 297/331/331
f 286/324/324 297/331/331 298/332/332
f 279/313/313 278/325/325 290/333/333
f 279/313/313 290/333/333 291/334/334
f 287/315/315 286/324/324 298/332/332
f 287/315/315 298/332/332 299/335/335
f 280/314/314 279/313/313 291/334/334
f 280/314/314 291/334/334 292/336/336
f 288/316/316 287/315/315 299/335/335
f 288/316/316 299/335/335 300/337/337
f 281/317/317 280/314/314 292/336/336
f 281/317/317 292/336/336 293/338/338
f 289/318/318 288/316/316 300/337/337
f 289/318/318 300/337/337 301/326/326
f 282/319/319 281/317/317 293/338/338
f 282/319/319 293/338/338 294/328/328
f 298/332/332 297/331/331 309/339/339
f 298/332/332 309/339/339 310/340/340
f 291/334/334 290/333/333 302/341/341
f 291/334/334 302/341/341 303/342/342
f 299/335/335 298/332/332 310/340/340
f 299/335/335 310/340/340 311/343/343
f 292/336/336 291/334/334 303/342/342
f 292/336/336 303/342/342 304/344/344
f 300/337/337 299/335/335 311/343/343
f 300/337/337 311/343/343 312/345/345
f 293/338/338 292/336/336 304/344/344
f 293/338/338 304/344/344 305/346/346
f 301/326/326 300/337/337 312/345/345
f 301/326/326 312/345/345 313/347/347
f 294/328/328 293/338/338 305/346/346
f 294/328/328 305/346/346 306/348/348
f 1385/327/327 301/326/326 313/347/347
f 1385/327/327 313/347/347 1386/349/349
f 295/329/329 294/328/328 306/348/348
f 295/329/329 306/348/348 307/350/350
f 296/330/330 295/329/329 307/350/350
f 296/330/330 307/350/350 308/351/351
f 297/331/331 296/330/330 308/351/351
f 297/331/331 308/351/351 309/339/339
f 305/346/346 304/344/344 316/352/352
f 305/346/346 316/352/352 317/353/353
f 313/347/347 312/345/345 324/354/354
f 313/347/347 324/354/354 325/355/355
f 306/348/348 305/346/346 317/353/353
f 306/348/348 317/353/353 318/356/356
f 1386/349/349 313/347/347 325/355/355
f 1386/349/349 325/355/355 1387/357/357
f 307/350/350 306/348/348 318/356/356
f 307/350/350 318/356/356 319/358/358
f 308/351/351 307/350/350 319/358/358
f 308/351/351 319/358/358 320/359/359
f 309/339/339 308/351/351 320/359/359
f 309/339/339 320/359/359 321/360/360
f 310/340/340 309/339/339 321/360/360
f 310/340/340 321/360/360 322/361/361
f 303/342/342 302/341/341 314/362/362
f 303/342/342 314/362/362 315/363/363
f 311/343/343 310/340/340 322/361/361
f 311/343/343 322/361/361 323/364/364
f 304/344/344 303/342/342 315/363/363
f 304/344/344 315/363/363 316/352/352
f 312/345/345 311/343/343 323/364/364
f 312/345/345 323/364/364 324/354/354
f 320/359/359 319/358/358 331/365/365
f 320/359/359 331/365/365 332/366/366
f 321/360/360 320/359/359 332/366/366
f 321/360/360 332/366/366 333/367/367
f 322/361/361 321/360/360 333/367/367
f 322/361/361 333/367/367 334/368/368
f 315/363/363 314/362/362 326/369/369
f 315/363/363 326/369/369 327/370/370
f 323/364/364 322/361/361 334/368/368
f 323/364/364 334/368/368 335/371/371
f 316/352/352 315/363/363 327/370/370
f 316/352/352 327/370/370 328/372/372
f 324/354/354 323/364/364 335/371/371
f 324/354/354 335/371/371 336/373/373
f 317/353/353 316/352/352 328/372/372
f 317/353/353 328/372/372 329/374/374
f 325/355/355 324/354/354 336/373/373
f 325/355/355 336/373/373 337/375/375
f 318/356/356 317/353/353 329/374/374
f 318/356/356 329/374/374 330/376/376
f 1387/357/357 325/355/355 337/375/375
f 1387/357/357 337/375/375 1388/377/377
f 319/358/358 318/356/356 330/376/376
f 319/358/358 330/376/376 331/365/365
f 327/370/370 326/369/369 338/378/378
f 327/370/370 338/378/378 339/379/379
f 335/371/371 334/368/368 346/380/380
f 335/371/371 346/380/380 347/381/381
f 328/372/372 327/370/370 339/379/379
f 328/372/372 339/379/379 340/382/382
f 336/373/373 335/371/371 347/381/381
f 336/373/373 347/381/381 348/383/383
f 329/374/374 328/372/372 340/382/382
f 329/374/374 340/382/382 341/384/384
f 337/375/375 336/373/373 348/383/383
f 337/375/375 348/383/383 349/385/385
f 330/376/376 329/374/374 341/384/384
f 330/376/376 341/384/384 342/386/386
f 1388/377/377 337/375/375 349/385/385
f 1388/377/377 349/385/385 1389/387/387
f 331/365/365 330/376/376 342/386/386
f 331/365/365 342/386/386 343/388/388
f 332/366/366 331/365/365 343/388/388
f 332/366/366 343/388/388 344/389/389
f 333/367/367 332/366/366 344/389/389
f 333/367/367 344/389/389 345/390/390
f 334/368/368 333/367/367 345/390/390
f 334/368/368 345/390/390 346/380/380
f 342/386/386 341/384/384 353/391/391
f 342/386/386 353/391/391 354/392/392
f 1389/387/387 349/385/385 361/393/393
f 1389/387/387 361/393/393 1390/394/394
f 343/388/388 342/386/386 354/392/392
f 343/388/388 354/392/392 355/395/395
f 344/389/389 343/388/388 355/395/395
f 344/389/389 355/395/395 356/396/396
f 345/390/390 344/389/389 356/396/396
f 345/390/390 356/396/396 357/397/397
f 346/380/380 345/390/390 357/397/397
f 346/380/380 357/397/397 358/398/398
f 339/379/379 338/378/378 350/399/399
f 339/379/379 350/399/399 351/400/400
f 347/381/381 346/380/380 358/398/398
f 347/381/381 358/398/398 359/401/401
f 340/382/382 339/379/379 351/400/400
f 340/382/382 351/400/400 352/402/402
f 348/383/383 347/381/381 359/401/401
f 348/383/383 359/401/401 360/403/403
f 341/384/384 340/382/382 352/402/402
f 341/384/384 352/402/402 353/391/391
f 349/385/385 348/383/383 360/403/403
f 349/385/385 360/403/403 361/393/393
f 357/397/397 356/396/396 374/404/404
f 357/397/397 374/404/404 377/405/405
f 358/398/398 357/397/397 377/405/405
f 358/398/398 377/405/405 379/406/406
f 351/400/400 350/399/399 362/407/407
f 351/400/400 362/407/407 364/408/408
f 359/401/401 358/398/398 379/406/406
f 359/401/401 379/406/406 381/409/409
f 352/402/402 351/400/400 364/408/408
f 352/402/402 364/408/408 366/410/410
f 360/403/403 359/401/401 381/409/409
f 360/403/403 381/409/409 383/411/411
f 353/391/391 352/402/402 366/410/410
f 353/391/391 366/410/410 368/412/412
f 361/393/393 360/403/403 383/411/411
f 361/393/393 383/411/411 385/413/413
f 354/392/392 353/391/391 368/412/412
f 354/392/392 368/412/412 370/414/414
f 1390/394/394 361/393/393 385/413/413
f 1390/394/394 385/413/413 1392/415/415
f 355/395/395 354/392/392 370/414/414
f 355/395/395 370/414/414 372/416/416
f 356/396/396 355/395/395 372/416/416
f 356/396/396 372/416/416 374/404/404
f 367/417/410 365/418/408 387/419/417
f 367/417/410 387/419/417 388/420/418
f 382/421/411 380/422/409 395/423/419
f 382/421/411 395/423/419 396/424/420
f 369/425/412 367/417/410 388/420/418
f 369/425/412 388/420/418 389/426/421
f 384/427/413 382/421/411 396/424/420
f 384/427/413 396/424/420 397/428/422
f 371/429/414 369/425/412 389/426/421
f 371/429/414 389/426/421 390/430/423
f 1391/431/415 384/427/413 397/428/422
f 1391/431/415 397/428/422 1393/432/424
f 373/433/416 371/429/414 390/430/423
f 373/433/416 390/430/423 391/434/425
f 375/435/426 373/433/416 391/434/425
f 375/435/426 391/434/425 392/436/427
f 376/437/405 375/435/426 392/436/427
f 376/437/405 392/436/427 393/438/428
f 378/439/406 376/437/405 393/438/428
f 378/439/406 393/438/428 394/440/429
f 365/418/408 363/441/430 386/442/431
f 365/418/408 386/442/431 387/419/417
f 380/422/409 378/439/406 394/440/429
f 380/422/409 394/440/429 395/423/419
f 391/434/425 390/430/423 402/443/432
f 391/434/425 402/443/432 403/444/433
f 392/436/427 391/434/425 403/444/433
f 392/436/427 403/444/433 404/445/434
f 393/438/428 392/436/427 404/445/434
f 393/438/428 404/445/434 405/446/435
f 394/440/429 393/438/428 405/446/435
f 394/440/429 405/446/435 406/447/436
f 387/419/417 386/442/431 398/448/437
f 387/419/417 398/448/437 399/449/438
f 395/423/419 394/440/429 406/447/436
f 395/423/419 406/447/436 407/450/439
f 388/420/418 387/419/417 399/449/438
f 388/420/418 399/449/438 400/451/440
f 396/424/420 395/423/419 407/450/439
f 396/424/420 407/450/439 408/452/441
f 389/426/421 388/420/418 400/451/440
f 389/426/421 400/451/440 401/453/442
f 397/428/422 396/424/420 408/452/441
f 397/428/422 408/452/441 409/454/443
f 390/430/423 389/426/421 401/453/442
f 390/430/423 401/453/442 402/443/432
f 1393/432/424 397/428/422 409/454/443
f 1393/432/424 409/454/443 1394/455/444
f 406/447/436 405/446/435 417/456/445
f 406/447/436 417/456/445 418/457/446
f 399/449/438 398/448/437 410/458/447
f 399/449/438 410/458/447 411/459/448
f 407/450/439 406/447/436 418/457/446
f 407/450/439 418/457/446 419/460/449
f 400/451/440 399/449/438 411/459/448
f 400/451/440 411/459/448 412/461/450
f 408/452/441 407/450/439 419/460/449
f 408/452/441 419/460/449 420/462/451
f 401/453/442 400/451/440 412/461/450
f 401/453/442 412/461/450 413/463/452
f 409/454/443 408/452/441 420/462/451
f 409/454/443 420/462/451 421/464/453
f 402/443/432 401/453/442 413/463/452
f 402/443/432 413/463/452 414/465/454
f 1394/455/444 409/454/443 421/464/453
f 1394/455/444 421/464/453 1395/466/455
f 403/444/433 402/443/432 414/465/454
f 403/444/433 414/465/454 415/467/456
f 404/445/434 403/444/433 415/467/456
f 404/445/434 415/467/456 416/468/457
f 405/446/435 404/445/434 416/468/457
f 405/446/435 416/468/457 417/456/445
f 420/462/451 419/460/449 431/469/458
f 420/462/451 431/469/458 432/470/459
f 413/463/452 412/461/450 424/471/460
f 413/463/452 424/471/460 425/472/461
f 421/464/453 420/462/451 432/470/459
f 421/464/453 432/470/459 433/473/462
f 414/465/454 413/463/452 425/472/461
f 414/465/454 425/472/461 426/474/463
f 1395/466/455 421/464/453 433/473/462
f 1395/466/455 433/473/462 1396/475/464
f 415/467/456 414/465/454 426/474/463
f 415/467/456 426/474/463 427/476/465
f 416/468/457 415/467/456 427/476/465
f 416/468/457 427/476/465 428/477/466
f 417/456/445 416/468/457 428/477/466
f 417/456/445 428/477/466 429/478/467
f 418/457/446 417/456/445 429/478/467
f 418/457/446 429/478/467 430/479/468
f 411/459/448 410/458/447 422/480/469
f 411/459/448 422/480/469 423/481/470
f 419/460/449 418/457/446 430/479/468
f 419/460/449 430/479/468 431/469/458
f 412/461/450 411/459/448 423/481/470
f 412/461/450 423/481/470 424/471/460
f 427/476/465 426/474/463 438/482/471
f 427/476/465 438/482/471 439/483/472
f 428/477/466 427/476/465 439/483/472
f 428/477/466 439/483/472 440/484/473
f 429/478/467 428/477/466 440/484/473
f 429/478/467 440/484/473 441/485/474
f 430/479/468 429/478/467 441/485/474
f 430/479/468 441/485/474 442/486/475
f 423/481/470 422/480/469 434/487/476
f 423/481/470 434/487/476 435/488/477
f 431/469/458 430/479/468 442/486/475
f 431/469/458 442/486/475 443/489/478
f 424/471/460 423/481/470 435/488/477
f 424/471/460 435/488/477 436/490/479
f 432/470/459 431/469/458 443/489/478
f 432/470/459 443/489/478 444/491/480
f 425/472/461 424/471/460 436/490/479
f 425/472/461 436/490/479 437/492/481
f 433/473/462 432/470/459 444/491/480
f 433/473/462 444/491/480 445/493/482
f 426/474/463 425/472/461 437/492/481
f 426/474/463 437/492/481 438/482/471
f 1396/475/464 433/473/462 445/493/482
f 1396/475/464 445/493/482 1397/494/483
f 442/486/475 441/485/474 453/495/484
f 442/486/475 453/495/484 454/496/485
f 435/488/477 434/487/476 446/497/486
f 435/488/477 446/497/486 447/498/487
f 443/489/478 442/486/475 454/496/485
f 443/489/478 454/496/485 455/499/488
f 436/490/479 435/488/477 447/498/487
f 436/490/479 447/498/487 448/500/489
f 444/491/480 443/489/478 455/499/488
f 444/491/480 455/499/488 456/501/490
f 437/492/481 436/490/479 448/500/489
f 437/492/481 448/500/489 449/502/491
f 445/493/482 444/491/480 456/501/490
f 445/493/482 456/501/490 457/503/492
f 438/482/471 437/492/481 449/502/491
f 438/482/471 449/502/491 450/504/493
f 1397/494/483 445/493/482 457/503/492
f 1397/494/483 457/503/492 1398/505/494
f 439/483/472 438/482/471 450/504/493
f 439/483/472 450/504/493 451/506/495
f 440/484/473 439/483/472 451/506/495
f 440/484/473 451/506/495 452/507/496
f 441/485/474 440/484/473 452/507/496
f 441/485/474 452/507/496 453/495/484
f 457/503/492 456/501/490 468/508/497
f 457/503/492 468/508/497 469/509/498
f 450/504/493 449/502/491 461/510/499
f 450/504/493 461/510/499 462/511/500
f 1398/505/494 457/503/492 469/509/498
f 1398/505/494 469/509/498 1399/512/501
f 451/506/495 450/504/493 462/511/500
f 451/506/495 462/511/500 463/513/502
f 452/507/496 451/506/495 463/513/502
f 452/507/496 463/513/502 464/514/503
f 453/495/484 452/507/496 464/514/503
f 453/495/484 464/514/503 465/515/504
f 454/496/485 453/495/484 465/515/504
f 454/496/485 465/515/504 466/516/505
f 447/498/487 446/497/486 458/517/506
f 447/498/487 458/517/506 459/518/507
f 455/499/488 454/496/485 466/516/505
f 455/499/488 466/516/505 467/519/508
f 448/500/489 447/498/487 459/518/507
f 448/500/489 459/518/507 460/520/509
f 456/501/490 455/499/488 467/519/508
f 456/501/490 467/519/508 468/508/497
f 449/502/491 448/500/489 460/520/509
f 449/502/491 460/520/509 461/510/499
f 464/514/503 463/513/502 475/521/510
f 464/514/503 475/521/510 476/522/511
f 465/515/504 464/514/503 476/522/511
f 465/515/504 476/522/511 477/523/512
f 466/516/505 465/515/504 477/523/512
f 466/516/505 477/523/512 478/524/513
f 459/518/507 458/517/506 470/525/514
f 459/518/507 470/525/514 471/526/515
f 467/519/508 466/516/505 478/524/513
f 467/519/508 478/524/513 479/527/516
f 460/520/509 459/518/507 471/526/515
f 460/520/509 471/526/515 472/528/517
f 468/508/497 467/519/508 479/527/516
f 468/508/497 479/527/516 480/529/518
f 461/510/499 460/520/509 472/528/517
f 461/510/499 472/528/517 473/530/519
f 469/509/498 468/508/497 480/529/518
f 469/509/498 480/529/518 481/531/520
f 462/511/500 461/510/499 473/530/519
f 462/511/500 473/530/519 474/532/521
f 1399/512/501 469/509/498 481/531/520
f 1399/512/501 481/531/520 1400/533/522
f 463/513/502 462/511/500 474/532/521
f 463/513/502 474/532/521 475/521/510
f 479/527/516 478/524/513 490/534/523
f 479/527/516 490/534/523 491/535/524
f 472/528/517 471/526/515 483/536/525
f 472/528/517 483/536/525 484/537/526
f 480/529/518 479/527/516 491/535/524
f 480/529/518 491/535/524 492/538/527
f 473/530/519 472/528/517 484/537/526
f 473/530/519 484/537/526 485/539/528
f 481/531/520 480/529/518 492/538/527
f 481/531/520 492/538/527 493/540/529
f 474/532/521 473/530/519 485/539/528
f 474/532/521 485/539/528 486/541/530
f 1400/533/522 481/531/520 493/540/529
f 1400/533/522 493/540/529 1401/542/531
f 475/521/510 474/532/521 486/541/530
f 475/521/510 486/541/530 487/543/532
f 476/522/511 475/521/510 487/543/532
f 476/522/511 487/543/532 488/544/533
f 477/523/512 476/522/511 488/544/533
f 477/523/512 488/544/533 489/545/534
f 478/524/513 477/523/512 489/545/534
f 478/524/513 489/545/534 490/534/523
f 471/526/515 470/525/514 482/546/535
f 471/526/515 482/546/535 483/536/525
f 1401/542/531 493/540/529 505/547/536
f 1401/542/531 505/547/536 1402/548/537
f 487/543/532 486/541/530 498/549/538
f 487/543/532 498/549/538 499/550/539
f 488/544/533 487/543/532 499/550/539
f 488/544/533 499/550/539 500/551/540
f 489/545/534 488/544/533 500/551/540
f 489/545/534 500/551/540 501/552/541
f 490/534/523 489/545/534 501/552/541
f 490/534/523 501/552/541 502/553/542
f 483/536/525 482/546/535 494/554/543
f 483/536/525 494/554/543 495/555/544
f 491/535/524 490/534/523 502/553/542
f 491/535/524 502/553/542 503/556/545
f 484/537/526 483/536/525 495/555/544
f 484/537/526 495/555/544 496/557/546
f 492/538/527 491/535/524 503/556/545
f 492/538/527 503/556/545 504/558/547
f 485/539/528 484/537/526 496/557/546
f 485/539/528 496/557/546 497/559/548
f 493/540/529 492/538/527 504/558/547
f 493/540/529 504/558/547 505/547/536
f 486/541/530 485/539/528 497/559/548
f 486/541/530 497/559/548 498/549/538
f 501/552/541 500/551/540 512/560/549
f 501/552/541 512/560/549 513/561/550
f 502/553/542 501/552/541 513/561/550
f 502/553/542 513/561/550 514/562/551
f 495/555/544 494/554/543 506/563/552
f 495/555/544 506/563/552 507/564/553
f 503/556/545 502/553/542 514/562/551
f 503/556/545 514/562/551 515/565/554
f 496/557/546 495/555/544 507/564/553
f 496/557/546 507/564/553 508/566/555
f 504/558/547 503/556/545 515/565/554
f 504/558/547 515/565/554 516/567/556
f 497/559/548 496/557/546 508/566/555
f 497/559/548 508/566/555 509/568/557
f 505/547/536 504/558/547 516/567/556
f 505/547/536 516/567/556 517/569/558
f 498/549/538 497/559/548 509/568/557
f 498/549/538 509/568/557 510/570/559
f 1402/548/537 505/547/536 517/569/558
f 1402/548/537 517/569/558 1403/571/560
f 499/550/539 498/549/538 510/570/559
f 499/550/539 510/570/559 511/572/561
f 500/551/540 499/550/539 511/572/561
f 500/551/540 511/572/561 512/560/549
f 516/567/556 515/565/554 527/573/562
f 516/567/556 527/573/562 528/574/563
f 509/568/557 508/566/555 520/575/564
f 509/568/557 520/575/564 521/576/565
f 517/569/558 516/567/556 528/574/563
f 517/569/558 528/574/563 529/577/566
f 510/570/559 509/568/557 521/576/565
f 510/570/559 521/576/565 522/578/567
f 1403/571/560 517/569/558 529/577/566
f 1403/571/560 529/577/566 1404/579/568
f 511/572/561 510/570/559 522/578/567
f 511/572/561 522/578/567 523/580/569
f 512/560/549 511/572/561 523/580/569
f 512/560/549 523/580/569 524/581/570
f 513/561/550 512/560/549 524/581/570
f 513/561/550 524/581/570 525/582/571
f 514/562/551 513/561/550 525/582/571
f 514/562/551 525/582/571 526/583/572
f 507/564/553 506/563/552 518/584/573
f 507/564/553 518/584/573 519/585/574
f 515/565/554 514/562/551 526/583/572
f 515/565/554 526/583/572 527/573/562
f 508/566/555 507/564/553 519/585/574
f 508/566/555 519/585/574 520/575/564
f 524/581/570 523/580/569 535/586/575
f 524/581/570 535/586/575 536/587/576
f 525/582/571 524/581/570 536/587/576
f 525/582/571 536/587/576 537/588/577
f 526/583/572 525/582/571 537/588/577
f 526/583/572 537/588/577 538/589/578
f 519/585/574 518/584/573 530/590/579
f 519/585/574 530/590/579 531/591/580
f 527/573/562 526/583/572 538/589/578
f 527/573/562 538/589/578 539/592/581
f 520/575/564 519/585/574 531/591/580
f 520/575/564 531/591/580 532/593/582
f 528/574/563 527/573/562 539/592/581
f 528/574/563 539/592/581 540/594/583
f 521/576/565 520/575/564 532/593/582
f 521/576/565 532/593/582 533/595/584
f 529/577/566 528/574/563 540/594/583
f 529/577/566 540/594/583 541/596/585
f 522/578/567 521/576/565 533/595/584
f 522/578/567 533/595/584 534/597/586
f 1404/579/568 529/577/566 541/596/585
f 1404/579/568 541/596/585 1405/598/587
f 523/580/569 522/578/567 534/597/586
f 523/580/569 534/597/586 535/586/575
f 538/589/578 537/588/577 549/599/588
f 538/589/578 549/599/588 550/600/589
f 531/591/580 530/590/579 542/601/590
f 531/591/580 542/601/590 543/602/591
f 539/592/581 538/589/578 550/600/589
f 539/592/581 550/600/589 551/603/592
f 532/593/582 531/591/580 543/602/591
f 532/593/582 543/602/591 544/604/593
f 540/594/583 539/592/581 551/603/592
f 540/594/583 551/603/592 552/605/594
f 533/595/584 532/593/582 544/604/593
f 533/595/584 544/604/593 545/606/595
f 541/596/585 540/594/583 552/605/594
f 541/596/585 552/605/594 553/607/596
f 534/597/586 533/595/584 545/606/595
f 534/597/586 545/606/595 546/608/597
f 1405/598/587 541/596/585 553/607/596
f 1405/598/587 553/607/596 1406/609/598
f 535/586/575 534/597/586 546/608/597
f 535/586/575 546/608/597 547/610/599
f 536/587/576 535/586/575 547/610/599
f 536/587/576 547/610/599 548/611/600
f 537/588/577 536/587/576 548/611/600
f 537/588/577 548/611/600 549/599/588
f 553/607/596 552/605/594 563/9/9
f 553/607/596 563/9/9 564/13/13
f 546/608/597 545/606/595 557/11/11
f 546/608/597 557/11/11 558/15/15
f 1406/609/598 553/607/596 564/13/13
f 1406/609/598 564/13/13 1407/17/17
f 547/610/599 546/608/597 558/15/15
f 547/610/599 558/15/15 559/19/19
f 548/611/600 547/610/599 559/19/19
f 548/611/600 559/19/19 1/21/21
f 549/599/588 548/611/600 1/21/21
f 549/599/588 1/21/21 560/23/23
f 550/600/589 549/599/588 560/23/23
f 550/600/589 560/23/23 561/2/2
f 543/602/591 542/601/590 554/25/25
f 543/602/591 554/25/25 555/6/6
f 551/603/592 550/600/589 561/2/2
f 551/603/592 561/2/2 562/1/1
f 544/604/593 543/602/591 555/6/6
f 544/604/593 555/6/6 556/5/5
f 552/605/594 551/603/592 562/1/1
f 552/605/594 562/1/1 563/9/9
f 545/606/595 544/604/593 556/5/5
f 545/606/595 556/5/5 557/11/11
f 242/274/274 230/265/265 584/612/601
f 242/274/274 584/612/601 585/613/602
f 170/199/199 158/192/192 578/614/603
f 170/199/199 578/614/603 579/615/604
f 458/517/506 446/497/486 602/616/605
f 458/517/506 602/616/605 603/617/606
f 386/442/431 363/441/430 596/618/607
f 386/442/431 596/618/607 597/619/608
f 542/601/590 530/590/579 609/620/609
f 542/601/590 609/620/609 610/621/610
f 554/25/25 542/601/590 610/621/610
f 554/25/25 610/621/610 611/622/611
f 410/458/447 398/448/437 598/623/612
f 410/458/447 598/623/612 599/624/613
f 326/369/369 314/362/362 591/625/614
f 326/369/369 591/625/614 592/626/615
f 158/192/192 146/172/172 577/627/616
f 158/192/192 577/627/616 578/614/603
f 86/117/117 74/96/96 571/628/617
f 86/117/117 571/628/617 572/629/618
f 98/125/125 86/117/117 572/629/618
f 98/125/125 572/629/618 573/630/619
f 110/134/134 98/125/125 573/630/619
f 110/134/134 573/630/619 574/631/620
f 314/362/362 302/341/341 590/632/621
f 314/362/362 590/632/621 591/625/614
f 26/51/51 14/30/30 566/633/622
f 26/51/51 566/633/622 567/634/623
f 338/378/378 326/369/369 592/626/615
f 338/378/378 592/626/615 593/635/624
f 266/303/303 254/296/296 586/636/625
f 266/303/303 586/636/625 587/637/626
f 206/237/237 194/229/229 581/638/627
f 206/237/237 581/638/627 582/639/628
f 38/58/58 26/51/51 567/634/623
f 38/58/58 567/634/623 568/640/629
f 506/563/552 494/554/543 606/641/630
f 506/563/552 606/641/630 607/642/631
f 254/296/296 242/274/274 585/613/602
f 254/296/296 585/613/602 586/636/625
f 482/546/535 470/525/514 604/643/632
f 482/546/535 604/643/632 605/644/633
f 494/554/543 482/546/535 605/644/633
f 494/554/543 605/644/633 606/641/630
f 362/407/407 350/399/399 594/645/634
f 362/407/407 594/645/634 595/646/607
f 50/68/68 38/58/58 568/640/629
f 50/68/68 568/640/629 569/647/635
f 182/221/221 170/199/199 579/615/604
f 182/221/221 579/615/604 580/648/636
f 194/229/229 182/221/221 580/648/636
f 194/229/229 580/648/636 581/638/627
f 422/480/469 410/458/447 599/624/613
f 422/480/469 599/624/613 600/649/637
f 434/487/476 422/480/469 600/649/637
f 434/487/476 600/649/637 601/650/638
f 350/399/399 338/378/378 593/635/624
f 350/399/399 593/635/624 594/645/634
f 302/341/341 290/333/333 589/651/639
f 302/341/341 589/651/639 590/632/621
f 134/161/161 122/155/155 575/652/640
f 134/161/161 575/652/640 576/653/641
f 122/155/155 110/134/134 574/631/620
f 122/155/155 574/631/620 575/652/640
f 74/96/96 62/88/88 570/654/642
f 74/96/96 570/654/642 571/628/617
f 278/325/325 266/303/303 587/637/626
f 278/325/325 587/637/626 588/655/643
f 446/497/486 434/487/476 601/650/638
f 446/497/486 601/650/638 602/616/605
f 290/333/333 278/325/325 588/655/643
f 290/333/333 588/655/643 589/651/639
f 62/88/88 50/68/68 569/647/635
f 62/88/88 569/647/635 570/654/642
f 14/30/30 2/26/26 565/656/644
f 14/30/30 565/656/644 566/633/622
f 530/590/579 518/584/573 608/657/645
f 530/590/579 608/657/645 609/620/609
f 146/172/172 134/161/161 576/653/641
f 146/172/172 576/653/641 577/627/616
f 518/584/573 506/563/552 607/642/631
f 518/584/573 607/642/631 608/657/645
f 230/265/265 218/259/259 583/658/646
f 230/265/265 583/658/646 584/612/601
f 2/26/26 554/25/25 611/622/611
f 2/26/26 611/622/611 565/656/644
f 470/525/514 458/517/506 603/617/606
f 470/525/514 603/617/606 604/643/632
f 398/448/437 386/442/431 597/619/608
f 398/448/437 597/619/608 598/623/612
f 218/259/259 206/237/237 582/639/628
f 218/259/259 582/639/628 583/658/646
f 575/652/640 574/631/620 621/659/647
f 575/652/640 621/659/647 622/660/647
f 605/644/633 604/643/632 651/661/647
f 605/644/633 651/661/647 652/662/647
f 589/651/639 588/655/643 635/663/647
f 589/651/639 635/663/647 636/664/647
f 576/653/641 575/652/640 622/660/647
f 576/653/641 622/660/647 623/665/647
f 606/641/630 605/644/633 652/662/647
f 606/641/630 652/662/647 653/666/647
f 590/632/621 589/651/639 636/664/647
f 590/632/621 636/664/647 637/667/647
f 577/627/616 576/653/641 623/665/647
f 577/627/616 623/665/647 624/668/647
f 607/642/631 606/641/630 653/666/647
f 607/642/631 653/666/647 654/669/647
f 591/625/614 590/632/621 637/667/647
f 591/625/614 637/667/647 638/670/647
f 578/614/603 577/627/616 624/668/647
f 578/614/603 624/668/647 625/671/647
f 608/657/645 607/642/631 654/669/647
f 608/657/645 654/669/647 655/672/647
f 592/626/615 591/625/614 638/670/647
f 592/626/615 638/670/647 639/673/647
f 594/645/634 593/635/624 640/674/647
f 594/645/634 640/674/647 641/675/647
f 579/615/604 578/614/603 625/671/647
f 579/615/604 625/671/647 626/676/647
f 609/620/609 608/657/645 655/672/647
f 609/620/609 655/672/647 656/677/647
f 566/633/622 565/656/644 612/678/647
f 566/633/622 612/678/647 613/679/647
f 593/635/624 592/626/615 639/673/647
f 593/635/624 639/673/647 640/674/647
f 595/646/607 594/645/634 641/675/647
f 595/646/607 641/675/647 642/680/647
f 580/648/636 579/615/604 626/676/647
f 580/648/636 626/676/647 627/681/647
f 610/621/610 609/620/609 656/677/647
f 610/621/610 656/677/647 657/682/647
f 567/634/623 566/633/622 613/679/647
f 567/634/623 613/679/647 614/683/647
f 597/619/608 596/618/607 643/684/647
f 597/619/608 643/684/647 644/685/647
f 581/638/627 580/648/636 627/681/647
f 581/638/627 627/681/647 628/686/647
f 611/622/611 610/621/610 657/682/647
f 611/622/611 657/682/647 658/687/647
f 568/640/629 567/634/623 614/683/647
f 568/640/629 614/683/647 615/688/647
f 598/623/612 597/619/608 644/685/647
f 598/623/612 644/685/647 645/689/647
f 582/639/628 581/638/627 628/686/647
f 582/639/628 628/686/647 629/690/647
f 565/656/644 611/622/611 658/687/647
f 565/656/644 658/687/647 612/678/647
f 569/647/635 568/640/629 615/688/647
f 569/647/635 615/688/647 616/691/647
f 599/624/613 598/623/612 645/689/647
f 599/624/613 645/689/647 646/692/647
f 583/658/646 582/639/628 629/690/647
f 583/658/646 629/690/647 630/693/647
f 570/654/642 569/647/635 616/691/647
f 570/654/642 616/691/647 617/694/647
f 600/649/637 599/624/613 646/692/647
f 600/649/637 646/692/647 647/695/647
f 584/612/601 583/658/646 630/693/647
f 584/612/601 630/693/647 631/696/647
f 571/628/617 570/654/642 617/694/647
f 571/628/617 617/694/647 618/697/647
f 601/650/638 600/649/637 647/695/647
f 601/650/638 647/695/647 648/698/647
f 585/613/602 584/612/601 631/696/647
f 585/613/602 631/696/647 632/699/647
f 572/629/618 571/628/617 618/697/647
f 572/629/618 618/697/647 619/700/647
f 602/616/605 601/650/638 648/698/647
f 602/616/605 648/698/647 649/701/647
f 586/636/625 585/613/602 632/699/647
f 586/636/625 632/699/647 633/702/647
f 573/630/619 572/629/618 619/700/647
f 573/630/619 619/700/647 620/703/647
f 603/617/606 602/616/605 649/701/647
f 603/617/606 649/701/647 650/704/647
f 587/637/626 586/636/625 633/702/647
f 587/637/626 633/702/647 634/705/647
f 574/631/620 573/630/619 620/703/647
f 574/631/620 620/703/647 621/659/647
f 604/643/632 603/617/606 650/704/647
f 604/643/632 650/704/647 651/661/647
f 588/655/643 587/637/626 634/705/647
f 588/655/643 634/705/647 635/663/647
f 1266/706/648 670/707/649 669/708/650
f 1266/706/648 669/708/650 1265/709/310
f 1260/710/651 663/711/652 662/712/653
f 1260/710/651 662/712/653 1259/713/654
f 1267/714/655 671/715/656 670/707/649
f 1267/714/655 670/707/649 1266/706/648
f 1261/716/657 664/717/658 663/711/652
f 1261/716/657 663/711/652 1260/710/651
f 1268/718/659 672/719/660 671/715/656
f 1268/718/659 671/715/656 1267/714/655
f 1262/720/302 665/721/661 664/717/658
f 1262/720/302 664/717/658 1261/716/657
f 1501/722/662 1409/723/663 672/719/660
f 1501/722/662 672/719/660 1268/718/659
f 1263/724/664 666/725/323 665/721/661
f 1263/724/664 665/721/661 1262/720/302
f 659/726/300 667/727/322 666/725/323
f 659/726/300 666/725/323 1263/724/664
f 1264/728/665 668/729/666 667/727/322
f 1264/728/665 667/727/322 659/726/300
f 1265/709/310 669/708/650 668/729/666
f 1265/709/310 668/729/666 1264/728/665
f 1259/713/654 662/712/653 660/730/667
f 1259/713/654 660/730/667 1257/731/668
f 668/729/666 681/732/669 680/733/330
f 668/729/666 680/733/330 667/727/322
f 669/708/650 682/734/670 681/732/669
f 669/708/650 681/732/669 668/729/666
f 662/712/653 675/735/671 673/736/672
f 662/712/653 673/736/672 660/730/667
f 670/707/649 683/737/673 682/734/670
f 670/707/649 682/734/670 669/708/650
f 663/711/652 676/738/674 675/735/671
f 663/711/652 675/735/671 662/712/653
f 671/715/656 684/739/675 683/737/673
f 671/715/656 683/737/673 670/707/649
f 664/717/658 677/740/676 676/738/674
f 664/717/658 676/738/674 663/711/652
f 672/719/660 685/741/677 684/739/675
f 672/719/660 684/739/675 671/715/656
f 665/721/661 678/742/332 677/740/676
f 665/721/661 677/740/676 664/717/658
f 1409/723/663 1411/743/678 685/741/677
f 1409/723/663 685/741/677 672/719/660
f 666/725/323 679/744/331 678/742/332
f 666/725/323 678/742/332 665/721/661
f 667/727/322 680/733/330 679/744/331
f 667/727/322 679/744/331 666/725/323
f 684/739/675 697/745/679 696/746/680
f 684/739/675 696/746/680 683/737/673
f 677/740/676 690/747/681 689/748/682
f 677/740/676 689/748/682 676/738/674
f 685/741/677 698/749/683 697/745/679
f 685/741/677 697/745/679 684/739/675
f 678/742/332 691/750/684 690/747/681
f 678/742/332 690/747/681 677/740/676
f 1411/743/678 1413/751/685 698/749/683
f 1411/743/678 698/749/683 685/741/677
f 679/744/331 692/752/339 691/750/684
f 679/744/331 691/750/684 678/742/332
f 680/733/330 693/753/351 692/752/339
f 680/733/330 692/752/339 679/744/331
f 681/732/669 694/754/686 693/753/351
f 681/732/669 693/753/351 680/733/330
f 682/734/670 695/755/687 694/754/686
f 682/734/670 694/754/686 681/732/669
f 675/735/671 688/756/688 686/757/689
f 675/735/671 686/757/689 673/736/672
f 683/737/673 696/746/680 695/755/687
f 683/737/673 695/755/687 682/734/670
f 676/738/674 689/748/682 688/756/688
f 676/738/674 688/756/688 675/735/671
f 692/752/339 705/758/360 704/759/690
f 692/752/339 704/759/690 691/750/684
f 693/753/351 706/760/359 705/758/360
f 693/753/351 705/758/360 692/752/339
f 694/754/686 707/761/691 706/760/359
f 694/754/686 706/760/359 693/753/351
f 695/755/687 708/762/692 707/761/691
f 695/755/687 707/761/691 694/754/686
f 688/756/688 701/763/693 699/764/694
f 688/756/688 699/764/694 686/757/689
f 696/746/680 709/765/695 708/762/692
f 696/746/680 708/762/692 695/755/687
f 689/748/682 702/766/696 701/763/693
f 689/748/682 701/763/693 688/756/688
f 697/745/679 710/767/697 709/765/695
f 697/745/679 709/765/695 696/746/680
f 690/747/681 703/768/364 702/766/696
f 690/747/681 702/766/696 689/748/682
f 698/749/683 711/769/698 710/767/697
f 698/749/683 710/767/697 697/745/679
f 691/750/684 704/759/690 703/768/364
f 691/750/684 703/768/364 690/747/681
f 1413/751/685 1415/770/699 711/769/698
f 1413/751/685 711/769/698 698/749/683
f 708/762/692 721/771/700 720/772/365
f 708/762/692 720/772/365 707/761/691
f 701/763/693 714/773/701 712/774/702
f 701/763/693 712/774/702 699/764/694
f 709/765/695 722/775/703 721/771/700
f 709/765/695 721/771/700 708/762/692
f 702/766/696 715/776/704 714/773/701
f 702/766/696 714/773/701 701/763/693
f 710/767/697 723/777/705 722/775/703
f 710/767/697 722/775/703 709/765/695
f 703/768/364 716/778/706 715/776/704
f 703/768/364 715/776/704 702/766/696
f 711/769/698 724/779/707 723/777/705
f 711/769/698 723/777/705 710/767/697
f 704/759/690 717/780/708 716/778/706
f 704/759/690 716/778/706 703/768/364
f 1415/770/699 1417/781/709 724/779/707
f 1415/770/699 724/779/707 711/769/698
f 705/758/360 718/782/367 717/780/708
f 705/758/360 717/780/708 704/759/690
f 706/760/359 719/783/366 718/782/367
f 706/760/359 718/782/367 705/758/360
f 707/761/691 720/772/365 719/783/366
f 707/761/691 719/783/366 706/760/359
f 724/779/707 737/784/710 736/785/711
f 724/779/707 736/785/711 723/777/705
f 717/780/708 730/786/380 729/787/381
f 717/780/708 729/787/381 716/778/706
f 1417/781/709 1419/788/712 737/784/710
f 1417/781/709 737/784/710 724/779/707
f 718/782/367 731/789/713 730/786/380
f 718/782/367 730/786/380 717/780/708
f 719/783/366 732/790/389 731/789/713
f 719/783/366 731/789/713 718/782/367
f 720/772/365 733/791/388 732/790/389
f 720/772/365 732/790/389 719/783/366
f 721/771/700 734/792/714 733/791/388
f 721/771/700 733/791/388 720/772/365
f 714/773/701 727/793/715 725/794/716
f 714/773/701 725/794/716 712/774/702
f 722/775/703 735/795/717 734/792/714
f 722/775/703 734/792/714 721/771/700
f 715/776/704 728/796/718 727/793/715
f 715/776/704 727/793/715 714/773/701
f 723/777/705 736/785/711 735/795/717
f 723/777/705 735/795/717 722/775/703
f 716/778/706 729/787/381 728/796/718
f 716/778/706 728/796/718 715/776/704
f 732/790/389 745/797/396 744/798/719
f 732/790/389 744/798/719 731/789/713
f 733/791/388 746/799/720 745/797/396
f 733/791/388 745/797/396 732/790/389
f 734/792/714 747/800/721 746/799/720
f 734/792/714 746/799/720 733/791/388
f 727/793/715 740/801/722 738/802/723
f 727/793/715 738/802/723 725/794/716
f 735/795/717 748/803/724 747/800/721
f 735/795/717 747/800/721 734/792/714
f 728/796/718 741/804/725 740/801/722
f 728/796/718 740/801/722 727/793/715
f 736/785/711 749/805/726 748/803/724
f 736/785/711 748/803/724 735/795/717
f 729/787/381 742/806/727 741/804/725
f 729/787/381 741/804/725 728/796/718
f 737/784/710 750/807/728 749/805/726
f 737/784/710 749/805/726 736/785/711
f 730/786/380 743/808/729 742/806/727
f 730/786/380 742/806/727 729/787/381
f 1419/788/712 1421/809/730 750/807/728
f 1419/788/712 750/807/728 737/784/710
f 731/789/713 744/798/719 743/808/729
f 731/789/713 743/808/729 730/786/380
f 748/803/724 761/810/731 760/811/414
f 748/803/724 760/811/414 747/800/721
f 741/804/725 754/812/732 753/813/733
f 741/804/725 753/813/733 740/801/722
f 749/805/726 762/814/734 761/810/731
f 749/805/726 761/810/731 748/803/724
f 742/806/727 755/815/735 754/812/732
f 742/806/727 754/812/732 741/804/725
f 750/807/728 763/816/736 762/814/734
f 750/807/728 762/814/734 749/805/726
f 743/808/729 756/817/406 755/815/735
f 743/808/729 755/815/735 742/806/727
f 1421/809/730 1423/818/737 763/816/736
f 1421/809/730 763/816/736 750/807/728
f 744/798/719 757/819/738 756/817/406
f 744/798/719 756/817/406 743/808/729
f 745/797/396 758/820/426 757/819/738
f 745/797/396 757/819/738 744/798/719
f 746/799/720 759/821/739 758/820/426
f 746/799/720 758/820/426 745/797/396
f 747/800/721 760/811/414 759/821/739
f 747/800/721 759/821/739 746/799/720
f 740/801/722 753/813/733 751/822/740
f 740/801/722 751/822/740 738/802/723
f 1423/818/737 1425/823/741 776/824/742
f 1423/818/737 776/824/742 763/816/736
f 757/819/738 770/825/428 769/826/429
f 757/819/738 769/826/429 756/817/406
f 758/820/426 771/827/427 770/825/428
f 758/820/426 770/825/428 757/819/738
f 759/821/739 772/828/425 771/827/427
f 759/821/739 771/827/427 758/820/426
f 760/811/414 773/829/423 772/828/425
f 760/811/414 772/828/425 759/821/739
f 753/813/733 766/830/743 764/831/744
f 753/813/733 764/831/744 751/822/740
f 761/810/731 774/832/745 773/829/423
f 761/810/731 773/829/423 760/811/414
f 754/812/732 767/833/746 766/830/743
f 754/812/732 766/830/743 753/813/733
f 762/814/734 775/834/747 774/832/745
f 762/814/734 774/832/745 761/810/731
f 755/815/735 768/835/748 767/833/746
f 755/815/735 767/833/746 754/812/732
f 763/816/736 776/824/742 775/834/747
f 763/816/736 775/834/747 762/814/734
f 756/817/406 769/826/429 768/835/748
f 756/817/406 768/835/748 755/815/735
f 772/828/425 785/836/749 784/837/434
f 772/828/425 784/837/434 771/827/427
f 773/829/423 786/838/750 785/836/749
f 773/829/423 785/836/749 772/828/425
f 766/830/743 779/839/751 777/840/752
f 766/830/743 777/840/752 764/831/744
f 774/832/745 787/841/753 786/838/750
f 774/832/745 786/838/750 773/829/423
f 767/833/746 780/842/754 779/839/751
f 767/833/746 779/839/751 766/830/743
f 775/834/747 788/843/755 787/841/753
f 775/834/747 787/841/753 774/832/745
f 768/835/748 781/844/756 780/842/754
f 768/835/748 780/842/754 767/833/746
f 776/824/742 789/845/757 788/843/755
f 776/824/742 788/843/755 775/834/747
f 769/826/429 782/846/758 781/844/756
f 769/826/429 781/844/756 768/835/748
f 1425/823/741 1427/847/759 789/845/757
f 1425/823/741 789/845/757 776/824/742
f 770/825/428 783/848/760 782/846/758
f 770/825/428 782/846/758 769/826/429
f 771/827/427 784/837/434 783/848/760
f 771/827/427 783/848/760 770/825/428
f 788/843/755 801/849/761 800/850/762
f 788/843/755 800/850/762 787/841/753
f 781/844/756 794/851/763 793/852/764
f 781/844/756 793/852/764 780/842/754
f 789/845/757 802/853/765 801/849/761
f 789/845/757 801/849/761 788/843/755
f 782/846/758 795/854/766 794/851/763
f 782/846/758 794/851/763 781/844/756
f 1427/847/759 1429/855/767 802/853/765
f 1427/847/759 802/853/765 789/845/757
f 783/848/760 796/856/768 795/854/766
f 783/848/760 795/854/766 782/846/758
f 784/837/434 797/857/457 796/856/768
f 784/837/434 796/856/768 783/848/760
f 785/836/749 798/858/769 797/857/457
f 785/836/749 797/857/457 784/837/434
f 786/838/750 799/859/770 798/858/769
f 786/838/750 798/858/769 785/836/749
f 779/839/751 792/860/771 790/861/772
f 779/839/751 790/861/772 777/840/752
f 787/841/753 800/850/762 799/859/770
f 787/841/753 799/859/770 786/838/750
f 780/842/754 793/852/764 792/860/771
f 780/842/754 792/860/771 779/839/751
f 797/857/457 810/862/466 809/863/773
f 797/857/457 809/863/773 796/856/768
f 798/858/769 811/864/465 810/862/466
f 798/858/769 810/862/466 797/857/457
f 799/859/770 812/865/463 811/864/465
f 799/859/770 811/864/465 798/858/769
f 792/860/771 805/866/774 803/867/775
f 792/860/771 803/867/775 790/861/772
f 800/850/762 813/868/776 812/865/463
f 800/850/762 812/865/463 799/859/770
f 793/852/764 806/869/777 805/866/774
f 793/852/764 805/866/774 792/860/771
f 801/849/761 814/870/778 813/868/776
f 801/849/761 813/868/776 800/850/762
f 794/851/763 807/871/779 806/869/777
f 794/851/763 806/869/777 793/852/764
f 802/853/765 815/872/780 814/870/778
f 802/853/765 814/870/778 801/849/761
f 795/854/766 808/873/468 807/871/779
f 795/854/766 807/871/779 794/851/763
f 1429/855/767 1431/874/781 815/872/780
f 1429/855/767 815/872/780 802/853/765
f 796/856/768 809/863/773 808/873/468
f 796/856/768 808/873/468 795/854/766
f 812/865/463 825/875/782 824/876/783
f 812/865/463 824/876/783 811/864/465
f 805/866/774 818/877/784 816/878/785
f 805/866/774 816/878/785 803/867/775
f 813/868/776 826/879/786 825/875/782
f 813/868/776 825/875/782 812/865/463
f 806/869/777 819/880/787 818/877/784
f 806/869/777 818/877/784 805/866/774
f 814/870/778 827/881/788 826/879/786
f 814/870/778 826/879/786 813/868/776
f 807/871/779 820/882/789 819/880/787
f 807/871/779 819/880/787 806/869/777
f 815/872/780 828/883/790 827/881/788
f 815/872/780 827/881/788 814/870/778
f 808/873/468 821/884/791 820/882/789
f 808/873/468 820/882/789 807/871/779
f 1431/874/781 1433/885/792 828/883/790
f 1431/874/781 828/883/790 815/872/780
f 809/863/773 822/886/793 821/884/791
f 809/863/773 821/884/791 808/873/468
f 810/862/466 823/887/473 822/886/793
f 810/862/466 822/886/793 809/863/773
f 811/864/465 824/876/783 823/887/473
f 811/864/465 823/887/473 810/862/466
f 828/883/790 841/888/794 840/889/795
f 828/883/790 840/889/795 827/881/788
f 821/884/791 834/890/485 833/891/796
f 821/884/791 833/891/796 820/882/789
f 1433/885/792 1435/892/797 841/888/794
f 1433/885/792 841/888/794 828/883/790
f 822/886/793 835/893/484 834/890/485
f 822/886/793 834/890/485 821/884/791
f 823/887/473 836/894/496 835/893/484
f 823/887/473 835/893/484 822/886/793
f 824/876/783 837/895/798 836/894/496
f 824/876/783 836/894/496 823/887/473
f 825/875/782 838/896/493 837/895/798
f 825/875/782 837/895/798 824/876/783
f 818/877/784 831/897/799 829/898/800
f 818/877/784 829/898/800 816/878/785
f 826/879/786 839/899/801 838/896/493
f 826/879/786 838/896/493 825/875/782
f 819/880/787 832/900/802 831/897/799
f 819/880/787 831/897/799 818/877/784
f 827/881/788 840/889/795 839/899/801
f 827/881/788 839/899/801 826/879/786
f 820/882/789 833/891/796 832/900/802
f 820/882/789 832/900/802 819/880/787
f 837/895/798 850/901/502 849/902/503
f 837/895/798 849/902/503 836/894/496
f 838/896/493 851/903/803 850/901/502
f 838/896/493 850/901/502 837/895/798
f 831/897/799 844/904/804 842/905/805
f 831/897/799 842/905/805 829/898/800
f 839/899/801 852/906/499 851/903/803
f 839/899/801 851/903/803 838/896/493
f 832/900/802 845/907/806 844/904/804
f 832/900/802 844/904/804 831/897/799
f 840/889/795 853/908/807 852/906/499
f 840/889/795 852/906/499 839/899/801
f 833/891/796 846/909/808 845/907/806
f 833/891/796 845/907/806 832/900/802
f 841/888/794 854/910/809 853/908/807
f 841/888/794 853/908/807 840/889/795
f 834/890/485 847/911/810 846/909/808
f 834/890/485 846/909/808 833/891/796
f 1435/892/797 1437/912/811 854/910/809
f 1435/892/797 854/910/809 841/888/794
f 835/893/484 848/913/504 847/911/810
f 835/893/484 847/911/810 834/890/485
f 836/894/496 849/902/503 848/913/504
f 836/894/496 848/913/504 835/893/484
f 852/906/499 865/914/812 864/915/521
f 852/906/499 864/915/521 851/903/803
f 845/907/806 858/916/813 857/917/814
f 845/907/806 857/917/814 844/904/804
f 853/908/807 866/918/815 865/914/812
f 853/908/807 865/914/812 852/906/499
f 846/909/808 859/919/816 858/916/813
f 846/909/808 858/916/813 845/907/806
f 854/910/809 867/920/817 866/918/815
f 854/910/809 866/918/815 853/908/807
f 847/911/810 860/921/818 859/919/816
f 847/911/810 859/919/816 846/909/808
f 1437/912/811 1439/922/819 867/920/817
f 1437/912/811 867/920/817 854/910/809
f 848/913/504 861/923/820 860/921/818
f 848/913/504 860/921/818 847/911/810
f 849/902/503 862/924/511 861/923/820
f 849/902/503 861/923/820 848/913/504
f 850/901/502 863/925/510 862/924/511
f 850/901/502 862/924/511 849/902/503
f 851/903/803 864/915/521 863/925/510
f 851/903/803 863/925/510 850/901/502
f 844/904/804 857/917/814 855/926/821
f 844/904/804 855/926/821 842/905/805
f 1439/922/819 1441/927/822 880/928/823
f 1439/922/819 880/928/823 867/920/817
f 861/923/820 874/929/824 873/930/825
f 861/923/820 873/930/825 860/921/818
f 862/924/511 875/931/533 874/929/824
f 862/924/511 874/929/824 861/923/820
f 863/925/510 876/932/532 875/931/533
f 863/925/510 875/931/533 862/924/511
f 864/915/521 877/933/530 876/932/532
f 864/915/521 876/932/532 863/925/510
f 857/917/814 870/934/826 868/935/827
f 857/917/814 868/935/827 855/926/821
f 865/914/812 878/936/828 877/933/530
f 865/914/812 877/933/530 864/915/521
f 858/916/813 871/937/829 870/934/826
f 858/916/813 870/934/826 857/917/814
f 866/918/815 879/938/830 878/936/828
f 866/918/815 878/936/828 865/914/812
f 859/919/816 872/939/831 871/937/829
f 859/919/816 871/937/829 858/916/813
f 867/920/817 880/928/823 879/938/830
f 867/920/817 879/938/830 866/918/815
f 860/921/818 873/930/825 872/939/831
f 860/921/818 872/939/831 859/919/816
f 877/933/530 890/940/538 889/941/539
f 877/933/530 889/941/539 876/932/532
f 870/934/826 883/942/832 881/943/833
f 870/934/826 881/943/833 868/935/827
f 878/936/828 891/944/834 890/940/538
f 878/936/828 890/940/538 877/933/530
f 871/937/829 884/945/835 883/942/832
f 871/937/829 883/942/832 870/934/826
f 879/938/830 892/946/836 891/944/834
f 879/938/830 891/944/834 878/936/828
f 872/939/831 885/947/837 884/945/835
f 872/939/831 884/945/835 871/937/829
f 880/928/823 893/948/838 892/946/836
f 880/928/823 892/946/836 879/938/830
f 873/930/825 886/949/839 885/947/837
f 873/930/825 885/947/837 872/939/831
f 1441/927/822 1443/950/840 893/948/838
f 1441/927/822 893/948/838 880/928/823
f 874/929/824 887/951/841 886/949/839
f 874/929/824 886/949/839 873/930/825
f 875/931/533 888/952/540 887/951/841
f 875/931/533 887/951/841 874/929/824
f 876/932/532 889/941/539 888/952/540
f 876/932/532 888/952/540 875/931/533
f 892/946/836 905/953/842 904/954/843
f 892/946/836 904/954/843 891/944/834
f 885/947/837 898/955/844 897/956/845
f 885/947/837 897/956/845 884/945/835
f 893/948/838 906/957/846 905/953/842
f 893/948/838 905/953/842 892/946/836
f 886/949/839 899/958/847 898/955/844
f 886/949/839 898/955/844 885/947/837
f 1443/950/840 1445/959/848 906/957/846
f 1443/950/840 906/957/846 893/948/838
f 887/951/841 900/960/849 899/958/847
f 887/951/841 899/958/847 886/949/839
f 888/952/540 901/961/549 900/960/849
f 888/952/540 900/960/849 887/951/841
f 889/941/539 902/962/850 901/961/549
f 889/941/539 901/961/549 888/952/540
f 890/940/538 903/963/559 902/962/850
f 890/940/538 902/962/850 889/941/539
f 883/942/832 896/964/851 894/965/852
f 883/942/832 894/965/852 881/943/833
f 891/944/834 904/954/843 903/963/559
f 891/944/834 903/963/559 890/940/538
f 884/945/835 897/956/845 896/964/851
f 884/945/835 896/964/851 883/942/832
f 901/961/549 914/966/570 913/967/853
f 901/961/549 913/967/853 900/960/849
f 902/962/850 915/968/569 914/966/570
f 902/962/850 914/966/570 901/961/549
f 903/963/559 916/969/854 915/968/569
f 903/963/559 915/968/569 902/962/850
f 896/964/851 909/970/855 907/971/856
f 896/964/851 907/971/856 894/965/852
f 904/954/843 917/972/857 916/969/854
f 904/954/843 916/969/854 903/963/559
f 897/956/845 910/973/858 909/970/855
f 897/956/845 909/970/855 896/964/851
f 905/953/842 918/974/859 917/972/857
f 905/953/842 917/972/857 904/954/843
f 898/955/844 911/975/860 910/973/858
f 898/955/844 910/973/858 897/956/845
f 906/957/846 919/976/861 918/974/859
f 906/957/846 918/974/859 905/953/842
f 899/958/847 912/977/862 911/975/860
f 899/958/847 911/975/860 898/955/844
f 1445/959/848 1447/978/863 919/976/861
f 1445/959/848 919/976/861 906/957/846
f 900/960/849 913/967/853 912/977/862
f 900/960/849 912/977/862 899/958/847
f 909/970/855 922/979/864 920/980/865
f 909/970/855 920/980/865 907/971/856
f 917/972/857 930/981/866 929/982/867
f 917/972/857 929/982/867 916/969/854
f 910/973/858 923/983/868 922/979/864
f 910/973/858 922/979/864 909/970/855
f 918/974/859 931/984/869 930/981/866
f 918/974/859 930/981/866 917/972/857
f 911/975/860 924/985/870 923/983/868
f 911/975/860 923/983/868 910/973/858
f 919/976/861 932/986/871 931/984/869
f 919/976/861 931/984/869 918/974/859
f 912/977/862 925/987/872 924/985/870
f 912/977/862 924/985/870 911/975/860
f 1447/978/863 1449/988/873 932/986/871
f 1447/978/863 932/986/871 919/976/861
f 913/967/853 926/989/577 925/987/872
f 913/967/853 925/987/872 912/977/862
f 914/966/570 927/990/576 926/989/577
f 914/966/570 926/989/577 913/967/853
f 915/968/569 928/991/874 927/990/576
f 915/968/569 927/990/576 914/966/570
f 916/969/854 929/982/867 928/991/874
f 916/969/854 928/991/874 915/968/569
f 932/986/871 945/992/875 944/993/876
f 932/986/871 944/993/876 931/984/869
f 925/987/872 938/994/877 937/995/878
f 925/987/872 937/995/878 924/985/870
f 1449/988/873 1451/996/879 945/992/875
f 1449/988/873 945/992/875 932/986/871
f 926/989/577 939/997/880 938/994/877
f 926/989/577 938/994/877 925/987/872
f 927/990/576 940/998/600 939/997/880
f 927/990/576 939/997/880 926/989/577
f 928/991/874 941/999/599 940/998/600
f 928/991/874 940/998/600 927/990/576
f 929/982/867 942/1000/597 941/999/599
f 929/982/867 941/999/599 928/991/874
f 922/979/864 935/1001/881 933/1002/882
f 922/979/864 933/1002/882 920/980/865
f 930/981/866 943/1003/883 942/1000/597
f 930/981/866 942/1000/597 929/982/867
f 923/983/868 936/1004/884 935/1001/881
f 923/983/868 935/1001/881 922/979/864
f 931/984/869 944/993/876 943/1003/883
f 931/984/869 943/1003/883 930/981/866
f 924/985/870 937/995/878 936/1004/884
f 924/985/870 936/1004/884 923/983/868
f 941/999/599 954/1005/885 953/1006/21
f 941/999/599 953/1006/21 940/998/600
f 942/1000/597 955/1007/886 954/1005/885
f 942/1000/597 954/1005/885 941/999/599
f 935/1001/881 948/1008/887 946/1009/888
f 935/1001/881 946/1009/888 933/1002/882
f 943/1003/883 956/1010/11 955/1007/886
f 943/1003/883 955/1007/886 942/1000/597
f 936/1004/884 949/1011/889 948/1008/887
f 936/1004/884 948/1008/887 935/1001/881
f 944/993/876 957/1012/890 956/1010/11
f 944/993/876 956/1010/11 943/1003/883
f 937/995/878 950/1013/891 949/1011/889
f 937/995/878 949/1011/889 936/1004/884
f 945/992/875 958/1014/892 957/1012/890
f 945/992/875 957/1012/890 944/993/876
f 938/994/877 951/1015/893 950/1013/891
f 938/994/877 950/1013/891 937/995/878
f 1451/996/879 1453/1016/894 958/1014/892
f 1451/996/879 958/1014/892 945/992/875
f 939/997/880 952/1017/895 951/1015/893
f 939/997/880 951/1015/893 938/994/877
f 940/998/600 953/1006/21 952/1017/895
f 940/998/600 952/1017/895 939/997/880
f 949/1011/889 962/1018/896 961/1019/897
f 949/1011/889 961/1019/897 948/1008/887
f 957/1012/890 970/1020/898 969/1021/12
f 957/1012/890 969/1021/12 956/1010/11
f 950/1013/891 963/1022/899 962/1018/896
f 950/1013/891 962/1018/896 949/1011/889
f 958/1014/892 971/1023/900 970/1020/898
f 958/1014/892 970/1020/898 957/1012/890
f 951/1015/893 964/1024/901 963/1022/899
f 951/1015/893 963/1022/899 950/1013/891
f 1453/1016/894 1455/1025/902 971/1023/900
f 1453/1016/894 971/1023/900 958/1014/892
f 952/1017/895 965/1026/24 964/1024/901
f 952/1017/895 964/1024/901 951/1015/893
f 953/1006/21 966/1027/22 965/1026/24
f 953/1006/21 965/1026/24 952/1017/895
f 954/1005/885 967/1028/20 966/1027/22
f 954/1005/885 966/1027/22 953/1006/21
f 955/1007/886 968/1029/903 967/1028/20
f 955/1007/886 967/1028/20 954/1005/885
f 948/1008/887 961/1019/897 959/1030/904
f 948/1008/887 959/1030/904 946/1009/888
f 956/1010/11 969/1021/12 968/1029/903
f 956/1010/11 968/1029/903 955/1007/886
f 1455/1025/902 1457/1031/905 984/1032/906
f 1455/1025/902 984/1032/906 971/1023/900
f 965/1026/24 978/1033/907 977/1034/908
f 965/1026/24 977/1034/908 964/1024/901
f 966/1027/22 979/1035/27 978/1033/907
f 966/1027/22 978/1033/907 965/1026/24
f 967/1028/20 980/1036/909 979/1035/27
f 967/1028/20 979/1035/27 966/1027/22
f 968/1029/903 981/1037/910 980/1036/909
f 968/1029/903 980/1036/909 967/1028/20
f 961/1019/897 974/1038/911 972/1039/912
f 961/1019/897 972/1039/912 959/1030/904
f 969/1021/12 982/1040/913 981/1037/910
f 969/1021/12 981/1037/910 968/1029/903
f 962/1018/896 975/1041/914 974/1038/911
f 962/1018/896 974/1038/911 961/1019/897
f 970/1020/898 983/1042/915 982/1040/913
f 970/1020/898 982/1040/913 969/1021/12
f 963/1022/899 976/1043/916 975/1041/914
f 963/1022/899 975/1041/914 962/1018/896
f 971/1023/900 984/1032/906 983/1042/915
f 971/1023/900 983/1042/915 970/1020/898
f 964/1024/901 977/1034/908 976/1043/916
f 964/1024/901 976/1043/916 963/1022/899
f 981/1037/910 994/1044/45 993/1045/917
f 981/1037/910 993/1045/917 980/1036/909
f 974/1038/911 987/1046/918 985/1047/919
f 974/1038/911 985/1047/919 972/1039/912
f 982/1040/913 995/1048/920 994/1044/45
f 982/1040/913 994/1044/45 981/1037/910
f 975/1041/914 988/1049/921 987/1046/918
f 975/1041/914 987/1046/918 974/1038/911
f 983/1042/915 996/1050/922 995/1048/920
f 983/1042/915 995/1048/920 982/1040/913
f 976/1043/916 989/1051/923 988/1049/921
f 976/1043/916 988/1049/921 975/1041/914
f 984/1032/906 997/1052/924 996/1050/922
f 984/1032/906 996/1050/922 983/1042/915
f 977/1034/908 990/1053/925 989/1051/923
f 977/1034/908 989/1051/923 976/1043/916
f 1457/1031/905 1459/1054/926 997/1052/924
f 1457/1031/905 997/1052/924 984/1032/906
f 978/1033/907 991/1055/927 990/1053/925
f 978/1033/907 990/1053/925 977/1034/908
f 979/1035/27 992/1056/48 991/1055/927
f 979/1035/27 991/1055/927 978/1033/907
f 980/1036/909 993/1045/917 992/1056/48
f 980/1036/909 992/1056/48 979/1035/27
f 989/1051/923 1002/1057/928 1001/1058/929
f 989/1051/923 1001/1058/929 988/1049/921
f 997/1052/924 1010/1059/930 1009/1060/931
f 997/1052/924 1009/1060/931 996/1050/922
f 990/1053/925 1003/1061/932 1002/1057/928
f 990/1053/925 1002/1057/928 989/1051/923
f 1459/1054/926 1461/1062/933 1010/1059/930
f 1459/1054/926 1010/1059/930 997/1052/924
f 991/1055/927 1004/1063/56 1003/1061/932
f 991/1055/927 1003/1061/932 990/1053/925
f 992/1056/48 1005/1064/55 1004/1063/56
f 992/1056/48 1004/1063/56 991/1055/927
f 993/1045/917 1006/1065/934 1005/1064/55
f 993/1045/917 1005/1064/55 992/1056/48
f 994/1044/45 1007/1066/935 1006/1065/934
f 994/1044/45 1006/1065/934 993/1045/917
f 987/1046/918 1000/1067/936 998/1068/937
f 987/1046/918 998/1068/937 985/1047/919
f 995/1048/920 1008/1069/938 1007/1066/935
f 995/1048/920 1007/1066/935 994/1044/45
f 988/1049/921 1001/1058/929 1000/1067/936
f 988/1049/921 1000/1067/936 987/1046/918
f 996/1050/922 1009/1060/931 1008/1069/938
f 996/1050/922 1008/1069/938 995/1048/920
f 1005/1064/55 1018/1070/78 1017/1071/66
f 1005/1064/55 1017/1071/66 1004/1063/56
f 1006/1065/934 1019/1072/939 1018/1070/78
f 1006/1065/934 1018/1070/78 1005/1064/55
f 1007/1066/935 1020/1073/940 1019/1072/939
f 1007/1066/935 1019/1072/939 1006/1065/934
f 1000/1067/936 1013/1074/941 1011/1075/942
f 1000/1067/936 1011/1075/942 998/1068/937
f 1008/1069/938 1021/1076/943 1020/1073/940
f 1008/1069/938 1020/1073/940 1007/1066/935
f 1001/1058/929 1014/1077/944 1013/1074/941
f 1001/1058/929 1013/1074/941 1000/1067/936
f 1009/1060/931 1022/1078/945 1021/1076/943
f 1009/1060/931 1021/1076/943 1008/1069/938
f 1002/1057/928 1015/1079/946 1014/1077/944
f 1002/1057/928 1014/1077/944 1001/1058/929
f 1010/1059/930 1023/1080/947 1022/1078/945
f 1010/1059/930 1022/1078/945 1009/1060/931
f 1003/1061/932 1016/1081/948 1015/1079/946
f 1003/1061/932 1015/1079/946 1002/1057/928
f 1461/1062/933 1463/1082/949 1023/1080/947
f 1461/1062/933 1023/1080/947 1010/1059/930
f 1004/1063/56 1017/1071/66 1016/1081/948
f 1004/1063/56 1016/1081/948 1003/1061/932
f 1013/1074/941 1026/1083/950 1024/1084/951
f 1013/1074/941 1024/1084/951 1011/1075/942
f 1021/1076/943 1034/1085/81 1033/1086/952
f 1021/1076/943 1033/1086/952 1020/1073/940
f 1014/1077/944 1027/1087/953 1026/1083/950
f 1014/1077/944 1026/1083/950 1013/1074/941
f 1022/1078/945 1035/1088/954 1034/1085/81
f 1022/1078/945 1034/1085/81 1021/1076/943
f 1015/1079/946 1028/1089/955 1027/1087/953
f 1015/1079/946 1027/1087/953 1014/1077/944
f 1023/1080/947 1036/1090/956 1035/1088/954
f 1023/1080/947 1035/1088/954 1022/1078/945
f 1016/1081/948 1029/1091/957 1028/1089/955
f 1016/1081/948 1028/1089/955 1015/1079/946
f 1463/1082/949 1465/1092/958 1036/1090/956
f 1463/1082/949 1036/1090/956 1023/1080/947
f 1017/1071/66 1030/1093/959 1029/1091/957
f 1017/1071/66 1029/1091/957 1016/1081/948
f 1018/1070/78 1031/1094/85 1030/1093/959
f 1018/1070/78 1030/1093/959 1017/1071/66
f 1019/1072/939 1032/1095/84 1031/1094/85
f 1019/1072/939 1031/1094/85 1018/1070/78
f 1020/1073/940 1033/1086/952 1032/1095/84
f 1020/1073/940 1032/1095/84 1019/1072/939
f 1029/1091/957 1042/1096/95 1041/1097/960
f 1029/1091/957 1041/1097/960 1028/1089/955
f 1465/1092/958 1467/1098/961 1049/1099/962
f 1465/1092/958 1049/1099/962 1036/1090/956
f 1030/1093/959 1043/1100/94 1042/1096/95
f 1030/1093/959 1042/1096/95 1029/1091/957
f 1031/1094/85 1044/1101/93 1043/1100/94
f 1031/1094/85 1043/1100/94 1030/1093/959
f 1032/1095/84 1045/1102/963 1044/1101/93
f 1032/1095/84 1044/1101/93 1031/1094/85
f 1033/1086/952 1046/1103/103 1045/1102/963
f 1033/1086/952 1045/1102/963 1032/1095/84
f 1026/1083/950 1039/1104/964 1037/1105/965
f 1026/1083/950 1037/1105/965 1024/1084/951
f 1034/1085/81 1047/1106/966 1046/1103/103
f 1034/1085/81 1046/1103/103 1033/1086/952
f 1027/1087/953 1040/1107/967 1039/1104/964
f 1027/1087/953 1039/1104/964 1026/1083/950
f 1035/1088/954 1048/1108/968 1047/1106/966
f 1035/1088/954 1047/1106/966 1034/1085/81
f 1028/1089/955 1041/1097/960 1040/1107/967
f 1028/1089/955 1040/1107/967 1027/1087/953
f 1036/1090/956 1049/1099/962 1048/1108/968
f 1036/1090/956 1048/1108/968 1035/1088/954
f 1045/1102/963 1066/1109/969 1064/1110/970
f 1045/1102/963 1064/1110/970 1044/1101/93
f 1046/1103/103 1067/1111/971 1066/1109/969
f 1046/1103/103 1066/1109/969 1045/1102/963
f 1039/1104/964 1054/1112/972 1051/1113/973
f 1039/1104/964 1051/1113/973 1037/1105/965
f 1047/1106/966 1069/1114/974 1067/1111/971
f 1047/1106/966 1067/1111/971 1046/1103/103
f 1040/1107/967 1056/1115/975 1054/1112/972
f 1040/1107/967 1054/1112/972 1039/1104/964
f 1048/1108/968 1071/1116/976 1069/1114/974
f 1048/1108/968 1069/1114/974 1047/1106/966
f 1041/1097/960 1058/1117/977 1056/1115/975
f 1041/1097/960 1056/1115/975 1040/1107/967
f 1049/1099/962 1073/1118/978 1071/1116/976
f 1049/1099/962 1071/1116/976 1048/1108/968
f 1042/1096/95 1060/1119/979 1058/1117/977
f 1042/1096/95 1058/1117/977 1041/1097/960
f 1467/1098/961 1470/1120/980 1073/1118/978
f 1467/1098/961 1073/1118/978 1049/1099/962
f 1043/1100/94 1062/1121/981 1060/1119/979
f 1043/1100/94 1060/1119/979 1042/1096/95
f 1044/1101/93 1064/1110/970 1062/1121/981
f 1044/1101/93 1062/1121/981 1043/1100/94
f 1055/1122/975 1078/1123/982 1077/1124/983
f 1055/1122/975 1077/1124/983 1053/1125/984
f 1072/1126/976 1086/1127/985 1085/1128/986
f 1072/1126/976 1085/1128/986 1070/1129/974
f 1057/1130/977 1079/1131/987 1078/1123/982
f 1057/1130/977 1078/1123/982 1055/1122/975
f 1074/1132/978 1087/1133/988 1086/1127/985
f 1074/1132/978 1086/1127/985 1072/1126/976
f 1059/1134/979 1080/1135/989 1079/1131/987
f 1059/1134/979 1079/1131/987 1057/1130/977
f 1471/1136/990 1473/1137/991 1087/1133/988
f 1471/1136/990 1087/1133/988 1074/1132/978
f 1061/1138/992 1081/1139/993 1080/1135/989
f 1061/1138/992 1080/1135/989 1059/1134/979
f 1063/1140/115 1082/1141/122 1081/1139/993
f 1063/1140/115 1081/1139/993 1061/1138/992
f 1065/1142/969 1083/1143/994 1082/1141/122
f 1065/1142/969 1082/1141/122 1063/1140/115
f 1068/1144/971 1084/1145/995 1083/1143/994
f 1068/1144/971 1083/1143/994 1065/1142/969
f 1053/1125/984 1077/1124/983 1075/1146/996
f 1053/1125/984 1075/1146/996 1050/1147/997
f 1070/1129/974 1085/1128/986 1084/1145/995
f 1070/1129/974 1084/1145/995 1068/1144/971
f 1081/1139/993 1094/1148/998 1093/1149/999
f 1081/1139/993 1093/1149/999 1080/1135/989
f 1082/1141/122 1095/1150/131 1094/1148/998
f 1082/1141/122 1094/1148/998 1081/1139/993
f 1083/1143/994 1096/1151/143 1095/1150/131
f 1083/1143/994 1095/1150/131 1082/1141/122
f 1084/1145/995 1097/1152/1000 1096/1151/143
f 1084/1145/995 1096/1151/143 1083/1143/994
f 1077/1124/983 1090/1153/1001 1088/1154/1002
f 1077/1124/983 1088/1154/1002 1075/1146/996
f 1085/1128/986 1098/1155/1003 1097/1152/1000
f 1085/1128/986 1097/1152/1000 1084/1145/995
f 1078/1123/982 1091/1156/1004 1090/1153/1001
f 1078/1123/982 1090/1153/1001 1077/1124/983
f 1086/1127/985 1099/1157/1005 1098/1155/1003
f 1086/1127/985 1098/1155/1003 1085/1128/986
f 1079/1131/987 1092/1158/1006 1091/1156/1004
f 1079/1131/987 1091/1156/1004 1078/1123/982
f 1087/1133/988 1100/1159/1007 1099/1157/1005
f 1087/1133/988 1099/1157/1005 1086/1127/985
f 1080/1135/989 1093/1149/999 1092/1158/1006
f 1080/1135/989 1092/1158/1006 1079/1131/987
f 1473/1137/991 1475/1160/1008 1100/1159/1007
f 1473/1137/991 1100/1159/1007 1087/1133/988
f 1097/1152/1000 1110/1161/1009 1109/1162/1010
f 1097/1152/1000 1109/1162/1010 1096/1151/143
f 1090/1153/1001 1103/1163/1011 1101/1164/1012
f 1090/1153/1001 1101/1164/1012 1088/1154/1002
f 1098/1155/1003 1111/1165/1013 1110/1161/1009
f 1098/1155/1003 1110/1161/1009 1097/1152/1000
f 1091/1156/1004 1104/1166/1014 1103/1163/1011
f 1091/1156/1004 1103/1163/1011 1090/1153/1001
f 1099/1157/1005 1112/1167/1015 1111/1165/1013
f 1099/1157/1005 1111/1165/1013 1098/1155/1003
f 1092/1158/1006 1105/1168/1016 1104/1166/1014
f 1092/1158/1006 1104/1166/1014 1091/1156/1004
f 1100/1159/1007 1113/1169/1017 1112/1167/1015
f 1100/1159/1007 1112/1167/1015 1099/1157/1005
f 1093/1149/999 1106/1170/1018 1105/1168/1016
f 1093/1149/999 1105/1168/1016 1092/1158/1006
f 1475/1160/1008 1477/1171/1019 1113/1169/1017
f 1475/1160/1008 1113/1169/1017 1100/1159/1007
f 1094/1148/998 1107/1172/1020 1106/1170/1018
f 1094/1148/998 1106/1170/1018 1093/1149/999
f 1095/1150/131 1108/1173/152 1107/1172/1020
f 1095/1150/131 1107/1172/1020 1094/1148/998
f 1096/1151/143 1109/1162/1010 1108/1173/152
f 1096/1151/143 1108/1173/152 1095/1150/131
f 1112/1167/1015 1125/1174/1021 1124/1175/1022
f 1112/1167/1015 1124/1175/1022 1111/1165/1013
f 1105/1168/1016 1118/1176/163 1117/1177/1023
f 1105/1168/1016 1117/1177/1023 1104/1166/1014
f 1113/1169/1017 1126/1178/1024 1125/1174/1021
f 1113/1169/1017 1125/1174/1021 1112/1167/1015
f 1106/1170/1018 1119/1179/1025 1118/1176/163
f 1106/1170/1018 1118/1176/163 1105/1168/1016
f 1477/1171/1019 1479/1180/1026 1126/1178/1024
f 1477/1171/1019 1126/1178/1024 1113/1169/1017
f 1107/1172/1020 1120/1181/159 1119/1179/1025
f 1107/1172/1020 1119/1179/1025 1106/1170/1018
f 1108/1173/152 1121/1182/158 1120/1181/159
f 1108/1173/152 1120/1181/159 1107/1172/1020
f 1109/1162/1010 1122/1183/157 1121/1182/158
f 1109/1162/1010 1121/1182/158 1108/1173/152
f 1110/1161/1009 1123/1184/168 1122/1183/157
f 1110/1161/1009 1122/1183/157 1109/1162/1010
f 1103/1163/1011 1116/1185/1027 1114/1186/1028
f 1103/1163/1011 1114/1186/1028 1101/1164/1012
f 1111/1165/1013 1124/1175/1022 1123/1184/168
f 1111/1165/1013 1123/1184/168 1110/1161/1009
f 1104/1166/1014 1117/1177/1023 1116/1185/1027
f 1104/1166/1014 1116/1185/1027 1103/1163/1011
f 1120/1181/159 1133/1187/1029 1132/1188/1030
f 1120/1181/159 1132/1188/1030 1119/1179/1025
f 1121/1182/158 1134/1189/182 1133/1187/1029
f 1121/1182/158 1133/1187/1029 1120/1181/159
f 1122/1183/157 1135/1190/181 1134/1189/182
f 1122/1183/157 1134/1189/182 1121/1182/158
f 1123/1184/168 1136/1191/1031 1135/1190/181
f 1123/1184/168 1135/1190/181 1122/1183/157
f 1116/1185/1027 1129/1192/1032 1127/1193/1033
f 1116/1185/1027 1127/1193/1033 1114/1186/1028
f 1124/1175/1022 1137/1194/177 1136/1191/1031
f 1124/1175/1022 1136/1191/1031 1123/1184/168
f 1117/1177/1023 1130/1195/1034 1129/1192/1032
f 1117/1177/1023 1129/1192/1032 1116/1185/1027
f 1125/1174/1021 1138/1196/1035 1137/1194/177
f 1125/1174/1021 1137/1194/177 1124/1175/1022
f 1118/1176/163 1131/1197/1036 1130/1195/1034
f 1118/1176/163 1130/1195/1034 1117/1177/1023
f 1126/1178/1024 1139/1198/1037 1138/1196/1035
f 1126/1178/1024 1138/1196/1035 1125/1174/1021
f 1119/1179/1025 1132/1188/1030 1131/1197/1036
f 1119/1179/1025 1131/1197/1036 1118/1176/163
f 1479/1180/1026 1481/1199/1038 1139/1198/1037
f 1479/1180/1026 1139/1198/1037 1126/1178/1024
f 1136/1191/1031 1149/1200/1039 1148/1201/1040
f 1136/1191/1031 1148/1201/1040 1135/1190/181
f 1129/1192/1032 1142/1202/1041 1140/1203/1042
f 1129/1192/1032 1140/1203/1042 1127/1193/1033
f 1137/1194/177 1150/1204/1043 1149/1200/1039
f 1137/1194/177 1149/1200/1039 1136/1191/1031
f 1130/1195/1034 1143/1205/1044 1142/1202/1041
f 1130/1195/1034 1142/1202/1041 1129/1192/1032
f 1138/1196/1035 1151/1206/1045 1150/1204/1043
f 1138/1196/1035 1150/1204/1043 1137/1194/177
f 1131/1197/1036 1144/1207/1046 1143/1205/1044
f 1131/1197/1036 1143/1205/1044 1130/1195/1034
f 1139/1198/1037 1152/1208/1047 1151/1206/1045
f 1139/1198/1037 1151/1206/1045 1138/1196/1035
f 1132/1188/1030 1145/1209/191 1144/1207/1046
f 1132/1188/1030 1144/1207/1046 1131/1197/1036
f 1481/1199/1038 1483/1210/1048 1152/1208/1047
f 1481/1199/1038 1152/1208/1047 1139/1198/1037
f 1133/1187/1029 1146/1211/1049 1145/1209/191
f 1133/1187/1029 1145/1209/191 1132/1188/1030
f 1134/1189/182 1147/1212/189 1146/1211/1049
f 1134/1189/182 1146/1211/1049 1133/1187/1029
f 1135/1190/181 1148/1201/1040 1147/1212/189
f 1135/1190/181 1147/1212/189 1134/1189/182
f 1152/1208/1047 1165/1213/1050 1164/1214/1051
f 1152/1208/1047 1164/1214/1051 1151/1206/1045
f 1145/1209/191 1158/1215/1052 1157/1216/1053
f 1145/1209/191 1157/1216/1053 1144/1207/1046
f 1483/1210/1048 1485/1217/1054 1165/1213/1050
f 1483/1210/1048 1165/1213/1050 1152/1208/1047
f 1146/1211/1049 1159/1218/197 1158/1215/1052
f 1146/1211/1049 1158/1215/1052 1145/1209/191
f 1147/1212/189 1160/1219/196 1159/1218/197
f 1147/1212/189 1159/1218/197 1146/1211/1049
f 1148/1201/1040 1161/1220/1055 1160/1219/196
f 1148/1201/1040 1160/1219/196 1147/1212/189
f 1149/1200/1039 1162/1221/1056 1161/1220/1055
f 1149/1200/1039 1161/1220/1055 1148/1201/1040
f 1142/1202/1041 1155/1222/1057 1153/1223/1058
f 1142/1202/1041 1153/1223/1058 1140/1203/1042
f 1150/1204/1043 1163/1224/204 1162/1221/1056
f 1150/1204/1043 1162/1221/1056 1149/1200/1039
f 1143/1205/1044 1156/1225/1059 1155/1222/1057
f 1143/1205/1044 1155/1222/1057 1142/1202/1041
f 1151/1206/1045 1164/1214/1051 1163/1224/204
f 1151/1206/1045 1163/1224/204 1150/1204/1043
f 1144/1207/1046 1157/1216/1053 1156/1225/1059
f 1144/1207/1046 1156/1225/1059 1143/1205/1044
f 1160/1219/196 1173/1226/1060 1172/1227/1061
f 1160/1219/196 1172/1227/1061 1159/1218/197
f 1161/1220/1055 1174/1228/1062 1173/1226/1060
f 1161/1220/1055 1173/1226/1060 1160/1219/196
f 1162/1221/1056 1175/1229/216 1174/1228/1062
f 1162/1221/1056 1174/1228/1062 1161/1220/1055
f 1155/1222/1057 1168/1230/1063 1166/1231/1064
f 1155/1222/1057 1166/1231/1064 1153/1223/1058
f 1163/1224/204 1176/1232/214 1175/1229/216
f 1163/1224/204 1175/1229/216 1162/1221/1056
f 1156/1225/1059 1169/1233/1065 1168/1230/1063
f 1156/1225/1059 1168/1230/1063 1155/1222/1057
f 1164/1214/1051 1177/1234/1066 1176/1232/214
f 1164/1214/1051 1176/1232/214 1163/1224/204
f 1157/1216/1053 1170/1235/1067 1169/1233/1065
f 1157/1216/1053 1169/1233/1065 1156/1225/1059
f 1165/1213/1050 1178/1236/1068 1177/1234/1066
f 1165/1213/1050 1177/1234/1066 1164/1214/1051
f 1158/1215/1052 1171/1237/1069 1170/1235/1067
f 1158/1215/1052 1170/1235/1067 1157/1216/1053
f 1485/1217/1054 1487/1238/1070 1178/1236/1068
f 1485/1217/1054 1178/1236/1068 1165/1213/1050
f 1159/1218/197 1172/1227/1061 1171/1237/1069
f 1159/1218/197 1171/1237/1069 1158/1215/1052
f 1176/1232/214 1189/1239/1071 1188/1240/1072
f 1176/1232/214 1188/1240/1072 1175/1229/216
f 1169/1233/1065 1182/1241/1073 1181/1242/1074
f 1169/1233/1065 1181/1242/1074 1168/1230/1063
f 1177/1234/1066 1190/1243/1075 1189/1239/1071
f 1177/1234/1066 1189/1239/1071 1176/1232/214
f 1170/1235/1067 1183/1244/1076 1182/1241/1073
f 1170/1235/1067 1182/1241/1073 1169/1233/1065
f 1178/1236/1068 1191/1245/1077 1190/1243/1075
f 1178/1236/1068 1190/1243/1075 1177/1234/1066
f 1171/1237/1069 1184/1246/1078 1183/1244/1076
f 1171/1237/1069 1183/1244/1076 1170/1235/1067
f 1487/1238/1070 1489/1247/1079 1191/1245/1077
f 1487/1238/1070 1191/1245/1077 1178/1236/1068
f 1172/1227/1061 1185/1248/1080 1184/1246/1078
f 1172/1227/1061 1184/1246/1078 1171/1237/1069
f 1173/1226/1060 1186/1249/226 1185/1248/1080
f 1173/1226/1060 1185/1248/1080 1172/1227/1061
f 1174/1228/1062 1187/1250/225 1186/1249/226
f 1174/1228/1062 1186/1249/226 1173/1226/1060
f 1175/1229/216 1188/1240/1072 1187/1250/225
f 1175/1229/216 1187/1250/225 1174/1228/1062
f 1168/1230/1063 1181/1242/1074 1179/1251/1081
f 1168/1230/1063 1179/1251/1081 1166/1231/1064
f 1489/1247/1079 1491/1252/1082 1204/1253/1083
f 1489/1247/1079 1204/1253/1083 1191/1245/1077
f 1185/1248/1080 1198/1254/235 1197/1255/1084
f 1185/1248/1080 1197/1255/1084 1184/1246/1078
f 1186/1249/226 1199/1256/247 1198/1254/235
f 1186/1249/226 1198/1254/235 1185/1248/1080
f 1187/1250/225 1200/1257/246 1199/1256/247
f 1187/1250/225 1199/1256/247 1186/1249/226
f 1188/1240/1072 1201/1258/244 1200/1257/246
f 1188/1240/1072 1200/1257/246 1187/1250/225
f 1181/1242/1074 1194/1259/1085 1192/1260/1086
f 1181/1242/1074 1192/1260/1086 1179/1251/1081
f 1189/1239/1071 1202/1261/242 1201/1258/244
f 1189/1239/1071 1201/1258/244 1188/1240/1072
f 1182/1241/1073 1195/1262/1087 1194/1259/1085
f 1182/1241/1073 1194/1259/1085 1181/1242/1074
f 1190/1243/1075 1203/1263/1088 1202/1261/242
f 1190/1243/1075 1202/1261/242 1189/1239/1071
f 1183/1244/1076 1196/1264/1089 1195/1262/1087
f 1183/1244/1076 1195/1262/1087 1182/1241/1073
f 1191/1245/1077 1204/1253/1083 1203/1263/1088
f 1191/1245/1077 1203/1263/1088 1190/1243/1075
f 1184/1246/1078 1197/1255/1084 1196/1264/1089
f 1184/1246/1078 1196/1264/1089 1183/1244/1076
f 1200/1257/246 1213/1265/1090 1212/1266/256
f 1200/1257/246 1212/1266/256 1199/1256/247
f 1201/1258/244 1214/1267/1091 1213/1265/1090
f 1201/1258/244 1213/1265/1090 1200/1257/246
f 1194/1259/1085 1207/1268/1092 1205/1269/1093
f 1194/1259/1085 1205/1269/1093 1192/1260/1086
f 1202/1261/242 1215/1270/1094 1214/1267/1091
f 1202/1261/242 1214/1267/1091 1201/1258/244
f 1195/1262/1087 1208/1271/1095 1207/1268/1092
f 1195/1262/1087 1207/1268/1092 1194/1259/1085
f 1203/1263/1088 1216/1272/1096 1215/1270/1094
f 1203/1263/1088 1215/1270/1094 1202/1261/242
f 1196/1264/1089 1209/1273/1097 1208/1271/1095
f 1196/1264/1089 1208/1271/1095 1195/1262/1087
f 1204/1253/1083 1217/1274/1098 1216/1272/1096
f 1204/1253/1083 1216/1272/1096 1203/1263/1088
f 1197/1255/1084 1210/1275/258 1209/1273/1097
f 1197/1255/1084 1209/1273/1097 1196/1264/1089
f 1491/1252/1082 1493/1276/1099 1217/1274/1098
f 1491/1252/1082 1217/1274/1098 1204/1253/1083
f 1198/1254/235 1211/1277/1100 1210/1275/258
f 1198/1254/235 1210/1275/258 1197/1255/1084
f 1199/1256/247 1212/1266/256 1211/1277/1100
f 1199/1256/247 1211/1277/1100 1198/1254/235
f 1216/1272/1096 1229/1278/1101 1228/1279/1102
f 1216/1272/1096 1228/1279/1102 1215/1270/1094
f 1209/1273/1097 1222/1280/1103 1221/1281/1104
f 1209/1273/1097 1221/1281/1104 1208/1271/1095
f 1217/1274/1098 1230/1282/1105 1229/1278/1101
f 1217/1274/1098 1229/1278/1101 1216/1272/1096
f 1210/1275/258 1223/1283/264 1222/1280/1103
f 1210/1275/258 1222/1280/1103 1209/1273/1097
f 1493/1276/1099 1495/1284/1106 1230/1282/1105
f 1493/1276/1099 1230/1282/1105 1217/1274/1098
f 1211/1277/1100 1224/1285/1107 1223/1283/264
f 1211/1277/1100 1223/1283/264 1210/1275/258
f 1212/1266/256 1225/1286/262 1224/1285/1107
f 1212/1266/256 1224/1285/1107 1211/1277/1100
f 1213/1265/1090 1226/1287/261 1225/1286/262
f 1213/1265/1090 1225/1286/262 1212/1266/256
f 1214/1267/1091 1227/1288/1108 1226/1287/261
f 1214/1267/1091 1226/1287/261 1213/1265/1090
f 1207/1268/1092 1220/1289/1109 1218/1290/1110
f 1207/1268/1092 1218/1290/1110 1205/1269/1093
f 1215/1270/1094 1228/1279/1102 1227/1288/1108
f 1215/1270/1094 1227/1288/1108 1214/1267/1091
f 1208/1271/1095 1221/1281/1104 1220/1289/1109
f 1208/1271/1095 1220/1289/1109 1207/1268/1092
f 1225/1286/262 1238/1291/285 1237/1292/1111
f 1225/1286/262 1237/1292/1111 1224/1285/1107
f 1226/1287/261 1239/1293/284 1238/1291/285
f 1226/1287/261 1238/1291/285 1225/1286/262
f 1227/1288/1108 1240/1294/1112 1239/1293/284
f 1227/1288/1108 1239/1293/284 1226/1287/261
f 1220/1289/1109 1233/1295/1113 1231/1296/1114
f 1220/1289/1109 1231/1296/1114 1218/1290/1110
f 1228/1279/1102 1241/1297/1115 1240/1294/1112
f 1228/1279/1102 1240/1294/1112 1227/1288/1108
f 1221/1281/1104 1234/1298/1116 1233/1295/1113
f 1221/1281/1104 1233/1295/1113 1220/1289/1109
f 1229/1278/1101 1242/1299/1117 1241/1297/1115
f 1229/1278/1101 1241/1297/1115 1228/1279/1102
f 1222/1280/1103 1235/1300/277 1234/1298/1116
f 1222/1280/1103 1234/1298/1116 1221/1281/1104
f 1230/1282/1105 1243/1301/1118 1242/1299/1117
f 1230/1282/1105 1242/1299/1117 1229/1278/1101
f 1223/1283/264 1236/1302/1119 1235/1300/277
f 1223/1283/264 1235/1300/277 1222/1280/1103
f 1495/1284/1106 1497/1303/1120 1243/1301/1118
f 1495/1284/1106 1243/1301/1118 1230/1282/1105
f 1224/1285/1107 1237/1292/1111 1236/1302/1119
f 1224/1285/1107 1236/1302/1119 1223/1283/264
f 1240/1294/1112 1253/1304/1121 1252/1305/1122
f 1240/1294/1112 1252/1305/1122 1239/1293/284
f 1233/1295/1113 1246/1306/1123 1244/1307/1124
f 1233/1295/1113 1244/1307/1124 1231/1296/1114
f 1241/1297/1115 1254/1308/1125 1253/1304/1121
f 1241/1297/1115 1253/1304/1121 1240/1294/1112
f 1234/1298/1116 1247/1309/1126 1246/1306/1123
f 1234/1298/1116 1246/1306/1123 1233/1295/1113
f 1242/1299/1117 1255/1310/1127 1254/1308/1125
f 1242/1299/1117 1254/1308/1125 1241/1297/1115
f 1235/1300/277 1248/1311/1128 1247/1309/1126
f 1235/1300/277 1247/1309/1126 1234/1298/1116
f 1243/1301/1118 1256/1312/1129 1255/1310/1127
f 1243/1301/1118 1255/1310/1127 1242/1299/1117
f 1236/1302/1119 1249/1313/1130 1248/1311/1128
f 1236/1302/1119 1248/1311/1128 1235/1300/277
f 1497/1303/1120 1499/1314/1131 1256/1312/1129
f 1497/1303/1120 1256/1312/1129 1243/1301/1118
f 1237/1292/1111 1250/1315/1132 1249/1313/1130
f 1237/1292/1111 1249/1313/1130 1236/1302/1119
f 1238/1291/285 1251/1316/293 1250/1315/1132
f 1238/1291/285 1250/1315/1132 1237/1292/1111
f 1239/1293/284 1252/1305/1122 1251/1316/293
f 1239/1293/284 1251/1316/293 1238/1291/285
f 1256/1312/1129 1268/718/659 1267/714/655
f 1256/1312/1129 1267/714/655 1255/1310/1127
f 1249/1313/1130 1262/720/302 1261/716/657
f 1249/1313/1130 1261/716/657 1248/1311/1128
f 1499/1314/1131 1501/722/662 1268/718/659
f 1499/1314/1131 1268/718/659 1256/1312/1129
f 1250/1315/1132 1263/724/664 1262/720/302
f 1250/1315/1132 1262/720/302 1249/1313/1130
f 1251/1316/293 659/726/300 1263/724/664
f 1251/1316/293 1263/724/664 1250/1315/1132
f 1252/1305/1122 1264/728/665 659/726/300
f 1252/1305/1122 659/726/300 1251/1316/293
f 1253/1304/1121 1265/709/310 1264/728/665
f 1253/1304/1121 1264/728/665 1252/1305/1122
f 1246/1306/1123 1259/713/654 1257/731/668
f 1246/1306/1123 1257/731/668 1244/1307/1124
f 1254/1308/1125 1266/706/648 1265/709/310
f 1254/1308/1125 1265/709/310 1253/1304/1121
f 1247/1309/1126 1260/710/651 1259/713/654
f 1247/1309/1126 1259/713/654 1246/1306/1123
f 1255/1310/1127 1267/714/655 1266/706/648
f 1255/1310/1127 1266/706/648 1254/1308/1125
f 1248/1311/1128 1261/716/657 1260/710/651
f 1248/1311/1128 1260/710/651 1247/1309/1126
f 934/1317/882 1290/1318/1133 1289/1319/1134
f 934/1317/882 1289/1319/1134 921/1320/865
f 856/1321/821 1284/1322/1135 1283/1323/1136
f 856/1321/821 1283/1323/1136 843/1324/805
f 1167/1325/1064 1307/1326/1137 1306/1327/1138
f 1167/1325/1064 1306/1327/1138 1154/1328/1058
f 1089/1329/1139 1301/1330/1140 1300/1331/1141
f 1089/1329/1139 1300/1331/1141 1076/1332/1142
f 1258/1333/1143 1314/1334/1144 1313/1335/1145
f 1258/1333/1143 1313/1335/1145 1245/1336/1124
f 661/1337/667 1269/1338/1146 1314/1334/1144
f 661/1337/667 1314/1334/1144 1258/1333/1143
f 1115/1339/1028 1303/1340/1147 1302/1341/1148
f 1115/1339/1028 1302/1341/1148 1102/1342/1012
f 1025/1343/951 1297/1344/1149 1296/1345/1150
f 1025/1343/951 1296/1345/1150 1012/1346/942
f 843/1324/805 1283/1323/1136 1282/1347/1151
f 843/1324/805 1282/1347/1151 830/1348/800
f 765/1349/1152 1277/1350/1153 1276/1351/1154
f 765/1349/1152 1276/1351/1154 752/1352/1155
f 778/1353/752 1278/1354/1156 1277/1350/1153
f 778/1353/752 1277/1350/1153 765/1349/1152
f 791/1355/772 1279/1356/1157 1278/1354/1156
f 791/1355/772 1278/1354/1156 778/1353/752
f 1012/1346/942 1296/1345/1150 1295/1357/1158
f 1012/1346/942 1295/1357/1158 999/1358/1159
f 700/1359/1160 1272/1360/1161 1271/1361/1162
f 700/1359/1160 1271/1361/1162 687/1362/689
f 1038/1363/965 1298/1364/1163 1297/1344/1149
f 1038/1363/965 1297/1344/1149 1025/1343/951
f 960/1365/904 1292/1366/1164 1291/1367/1165
f 960/1365/904 1291/1367/1165 947/1368/888
f 895/1369/852 1287/1370/1166 1286/1371/1167
f 895/1369/852 1286/1371/1167 882/1372/833
f 713/1373/702 1273/1374/1168 1272/1360/1161
f 713/1373/702 1272/1360/1161 700/1359/1160
f 1219/1375/1110 1311/1376/1169 1310/1377/1170
f 1219/1375/1110 1310/1377/1170 1206/1378/1093
f 947/1368/888 1291/1367/1165 1290/1318/1133
f 947/1368/888 1290/1318/1133 934/1317/882
f 1193/1379/1086 1309/1380/1171 1308/1381/1172
f 1193/1379/1086 1308/1381/1172 1180/1382/1081
f 1206/1378/1093 1310/1377/1170 1309/1380/1171
f 1206/1378/1093 1309/1380/1171 1193/1379/1086
f 1076/1332/1142 1300/1331/1141 1299/1383/1173
f 1076/1332/1142 1299/1383/1173 1052/1384/997
f 726/1385/716 1274/1386/1174 1273/1374/1168
f 726/1385/716 1273/1374/1168 713/1373/702
f 869/1387/827 1285/1388/1175 1284/1322/1135
f 869/1387/827 1284/1322/1135 856/1321/821
f 882/1372/833 1286/1371/1167 1285/1388/1175
f 882/1372/833 1285/1388/1175 869/1387/827
f 1128/1389/1033 1304/1390/1176 1303/1340/1147
f 1128/1389/1033 1303/1340/1147 1115/1339/1028
f 1141/1391/1042 1305/1392/1177 1304/1390/1176
f 1141/1391/1042 1304/1390/1176 1128/1389/1033
f 1052/1384/997 1299/1383/1173 1298/1364/1163
f 1052/1384/997 1298/1364/1163 1038/1363/965
f 999/1358/1159 1295/1357/1158 1294/1393/1178
f 999/1358/1159 1294/1393/1178 986/1394/919
f 817/1395/785 1281/1396/1179 1280/1397/1180
f 817/1395/785 1280/1397/1180 804/1398/775
f 804/1398/775 1280/1397/1180 1279/1356/1157
f 804/1398/775 1279/1356/1157 791/1355/772
f 752/1352/1155 1276/1351/1154 1275/1399/1181
f 752/1352/1155 1275/1399/1181 739/1400/1182
f 973/1401/1183 1293/1402/1184 1292/1366/1164
f 973/1401/1183 1292/1366/1164 960/1365/904
f 1154/1328/1058 1306/1327/1138 1305/1392/1177
f 1154/1328/1058 1305/1392/1177 1141/1391/1042
f 986/1394/919 1294/1393/1178 1293/1402/1184
f 986/1394/919 1293/1402/1184 973/1401/1183
f 739/1400/1182 1275/1399/1181 1274/1386/1174
f 739/1400/1182 1274/1386/1174 726/1385/716
f 687/1362/689 1271/1361/1162 1270/1403/1185
f 687/1362/689 1270/1403/1185 674/1404/1186
f 1245/1336/1124 1313/1335/1145 1312/1405/1187
f 1245/1336/1124 1312/1405/1187 1232/1406/1114
f 830/1348/800 1282/1347/1151 1281/1396/1179
f 830/1348/800 1281/1396/1179 817/1395/785
f 1232/1406/1114 1312/1405/1187 1311/1376/1169
f 1232/1406/1114 1311/1376/1169 1219/1375/1110
f 921/1320/865 1289/1319/1134 1288/1407/1188
f 921/1320/865 1288/1407/1188 908/1408/856
f 1180/1382/1081 1308/1381/1172 1307/1326/1137
f 1180/1382/1081 1307/1326/1137 1167/1325/1064
f 1102/1342/1012 1302/1341/1148 1301/1330/1140
f 1102/1342/1012 1301/1330/1140 1089/1329/1139
f 908/1408/856 1288/1407/1188 1287/1370/1166
f 908/1408/856 1287/1370/1166 895/1369/852
f 1296/1345/1150 1342/1409/1189 1341/1410/1189
f 1296/1345/1150 1341/1410/1189 1295/1357/1158
f 1283/1323/1136 1329/1411/1189 1328/1412/1189
f 1283/1323/1136 1328/1412/1189 1282/1347/1151
f 1310/1377/1170 1356/1413/1189 1355/1414/1189
f 1310/1377/1170 1355/1414/1189 1309/1380/1171
f 1270/1403/1185 1316/1415/1189 1315/1416/1189
f 1270/1403/1185 1315/1416/1189 1269/1338/1146
f 1297/1344/1149 1343/1417/1189 1342/1409/1189
f 1297/1344/1149 1342/1409/1189 1296/1345/1150
f 1284/1322/1135 1330/1418/1189 1329/1411/1189
f 1284/1322/1135 1329/1411/1189 1283/1323/1136
f 1311/1376/1169 1357/1419/1189 1356/1413/1189
f 1311/1376/1169 1356/1413/1189 1310/1377/1170
f 1271/1361/1162 1317/1420/1189 1316/1415/1189
f 1271/1361/1162 1316/1415/1189 1270/1403/1185
f 1298/1364/1163 1344/1421/1189 1343/1417/1189
f 1298/1364/1163 1343/1417/1189 1297/1344/1149
f 1285/1388/1175 1331/1422/1189 1330/1418/1189
f 1285/1388/1175 1330/1418/1189 1284/1322/1135
f 1312/1405/1187 1358/1423/1189 1357/1419/1189
f 1312/1405/1187 1357/1419/1189 1311/1376/1169
f 1272/1360/1161 1318/1424/1189 1317/1420/1189
f 1272/1360/1161 1317/1420/1189 1271/1361/1162
f 1299/1383/1173 1345/1425/1189 1344/1421/1189
f 1299/1383/1173 1344/1421/1189 1298/1364/1163
f 1286/1371/1167 1332/1426/1189 1331/1422/1189
f 1286/1371/1167 1331/1422/1189 1285/1388/1175
f 1313/1335/1145 1359/1427/1189 1358/1423/1189
f 1313/1335/1145 1358/1423/1189 1312/1405/1187
f 1273/1374/1168 1319/1428/1189 1318/1424/1189
f 1273/1374/1168 1318/1424/1189 1272/1360/1161
f 1300/1331/1141 1346/1429/1189 1345/1425/1189
f 1300/1331/1141 1345/1425/1189 1299/1383/1173
f 1287/1370/1166 1333/1430/1189 1332/1426/1189
f 1287/1370/1166 1332/1426/1189 1286/1371/1167
f 1314/1334/1144 1360/1431/1189 1359/1427/1189
f 1314/1334/1144 1359/1427/1189 1313/1335/1145
f 1274/1386/1174 1320/1432/1189 1319/1428/1189
f 1274/1386/1174 1319/1428/1189 1273/1374/1168
f 1301/1330/1140 1347/1433/1189 1346/1429/1189
f 1301/1330/1140 1346/1429/1189 1300/1331/1141
f 1288/1407/1188 1334/1434/1189 1333/1430/1189
f 1288/1407/1188 1333/1430/1189 1287/1370/1166
f 1269/1338/1146 1315/1416/1189 1360/1431/1189
f 1269/1338/1146 1360/1431/1189 1314/1334/1144
f 1275/1399/1181 1321/1435/1189 1320/1432/1189
f 1275/1399/1181 1320/1432/1189 1274/1386/1174
f 1302/1341/1148 1348/1436/1189 1347/1433/1189
f 1302/1341/1148 1347/1433/1189 1301/1330/1140
f 1289/1319/1134 1335/1437/1189 1334/1434/1189
f 1289/1319/1134 1334/1434/1189 1288/1407/1188
f 1276/1351/1154 1322/1438/1189 1321/1435/1189
f 1276/1351/1154 1321/1435/1189 1275/1399/1181
f 1303/1340/1147 1349/1439/1189 1348/1436/1189
f 1303/1340/1147 1348/1436/1189 1302/1341/1148
f 1290/1318/1133 1336/1440/1189 1335/1437/1189
f 1290/1318/1133 1335/1437/1189 1289/1319/1134
f 1277/1350/1153 1323/1441/1189 1322/1438/1189
f 1277/1350/1153 1322/1438/1189 1276/1351/1154
f 1304/1390/1176 1350/1442/1189 1349/1439/1189
f 1304/1390/1176 1349/1439/1189 1303/1340/1147
f 1291/1367/1165 1337/1443/1189 1336/1440/1189
f 1291/1367/1165 1336/1440/1189 1290/1318/1133
f 1278/1354/1156 1324/1444/1189 1323/1441/1189
f 1278/1354/1156 1323/1441/1189 1277/1350/1153
f 1305/1392/1177 1351/1445/1189 1350/1442/1189
f 1305/1392/1177 1350/1442/1189 1304/1390/1176
f 1292/1366/1164 1338/1446/1189 1337/1443/1189
f 1292/1366/1164 1337/1443/1189 1291/1367/1165
f 1279/1356/1157 1325/1447/1189 1324/1444/1189
f 1279/1356/1157 1324/1444/1189 1278/1354/1156
f 1306/1327/1138 1352/1448/1189 1351/1445/1189
f 1306/1327/1138 1351/1445/1189 1305/1392/1177
f 1293/1402/1184 1339/1449/1189 1338/1446/1189
f 1293/1402/1184 1338/1446/1189 1292/1366/1164
f 1280/1397/1180 1326/1450/1189 1325/1447/1189
f 1280/1397/1180 1325/1447/1189 1279/1356/1157
f 1307/1326/1137 1353/1451/1189 1352/1448/1189
f 1307/1326/1137 1352/1448/1189 1306/1327/1138
f 1294/1393/1178 1340/1452/1189 1339/1449/1189
f 1294/1393/1178 1339/1449/1189 1293/1402/1184
f 1281/1396/1179 1327/1453/1189 1326/1450/1189
f 1281/1396/1179 1326/1450/1189 1280/1397/1180
f 1308/1381/1172 1354/1454/1189 1353/1451/1189
f 1308/1381/1172 1353/1451/1189 1307/1326/1137
f 1295/1357/1158 1341/1410/1189 1340/1452/1189
f 1295/1357/1158 1340/1452/1189 1294/1393/1178
f 1282/1347/1151 1328/1412/1189 1327/1453/1189
f 1282/1347/1151 1327/1453/1189 1281/1396/1179
f 1309/1380/1171 1355/1414/1189 1354/1454/1189
f 1309/1380/1171 1354/1454/1189 1308/1381/1172
f 1503/1455/1190 1505/1456/1191 1410/1457/678
f 1503/1455/1190 1410/1457/678 1408/1458/1192
f 1637/1459/1193 1640/1460/1194 1500/1461/662
f 1637/1459/1193 1500/1461/662 1498/1462/1131
f 1634/1463/1195 1637/1459/1193 1498/1462/1131
f 1634/1463/1195 1498/1462/1131 1496/1464/1196
f 1631/1465/1197 1634/1463/1195 1496/1464/1196
f 1631/1465/1197 1496/1464/1196 1494/1466/1198
f 1628/1467/1199 1631/1465/1197 1494/1466/1198
f 1628/1467/1199 1494/1466/1198 1492/1468/1200
f 1625/1469/1201 1628/1467/1199 1492/1468/1200
f 1625/1469/1201 1492/1468/1200 1490/1470/1202
f 1622/1471/1203 1625/1469/1201 1490/1470/1202
f 1622/1471/1203 1490/1470/1202 1488/1472/1079
f 1619/1473/1204 1622/1471/1203 1488/1472/1079
f 1619/1473/1204 1488/1472/1079 1486/1474/1205
f 1616/1475/1206 1619/1473/1204 1486/1474/1205
f 1616/1475/1206 1486/1474/1205 1484/1476/1054
f 1613/1477/1207 1616/1475/1206 1484/1476/1054
f 1613/1477/1207 1484/1476/1054 1482/1478/1048
f 1610/1479/1208 1613/1477/1207 1482/1478/1048
f 1610/1479/1208 1482/1478/1048 1480/1480/1209
f 1607/1481/1210 1610/1479/1208 1480/1480/1209
f 1607/1481/1210 1480/1480/1209 1478/1482/1026
f 1604/1483/1211 1607/1481/1210 1478/1482/1026
f 1604/1483/1211 1478/1482/1026 1476/1484/1212
f 1601/1485/1213 1604/1483/1211 1476/1484/1212
f 1601/1485/1213 1476/1484/1212 1474/1486/1214
f 1598/1487/1215 1601/1485/1213 1474/1486/1214
f 1598/1487/1215 1474/1486/1214 1472/1488/991
f 1592/1489/1216 1598/1487/1215 1472/1488/991
f 1592/1489/1216 1472/1488/991 1468/1490/990
f 1589/1491/1217 1593/1492/1218 1469/1493/980
f 1589/1491/1217 1469/1493/980 1466/1494/961
f 1586/1495/1219 1589/1491/1217 1466/1494/961
f 1586/1495/1219 1466/1494/961 1464/1496/958
f 1583/1497/1220 1586/1495/1219 1464/1496/958
f 1583/1497/1220 1464/1496/958 1462/1498/949
f 1580/1499/1221 1583/1497/1220 1462/1498/949
f 1580/1499/1221 1462/1498/949 1460/1500/1222
f 1577/1501/1223 1580/1499/1221 1460/1500/1222
f 1577/1501/1223 1460/1500/1222 1458/1502/926
f 1574/1503/1224 1577/1501/1223 1458/1502/926
f 1574/1503/1224 1458/1502/926 1456/1504/905
f 1571/1505/1225 1574/1503/1224 1456/1504/905
f 1571/1505/1225 1456/1504/905 1454/1506/1226
f 1568/1507/1227 1571/1505/1225 1454/1506/1226
f 1568/1507/1227 1454/1506/1226 1452/1508/894
f 1565/1509/1228 1568/1507/1227 1452/1508/894
f 1565/1509/1228 1452/1508/894 1450/1510/1229
f 1562/1511/1230 1565/1509/1228 1450/1510/1229
f 1562/1511/1230 1450/1510/1229 1448/1512/1231
f 1559/1513/1232 1562/1511/1230 1448/1512/1231
f 1559/1513/1232 1448/1512/1231 1446/1514/863
f 1556/1515/1233 1559/1513/1232 1446/1514/863
f 1556/1515/1233 1446/1514/863 1444/1516/1234
f 1553/1517/1235 1556/1515/1233 1444/1516/1234
f 1553/1517/1235 1444/1516/1234 1442/1518/840
f 1550/1519/1236 1553/1517/1235 1442/1518/840
f 1550/1519/1236 1442/1518/840 1440/1520/822
f 1547/1521/1237 1550/1519/1236 1440/1520/822
f 1547/1521/1237 1440/1520/822 1438/1522/1238
f 1544/1523/1239 1547/1521/1237 1438/1522/1238
f 1544/1523/1239 1438/1522/1238 1436/1524/1240
f 1541/1525/1241 1544/1523/1239 1436/1524/1240
f 1541/1525/1241 1436/1524/1240 1434/1526/1242
f 1538/1527/1243 1541/1525/1241 1434/1526/1242
f 1538/1527/1243 1434/1526/1242 1432/1528/792
f 1535/1529/1244 1538/1527/1243 1432/1528/792
f 1535/1529/1244 1432/1528/792 1430/1530/1245
f 1532/1531/1246 1535/1529/1244 1430/1530/1245
f 1532/1531/1246 1430/1530/1245 1428/1532/1247
f 1529/1533/1248 1532/1531/1246 1428/1532/1247
f 1529/1533/1248 1428/1532/1247 1426/1534/1249
f 1526/1535/1250 1529/1533/1248 1426/1534/1249
f 1526/1535/1250 1426/1534/1249 1424/1536/1251
f 1523/1537/1252 1526/1535/1250 1424/1536/1251
f 1523/1537/1252 1424/1536/1251 1422/1538/1253
f 1520/1539/1254 1523/1537/1252 1422/1538/1253
f 1520/1539/1254 1422/1538/1253 1420/1540/1255
f 1517/1541/1256 1520/1539/1254 1420/1540/1255
f 1517/1541/1256 1420/1540/1255 1418/1542/712
f 1514/1543/1257 1517/1541/1256 1418/1542/712
f 1514/1543/1257 1418/1542/712 1416/1544/709
f 1511/1545/1258 1514/1543/1257 1416/1544/709
f 1511/1545/1258 1416/1544/709 1414/1546/1259
f 1508/1547/1260 1511/1545/1258 1414/1546/1259
f 1508/1547/1260 1414/1546/1259 1412/1548/685
f 1505/1456/1191 1508/1547/1260 1412/1548/685
f 1505/1456/1191 1412/1548/685 1410/1457/678
f 1362/38/38 1506/1549/1261 1502/1550/1262
f 1362/38/38 1502/1550/1262 1361/18/18
f 1407/17/17 1641/1551/1263 1638/1552/1264
f 1407/17/17 1638/1552/1264 1406/609/598
f 1406/609/598 1638/1552/1264 1635/1553/1265
f 1406/609/598 1635/1553/1265 1405/598/587
f 1405/598/587 1635/1553/1265 1632/1554/1266
f 1405/598/587 1632/1554/1266 1404/579/568
f 1404/579/568 1632/1554/1266 1629/1555/1267
f 1404/579/568 1629/1555/1267 1403/571/560
f 1403/571/560 1629/1555/1267 1626/1556/1268
f 1403/571/560 1626/1556/1268 1402/548/537
f 1402/548/537 1626/1556/1268 1623/1557/1269
f 1402/548/537 1623/1557/1269 1401/542/531
f 1401/542/531 1623/1557/1269 1620/1558/1270
f 1401/542/531 1620/1558/1270 1400/533/522
f 1400/533/522 1620/1558/1270 1617/1559/1271
f 1400/533/522 1617/1559/1271 1399/512/501
f 1399/512/501 1617/1559/1271 1614/1560/1272
f 1399/512/501 1614/1560/1272 1398/505/494
f 1398/505/494 1614/1560/1272 1611/1561/1273
f 1398/505/494 1611/1561/1273 1397/494/483
f 1397/494/483 1611/1561/1273 1608/1562/1274
f 1397/494/483 1608/1562/1274 1396/475/464
f 1396/475/464 1608/1562/1274 1605/1563/1275
f 1396/475/464 1605/1563/1275 1395/466/455
f 1395/466/455 1605/1563/1275 1602/1564/1276
f 1395/466/455 1602/1564/1276 1394/455/444
f 1394/455/444 1602/1564/1276 1599/1565/1277
f 1394/455/444 1599/1565/1277 1393/432/424
f 1393/432/424 1599/1565/1277 1594/1566/1278
f 1393/432/424 1594/1566/1278 1391/431/415
f 1392/415/415 1595/1567/1278 1590/1568/1279
f 1392/415/415 1590/1568/1279 1390/394/394
f 1390/394/394 1590/1568/1279 1587/1569/1280
f 1390/394/394 1587/1569/1280 1389/387/387
f 1389/387/387 1587/1569/1280 1584/1570/1281
f 1389/387/387 1584/1570/1281 1388/377/377
f 1388/377/377 1584/1570/1281 1581/1571/1282
f 1388/377/377 1581/1571/1282 1387/357/357
f 1387/357/357 1581/1571/1282 1578/1572/1283
f 1387/357/357 1578/1572/1283 1386/349/349
f 1386/349/349 1578/1572/1283 1575/1573/1284
f 1386/349/349 1575/1573/1284 1385/327/327
f 1385/327/327 1575/1573/1284 1572/1574/1285
f 1385/327/327 1572/1574/1285 1384/320/320
f 1384/320/320 1572/1574/1285 1569/1575/1286
f 1384/320/320 1569/1575/1286 1383/311/311
f 1383/311/311 1569/1575/1286 1566/1576/1287
f 1383/311/311 1566/1576/1287 1382/291/291
f 1382/291/291 1566/1576/1287 1563/1577/1288
f 1382/291/291 1563/1577/1288 1381/283/283
f 1381/283/283 1563/1577/1288 1560/1578/1289
f 1381/283/283 1560/1578/1289 1380/273/273
f 1380/273/273 1560/1578/1289 1557/1579/1290
f 1380/273/273 1557/1579/1290 1379/254/254
f 1379/254/254 1557/1579/1290 1554/1580/1291
f 1379/254/254 1554/1580/1291 1378/245/245
f 1378/245/245 1554/1580/1291 1551/1581/1292
f 1378/245/245 1551/1581/1292 1377/223/223
f 1377/223/223 1551/1581/1292 1548/1582/1293
f 1377/223/223 1548/1582/1293 1376/217/217
f 1376/217/217 1548/1582/1293 1545/1583/1294
f 1376/217/217 1545/1583/1294 1375/207/207
f 1375/207/207 1545/1583/1294 1542/1584/1295
f 1375/207/207 1542/1584/1295 1374/187/187
f 1374/187/187 1542/1584/1295 1539/1585/1296
f 1374/187/187 1539/1585/1296 1373/180/180
f 1373/180/180 1539/1585/1296 1536/1586/1297
f 1373/180/180 1536/1586/1297 1372/169/169
f 1372/169/169 1536/1586/1297 1533/1587/1298
f 1372/169/169 1533/1587/1298 1371/150/150
f 1371/150/150 1533/1587/1298 1530/1588/1299
f 1371/150/150 1530/1588/1299 1370/142/142
f 1370/142/142 1530/1588/1299 1527/1589/1300
f 1370/142/142 1527/1589/1300 1369/119/119
f 1369/119/119 1527/1589/1300 1524/1590/1301
f 1369/119/119 1524/1590/1301 1368/113/113
f 1368/113/113 1524/1590/1301 1521/1591/1302
f 1368/113/113 1521/1591/1302 1367/104/104
f 1367/104/104 1521/1591/1302 1518/1592/1303
f 1367/104/104 1518/1592/1303 1366/83/83
f 1366/83/83 1518/1592/1303 1515/1593/1304
f 1366/83/83 1515/1593/1304 1365/76/76
f 1365/76/76 1515/1593/1304 1512/1594/1305
f 1365/76/76 1512/1594/1305 1364/65/65
f 1364/65/65 1512/1594/1305 1509/1595/1306
f 1364/65/65 1509/1595/1306 1363/46/46
f 1363/46/46 1509/1595/1306 1506/1549/1261
f 1363/46/46 1506/1549/1261 1362/38/38
f 1361/18/18 1502/1550/1262 1641/1551/1263
f 1361/18/18 1641/1551/1263 1407/17/17
f 1503/1455/1190 1640/1460/1194 1642/1596/1307
f 1503/1455/1190 1642/1596/1307 1504/1597/1308
f 1504/1597/1308 1642/1596/1307 1641/1551/1263
f 1504/1597/1308 1641/1551/1263 1502/1550/1262
f 1640/1460/1194 1637/1459/1193 1639/1598/1309
f 1640/1460/1194 1639/1598/1309 1642/1596/1307
f 1642/1596/1307 1639/1598/1309 1638/1552/1264
f 1642/1596/1307 1638/1552/1264 1641/1551/1263
f 1637/1459/1193 1634/1463/1195 1636/1599/1310
f 1637/1459/1193 1636/1599/1310 1639/1598/1309
f 1639/1598/1309 1636/1599/1310 1635/1553/1265
f 1639/1598/1309 1635/1553/1265 1638/1552/1264
f 1634/1463/1195 1631/1465/1197 1633/1600/1311
f 1634/1463/1195 1633/1600/1311 1636/1599/1310
f 1636/1599/1310 1633/1600/1311 1632/1554/1266
f 1636/1599/1310 1632/1554/1266 1635/1553/1265
f 1631/1465/1197 1628/1467/1199 1630/1601/1312
f 1631/1465/1197 1630/1601/1312 1633/1600/1311
f 1633/1600/1311 1630/1601/1312 1629/1555/1267
f 1633/1600/1311 1629/1555/1267 1632/1554/1266
f 1628/1467/1199 1625/1469/1201 1627/1602/1313
f 1628/1467/1199 1627/1602/1313 1630/1601/1312
f 1630/1601/1312 1627/1602/1313 1626/1556/1268
f 1630/1601/1312 1626/1556/1268 1629/1555/1267
f 1625/1469/1201 1622/1471/1203 1624/1603/1314
f 1625/1469/1201 1624/1603/1314 1627/1602/1313
f 1627/1602/1313 1624/1603/1314 1623/1557/1269
f 1627/1602/1313 1623/1557/1269 1626/1556/1268
f 1622/1471/1203 1619/1473/1204 1621/1604/1315
f 1622/1471/1203 1621/1604/1315 1624/1603/1314
f 1624/1603/1314 1621/1604/1315 1620/1558/1270
f 1624/1603/1314 1620/1558/1270 1623/1557/1269
f 1619/1473/1204 1616/1475/1206 1618/1605/1316
f 1619/1473/1204 1618/1605/1316 1621/1604/1315
f 1621/1604/1315 1618/1605/1316 1617/1559/1271
f 1621/1604/1315 1617/1559/1271 1620/1558/1270
f 1616/1475/1206 1613/1477/1207 1615/1606/1317
f 1616/1475/1206 1615/1606/1317 1618/1605/1316
f 1618/1605/1316 1615/1606/1317 1614/1560/1272
f 1618/1605/1316 1614/1560/1272 1617/1559/1271
f 1613/1477/1207 1610/1479/1208 1612/1607/1318
f 1613/1477/1207 1612/1607/1318 1615/1606/1317
f 1615/1606/1317 1612/1607/1318 1611/1561/1273
f 1615/1606/1317 1611/1561/1273 1614/1560/1272
f 1610/1479/1208 1607/1481/1210 1609/1608/1319
f 1610/1479/1208 1609/1608/1319 1612/1607/1318
f 1612/1607/1318 1609/1608/1319 1608/1562/1274
f 1612/1607/1318 1608/1562/1274 1611/1561/1273
f 1607/1481/1210 1604/1483/1211 1606/1609/1320
f 1607/1481/1210 1606/1609/1320 1609/1608/1319
f 1609/1608/1319 1606/1609/1320 1605/1563/1275
f 1609/1608/1319 1605/1563/1275 1608/1562/1274
f 1604/1483/1211 1601/1485/1213 1603/1610/1321
f 1604/1483/1211 1603/1610/1321 1606/1609/1320
f 1606/1609/1320 1603/1610/1321 1602/1564/1276
f 1606/1609/1320 1602/1564/1276 1605/1563/1275
f 1601/1485/1213 1598/1487/1215 1600/1611/1322
f 1601/1485/1213 1600/1611/1322 1603/1610/1321
f 1603/1610/1321 1600/1611/1322 1599/1565/1277
f 1603/1610/1321 1599/1565/1277 1602/1564/1276
f 1598/1487/1215 1592/1489/1216 1596/1612/1323
f 1598/1487/1215 1596/1612/1323 1600/1611/1322
f 1600/1611/1322 1596/1612/1323 1594/1566/1278
f 1600/1611/1322 1594/1566/1278 1599/1565/1277
f 1593/1492/1218 1589/1491/1217 1591/1613/1324
f 1593/1492/1218 1591/1613/1324 1597/1614/1323
f 1597/1614/1323 1591/1613/1324 1590/1568/1279
f 1597/1614/1323 1590/1568/1279 1595/1567/1278
f 1589/1491/1217 1586/1495/1219 1588/1615/1325
f 1589/1491/1217 1588/1615/1325 1591/1613/1324
f 1591/1613/1324 1588/1615/1325 1587/1569/1280
f 1591/1613/1324 1587/1569/1280 1590/1568/1279
f 1586/1495/1219 1583/1497/1220 1585/1616/1326
f 1586/1495/1219 1585/1616/1326 1588/1615/1325
f 1588/1615/1325 1585/1616/1326 1584/1570/1281
f 1588/1615/1325 1584/1570/1281 1587/1569/1280
f 1583/1497/1220 1580/1499/1221 1582/1617/1327
f 1583/1497/1220 1582/1617/1327 1585/1616/1326
f 1585/1616/1326 1582/1617/1327 1581/1571/1282
f 1585/1616/1326 1581/1571/1282 1584/1570/1281
f 1580/1499/1221 1577/1501/1223 1579/1618/1328
f 1580/1499/1221 1579/1618/1328 1582/1617/1327
f 1582/1617/1327 1579/1618/1328 1578/1572/1283
f 1582/1617/1327 1578/1572/1283 1581/1571/1282
f 1577/1501/1223 1574/1503/1224 1576/1619/1329
f 1577/1501/1223 1576/1619/1329 1579/1618/1328
f 1579/1618/1328 1576/1619/1329 1575/1573/1284
f 1579/1618/1328 1575/1573/1284 1578/1572/1283
f 1574/1503/1224 1571/1505/1225 1573/1620/1330
f 1574/1503/1224 1573/1620/1330 1576/1619/1329
f 1576/1619/1329 1573/1620/1330 1572/1574/1285
f 1576/1619/1329 1572/1574/1285 1575/1573/1284
f 1571/1505/1225 1568/1507/1227 1570/1621/1331
f 1571/1505/1225 1570/1621/1331 1573/1620/1330
f 1573/1620/1330 1570/1621/1331 1569/1575/1286
f 1573/1620/1330 1569/1575/1286 1572/1574/1285
f 1568/1507/1227 1565/1509/1228 1567/1622/1332
f 1568/1507/1227 1567/1622/1332 1570/1621/1331
f 1570/1621/1331 1567/1622/1332 1566/1576/1287
f 1570/1621/1331 1566/1576/1287 1569/1575/1286
f 1565/1509/1228 1562/1511/1230 1564/1623/1333
f 1565/1509/1228 1564/1623/1333 1567/1622/1332
f 1567/1622/1332 1564/1623/1333 1563/1577/1288
f 1567/1622/1332 1563/1577/1288 1566/1576/1287
f 1562/1511/1230 1559/1513/1232 1561/1624/1334
f 1562/1511/1230 1561/1624/1334 1564/1623/1333
f 1564/1623/1333 1561/1624/1334 1560/1578/1289
f 1564/1623/1333 1560/1578/1289 1563/1577/1288
f 1559/1513/1232 1556/1515/1233 1558/1625/1335
f 1559/1513/1232 1558/1625/1335 1561/1624/1334
f 1561/1624/1334 1558/1625/1335 1557/1579/1290
f 1561/1624/1334 1557/1579/1290 1560/1578/1289
f 1556/1515/1233 1553/1517/1235 1555/1626/1336
f 1556/1515/1233 1555/1626/1336 1558/1625/1335
f 1558/1625/1335 1555/1626/1336 1554/1580/1291
f 1558/1625/1335 1554/1580/1291 1557/1579/1290
f 1553/1517/1235 1550/1519/1236 1552/1627/1337
f 1553/1517/1235 1552/1627/1337 1555/1626/1336
f 1555/1626/1336 1552/1627/1337 1551/1581/1292
f 1555/1626/1336 1551/1581/1292 1554/1580/1291
f 1550/1519/1236 1547/1521/1237 1549/1628/1338
f 1550/1519/1236 1549/1628/1338 1552/1627/1337
f 1552/1627/1337 1549/1628/1338 1548/1582/1293
f 1552/1627/1337 1548/1582/1293 1551/1581/1292
f 1547/1521/1237 1544/1523/1239 1546/1629/1339
f 1547/1521/1237 1546/1629/1339 1549/1628/1338
f 1549/1628/1338 1546/1629/1339 1545/1583/1294
f 1549/1628/1338 1545/1583/1294 1548/1582/1293
f 1544/1523/1239 1541/1525/1241 1543/1630/1340
f 1544/1523/1239 1543/1630/1340 1546/1629/1339
f 1546/1629/1339 1543/1630/1340 1542/1584/1295
f 1546/1629/1339 1542/1584/1295 1545/1583/1294
f 1541/1525/1241 1538/1527/1243 1540/1631/1341
f 1541/1525/1241 1540/1631/1341 1543/1630/1340
f 1543/1630/1340 1540/1631/1341 1539/1585/1296
f 1543/1630/1340 1539/1585/1296 1542/1584/1295
f 1538/1527/1243 1535/1529/1244 1537/1632/1342
f 1538/1527/1243 1537/1632/1342 1540/1631/1341
f 1540/1631/1341 1537/1632/1342 1536/1586/1297
f 1540/1631/1341 1536/1586/1297 1539/1585/1296
f 1535/1529/1244 1532/1531/1246 1534/1633/1343
f 1535/1529/1244 1534/1633/1343 1537/1632/1342
f 1537/1632/1342 1534/1633/1343 1533/1587/1298
f 1537/1632/1342 1533/1587/1298 1536/1586/1297
f 1532/1531/1246 1529/1533/1248 1531/1634/1344
f 1532/1531/1246 1531/1634/1344 1534/1633/1343
f 1534/1633/1343 1531/1634/1344 1530/1588/1299
f 1534/1633/1343 1530/1588/1299 1533/1587/1298
f 1529/1533/1248 1526/1535/1250 1528/1635/1345
f 1529/1533/1248 1528/1635/1345 1531/1634/1344
f 1531/1634/1344 1528/1635/1345 1527/1589/1300
f 1531/1634/1344 1527/1589/1300 1530/1588/1299
f 1526/1535/1250 1523/1537/1252 1525/1636/1346
f 1526/1535/1250 1525/1636/1346 1528/1635/1345
f 1528/1635/1345 1525/1636/1346 1524/1590/1301
f 1528/1635/1345 1524/1590/1301 1527/1589/1300
f 1523/1537/1252 1520/1539/1254 1522/1637/1347
f 1523/1537/1252 1522/1637/1347 1525/1636/1346
f 1525/1636/1346 1522/1637/1347 1521/1591/1302
f 1525/1636/1346 1521/1591/1302 1524/1590/1301
f 1520/1539/1254 1517/1541/1256 1519/1638/1348
f 1520/1539/1254 1519/1638/1348 1522/1637/1347
f 1522/1637/1347 1519/1638/1348 1518/1592/1303
f 1522/1637/1347 1518/1592/1303 1521/1591/1302
f 1517/1541/1256 1514/1543/1257 1516/1639/1349
f 1517/1541/1256 1516/1639/1349 1519/1638/1348
f 1519/1638/1348 1516/1639/1349 1515/1593/1304
f 1519/1638/1348 1515/1593/1304 1518/1592/1303
f 1514/1543/1257 1511/1545/1258 1513/1640/1350
f 1514/1543/1257 1513/1640/1350 1516/1639/1349
f 1516/1639/1349 1513/1640/1350 1512/1594/1305
f 1516/1639/1349 1512/1594/1305 1515/1593/1304
f 1511/1545/1258 1508/1547/1260 1510/1641/1351
f 1511/1545/1258 1510/1641/1351 1513/1640/1350
f 1513/1640/1350 1510/1641/1351 1509/1595/1306
f 1513/1640/1350 1509/1595/1306 1512/1594/1305
f 1508/1547/1260 1505/1456/1191 1507/1642/1352
f 1508/1547/1260 1507/1642/1352 1510/1641/1351
f 1510/1641/1351 1507/1642/1352 1506/1549/1261
f 1510/1641/1351 1506/1549/1261 1509/1595/1306
f 1505/1456/1191 1503/1455/1190 1504/1597/1308
f 1505/1456/1191 1504/1597/1308 1507/1642/1352
f 1507/1642/1352 1504/1597/1308 1502/1550/1262
f 1507/1642/1352 1502/1550/1262 1506/1549/1261
f 1640/1460/1194 1503/1455/1190 1408/1458/1192
f 1640/1460/1194 1408/1458/1192 1500/1461/662
f 674/1404/1186 1270/1403/1185 1269/1338/1146
f 674/1404/1186 1269/1338/1146 661/1337/667
usemtl modern_ceiling_lamp_01
s off
f 1897/1643/1189 1899/1644/1189 1843/1645/1189
f 1897/1643/1189 1843/1645/1189 1845/1646/1189
f 1881/1647/1189 1882/1648/1189 1859/1649/1189
f 1881/1647/1189 1859/1649/1189 1863/1650/1189
f 1895/1651/1189 1897/1643/1189 1845/1646/1189
f 1895/1651/1189 1845/1646/1189 1847/1652/1189
f 1879/1653/1189 1881/1647/1189 1863/1650/1189
f 1879/1653/1189 1863/1650/1189 1865/1654/1189
f 1893/1655/1189 1895/1651/1189 1847/1652/1189
f 1893/1655/1189 1847/1652/1189 1849/1656/1189
f 1877/1657/1189 1879/1653/1189 1865/1654/1189
f 1877/1657/1189 1865/1654/1189 1867/1658/1189
f 1891/1659/1189 1893/1655/1189 1849/1656/1189
f 1891/1659/1189 1849/1656/1189 1851/1660/1189
f 1906/1661/1189 1908/1662/1189 1836/1663/1189
f 1906/1661/1189 1836/1663/1189 1838/1664/1189
f 1875/1665/1189 1877/1657/1189 1867/1658/1189
f 1875/1665/1189 1867/1658/1189 1869/1666/1189
f 1889/1667/1189 1891/1659/1189 1851/1660/1189
f 1889/1667/1189 1851/1660/1189 1853/1668/1189
f 1904/1669/1189 1906/1661/1189 1838/1664/1189
f 1904/1669/1189 1838/1664/1189 1840/1670/1189
f 1873/1671/1189 1875/1665/1189 1869/1666/1189
f 1873/1671/1189 1869/1666/1189 1871/1672/1189
f 1887/1673/1189 1889/1667/1189 1853/1668/1189
f 1887/1673/1189 1853/1668/1189 1855/1674/1189
f 1902/1675/1189 1904/1669/1189 1840/1670/1189
f 1902/1675/1189 1840/1670/1189 1842/1676/1189
f 1908/1662/1189 1873/1671/1189 1871/1672/1189
f 1908/1662/1189 1871/1672/1189 1836/1663/1189
f 1885/1677/1189 1887/1673/1189 1855/1674/1189
f 1885/1677/1189 1855/1674/1189 1857/1678/1189
f 1899/1644/1189 1902/1675/1189 1842/1676/1189
f 1899/1644/1189 1842/1676/1189 1843/1645/1189
f 1882/1648/1189 1885/1677/1189 1857/1678/1189
f 1882/1648/1189 1857/1678/1189 1859/1649/1189
f 1917/1679/1189 1916/1680/1189 1953/1681/1189
f 1917/1679/1189 1953/1681/1189 1954/1682/1189
f 1933/1683/1189 1931/1684/1189 1968/1685/1189
f 1933/1683/1189 1968/1685/1189 1970/1686/1189
f 1919/1687/1189 1917/1679/1189 1954/1682/1189
f 1919/1687/1189 1954/1682/1189 1956/1688/1189
f 1937/1689/1189 1933/1683/1189 1970/1686/1189
f 1937/1689/1189 1970/1686/1189 1974/1690/1189
f 1921/1691/1189 1919/1687/1189 1956/1688/1189
f 1921/1691/1189 1956/1688/1189 1958/1692/1189
f 1939/1693/1189 1974/1690/1189 1976/1694/1189
f 1923/1695/1189 1921/1691/1189 1958/1692/1189
f 1923/1695/1189 1958/1692/1189 1960/1696/1189
f 1941/1697/1189 1939/1693/1189 1976/1694/1189
f 1941/1697/1189 1976/1694/1189 1978/1698/1189
f 1925/1699/1189 1923/1695/1189 1960/1696/1189
f 1925/1699/1189 1960/1696/1189 1962/1700/1189
f 1912/1701/1189 1910/1702/1189 1947/1703/1189
f 1912/1701/1189 1947/1703/1189 1949/1704/1189
f 1943/1705/1189 1941/1697/1189 1978/1698/1189
f 1943/1705/1189 1978/1698/1189 1980/1706/1189
f 1927/1707/1189 1925/1699/1189 1962/1700/1189
f 1927/1707/1189 1962/1700/1189 1964/1708/1189
f 1914/1709/1189 1912/1701/1189 1949/1704/1189
f 1914/1709/1189 1949/1704/1189 1951/1710/1189
f 1945/1711/1189 1943/1705/1189 1980/1706/1189
f 1945/1711/1189 1980/1706/1189 1982/1712/1189
f 1929/1713/1189 1927/1707/1189 1964/1708/1189
f 1916/1680/1189 1914/1709/1189 1951/1710/1189
f 1916/1680/1189 1951/1710/1189 1953/1681/1189
f 1910/1702/1189 1945/1711/1189 1982/1712/1189
f 1910/1702/1189 1982/1712/1189 1947/1703/1189
f 1931/1684/1189 1929/1713/1189 1966/1714/1189
f 2841/1715/647 2844/1716/647 2852/1717/647
f 2827/1718/647 2829/1719/647 2852/1717/647
f 2849/1720/647 2816/1721/647 2852/1717/647
f 2844/1716/647 2846/1722/647 2852/1717/647
f 2829/1719/647 2831/1723/647 2852/1717/647
f 2816/1721/647 2818/1724/647 2852/1717/647
f 2846/1722/647 2851/1725/647 2852/1717/647
f 2831/1723/647 2833/1726/647 2852/1717/647
f 2818/1724/647 2820/1727/647 2852/1717/647
f 2851/1725/647 2849/1720/647 2852/1717/647
f 2833/1726/647 2835/1728/647 2852/1717/647
f 2820/1727/647 2822/1729/647 2852/1717/647
f 2835/1728/647 2837/1730/647 2852/1717/647
f 2822/1729/647 2824/1731/647 2852/1717/647
f 2837/1730/647 2839/1732/647 2852/1717/647
f 2824/1731/647 2825/1733/647 2852/1717/647
f 2839/1732/647 2841/1715/647 2852/1717/647
f 2825/1733/647 2827/1718/647 2852/1717/647
s 1
f 1666/1734/1353 1643/1735/21 1670/1736/1354
f 1666/1734/1353 1670/1736/1354 1705/1737/1355
f 1661/1738/1356 1668/1739/647 1667/1740/1357
f 1659/1741/1358 1668/1739/647 1661/1738/1356
f 1657/1742/1359 1668/1739/647 1659/1741/1358
f 1655/1743/1360 1668/1739/647 1657/1742/1359
f 1653/1744/1361 1668/1739/647 1655/1743/1360
f 1650/1745/1362 1668/1739/647 1653/1744/1361
f 1648/1746/1363 1668/1739/647 1650/1745/1362
f 1646/1747/1364 1668/1739/647 1648/1746/1363
f 1644/1748/1365 1668/1739/647 1646/1747/1364
f 1649/1749/1366 1652/1750/1367 1684/1751/1368
f 1649/1749/1366 1684/1751/1368 1680/1752/1369
f 1663/1753/1370 1668/1739/647 1644/1748/1365
f 1665/1754/1371 1668/1739/647 1663/1753/1370
f 1672/1755/1372 1667/1740/1357 1665/1754/1371
f 1672/1755/1372 1665/1754/1371 1671/1756/1373
f 1647/1757/1374 1649/1749/1366 1680/1752/1369
f 1647/1757/1374 1680/1752/1369 1677/1758/1375
f 1664/1759/1376 1666/1734/1353 1705/1737/1355
f 1664/1759/1376 1705/1737/1355 1702/1760/1377
f 1662/1761/1378 1664/1759/1376 1702/1760/1377
f 1662/1761/1378 1702/1760/1377 1699/1762/1379
f 1660/1763/1380 1662/1761/1378 1699/1762/1379
f 1660/1763/1380 1699/1762/1379 1696/1764/1381
f 1658/1765/1382 1660/1763/1380 1696/1764/1381
f 1658/1765/1382 1696/1764/1381 1693/1766/1383
f 1656/1767/300 1658/1765/1382 1693/1766/1383
f 1656/1767/300 1693/1766/1383 1690/1768/1384
f 1654/1769/1385 1656/1767/300 1690/1768/1384
f 1654/1769/1385 1690/1768/1384 1687/1770/1386
f 1651/1771/1367 1654/1769/1385 1687/1770/1386
f 1651/1771/1367 1687/1770/1386 1683/1772/1387
f 1645/1773/1388 1647/1757/1374 1677/1758/1375
f 1645/1773/1388 1677/1758/1375 1674/1774/1389
f 1643/1735/21 1645/1773/1388 1674/1774/1389
f 1643/1735/21 1674/1774/1389 1670/1736/1354
f 1673/1775/1390 1672/1755/1372 1671/1756/1373
f 1673/1775/1390 1671/1756/1373 1669/1776/1354
f 1676/1777/1391 1675/1778/1392 1672/1755/1372
f 1676/1777/1391 1672/1755/1372 1673/1775/1390
f 1679/1779/1369 1678/1780/1393 1675/1778/1392
f 1679/1779/1369 1675/1778/1392 1676/1777/1391
f 1682/1781/1368 1681/1782/1394 1678/1780/1393
f 1682/1781/1368 1678/1780/1393 1679/1779/1369
f 1686/1783/1395 1685/1784/1396 1681/1782/1394
f 1686/1783/1395 1681/1782/1394 1682/1781/1368
f 1689/1785/1397 1688/1786/1398 1685/1784/1396
f 1689/1785/1397 1685/1784/1396 1686/1783/1395
f 1692/1787/1383 1691/1788/1399 1688/1786/1398
f 1692/1787/1383 1688/1786/1398 1689/1785/1397
f 1695/1789/1400 1694/1790/1401 1691/1788/1399
f 1695/1789/1400 1691/1788/1399 1692/1787/1383
f 1698/1791/1402 1697/1792/1403 1694/1790/1401
f 1698/1791/1402 1694/1790/1401 1695/1789/1400
f 1701/1793/1404 1700/1794/1405 1697/1792/1403
f 1701/1793/1404 1697/1792/1403 1698/1791/1402
f 1704/1795/1406 1703/1796/1407 1700/1794/1405
f 1704/1795/1406 1700/1794/1405 1701/1793/1404
f 1669/1776/1354 1671/1756/1373 1703/1796/1407
f 1669/1776/1354 1703/1796/1407 1704/1795/1406
f 1667/1740/1357 1668/1739/647 1665/1754/1371
f 1671/1756/1373 1665/1754/1371 1663/1753/1370
f 1671/1756/1373 1663/1753/1370 1703/1796/1407
f 1703/1796/1407 1663/1753/1370 1644/1748/1365
f 1703/1796/1407 1644/1748/1365 1700/1794/1405
f 1700/1794/1405 1644/1748/1365 1646/1747/1364
f 1700/1794/1405 1646/1747/1364 1697/1792/1403
f 1697/1792/1403 1646/1747/1364 1648/1746/1363
f 1697/1792/1403 1648/1746/1363 1694/1790/1401
f 1694/1790/1401 1648/1746/1363 1650/1745/1362
f 1694/1790/1401 1650/1745/1362 1691/1788/1399
f 1691/1788/1399 1650/1745/1362 1653/1744/1361
f 1691/1788/1399 1653/1744/1361 1688/1786/1398
f 1688/1786/1398 1653/1744/1361 1655/1743/1360
f 1688/1786/1398 1655/1743/1360 1685/1784/1396
f 1685/1784/1396 1655/1743/1360 1657/1742/1359
f 1685/1784/1396 1657/1742/1359 1681/1782/1394
f 1681/1782/1394 1657/1742/1359 1659/1741/1358
f 1681/1782/1394 1659/1741/1358 1678/1780/1393
f 1678/1780/1393 1659/1741/1358 1661/1738/1356
f 1678/1780/1393 1661/1738/1356 1675/1778/1392
f 1675/1778/1392 1661/1738/1356 1667/1740/1357
f 1675/1778/1392 1667/1740/1357 1672/1755/1372
f 1742/1797/1408 1707/1798/1409 1760/1799/1410
f 1742/1797/1408 1760/1799/1410 1758/1800/1411
f 1760/1799/1410 1707/1798/1409 1709/1801/1412
f 1760/1799/1410 1709/1801/1412 1759/1802/1413
f 1757/1803/1414 1759/1802/1413 1709/1801/1412
f 1757/1803/1414 1709/1801/1412 1711/1804/1415
f 1757/1803/1414 1756/1805/1416 1764/1806/1417
f 1757/1803/1414 1764/1806/1417 1763/1807/1418
f 1756/1805/1416 1755/1808/1419 1765/1809/1420
f 1756/1805/1416 1765/1809/1420 1764/1806/1417
f 1755/1808/1419 1754/1810/1421 1766/1811/1422
f 1755/1808/1419 1766/1811/1422 1765/1809/1420
f 1754/1810/1421 1753/1812/1423 1767/1813/1424
f 1754/1810/1421 1767/1813/1424 1766/1811/1422
f 1753/1812/1423 1752/1814/1425 1768/1815/1426
f 1753/1812/1423 1768/1815/1426 1767/1813/1424
f 1752/1814/1425 1751/1816/1427 1769/1817/1428
f 1752/1814/1425 1769/1817/1428 1768/1815/1426
f 1751/1816/1427 1750/1818/1429 1770/1819/1430
f 1751/1816/1427 1770/1819/1430 1769/1817/1428
f 1750/1818/1429 1749/1820/1431 1771/1821/1432
f 1750/1818/1429 1771/1821/1432 1770/1819/1430
f 1749/1820/1431 1748/1822/1433 1772/1823/1434
f 1749/1820/1431 1772/1823/1434 1771/1821/1432
f 1748/1822/1433 1747/1824/1435 1773/1825/1436
f 1748/1822/1433 1773/1825/1436 1772/1823/1434
f 1747/1824/1435 1746/1826/1437 1774/1827/1438
f 1747/1824/1435 1774/1827/1438 1773/1825/1436
f 1746/1826/1437 1745/1828/1439 1775/1829/1440
f 1746/1826/1437 1775/1829/1440 1774/1827/1438
f 1745/1828/1439 1744/1830/1441 1776/1831/1442
f 1745/1828/1439 1776/1831/1442 1775/1829/1440
f 1744/1830/1441 1743/1832/1443 1777/1833/1444
f 1744/1830/1441 1777/1833/1444 1776/1831/1442
f 1743/1832/1443 1758/1800/1411 1778/1834/1445
f 1743/1832/1443 1778/1834/1445 1777/1833/1444
f 1738/1835/1446 1740/1836/1447 1743/1832/1443
f 1738/1835/1446 1743/1832/1443 1744/1830/1441
f 1761/1837/1448 1760/1799/1410 1759/1802/1413
f 1761/1837/1448 1759/1802/1413 1762/1838/1449
f 1763/1807/1418 1762/1838/1449 1759/1802/1413
f 1763/1807/1418 1759/1802/1413 1757/1803/1414
f 1711/1804/1415 1713/1839/1450 1756/1805/1416
f 1711/1804/1415 1756/1805/1416 1757/1803/1414
f 1713/1839/1450 1715/1840/1451 1755/1808/1419
f 1713/1839/1450 1755/1808/1419 1756/1805/1416
f 1715/1840/1451 1717/1841/1452 1754/1810/1421
f 1715/1840/1451 1754/1810/1421 1755/1808/1419
f 1717/1841/1452 1719/1842/1453 1753/1812/1423
f 1717/1841/1452 1753/1812/1423 1754/1810/1421
f 1719/1842/1453 1721/1843/1454 1752/1814/1425
f 1719/1842/1453 1752/1814/1425 1753/1812/1423
f 1721/1843/1454 1723/1844/1455 1751/1816/1427
f 1721/1843/1454 1751/1816/1427 1752/1814/1425
f 1723/1844/1455 1725/1845/1456 1750/1818/1429
f 1723/1844/1455 1750/1818/1429 1751/1816/1427
f 1725/1845/1456 1727/1846/1457 1749/1820/1431
f 1725/1845/1456 1749/1820/1431 1750/1818/1429
f 1727/1846/1457 1729/1847/1458 1748/1822/1433
f 1727/1846/1457 1748/1822/1433 1749/1820/1431
f 1729/1847/1458 1731/1848/1459 1747/1824/1435
f 1729/1847/1458 1747/1824/1435 1748/1822/1433
f 1731/1848/1459 1733/1849/1460 1746/1826/1437
f 1731/1848/1459 1746/1826/1437 1747/1824/1435
f 1733/1849/1460 1735/1850/1461 1745/1828/1439
f 1733/1849/1460 1745/1828/1439 1746/1826/1437
f 1735/1850/1461 1738/1835/1446 1744/1830/1441
f 1735/1850/1461 1744/1830/1441 1745/1828/1439
f 1767/1813/1424 2853/1851/647 1766/1811/1422
f 1740/1836/1447 1742/1797/1408 1758/1800/1411
f 1740/1836/1447 1758/1800/1411 1743/1832/1443
f 1758/1800/1411 1760/1799/1410 1761/1837/1448
f 1758/1800/1411 1761/1837/1448 1778/1834/1445
f 1720/1852/1454 1718/1853/1453 1791/1854/1376
f 1720/1852/1454 1791/1854/1376 1790/1855/1462
f 1710/1856/1463 1708/1857/1464 1796/1858/1465
f 1710/1856/1463 1796/1858/1465 1795/1859/1466
f 1734/1860/1461 1732/1861/1460 1784/1862/1467
f 1734/1860/1461 1784/1862/1467 1783/1863/1468
f 1724/1864/1469 1722/1865/1455 1789/1866/1470
f 1724/1864/1469 1789/1866/1470 1788/1867/21
f 1714/1868/1471 1712/1869/1450 1794/1870/1380
f 1714/1868/1471 1794/1870/1380 1793/1871/1472
f 1739/1872/1473 1736/1873/1446 1781/1874/1367
f 1739/1872/1473 1781/1874/1367 1780/1875/1474
f 1728/1876/1475 1726/1877/1476 1787/1878/1477
f 1728/1876/1475 1787/1878/1477 1786/1879/1478
f 1718/1853/1453 1716/1880/1452 1792/1881/1479
f 1718/1853/1453 1792/1881/1479 1791/1854/1376
f 1706/1882/1409 1741/1883/1480 1779/1884/1481
f 1706/1882/1409 1779/1884/1481 1797/1885/300
f 1732/1861/1460 1730/1886/1459 1785/1887/1374
f 1732/1861/1460 1785/1887/1374 1784/1862/1467
f 1708/1857/1464 1706/1882/1409 1797/1885/300
f 1708/1857/1464 1797/1885/300 1796/1858/1465
f 1722/1865/1455 1720/1852/1454 1790/1855/1462
f 1722/1865/1455 1790/1855/1462 1789/1866/1470
f 1712/1869/1450 1710/1856/1463 1795/1859/1466
f 1712/1869/1450 1795/1859/1466 1794/1870/1380
f 1737/1888/1446 1734/1860/1461 1783/1863/1468
f 1737/1888/1446 1783/1863/1468 1782/1889/1367
f 1726/1877/1476 1724/1864/1469 1788/1867/21
f 1726/1877/1476 1788/1867/21 1787/1878/1477
f 1716/1880/1452 1714/1868/1471 1793/1871/1472
f 1716/1880/1452 1793/1871/1472 1792/1881/1479
f 1741/1883/1480 1739/1872/1473 1780/1875/1474
f 1741/1883/1480 1780/1875/1474 1779/1884/1481
f 1730/1886/1459 1728/1876/1475 1786/1879/1478
f 1730/1886/1459 1786/1879/1478 1785/1887/1374
f 1813/1890/1482 1811/1891/1483 1896/1892/1380
f 1813/1890/1482 1896/1892/1380 1894/1893/1466
f 1803/1894/1484 1801/1895/1485 1905/1896/1470
f 1803/1894/1484 1905/1896/1470 1903/1897/1462
f 1828/1898/1486 1826/1899/1487 1880/1900/1468
f 1828/1898/1486 1880/1900/1468 1878/1901/1467
f 1817/1902/1488 1815/1903/1489 1892/1904/1465
f 1817/1902/1488 1892/1904/1465 1890/1905/300
f 1807/1906/1490 1805/1907/1491 1901/1908/1376
f 1807/1906/1490 1901/1908/1376 1900/1909/1479
f 1832/1910/1492 1830/1911/1493 1876/1912/1374
f 1832/1910/1492 1876/1912/1374 1874/1913/1478
f 1821/1914/1494 1819/1915/1495 1888/1916/1481
f 1821/1914/1494 1888/1916/1481 1886/1917/1474
f 1811/1891/1483 1809/1918/1496 1898/1919/1472
f 1811/1891/1483 1898/1919/1472 1896/1892/1380
f 1799/1920/1497 1834/1921/1498 1872/1922/1477
f 1799/1920/1497 1872/1922/1477 1907/1923/21
f 1826/1899/1487 1823/1924/1499 1883/1925/1500
f 1826/1899/1487 1883/1925/1500 1880/1900/1468
f 1801/1895/1485 1799/1920/1497 1907/1923/21
f 1801/1895/1485 1907/1923/21 1905/1896/1470
f 1815/1903/1489 1813/1890/1482 1894/1893/1466
f 1815/1903/1489 1894/1893/1466 1892/1904/1465
f 1805/1907/1491 1803/1894/1484 1903/1897/1462
f 1805/1907/1491 1903/1897/1462 1901/1908/1376
f 1830/1911/1493 1828/1898/1486 1878/1901/1467
f 1830/1911/1493 1878/1901/1467 1876/1912/1374
f 1819/1915/1495 1817/1902/1488 1890/1905/300
f 1819/1915/1495 1890/1905/300 1888/1916/1481
f 1809/1918/1496 1807/1906/1490 1900/1909/1479
f 1809/1918/1496 1900/1909/1479 1898/1919/1472
f 1834/1921/1498 1832/1910/1492 1874/1913/1478
f 1834/1921/1498 1874/1913/1478 1872/1922/1477
f 1824/1926/1499 1821/1914/1494 1886/1917/1474
f 1824/1926/1499 1886/1917/1474 1884/1927/1367
f 1848/1928/1380 1846/1929/1472 1920/1930/1472
f 1848/1928/1380 1920/1930/1472 1922/1931/1380
f 1864/1932/1501 1862/1933/1468 1936/1934/1468
f 1864/1932/1501 1936/1934/1468 1938/1935/1467
f 1850/1936/1466 1848/1928/1380 1922/1931/1380
f 1850/1936/1466 1922/1931/1380 1924/1937/1466
f 1866/1938/1374 1864/1932/1501 1938/1935/1467
f 1866/1938/1374 1938/1935/1467 1940/1939/1374
f 1852/1940/1465 1850/1936/1466 1924/1937/1466
f 1852/1940/1465 1924/1937/1466 1926/1941/1465
f 1837/1942/1470 1835/1943/21 1909/1944/21
f 1837/1942/1470 1909/1944/21 1911/1945/1470
f 1868/1946/1478 1866/1938/1374 1940/1939/1374
f 1868/1946/1478 1940/1939/1374 1942/1947/1478
f 1854/1948/300 1852/1940/1465 1926/1941/1465
f 1854/1948/300 1926/1941/1465 1928/1949/300
f 1839/1950/1462 1837/1942/1470 1911/1945/1470
f 1839/1950/1462 1911/1945/1470 1913/1951/1462
f 1870/1952/1477 1868/1946/1478 1942/1947/1478
f 1870/1952/1477 1942/1947/1478 1944/1953/1477
f 1856/1954/1481 1854/1948/300 1928/1949/300
f 1856/1954/1481 1928/1949/300 1930/1955/1481
f 1841/1956/1376 1839/1950/1462 1913/1951/1462
f 1841/1956/1376 1913/1951/1462 1915/1957/1376
f 1835/1943/21 1870/1952/1477 1944/1953/1477
f 1835/1943/21 1944/1953/1477 1909/1944/21
f 1858/1958/1474 1856/1954/1481 1930/1955/1481
f 1858/1958/1474 1930/1955/1481 1932/1959/1474
f 1844/1960/1479 1841/1956/1376 1915/1957/1376
f 1844/1960/1479 1915/1957/1376 1918/1961/1479
f 1860/1962/1367 1858/1958/1474 1932/1959/1474
f 1860/1962/1367 1932/1959/1474 1935/1963/1367
f 1846/1929/1472 1844/1960/1479 1918/1961/1479
f 1846/1929/1472 1918/1961/1479 1920/1930/1472
f 1862/1933/1468 1861/1964/1367 1934/1965/1367
f 1862/1933/1468 1934/1965/1367 1936/1934/1468
f 1939/1693/1189 1937/1689/1189 1974/1690/1189
f 1929/1713/1189 1964/1708/1189 1966/1714/1189
f 1931/1684/1189 1966/1714/1189 1968/1685/1189
f 1957/1966/1472 1955/1967/1479 1987/1968/1479
f 1957/1966/1472 1987/1968/1479 1988/1969/1472
f 1973/1970/1468 1972/1971/1367 1996/1972/1367
f 1973/1970/1468 1996/1972/1367 1997/1973/1468
f 1959/1974/1380 1957/1966/1472 1988/1969/1472
f 1959/1974/1380 1988/1969/1472 1989/1975/1380
f 1975/1976/1467 1973/1970/1468 1997/1973/1468
f 1975/1976/1467 1997/1973/1468 1998/1977/1467
f 1961/1978/1466 1959/1974/1380 1989/1975/1380
f 1961/1978/1466 1989/1975/1380 1990/1979/1466
f 1977/1980/1374 1975/1976/1467 1998/1977/1467
f 1977/1980/1374 1998/1977/1467 1999/1981/1374
f 1963/1982/1465 1961/1978/1466 1990/1979/1466
f 1963/1982/1465 1990/1979/1466 1991/1983/1465
f 1948/1984/1470 1946/1985/21 1983/1986/21
f 1948/1984/1470 1983/1986/21 1984/1987/1470
f 1979/1988/1478 1977/1980/1374 1999/1981/1374
f 1979/1988/1478 1999/1981/1374 2000/1989/1478
f 1965/1990/300 1963/1982/1465 1991/1983/1465
f 1965/1990/300 1991/1983/1465 1992/1991/300
f 1950/1992/1502 1948/1984/1470 1984/1987/1470
f 1950/1992/1502 1984/1987/1470 1985/1993/1502
f 1981/1994/1477 1979/1988/1478 2000/1989/1478
f 1981/1994/1477 2000/1989/1478 2001/1995/1477
f 1967/1996/1481 1965/1990/300 1992/1991/300
f 1967/1996/1481 1992/1991/300 1993/1997/1481
f 1952/1998/1376 1950/1992/1502 1985/1993/1502
f 1952/1998/1376 1985/1993/1502 1986/1999/1376
f 1946/1985/21 1981/1994/1477 2001/1995/1477
f 1946/1985/21 2001/1995/1477 1983/1986/21
f 1969/2000/1474 1967/1996/1481 1993/1997/1481
f 1969/2000/1474 1993/1997/1481 1994/2001/1474
f 1955/1967/1479 1952/1998/1376 1986/1999/1376
f 1955/1967/1479 1986/1999/1376 1987/1968/1479
f 1971/2002/1367 1969/2000/1474 1994/2001/1474
f 1971/2002/1367 1994/2001/1474 1995/2003/1367
f 1798/2004/1497 1800/2005/1503 2003/2006/1189
f 1798/2004/1497 2003/2006/1189 2002/2007/1189
f 1827/2008/1504 1829/2009/1493 2017/2010/1189
f 1827/2008/1504 2017/2010/1189 2016/2011/1189
f 1812/2012/1505 1814/2013/1506 2010/2014/1189
f 1812/2012/1505 2010/2014/1189 2009/2015/1189
f 1829/2009/1493 1831/2016/1507 2018/2017/1189
f 1829/2009/1493 2018/2017/1189 2017/2010/1189
f 1814/2013/1506 1816/2018/1508 2011/2019/1189
f 1814/2013/1506 2011/2019/1189 2010/2014/1189
f 1800/2005/1503 1802/2020/1484 2004/2021/1189
f 1800/2005/1503 2004/2021/1189 2003/2006/1189
f 1831/2016/1507 1833/2022/1509 2019/2023/1189
f 1831/2016/1507 2019/2023/1189 2018/2017/1189
f 1816/2018/1508 1818/2024/1510 2012/2025/1189
f 1816/2018/1508 2012/2025/1189 2011/2019/1189
f 1802/2020/1484 1804/2026/1491 2005/2027/1189
f 1802/2020/1484 2005/2027/1189 2004/2021/1189
f 1833/2022/1509 1798/2004/1497 2002/2007/1189
f 1833/2022/1509 2002/2007/1189 2019/2023/1189
f 1818/2024/1510 1820/2028/1494 2013/2029/1189
f 1818/2024/1510 2013/2029/1189 2012/2025/1189
f 1804/2026/1491 1806/2030/1490 2006/2031/1189
f 1804/2026/1491 2006/2031/1189 2005/2027/1189
f 1820/2028/1494 1822/2032/1511 2014/2033/1189
f 1820/2028/1494 2014/2033/1189 2013/2029/1189
f 1806/2030/1490 1808/2034/1496 2007/2035/1189
f 1806/2030/1490 2007/2035/1189 2006/2031/1189
f 1822/2032/1511 1825/2036/1512 2015/2037/1189
f 1822/2032/1511 2015/2037/1189 2014/2033/1189
f 1808/2034/1496 1810/2038/1513 2008/2039/1189
f 1808/2034/1496 2008/2039/1189 2007/2035/1189
f 1825/2036/1512 1827/2008/1504 2016/2011/1189
f 1825/2036/1512 2016/2011/1189 2015/2037/1189
f 1810/2038/1513 1812/2012/1505 2009/2015/1189
f 1810/2038/1513 2009/2015/1189 2008/2039/1189
f 2337/2040/1514 2083/2041/647 2020/2042/1515
f 2338/2043/1516 2337/2040/1514 2020/2042/1515
f 2338/2043/1516 2020/2042/1515 2021/2044/1517
f 2339/2045/1518 2338/2043/1516 2021/2044/1517
f 2339/2045/1518 2021/2044/1517 2022/2046/1519
f 2340/2047/1520 2339/2045/1518 2022/2046/1519
f 2340/2047/1520 2022/2046/1519 2023/2048/1521
f 2341/2049/1522 2340/2047/1520 2023/2048/1521
f 2341/2049/1522 2023/2048/1521 2024/2050/1523
f 2436/2051/1524 2341/2049/1522 2024/2050/1523
f 2436/2051/1524 2024/2050/1523 2391/2052/1525
f 2391/2052/1525 2024/2050/1523 2031/2053/1526
f 2391/2052/1525 2031/2053/1526 2392/2054/1527
f 2020/2042/1515 2083/2041/647 2027/2055/1528
f 2021/2044/1517 2020/2042/1515 2027/2055/1528
f 2021/2044/1517 2027/2055/1528 2028/2056/1529
f 2022/2046/1519 2021/2044/1517 2028/2056/1529
f 2022/2046/1519 2028/2056/1529 2029/2057/1530
f 2023/2048/1521 2022/2046/1519 2029/2057/1530
f 2023/2048/1521 2029/2057/1530 2030/2058/1531
f 2024/2050/1523 2023/2048/1521 2030/2058/1531
f 2024/2050/1523 2030/2058/1531 2031/2053/1526
f 2027/2055/1528 2083/2041/647 2034/2059/1532
f 2028/2056/1529 2027/2055/1528 2034/2059/1532
f 2028/2056/1529 2034/2059/1532 2035/2060/1533
f 2029/2057/1530 2028/2056/1529 2035/2060/1533
f 2029/2057/1530 2035/2060/1533 2036/2061/1534
f 2030/2058/1531 2029/2057/1530 2036/2061/1534
f 2030/2058/1531 2036/2061/1534 2037/2062/1535
f 2031/2053/1526 2030/2058/1531 2037/2062/1535
f 2031/2053/1526 2037/2062/1535 2038/2063/1536
f 2392/2054/1527 2031/2053/1526 2038/2063/1536
f 2392/2054/1527 2038/2063/1536 2393/2064/1537
f 2037/2062/1535 2036/2061/1534 2043/2065/1538
f 2037/2062/1535 2043/2065/1538 2044/2066/1539
f 2038/2063/1536 2037/2062/1535 2044/2066/1539
f 2038/2063/1536 2044/2066/1539 2045/2067/1540
f 2393/2064/1537 2038/2063/1536 2045/2067/1540
f 2393/2064/1537 2045/2067/1540 2394/2068/1541
f 2034/2059/1532 2083/2041/647 2041/2069/1542
f 2035/2060/1533 2034/2059/1532 2041/2069/1542
f 2035/2060/1533 2041/2069/1542 2042/2070/1543
f 2036/2061/1534 2035/2060/1533 2042/2070/1543
f 2036/2061/1534 2042/2070/1543 2043/2065/1538
f 2041/2069/1542 2083/2041/647 2048/2071/1544
f 2042/2070/1543 2041/2069/1542 2048/2071/1544
f 2042/2070/1543 2048/2071/1544 2049/2072/1545
f 2043/2065/1538 2042/2070/1543 2049/2072/1545
f 2043/2065/1538 2049/2072/1545 2050/2073/1546
f 2044/2066/1539 2043/2065/1538 2050/2073/1546
f 2044/2066/1539 2050/2073/1546 2051/2074/1547
f 2045/2067/1540 2044/2066/1539 2051/2074/1547
f 2045/2067/1540 2051/2074/1547 2052/2075/1548
f 2394/2068/1541 2045/2067/1540 2052/2075/1548
f 2394/2068/1541 2052/2075/1548 2395/2076/1549
f 2049/2072/1545 2048/2071/1544 2055/2077/1550
f 2049/2072/1545 2055/2077/1550 2056/2078/1551
f 2050/2073/1546 2049/2072/1545 2056/2078/1551
f 2050/2073/1546 2056/2078/1551 2057/2079/1552
f 2051/2074/1547 2050/2073/1546 2057/2079/1552
f 2051/2074/1547 2057/2079/1552 2058/2080/1553
f 2052/2075/1548 2051/2074/1547 2058/2080/1553
f 2052/2075/1548 2058/2080/1553 2059/2081/1554
f 2395/2076/1549 2052/2075/1548 2059/2081/1554
f 2395/2076/1549 2059/2081/1554 2396/2082/1555
f 2048/2071/1544 2083/2041/647 2055/2077/1550
f 2059/2081/1554 2058/2080/1553 2065/2083/1556
f 2059/2081/1554 2065/2083/1556 2066/2084/1557
f 2396/2082/1555 2059/2081/1554 2066/2084/1557
f 2396/2082/1555 2066/2084/1557 2397/2085/1558
f 2055/2077/1550 2083/2041/647 2062/2086/1559
f 2056/2078/1551 2055/2077/1550 2062/2086/1559
f 2056/2078/1551 2062/2086/1559 2063/2087/1560
f 2057/2079/1552 2056/2078/1551 2063/2087/1560
f 2057/2079/1552 2063/2087/1560 2064/2088/1561
f 2058/2080/1553 2057/2079/1552 2064/2088/1561
f 2058/2080/1553 2064/2088/1561 2065/2083/1556
f 2062/2086/1559 2083/2041/647 2069/2089/1562
f 2063/2087/1560 2062/2086/1559 2069/2089/1562
f 2063/2087/1560 2069/2089/1562 2070/2090/1563
f 2064/2088/1561 2063/2087/1560 2070/2090/1563
f 2064/2088/1561 2070/2090/1563 2071/2091/1564
f 2065/2083/1556 2064/2088/1561 2071/2091/1564
f 2065/2083/1556 2071/2091/1564 2072/2092/1565
f 2066/2084/1557 2065/2083/1556 2072/2092/1565
f 2066/2084/1557 2072/2092/1565 2073/2093/1566
f 2397/2085/1558 2066/2084/1557 2073/2093/1566
f 2397/2085/1558 2073/2093/1566 2398/2094/1567
f 2071/2091/1564 2070/2090/1563 2077/2095/1568
f 2071/2091/1564 2077/2095/1568 2078/2096/1569
f 2072/2092/1565 2071/2091/1564 2078/2096/1569
f 2072/2092/1565 2078/2096/1569 2079/2097/1570
f 2073/2093/1566 2072/2092/1565 2079/2097/1570
f 2073/2093/1566 2079/2097/1570 2080/2098/1571
f 2398/2094/1567 2073/2093/1566 2080/2098/1571
f 2398/2094/1567 2080/2098/1571 2399/2099/1572
f 2069/2089/1562 2083/2041/647 2076/2100/1573
f 2070/2090/1563 2069/2089/1562 2076/2100/1573
f 2070/2090/1563 2076/2100/1573 2077/2095/1568
f 2399/2099/1572 2080/2098/1571 2088/2101/1574
f 2399/2099/1572 2088/2101/1574 2400/2102/1575
f 2076/2100/1573 2083/2041/647 2084/2103/1576
f 2077/2095/1568 2076/2100/1573 2084/2103/1576
f 2077/2095/1568 2084/2103/1576 2085/2104/1577
f 2078/2096/1569 2077/2095/1568 2085/2104/1577
f 2078/2096/1569 2085/2104/1577 2086/2105/1578
f 2079/2097/1570 2078/2096/1569 2086/2105/1578
f 2079/2097/1570 2086/2105/1578 2087/2106/1579
f 2080/2098/1571 2079/2097/1570 2087/2106/1579
f 2080/2098/1571 2087/2106/1579 2088/2101/1574
f 2084/2103/1576 2083/2041/647 2091/2107/1580
f 2085/2104/1577 2084/2103/1576 2091/2107/1580
f 2085/2104/1577 2091/2107/1580 2092/2108/1581
f 2086/2105/1578 2085/2104/1577 2092/2108/1581
f 2086/2105/1578 2092/2108/1581 2093/2109/1582
f 2087/2106/1579 2086/2105/1578 2093/2109/1582
f 2087/2106/1579 2093/2109/1582 2094/2110/1583
f 2088/2101/1574 2087/2106/1579 2094/2110/1583
f 2088/2101/1574 2094/2110/1583 2095/2111/1584
f 2400/2102/1575 2088/2101/1574 2095/2111/1584
f 2400/2102/1575 2095/2111/1584 2401/2112/1585
f 2094/2110/1583 2093/2109/1582 2100/2113/1586
f 2094/2110/1583 2100/2113/1586 2101/2114/1587
f 2095/2111/1584 2094/2110/1583 2101/2114/1587
f 2095/2111/1584 2101/2114/1587 2102/2115/1588
f 2401/2112/1585 2095/2111/1584 2102/2115/1588
f 2401/2112/1585 2102/2115/1588 2402/2116/1589
f 2091/2107/1580 2083/2041/647 2098/2117/1590
f 2092/2108/1581 2091/2107/1580 2098/2117/1590
f 2092/2108/1581 2098/2117/1590 2099/2118/1591
f 2093/2109/1582 2092/2108/1581 2099/2118/1591
f 2093/2109/1582 2099/2118/1591 2100/2113/1586
f 2098/2117/1590 2083/2041/647 2105/2119/1592
f 2099/2118/1591 2098/2117/1590 2105/2119/1592
f 2099/2118/1591 2105/2119/1592 2106/2120/1593
f 2100/2113/1586 2099/2118/1591 2106/2120/1593
f 2100/2113/1586 2106/2120/1593 2107/2121/1594
f 2101/2114/1587 2100/2113/1586 2107/2121/1594
f 2101/2114/1587 2107/2121/1594 2108/2122/1595
f 2102/2115/1588 2101/2114/1587 2108/2122/1595
f 2102/2115/1588 2108/2122/1595 2109/2123/1596
f 2402/2116/1589 2102/2115/1588 2109/2123/1596
f 2402/2116/1589 2109/2123/1596 2403/2124/1597
f 2106/2120/1593 2105/2119/1592 2112/2125/1598
f 2106/2120/1593 2112/2125/1598 2113/2126/1599
f 2107/2121/1594 2106/2120/1593 2113/2126/1599
f 2107/2121/1594 2113/2126/1599 2114/2127/1600
f 2108/2122/1595 2107/2121/1594 2114/2127/1600
f 2108/2122/1595 2114/2127/1600 2115/2128/1601
f 2109/2123/1596 2108/2122/1595 2115/2128/1601
f 2109/2123/1596 2115/2128/1601 2116/2129/1602
f 2403/2124/1597 2109/2123/1596 2116/2129/1602
f 2403/2124/1597 2116/2129/1602 2404/2130/1603
f 2105/2119/1592 2083/2041/647 2112/2125/1598
f 2116/2129/1602 2115/2128/1601 2122/2131/1604
f 2116/2129/1602 2122/2131/1604 2123/2132/1605
f 2404/2130/1603 2116/2129/1602 2123/2132/1605
f 2404/2130/1603 2123/2132/1605 2405/2133/1606
f 2112/2125/1598 2083/2041/647 2119/2134/1607
f 2113/2126/1599 2112/2125/1598 2119/2134/1607
f 2113/2126/1599 2119/2134/1607 2120/2135/1608
f 2114/2127/1600 2113/2126/1599 2120/2135/1608
f 2114/2127/1600 2120/2135/1608 2121/2136/1609
f 2115/2128/1601 2114/2127/1600 2121/2136/1609
f 2115/2128/1601 2121/2136/1609 2122/2131/1604
f 2119/2134/1607 2083/2041/647 2126/2137/1610
f 2120/2135/1608 2119/2134/1607 2126/2137/1610
f 2120/2135/1608 2126/2137/1610 2127/2138/1611
f 2121/2136/1609 2120/2135/1608 2127/2138/1611
f 2121/2136/1609 2127/2138/1611 2128/2139/1612
f 2122/2131/1604 2121/2136/1609 2128/2139/1612
f 2122/2131/1604 2128/2139/1612 2129/2140/1613
f 2123/2132/1605 2122/2131/1604 2129/2140/1613
f 2123/2132/1605 2129/2140/1613 2130/2141/1614
f 2405/2133/1606 2123/2132/1605 2130/2141/1614
f 2405/2133/1606 2130/2141/1614 2406/2142/1615
f 2128/2139/1612 2127/2138/1611 2134/2143/1616
f 2128/2139/1612 2134/2143/1616 2135/2144/1617
f 2129/2140/1613 2128/2139/1612 2135/2144/1617
f 2129/2140/1613 2135/2144/1617 2136/2145/1618
f 2130/2141/1614 2129/2140/1613 2136/2145/1618
f 2130/2141/1614 2136/2145/1618 2137/2146/1619
f 2406/2142/1615 2130/2141/1614 2137/2146/1619
f 2406/2142/1615 2137/2146/1619 2407/2147/1620
f 2126/2137/1610 2083/2041/647 2133/2148/1621
f 2127/2138/1611 2126/2137/1610 2133/2148/1621
f 2127/2138/1611 2133/2148/1621 2134/2143/1616
f 2407/2147/1620 2137/2146/1619 2144/2149/1622
f 2407/2147/1620 2144/2149/1622 2408/2150/1623
f 2133/2148/1621 2083/2041/647 2140/2151/1624
f 2134/2143/1616 2133/2148/1621 2140/2151/1624
f 2134/2143/1616 2140/2151/1624 2141/2152/1625
f 2135/2144/1617 2134/2143/1616 2141/2152/1625
f 2135/2144/1617 2141/2152/1625 2142/2153/1626
f 2136/2145/1618 2135/2144/1617 2142/2153/1626
f 2136/2145/1618 2142/2153/1626 2143/2154/1627
f 2137/2146/1619 2136/2145/1618 2143/2154/1627
f 2137/2146/1619 2143/2154/1627 2144/2149/1622
f 2141/2152/1625 2140/2151/1624 2147/2155/1628
f 2141/2152/1625 2147/2155/1628 2148/2156/1629
f 2142/2153/1626 2141/2152/1625 2148/2156/1629
f 2142/2153/1626 2148/2156/1629 2149/2157/1630
f 2143/2154/1627 2142/2153/1626 2149/2157/1630
f 2143/2154/1627 2149/2157/1630 2150/2158/1631
f 2144/2149/1622 2143/2154/1627 2150/2158/1631
f 2144/2149/1622 2150/2158/1631 2151/2159/1632
f 2408/2150/1623 2144/2149/1622 2151/2159/1632
f 2408/2150/1623 2151/2159/1632 2409/2160/1633
f 2140/2151/1624 2083/2041/647 2147/2155/1628
f 2150/2158/1631 2149/2157/1630 2156/2161/1634
f 2150/2158/1631 2156/2161/1634 2157/2162/1635
f 2151/2159/1632 2150/2158/1631 2157/2162/1635
f 2151/2159/1632 2157/2162/1635 2158/2163/1636
f 2409/2160/1633 2151/2159/1632 2158/2163/1636
f 2409/2160/1633 2158/2163/1636 2410/2164/1637
f 2147/2155/1628 2083/2041/647 2154/2165/1638
f 2148/2156/1629 2147/2155/1628 2154/2165/1638
f 2148/2156/1629 2154/2165/1638 2155/2166/1639
f 2149/2157/1630 2148/2156/1629 2155/2166/1639
f 2149/2157/1630 2155/2166/1639 2156/2161/1634
f 2154/2165/1638 2083/2041/647 2161/2167/1640
f 2155/2166/1639 2154/2165/1638 2161/2167/1640
f 2155/2166/1639 2161/2167/1640 2162/2168/1641
f 2156/2161/1634 2155/2166/1639 2162/2168/1641
f 2156/2161/1634 2162/2168/1641 2163/2169/1642
f 2157/2162/1635 2156/2161/1634 2163/2169/1642
f 2157/2162/1635 2163/2169/1642 2164/2170/1643
f 2158/2163/1636 2157/2162/1635 2164/2170/1643
f 2158/2163/1636 2164/2170/1643 2165/2171/1644
f 2410/2164/1637 2158/2163/1636 2165/2171/1644
f 2410/2164/1637 2165/2171/1644 2411/2172/1645
f 2163/2169/1642 2162/2168/1641 2169/2173/1646
f 2163/2169/1642 2169/2173/1646 2170/2174/1647
f 2164/2170/1643 2163/2169/1642 2170/2174/1647
f 2164/2170/1643 2170/2174/1647 2171/2175/1648
f 2165/2171/1644 2164/2170/1643 2171/2175/1648
f 2165/2171/1644 2171/2175/1648 2172/2176/1649
f 2411/2172/1645 2165/2171/1644 2172/2176/1649
f 2411/2172/1645 2172/2176/1649 2412/2177/1650
f 2161/2167/1640 2083/2041/647 2168/2178/1651
f 2162/2168/1641 2161/2167/1640 2168/2178/1651
f 2162/2168/1641 2168/2178/1651 2169/2173/1646
f 2172/2176/1649 2171/2175/1648 2178/2179/1652
f 2172/2176/1649 2178/2179/1652 2179/2180/1653
f 2412/2177/1650 2172/2176/1649 2179/2180/1653
f 2412/2177/1650 2179/2180/1653 2413/2181/1654
f 2168/2178/1651 2083/2041/647 2175/2182/1655
f 2169/2173/1646 2168/2178/1651 2175/2182/1655
f 2169/2173/1646 2175/2182/1655 2176/2183/1656
f 2170/2174/1647 2169/2173/1646 2176/2183/1656
f 2170/2174/1647 2176/2183/1656 2177/2184/1657
f 2171/2175/1648 2170/2174/1647 2177/2184/1657
f 2171/2175/1648 2177/2184/1657 2178/2179/1652
f 2175/2182/1655 2083/2041/647 2182/2185/1658
f 2176/2183/1656 2175/2182/1655 2182/2185/1658
f 2176/2183/1656 2182/2185/1658 2183/2186/1659
f 2177/2184/1657 2176/2183/1656 2183/2186/1659
f 2177/2184/1657 2183/2186/1659 2184/2187/1660
f 2178/2179/1652 2177/2184/1657 2184/2187/1660
f 2178/2179/1652 2184/2187/1660 2185/2188/1661
f 2179/2180/1653 2178/2179/1652 2185/2188/1661
f 2179/2180/1653 2185/2188/1661 2186/2189/1662
f 2413/2181/1654 2179/2180/1653 2186/2189/1662
f 2413/2181/1654 2186/2189/1662 2414/2190/1663
f 2185/2188/1661 2184/2187/1660 2191/2191/1664
f 2185/2188/1661 2191/2191/1664 2192/2192/1665
f 2186/2189/1662 2185/2188/1661 2192/2192/1665
f 2186/2189/1662 2192/2192/1665 2193/2193/1666
f 2414/2190/1663 2186/2189/1662 2193/2193/1666
f 2414/2190/1663 2193/2193/1666 2415/2194/1667
f 2182/2185/1658 2083/2041/647 2189/2195/1668
f 2183/2186/1659 2182/2185/1658 2189/2195/1668
f 2183/2186/1659 2189/2195/1668 2190/2196/1669
f 2184/2187/1660 2183/2186/1659 2190/2196/1669
f 2184/2187/1660 2190/2196/1669 2191/2191/1664
f 2415/2194/1667 2193/2193/1666 2200/2197/1670
f 2415/2194/1667 2200/2197/1670 2416/2198/1671
f 2189/2195/1668 2083/2041/647 2196/2199/1672
f 2190/2196/1669 2189/2195/1668 2196/2199/1672
f 2190/2196/1669 2196/2199/1672 2197/2200/1673
f 2191/2191/1664 2190/2196/1669 2197/2200/1673
f 2191/2191/1664 2197/2200/1673 2198/2201/1674
f 2192/2192/1665 2191/2191/1664 2198/2201/1674
f 2192/2192/1665 2198/2201/1674 2199/2202/1675
f 2193/2193/1666 2192/2192/1665 2199/2202/1675
f 2193/2193/1666 2199/2202/1675 2200/2197/1670
f 2197/2200/1673 2196/2199/1672 2203/2203/1676
f 2197/2200/1673 2203/2203/1676 2204/2204/1677
f 2198/2201/1674 2197/2200/1673 2204/2204/1677
f 2198/2201/1674 2204/2204/1677 2205/2205/1678
f 2199/2202/1675 2198/2201/1674 2205/2205/1678
f 2199/2202/1675 2205/2205/1678 2206/2206/1679
f 2200/2197/1670 2199/2202/1675 2206/2206/1679
f 2200/2197/1670 2206/2206/1679 2207/2207/1680
f 2416/2198/1671 2200/2197/1670 2207/2207/1680
f 2416/2198/1671 2207/2207/1680 2417/2208/1681
f 2196/2199/1672 2083/2041/647 2203/2203/1676
f 2207/2207/1680 2206/2206/1679 2213/2209/1682
f 2207/2207/1680 2213/2209/1682 2214/2210/1683
f 2417/2208/1681 2207/2207/1680 2214/2210/1683
f 2417/2208/1681 2214/2210/1683 2418/2211/1684
f 2203/2203/1676 2083/2041/647 2210/2212/1685
f 2204/2204/1677 2203/2203/1676 2210/2212/1685
f 2204/2204/1677 2210/2212/1685 2211/2213/1686
f 2205/2205/1678 2204/2204/1677 2211/2213/1686
f 2205/2205/1678 2211/2213/1686 2212/2214/1687
f 2206/2206/1679 2205/2205/1678 2212/2214/1687
f 2206/2206/1679 2212/2214/1687 2213/2209/1682
f 2210/2212/1685 2083/2041/647 2217/2215/1688
f 2211/2213/1686 2210/2212/1685 2217/2215/1688
f 2211/2213/1686 2217/2215/1688 2218/2216/1689
f 2212/2214/1687 2211/2213/1686 2218/2216/1689
f 2212/2214/1687 2218/2216/1689 2219/2217/1690
f 2213/2209/1682 2212/2214/1687 2219/2217/1690
f 2213/2209/1682 2219/2217/1690 2220/2218/1691
f 2214/2210/1683 2213/2209/1682 2220/2218/1691
f 2214/2210/1683 2220/2218/1691 2221/2219/1692
f 2418/2211/1684 2214/2210/1683 2221/2219/1692
f 2418/2211/1684 2221/2219/1692 2419/2220/1693
f 2219/2217/1690 2218/2216/1689 2225/2221/1694
f 2219/2217/1690 2225/2221/1694 2226/2222/1695
f 2220/2218/1691 2219/2217/1690 2226/2222/1695
f 2220/2218/1691 2226/2222/1695 2227/2223/1696
f 2221/2219/1692 2220/2218/1691 2227/2223/1696
f 2221/2219/1692 2227/2223/1696 2228/2224/1697
f 2419/2220/1693 2221/2219/1692 2228/2224/1697
f 2419/2220/1693 2228/2224/1697 2420/2225/1698
f 2217/2215/1688 2083/2041/647 2224/2226/1699
f 2218/2216/1689 2217/2215/1688 2224/2226/1699
f 2218/2216/1689 2224/2226/1699 2225/2221/1694
f 2420/2225/1698 2228/2224/1697 2235/2227/1700
f 2420/2225/1698 2235/2227/1700 2421/2228/1701
f 2224/2226/1699 2083/2041/647 2231/2229/1702
f 2225/2221/1694 2224/2226/1699 2231/2229/1702
f 2225/2221/1694 2231/2229/1702 2232/2230/1703
f 2226/2222/1695 2225/2221/1694 2232/2230/1703
f 2226/2222/1695 2232/2230/1703 2233/2231/1704
f 2227/2223/1696 2226/2222/1695 2233/2231/1704
f 2227/2223/1696 2233/2231/1704 2234/2232/1705
f 2228/2224/1697 2227/2223/1696 2234/2232/1705
f 2228/2224/1697 2234/2232/1705 2235/2227/1700
f 2231/2229/1702 2083/2041/647 2239/2233/1706
f 2232/2230/1703 2231/2229/1702 2239/2233/1706
f 2232/2230/1703 2239/2233/1706 2240/2234/1707
f 2233/2231/1704 2232/2230/1703 2240/2234/1707
f 2233/2231/1704 2240/2234/1707 2241/2235/1708
f 2234/2232/1705 2233/2231/1704 2241/2235/1708
f 2234/2232/1705 2241/2235/1708 2242/2236/1709
f 2235/2227/1700 2234/2232/1705 2242/2236/1709
f 2235/2227/1700 2242/2236/1709 2243/2237/1710
f 2421/2228/1701 2235/2227/1700 2243/2237/1710
f 2421/2228/1701 2243/2237/1710 2422/2238/1711
f 2242/2236/1709 2241/2235/1708 2248/2239/1712
f 2242/2236/1709 2248/2239/1712 2249/2240/1713
f 2243/2237/1710 2242/2236/1709 2249/2240/1713
f 2243/2237/1710 2249/2240/1713 2250/2241/1714
f 2422/2238/1711 2243/2237/1710 2250/2241/1714
f 2422/2238/1711 2250/2241/1714 2423/2242/1715
f 2239/2233/1706 2083/2041/647 2246/2243/1716
f 2240/2234/1707 2239/2233/1706 2246/2243/1716
f 2240/2234/1707 2246/2243/1716 2247/2244/1717
f 2241/2235/1708 2240/2234/1707 2247/2244/1717
f 2241/2235/1708 2247/2244/1717 2248/2239/1712
f 2246/2243/1716 2083/2041/647 2253/2245/1718
f 2247/2244/1717 2246/2243/1716 2253/2245/1718
f 2247/2244/1717 2253/2245/1718 2254/2246/1719
f 2248/2239/1712 2247/2244/1717 2254/2246/1719
f 2248/2239/1712 2254/2246/1719 2255/2247/1720
f 2249/2240/1713 2248/2239/1712 2255/2247/1720
f 2249/2240/1713 2255/2247/1720 2256/2248/1721
f 2250/2241/1714 2249/2240/1713 2256/2248/1721
f 2250/2241/1714 2256/2248/1721 2257/2249/1722
f 2423/2242/1715 2250/2241/1714 2257/2249/1722
f 2423/2242/1715 2257/2249/1722 2424/2250/1723
f 2253/2245/1718 2083/2041/647 2260/2251/1724
f 2254/2246/1719 2253/2245/1718 2260/2251/1724
f 2254/2246/1719 2260/2251/1724 2261/2252/1725
f 2255/2247/1720 2254/2246/1719 2261/2252/1725
f 2255/2247/1720 2261/2252/1725 2262/2253/1726
f 2256/2248/1721 2255/2247/1720 2262/2253/1726
f 2256/2248/1721 2262/2253/1726 2263/2254/1727
f 2257/2249/1722 2256/2248/1721 2263/2254/1727
f 2257/2249/1722 2263/2254/1727 2264/2255/1728
f 2424/2250/1723 2257/2249/1722 2264/2255/1728
f 2424/2250/1723 2264/2255/1728 2425/2256/1729
f 2263/2254/1727 2262/2253/1726 2269/2257/1730
f 2263/2254/1727 2269/2257/1730 2270/2258/1731
f 2264/2255/1728 2263/2254/1727 2270/2258/1731
f 2264/2255/1728 2270/2258/1731 2271/2259/1732
f 2425/2256/1729 2264/2255/1728 2271/2259/1732
f 2425/2256/1729 2271/2259/1732 2426/2260/1733
f 2260/2251/1724 2083/2041/647 2267/2261/1734
f 2261/2252/1725 2260/2251/1724 2267/2261/1734
f 2261/2252/1725 2267/2261/1734 2268/2262/1735
f 2262/2253/1726 2261/2252/1725 2268/2262/1735
f 2262/2253/1726 2268/2262/1735 2269/2257/1730
f 2267/2261/1734 2083/2041/647 2274/2263/1736
f 2268/2262/1735 2267/2261/1734 2274/2263/1736
f 2268/2262/1735 2274/2263/1736 2275/2264/1737
f 2269/2257/1730 2268/2262/1735 2275/2264/1737
f 2269/2257/1730 2275/2264/1737 2276/2265/1738
f 2270/2258/1731 2269/2257/1730 2276/2265/1738
f 2270/2258/1731 2276/2265/1738 2277/2266/1739
f 2271/2259/1732 2270/2258/1731 2277/2266/1739
f 2271/2259/1732 2277/2266/1739 2278/2267/1740
f 2426/2260/1733 2271/2259/1732 2278/2267/1740
f 2426/2260/1733 2278/2267/1740 2427/2268/1741
f 2275/2264/1737 2274/2263/1736 2281/2269/1742
f 2275/2264/1737 2281/2269/1742 2282/2270/1743
f 2276/2265/1738 2275/2264/1737 2282/2270/1743
f 2276/2265/1738 2282/2270/1743 2283/2271/1744
f 2277/2266/1739 2276/2265/1738 2283/2271/1744
f 2277/2266/1739 2283/2271/1744 2284/2272/1745
f 2278/2267/1740 2277/2266/1739 2284/2272/1745
f 2278/2267/1740 2284/2272/1745 2285/2273/1746
f 2427/2268/1741 2278/2267/1740 2285/2273/1746
f 2427/2268/1741 2285/2273/1746 2428/2274/1747
f 2274/2263/1736 2083/2041/647 2281/2269/1742
f 2285/2273/1746 2284/2272/1745 2291/2275/1748
f 2285/2273/1746 2291/2275/1748 2292/2276/1749
f 2428/2274/1747 2285/2273/1746 2292/2276/1749
f 2428/2274/1747 2292/2276/1749 2429/2277/1750
f 2281/2269/1742 2083/2041/647 2288/2278/1751
f 2282/2270/1743 2281/2269/1742 2288/2278/1751
f 2282/2270/1743 2288/2278/1751 2289/2279/1752
f 2283/2271/1744 2282/2270/1743 2289/2279/1752
f 2283/2271/1744 2289/2279/1752 2290/2280/1753
f 2284/2272/1745 2283/2271/1744 2290/2280/1753
f 2284/2272/1745 2290/2280/1753 2291/2275/1748
f 2288/2278/1751 2083/2041/647 2295/2281/1754
f 2289/2279/1752 2288/2278/1751 2295/2281/1754
f 2289/2279/1752 2295/2281/1754 2296/2282/1755
f 2290/2280/1753 2289/2279/1752 2296/2282/1755
f 2290/2280/1753 2296/2282/1755 2297/2283/1756
f 2291/2275/1748 2290/2280/1753 2297/2283/1756
f 2291/2275/1748 2297/2283/1756 2298/2284/1757
f 2292/2276/1749 2291/2275/1748 2298/2284/1757
f 2292/2276/1749 2298/2284/1757 2299/2285/1758
f 2429/2277/1750 2292/2276/1749 2299/2285/1758
f 2429/2277/1750 2299/2285/1758 2430/2286/1759
f 2297/2283/1756 2296/2282/1755 2303/2287/1760
f 2297/2283/1756 2303/2287/1760 2304/2288/1761
f 2298/2284/1757 2297/2283/1756 2304/2288/1761
f 2298/2284/1757 2304/2288/1761 2305/2289/1762
f 2299/2285/1758 2298/2284/1757 2305/2289/1762
f 2299/2285/1758 2305/2289/1762 2306/2290/1763
f 2430/2286/1759 2299/2285/1758 2306/2290/1763
f 2430/2286/1759 2306/2290/1763 2431/2291/1764
f 2295/2281/1754 2083/2041/647 2302/2292/1765
f 2296/2282/1755 2295/2281/1754 2302/2292/1765
f 2296/2282/1755 2302/2292/1765 2303/2287/1760
f 2431/2291/1764 2306/2290/1763 2313/2293/1766
f 2431/2291/1764 2313/2293/1766 2432/2294/1767
f 2302/2292/1765 2083/2041/647 2309/2295/1768
f 2303/2287/1760 2302/2292/1765 2309/2295/1768
f 2303/2287/1760 2309/2295/1768 2310/2296/1769
f 2304/2288/1761 2303/2287/1760 2310/2296/1769
f 2304/2288/1761 2310/2296/1769 2311/2297/1770
f 2305/2289/1762 2304/2288/1761 2311/2297/1770
f 2305/2289/1762 2311/2297/1770 2312/2298/1771
f 2306/2290/1763 2305/2289/1762 2312/2298/1771
f 2306/2290/1763 2312/2298/1771 2313/2293/1766
f 2309/2295/1768 2083/2041/647 2316/2299/1772
f 2310/2296/1769 2309/2295/1768 2316/2299/1772
f 2310/2296/1769 2316/2299/1772 2317/2300/1773
f 2311/2297/1770 2310/2296/1769 2317/2300/1773
f 2311/2297/1770 2317/2300/1773 2318/2301/1774
f 2312/2298/1771 2311/2297/1770 2318/2301/1774
f 2312/2298/1771 2318/2301/1774 2319/2302/1775
f 2313/2293/1766 2312/2298/1771 2319/2302/1775
f 2313/2293/1766 2319/2302/1775 2320/2303/1776
f 2432/2294/1767 2313/2293/1766 2320/2303/1776
f 2432/2294/1767 2320/2303/1776 2433/2304/1777
f 2319/2302/1775 2318/2301/1774 2325/2305/1778
f 2319/2302/1775 2325/2305/1778 2326/2306/1779
f 2320/2303/1776 2319/2302/1775 2326/2306/1779
f 2320/2303/1776 2326/2306/1779 2327/2307/1780
f 2433/2304/1777 2320/2303/1776 2327/2307/1780
f 2433/2304/1777 2327/2307/1780 2434/2308/1781
f 2316/2299/1772 2083/2041/647 2323/2309/1782
f 2317/2300/1773 2316/2299/1772 2323/2309/1782
f 2317/2300/1773 2323/2309/1782 2324/2310/1783
f 2318/2301/1774 2317/2300/1773 2324/2310/1783
f 2318/2301/1774 2324/2310/1783 2325/2305/1778
f 2323/2309/1782 2083/2041/647 2330/2311/1784
f 2324/2310/1783 2323/2309/1782 2330/2311/1784
f 2324/2310/1783 2330/2311/1784 2331/2312/1785
f 2325/2305/1778 2324/2310/1783 2331/2312/1785
f 2325/2305/1778 2331/2312/1785 2332/2313/1786
f 2326/2306/1779 2325/2305/1778 2332/2313/1786
f 2326/2306/1779 2332/2313/1786 2333/2314/1787
f 2327/2307/1780 2326/2306/1779 2333/2314/1787
f 2327/2307/1780 2333/2314/1787 2334/2315/1788
f 2434/2308/1781 2327/2307/1780 2334/2315/1788
f 2434/2308/1781 2334/2315/1788 2435/2316/1789
f 2331/2312/1785 2330/2311/1784 2337/2040/1514
f 2331/2312/1785 2337/2040/1514 2338/2043/1516
f 2332/2313/1786 2331/2312/1785 2338/2043/1516
f 2332/2313/1786 2338/2043/1516 2339/2045/1518
f 2333/2314/1787 2332/2313/1786 2339/2045/1518
f 2333/2314/1787 2339/2045/1518 2340/2047/1520
f 2334/2315/1788 2333/2314/1787 2340/2047/1520
f 2334/2315/1788 2340/2047/1520 2341/2049/1522
f 2435/2316/1789 2334/2315/1788 2341/2049/1522
f 2435/2316/1789 2341/2049/1522 2436/2051/1524
f 2330/2311/1784 2083/2041/647 2337/2040/1514
f 2025/2317/1790 2032/2318/1791 2345/2319/1792
f 2025/2317/1790 2345/2319/1792 2344/2320/1793
f 2032/2318/1791 2039/2321/1794 2346/2322/1795
f 2032/2318/1791 2346/2322/1795 2345/2319/1792
f 2039/2321/1794 2046/2323/1796 2347/2324/1797
f 2039/2321/1794 2347/2324/1797 2346/2322/1795
f 2046/2323/1796 2053/2325/1798 2348/2326/1799
f 2046/2323/1796 2348/2326/1799 2347/2324/1797
f 2053/2325/1798 2060/2327/1800 2349/2328/1801
f 2053/2325/1798 2349/2328/1801 2348/2326/1799
f 2060/2327/1800 2067/2329/1802 2350/2330/1803
f 2060/2327/1800 2350/2330/1803 2349/2328/1801
f 2067/2329/1802 2074/2331/1804 2351/2332/1805
f 2067/2329/1802 2351/2332/1805 2350/2330/1803
f 2074/2331/1804 2081/2333/1806 2352/2334/1807
f 2074/2331/1804 2352/2334/1807 2351/2332/1805
f 2081/2333/1806 2089/2335/1808 2353/2336/1809
f 2081/2333/1806 2353/2336/1809 2352/2334/1807
f 2089/2335/1808 2096/2337/1810 2354/2338/1811
f 2089/2335/1808 2354/2338/1811 2353/2336/1809
f 2096/2337/1810 2103/2339/1812 2355/2340/1813
f 2096/2337/1810 2355/2340/1813 2354/2338/1811
f 2103/2339/1812 2110/2341/1814 2356/2342/1815
f 2103/2339/1812 2356/2342/1815 2355/2340/1813
f 2110/2341/1814 2117/2343/1816 2357/2344/1817
f 2110/2341/1814 2357/2344/1817 2356/2342/1815
f 2117/2343/1816 2124/2345/1818 2358/2346/1819
f 2117/2343/1816 2358/2346/1819 2357/2344/1817
f 2124/2345/1818 2131/2347/1820 2359/2348/1821
f 2124/2345/1818 2359/2348/1821 2358/2346/1819
f 2131/2347/1820 2138/2349/1822 2360/2350/1823
f 2131/2347/1820 2360/2350/1823 2359/2348/1821
f 2138/2349/1822 2145/2351/1824 2361/2352/1825
f 2138/2349/1822 2361/2352/1825 2360/2350/1823
f 2145/2351/1824 2152/2353/1826 2362/2354/1827
f 2145/2351/1824 2362/2354/1827 2361/2352/1825
f 2152/2353/1826 2159/2355/1828 2363/2356/1829
f 2152/2353/1826 2363/2356/1829 2362/2354/1827
f 2159/2355/1828 2166/2357/1830 2364/2358/1831
f 2159/2355/1828 2364/2358/1831 2363/2356/1829
f 2166/2357/1830 2173/2359/1832 2365/2360/1833
f 2166/2357/1830 2365/2360/1833 2364/2358/1831
f 2173/2359/1832 2180/2361/1834 2366/2362/1835
f 2173/2359/1832 2366/2362/1835 2365/2360/1833
f 2180/2361/1834 2187/2363/1836 2367/2364/1837
f 2180/2361/1834 2367/2364/1837 2366/2362/1835
f 2187/2363/1836 2194/2365/1838 2368/2366/1839
f 2187/2363/1836 2368/2366/1839 2367/2364/1837
f 2194/2365/1838 2201/2367/1840 2369/2368/1841
f 2194/2365/1838 2369/2368/1841 2368/2366/1839
f 2201/2367/1840 2208/2369/1842 2370/2370/1843
f 2201/2367/1840 2370/2370/1843 2369/2368/1841
f 2208/2369/1842 2215/2371/1844 2371/2372/1845
f 2208/2369/1842 2371/2372/1845 2370/2370/1843
f 2215/2371/1844 2222/2373/1846 2372/2374/1847
f 2215/2371/1844 2372/2374/1847 2371/2372/1845
f 2222/2373/1846 2229/2375/1848 2373/2376/1849
f 2222/2373/1846 2373/2376/1849 2372/2374/1847
f 2229/2375/1848 2237/2377/1850 2375/2378/1851
f 2229/2375/1848 2375/2378/1851 2373/2376/1849
f 2236/2379/1852 2244/2380/1853 2376/2381/1854
f 2236/2379/1852 2376/2381/1854 2374/2382/1851
f 2244/2380/1853 2251/2383/1855 2377/2384/1856
f 2244/2380/1853 2377/2384/1856 2376/2381/1854
f 2251/2383/1855 2258/2385/1857 2378/2386/1858
f 2251/2383/1855 2378/2386/1858 2377/2384/1856
f 2258/2385/1857 2265/2387/1859 2379/2388/1860
f 2258/2385/1857 2379/2388/1860 2378/2386/1858
f 2265/2387/1859 2272/2389/1861 2380/2390/1862
f 2265/2387/1859 2380/2390/1862 2379/2388/1860
f 2272/2389/1861 2279/2391/1863 2381/2392/1864
f 2272/2389/1861 2381/2392/1864 2380/2390/1862
f 2279/2391/1863 2286/2393/1865 2382/2394/1866
f 2279/2391/1863 2382/2394/1866 2381/2392/1864
f 2286/2393/1865 2293/2395/1867 2383/2396/1868
f 2286/2393/1865 2383/2396/1868 2382/2394/1866
f 2293/2395/1867 2300/2397/1869 2384/2398/1870
f 2293/2395/1867 2384/2398/1870 2383/2396/1868
f 2300/2397/1869 2307/2399/1871 2385/2400/1872
f 2300/2397/1869 2385/2400/1872 2384/2398/1870
f 2307/2399/1871 2314/2401/1873 2386/2402/1874
f 2307/2399/1871 2386/2402/1874 2385/2400/1872
f 2314/2401/1873 2321/2403/1875 2387/2404/1876
f 2314/2401/1873 2387/2404/1876 2386/2402/1874
f 2321/2403/1875 2328/2405/1877 2388/2406/1878
f 2321/2403/1875 2388/2406/1878 2387/2404/1876
f 2328/2405/1877 2335/2407/1879 2389/2408/1880
f 2328/2405/1877 2389/2408/1880 2388/2406/1878
f 2335/2407/1879 2342/2409/1881 2390/2410/1882
f 2335/2407/1879 2390/2410/1882 2389/2408/1880
f 2342/2409/1881 2025/2317/1790 2344/2320/1793
f 2342/2409/1881 2344/2320/1793 2390/2410/1882
f 2336/2411/1879 2435/2316/1789 2436/2051/1524
f 2336/2411/1879 2436/2051/1524 2343/2412/1881
f 2329/2413/1877 2434/2308/1781 2435/2316/1789
f 2329/2413/1877 2435/2316/1789 2336/2411/1879
f 2322/2414/1883 2433/2304/1777 2434/2308/1781
f 2322/2414/1883 2434/2308/1781 2329/2413/1877
f 2315/2415/1873 2432/2294/1767 2433/2304/1777
f 2315/2415/1873 2433/2304/1777 2322/2414/1883
f 2308/2416/1884 2431/2291/1764 2432/2294/1767
f 2308/2416/1884 2432/2294/1767 2315/2415/1873
f 2301/2417/1885 2430/2286/1759 2431/2291/1764
f 2301/2417/1885 2431/2291/1764 2308/2416/1884
f 2294/2418/1867 2429/2277/1750 2430/2286/1759
f 2294/2418/1867 2430/2286/1759 2301/2417/1885
f 2287/2419/1865 2428/2274/1747 2429/2277/1750
f 2287/2419/1865 2429/2277/1750 2294/2418/1867
f 2280/2420/1863 2427/2268/1741 2428/2274/1747
f 2280/2420/1863 2428/2274/1747 2287/2419/1865
f 2273/2421/1886 2426/2260/1733 2427/2268/1741
f 2273/2421/1886 2427/2268/1741 2280/2420/1863
f 2266/2422/1859 2425/2256/1729 2426/2260/1733
f 2266/2422/1859 2426/2260/1733 2273/2421/1886
f 2259/2423/1887 2424/2250/1723 2425/2256/1729
f 2259/2423/1887 2425/2256/1729 2266/2422/1859
f 2252/2424/1855 2423/2242/1715 2424/2250/1723
f 2252/2424/1855 2424/2250/1723 2259/2423/1887
f 2245/2425/1853 2422/2238/1711 2423/2242/1715
f 2245/2425/1853 2423/2242/1715 2252/2424/1855
f 2238/2426/1888 2421/2228/1701 2422/2238/1711
f 2238/2426/1888 2422/2238/1711 2245/2425/1853
f 2230/2427/1848 2420/2225/1698 2421/2228/1701
f 2230/2427/1848 2421/2228/1701 2238/2426/1888
f 2223/2428/1846 2419/2220/1693 2420/2225/1698
f 2223/2428/1846 2420/2225/1698 2230/2427/1848
f 2216/2429/1889 2418/2211/1684 2419/2220/1693
f 2216/2429/1889 2419/2220/1693 2223/2428/1846
f 2209/2430/1842 2417/2208/1681 2418/2211/1684
f 2209/2430/1842 2418/2211/1684 2216/2429/1889
f 2202/2431/1890 2416/2198/1671 2417/2208/1681
f 2202/2431/1890 2417/2208/1681 2209/2430/1842
f 2195/2432/1891 2415/2194/1667 2416/2198/1671
f 2195/2432/1891 2416/2198/1671 2202/2431/1890
f 2188/2433/1892 2414/2190/1663 2415/2194/1667
f 2188/2433/1892 2415/2194/1667 2195/2432/1891
f 2181/2434/1834 2413/2181/1654 2414/2190/1663
f 2181/2434/1834 2414/2190/1663 2188/2433/1892
f 2174/2435/1832 2412/2177/1650 2413/2181/1654
f 2174/2435/1832 2413/2181/1654 2181/2434/1834
f 2167/2436/1830 2411/2172/1645 2412/2177/1650
f 2167/2436/1830 2412/2177/1650 2174/2435/1832
f 2160/2437/1828 2410/2164/1637 2411/2172/1645
f 2160/2437/1828 2411/2172/1645 2167/2436/1830
f 2153/2438/1826 2409/2160/1633 2410/2164/1637
f 2153/2438/1826 2410/2164/1637 2160/2437/1828
f 2146/2439/1893 2408/2150/1623 2409/2160/1633
f 2146/2439/1893 2409/2160/1633 2153/2438/1826
f 2139/2440/1822 2407/2147/1620 2408/2150/1623
f 2139/2440/1822 2408/2150/1623 2146/2439/1893
f 2132/2441/1820 2406/2142/1615 2407/2147/1620
f 2132/2441/1820 2407/2147/1620 2139/2440/1822
f 2125/2442/1818 2405/2133/1606 2406/2142/1615
f 2125/2442/1818 2406/2142/1615 2132/2441/1820
f 2118/2443/1894 2404/2130/1603 2405/2133/1606
f 2118/2443/1894 2405/2133/1606 2125/2442/1818
f 2111/2444/1895 2403/2124/1597 2404/2130/1603
f 2111/2444/1895 2404/2130/1603 2118/2443/1894
f 2104/2445/1812 2402/2116/1589 2403/2124/1597
f 2104/2445/1812 2403/2124/1597 2111/2444/1895
f 2097/2446/1896 2401/2112/1585 2402/2116/1589
f 2097/2446/1896 2402/2116/1589 2104/2445/1812
f 2090/2447/1897 2400/2102/1575 2401/2112/1585
f 2090/2447/1897 2401/2112/1585 2097/2446/1896
f 2082/2448/1806 2399/2099/1572 2400/2102/1575
f 2082/2448/1806 2400/2102/1575 2090/2447/1897
f 2075/2449/1804 2398/2094/1567 2399/2099/1572
f 2075/2449/1804 2399/2099/1572 2082/2448/1806
f 2068/2450/1898 2397/2085/1558 2398/2094/1567
f 2068/2450/1898 2398/2094/1567 2075/2449/1804
f 2061/2451/1800 2396/2082/1555 2397/2085/1558
f 2061/2451/1800 2397/2085/1558 2068/2450/1898
f 2054/2452/1899 2395/2076/1549 2396/2082/1555
f 2054/2452/1899 2396/2082/1555 2061/2451/1800
f 2047/2453/1900 2394/2068/1541 2395/2076/1549
f 2047/2453/1900 2395/2076/1549 2054/2452/1899
f 2040/2454/1901 2393/2064/1537 2394/2068/1541
f 2040/2454/1901 2394/2068/1541 2047/2453/1900
f 2033/2455/1791 2392/2054/1527 2393/2064/1537
f 2033/2455/1791 2393/2064/1537 2040/2454/1901
f 2026/2456/1790 2391/2052/1525 2392/2054/1527
f 2026/2456/1790 2392/2054/1527 2033/2455/1791
f 2343/2412/1881 2436/2051/1524 2391/2052/1525
f 2343/2412/1881 2391/2052/1525 2026/2456/1790
f 2389/2408/1880 2390/2410/1882 2483/2457/1902
f 2389/2408/1880 2483/2457/1902 2482/2458/1903
f 2388/2406/1878 2389/2408/1880 2482/2458/1903
f 2388/2406/1878 2482/2458/1903 2481/2459/1904
f 2387/2404/1876 2388/2406/1878 2481/2459/1904
f 2387/2404/1876 2481/2459/1904 2480/2460/1905
f 2386/2402/1874 2387/2404/1876 2480/2460/1905
f 2386/2402/1874 2480/2460/1905 2479/2461/1906
f 2385/2400/1872 2386/2402/1874 2479/2461/1906
f 2385/2400/1872 2479/2461/1906 2478/2462/1907
f 2384/2398/1870 2385/2400/1872 2478/2462/1907
f 2384/2398/1870 2478/2462/1907 2477/2463/1908
f 2383/2396/1868 2384/2398/1870 2477/2463/1908
f 2383/2396/1868 2477/2463/1908 2476/2464/1909
f 2382/2394/1866 2383/2396/1868 2476/2464/1909
f 2382/2394/1866 2476/2464/1909 2475/2465/1910
f 2381/2392/1864 2382/2394/1866 2475/2465/1910
f 2381/2392/1864 2475/2465/1910 2474/2466/1911
f 2380/2390/1862 2381/2392/1864 2474/2466/1911
f 2380/2390/1862 2474/2466/1911 2473/2467/1912
f 2379/2388/1860 2380/2390/1862 2473/2467/1912
f 2379/2388/1860 2473/2467/1912 2472/2468/1913
f 2378/2386/1858 2379/2388/1860 2472/2468/1913
f 2378/2386/1858 2472/2468/1913 2471/2469/1914
f 2377/2384/1856 2378/2386/1858 2471/2469/1914
f 2377/2384/1856 2471/2469/1914 2470/2470/1915
f 2376/2381/1854 2377/2384/1856 2470/2470/1915
f 2376/2381/1854 2470/2470/1915 2469/2471/1916
f 2374/2382/1851 2376/2381/1854 2469/2471/1916
f 2374/2382/1851 2469/2471/1916 2468/2472/1917
f 2373/2376/1849 2375/2378/1851 2467/2473/1918
f 2373/2376/1849 2467/2473/1918 2466/2474/1919
f 2372/2374/1847 2373/2376/1849 2466/2474/1919
f 2372/2374/1847 2466/2474/1919 2465/2475/1920
f 2371/2372/1845 2372/2374/1847 2465/2475/1920
f 2371/2372/1845 2465/2475/1920 2464/2476/1921
f 2370/2370/1843 2371/2372/1845 2464/2476/1921
f 2370/2370/1843 2464/2476/1921 2463/2477/1922
f 2369/2368/1841 2370/2370/1843 2463/2477/1922
f 2369/2368/1841 2463/2477/1922 2462/2478/1923
f 2368/2366/1839 2369/2368/1841 2462/2478/1923
f 2368/2366/1839 2462/2478/1923 2461/2479/1924
f 2367/2364/1837 2368/2366/1839 2461/2479/1924
f 2367/2364/1837 2461/2479/1924 2460/2480/1925
f 2366/2362/1835 2367/2364/1837 2460/2480/1925
f 2366/2362/1835 2460/2480/1925 2459/2481/1926
f 2365/2360/1833 2366/2362/1835 2459/2481/1926
f 2365/2360/1833 2459/2481/1926 2458/2482/1927
f 2364/2358/1831 2365/2360/1833 2458/2482/1927
f 2364/2358/1831 2458/2482/1927 2457/2483/1928
f 2363/2356/1829 2364/2358/1831 2457/2483/1928
f 2363/2356/1829 2457/2483/1928 2456/2484/1929
f 2362/2354/1827 2363/2356/1829 2456/2484/1929
f 2362/2354/1827 2456/2484/1929 2455/2485/1930
f 2361/2352/1825 2362/2354/1827 2455/2485/1930
f 2361/2352/1825 2455/2485/1930 2454/2486/1931
f 2360/2350/1823 2361/2352/1825 2454/2486/1931
f 2360/2350/1823 2454/2486/1931 2453/2487/1932
f 2359/2348/1821 2360/2350/1823 2453/2487/1932
f 2359/2348/1821 2453/2487/1932 2452/2488/1933
f 2358/2346/1819 2359/2348/1821 2452/2488/1933
f 2358/2346/1819 2452/2488/1933 2451/2489/1934
f 2357/2344/1817 2358/2346/1819 2451/2489/1934
f 2357/2344/1817 2451/2489/1934 2450/2490/1935
f 2356/2342/1815 2357/2344/1817 2450/2490/1935
f 2356/2342/1815 2450/2490/1935 2449/2491/1936
f 2355/2340/1813 2356/2342/1815 2449/2491/1936
f 2355/2340/1813 2449/2491/1936 2448/2492/1937
f 2354/2338/1811 2355/2340/1813 2448/2492/1937
f 2354/2338/1811 2448/2492/1937 2447/2493/1938
f 2353/2336/1809 2354/2338/1811 2447/2493/1938
f 2353/2336/1809 2447/2493/1938 2446/2494/1939
f 2352/2334/1807 2353/2336/1809 2446/2494/1939
f 2352/2334/1807 2446/2494/1939 2445/2495/1940
f 2351/2332/1805 2352/2334/1807 2445/2495/1940
f 2351/2332/1805 2445/2495/1940 2444/2496/1941
f 2350/2330/1803 2351/2332/1805 2444/2496/1941
f 2350/2330/1803 2444/2496/1941 2443/2497/1942
f 2349/2328/1801 2350/2330/1803 2443/2497/1942
f 2349/2328/1801 2443/2497/1942 2442/2498/1943
f 2348/2326/1799 2349/2328/1801 2442/2498/1943
f 2348/2326/1799 2442/2498/1943 2441/2499/1944
f 2347/2324/1797 2348/2326/1799 2441/2499/1944
f 2347/2324/1797 2441/2499/1944 2440/2500/1945
f 2346/2322/1795 2347/2324/1797 2440/2500/1945
f 2346/2322/1795 2440/2500/1945 2439/2501/1946
f 2345/2319/1792 2346/2322/1795 2439/2501/1946
f 2345/2319/1792 2439/2501/1946 2438/2502/1947
f 2344/2320/1793 2345/2319/1792 2438/2502/1947
f 2344/2320/1793 2438/2502/1947 2437/2503/1948
f 2390/2410/1882 2344/2320/1793 2437/2503/1948
f 2390/2410/1882 2437/2503/1948 2483/2457/1902
f 2507/2504/1382 2484/2505/300 2521/2506/1949
f 2507/2504/1382 2521/2506/1949 2556/2507/1950
f 2502/2508/1951 2511/2509/1952 2509/2510/1953
f 2502/2508/1951 2509/2510/1953 2508/2511/1954
f 2499/2512/1955 2512/2513/1956 2511/2509/1952
f 2499/2512/1955 2511/2509/1952 2502/2508/1951
f 2497/2514/1957 2513/2515/1958 2512/2513/1956
f 2497/2514/1957 2512/2513/1956 2499/2512/1955
f 2495/2516/1959 2514/2517/1960 2513/2515/1958
f 2495/2516/1959 2513/2515/1958 2497/2514/1957
f 2493/2518/1961 2515/2519/1962 2514/2517/1960
f 2493/2518/1961 2514/2517/1960 2495/2516/1959
f 2491/2520/1963 2516/2521/1964 2515/2519/1962
f 2491/2520/1963 2515/2519/1962 2493/2518/1961
f 2489/2522/1965 2517/2523/1966 2516/2521/1964
f 2489/2522/1965 2516/2521/1964 2491/2520/1963
f 2487/2524/1967 2518/2525/1968 2517/2523/1966
f 2487/2524/1967 2517/2523/1966 2489/2522/1965
f 2485/2526/1969 2519/2527/1970 2518/2525/1968
f 2485/2526/1969 2518/2525/1968 2487/2524/1967
f 2490/2528/1366 2492/2529/1374 2534/2530/1971
f 2490/2528/1366 2534/2530/1971 2531/2531/1972
f 2504/2532/1973 2520/2533/1974 2519/2527/1970
f 2504/2532/1973 2519/2527/1970 2485/2526/1969
f 2506/2534/1975 2510/2535/1976 2520/2533/1974
f 2506/2534/1975 2520/2533/1974 2504/2532/1973
f 2510/2535/1976 2509/2510/1953 2511/2509/1952
f 2511/2509/1952 2512/2513/1956 2513/2515/1958
f 2513/2515/1958 2514/2517/1960 2515/2519/1962
f 2515/2519/1962 2516/2521/1964 2517/2523/1966
f 2517/2523/1966 2518/2525/1968 2519/2527/1970
f 2519/2527/1970 2520/2533/1974 2510/2535/1976
f 2510/2535/1976 2511/2509/1952 2513/2515/1958
f 2513/2515/1958 2515/2519/1962 2517/2523/1966
f 2517/2523/1966 2519/2527/1970 2510/2535/1976
f 2513/2515/1958 2517/2523/1966 2510/2535/1976
f 2524/2536/1977 2508/2511/1954 2506/2534/1975
f 2524/2536/1977 2506/2534/1975 2523/2537/1978
f 2488/2538/1367 2490/2528/1366 2531/2531/1972
f 2488/2538/1367 2531/2531/1972 2528/2539/1979
f 2505/2540/1380 2507/2504/1382 2556/2507/1950
f 2505/2540/1380 2556/2507/1950 2553/2541/1980
f 2503/2542/1378 2505/2540/1380 2553/2541/1980
f 2503/2542/1378 2553/2541/1980 2550/2543/1981
f 2501/2544/1376 2503/2542/1378 2550/2543/1981
f 2501/2544/1376 2550/2543/1981 2547/2545/1982
f 2498/2546/1353 2500/2547/1376 2546/2548/1982
f 2498/2546/1353 2546/2548/1982 2543/2549/1983
f 2496/2550/21 2498/2546/1353 2543/2549/1983
f 2496/2550/21 2543/2549/1983 2540/2551/1984
f 2494/2552/1388 2496/2550/21 2540/2551/1984
f 2494/2552/1388 2540/2551/1984 2537/2553/1985
f 2492/2529/1374 2494/2552/1388 2537/2553/1985
f 2492/2529/1374 2537/2553/1985 2534/2530/1971
f 2486/2554/1385 2488/2538/1367 2528/2539/1979
f 2486/2554/1385 2528/2539/1979 2525/2555/1986
f 2484/2505/300 2486/2554/1385 2525/2555/1986
f 2484/2505/300 2525/2555/1986 2521/2506/1949
f 2526/2556/1987 2524/2536/1977 2523/2537/1978
f 2526/2556/1987 2523/2537/1978 2522/2557/1949
f 2529/2558/1979 2527/2559/1988 2524/2536/1977
f 2529/2558/1979 2524/2536/1977 2526/2556/1987
f 2532/2560/1972 2530/2561/1989 2527/2559/1988
f 2532/2560/1972 2527/2559/1988 2529/2558/1979
f 2535/2562/1971 2533/2563/1990 2530/2561/1989
f 2535/2562/1971 2530/2561/1989 2532/2560/1972
f 2538/2564/1985 2536/2565/1991 2533/2563/1990
f 2538/2564/1985 2533/2563/1990 2535/2562/1971
f 2541/2566/1992 2539/2567/1993 2536/2565/1991
f 2541/2566/1992 2536/2565/1991 2538/2564/1985
f 2544/2568/1983 2542/2569/1994 2539/2567/1993
f 2544/2568/1983 2539/2567/1993 2541/2566/1992
f 2548/2570/1982 2545/2571/1995 2542/2569/1994
f 2548/2570/1982 2542/2569/1994 2544/2568/1983
f 2551/2572/1981 2549/2573/1996 2545/2571/1995
f 2551/2572/1981 2545/2571/1995 2548/2570/1982
f 2554/2574/1980 2552/2575/1997 2549/2573/1996
f 2554/2574/1980 2549/2573/1996 2551/2572/1981
f 2557/2576/1950 2555/2577/1998 2552/2575/1997
f 2557/2576/1950 2552/2575/1997 2554/2574/1980
f 2522/2557/1949 2523/2537/1978 2555/2577/1998
f 2522/2557/1949 2555/2577/1998 2557/2576/1950
f 2508/2511/1954 2509/2510/1953 2510/2535/1976
f 2508/2511/1954 2510/2535/1976 2506/2534/1975
f 2523/2537/1978 2506/2534/1975 2504/2532/1973
f 2523/2537/1978 2504/2532/1973 2555/2577/1998
f 2555/2577/1998 2504/2532/1973 2485/2526/1969
f 2555/2577/1998 2485/2526/1969 2552/2575/1997
f 2552/2575/1997 2485/2526/1969 2487/2524/1967
f 2552/2575/1997 2487/2524/1967 2549/2573/1996
f 2549/2573/1996 2487/2524/1967 2489/2522/1965
f 2549/2573/1996 2489/2522/1965 2545/2571/1995
f 2545/2571/1995 2489/2522/1965 2491/2520/1963
f 2545/2571/1995 2491/2520/1963 2542/2569/1994
f 2542/2569/1994 2491/2520/1963 2493/2518/1961
f 2542/2569/1994 2493/2518/1961 2539/2567/1993
f 2539/2567/1993 2493/2518/1961 2495/2516/1959
f 2539/2567/1993 2495/2516/1959 2536/2565/1991
f 2536/2565/1991 2495/2516/1959 2497/2514/1957
f 2536/2565/1991 2497/2514/1957 2533/2563/1990
f 2533/2563/1990 2497/2514/1957 2499/2512/1955
f 2533/2563/1990 2499/2512/1955 2530/2561/1989
f 2530/2561/1989 2499/2512/1955 2502/2508/1951
f 2530/2561/1989 2502/2508/1951 2527/2559/1988
f 2527/2559/1988 2502/2508/1951 2508/2511/1954
f 2527/2559/1988 2508/2511/1954 2524/2536/1977
f 2651/2578/1999 2561/2579/2000 2565/2580/2001
f 2651/2578/1999 2565/2580/2001 2653/2581/2002
f 2653/2581/2002 2565/2580/2001 2569/2582/2003
f 2653/2581/2002 2569/2582/2003 2655/2583/2004
f 2655/2583/2004 2569/2582/2003 2573/2584/2005
f 2655/2583/2004 2573/2584/2005 2657/2585/2006
f 2657/2585/2006 2573/2584/2005 2578/2586/2007
f 2657/2585/2006 2578/2586/2007 2659/2587/2008
f 2659/2587/2008 2578/2586/2007 2582/2588/2009
f 2659/2587/2008 2582/2588/2009 2661/2589/2010
f 2661/2589/2010 2582/2588/2009 2586/2590/2011
f 2661/2589/2010 2586/2590/2011 2663/2591/2012
f 2663/2591/2012 2586/2590/2011 2590/2592/2013
f 2663/2591/2012 2590/2592/2013 2665/2593/2014
f 2665/2593/2014 2590/2592/2013 2594/2594/2015
f 2665/2593/2014 2594/2594/2015 2667/2595/2016
f 2667/2595/2016 2594/2594/2015 2598/2596/2017
f 2667/2595/2016 2598/2596/2017 2669/2597/2018
f 2669/2597/2018 2598/2596/2017 2602/2598/2019
f 2669/2597/2018 2602/2598/2019 2671/2599/2020
f 2671/2599/2020 2602/2598/2019 2606/2600/2021
f 2671/2599/2020 2606/2600/2021 2673/2601/2022
f 2673/2601/2022 2606/2600/2021 2610/2602/2023
f 2673/2601/2022 2610/2602/2023 2675/2603/2024
f 2675/2603/2024 2610/2602/2023 2613/2604/2025
f 2675/2603/2024 2613/2604/2025 2677/2605/2026
f 2677/2605/2026 2613/2604/2025 2617/2606/2027
f 2677/2605/2026 2617/2606/2027 2679/2607/2028
f 2679/2607/2028 2617/2606/2027 2621/2608/2029
f 2679/2607/2028 2621/2608/2029 2681/2609/2030
f 2681/2609/2030 2621/2608/2029 2626/2610/2031
f 2681/2609/2030 2626/2610/2031 2683/2611/2032
f 2774/2612/2033 2766/2613/2034 2608/2614/2035
f 2774/2612/2033 2608/2614/2035 2604/2615/2036
f 2683/2611/2032 2626/2610/2031 2630/2616/2037
f 2683/2611/2032 2630/2616/2037 2685/2617/2038
f 2685/2617/2038 2630/2616/2037 2560/2618/2000
f 2685/2617/2038 2560/2618/2000 2650/2619/1999
f 2690/2620/2039 2689/2621/2040 2634/2622/2041
f 2690/2620/2039 2634/2622/2041 2635/2623/2042
f 2779/2624/2043 2801/2625/2044 2800/2626/2045
f 2779/2624/2043 2800/2626/2045 2781/2627/2046
f 2687/2628/2047 2704/2629/2048 2649/2630/2049
f 2687/2628/2047 2649/2630/2049 2632/2631/2050
f 2704/2629/2048 2703/2632/2051 2648/2633/2052
f 2704/2629/2048 2648/2633/2052 2649/2630/2049
f 2703/2632/2051 2702/2634/2053 2647/2635/2054
f 2703/2632/2051 2647/2635/2054 2648/2633/2052
f 2702/2634/2053 2701/2636/2055 2646/2637/2056
f 2702/2634/2053 2646/2637/2056 2647/2635/2054
f 2701/2636/2055 2700/2638/2057 2645/2639/2058
f 2701/2636/2055 2645/2639/2058 2646/2637/2056
f 2700/2638/2057 2699/2640/2059 2644/2641/2060
f 2700/2638/2057 2644/2641/2060 2645/2639/2058
f 2699/2640/2059 2698/2642/2061 2643/2643/2062
f 2699/2640/2059 2643/2643/2062 2644/2641/2060
f 2698/2642/2061 2697/2644/2063 2642/2645/2064
f 2698/2642/2061 2642/2645/2064 2643/2643/2062
f 2697/2644/2063 2696/2646/2065 2641/2647/2066
f 2697/2644/2063 2641/2647/2066 2642/2645/2064
f 2696/2646/2065 2695/2648/2067 2640/2649/2068
f 2696/2646/2065 2640/2649/2068 2641/2647/2066
f 2695/2648/2067 2694/2650/2069 2639/2651/2070
f 2695/2648/2067 2639/2651/2070 2640/2649/2068
f 2694/2650/2069 2693/2652/2071 2638/2653/2072
f 2694/2650/2069 2638/2653/2072 2639/2651/2070
f 2693/2652/2071 2692/2654/2073 2637/2655/2074
f 2693/2652/2071 2637/2655/2074 2638/2653/2072
f 2692/2654/2073 2691/2656/2075 2636/2657/2076
f 2692/2654/2073 2636/2657/2076 2637/2655/2074
f 2691/2656/2075 2690/2620/2039 2635/2623/2042
f 2691/2656/2075 2635/2623/2042 2636/2657/2076
f 2700/2638/2057 3356/2658/1189 2699/2640/2059
f 2649/2630/2049 2686/2659/2038 2652/2660/2077
f 2649/2630/2049 2652/2660/2077 2632/2631/2050
f 2648/2633/2052 2684/2661/2032 2686/2659/2038
f 2648/2633/2052 2686/2659/2038 2649/2630/2049
f 2647/2635/2054 2682/2662/2030 2684/2661/2032
f 2647/2635/2054 2684/2661/2032 2648/2633/2052
f 2646/2637/2056 2680/2663/2028 2682/2662/2030
f 2646/2637/2056 2682/2662/2030 2647/2635/2054
f 2645/2639/2058 2678/2664/2026 2680/2663/2028
f 2645/2639/2058 2680/2663/2028 2646/2637/2056
f 2644/2641/2060 2676/2665/2024 2678/2664/2026
f 2644/2641/2060 2678/2664/2026 2645/2639/2058
f 2643/2643/2062 2674/2666/2022 2676/2665/2024
f 2643/2643/2062 2676/2665/2024 2644/2641/2060
f 2642/2645/2064 2672/2667/2020 2674/2666/2022
f 2642/2645/2064 2674/2666/2022 2643/2643/2062
f 2641/2647/2066 2670/2668/2078 2672/2667/2020
f 2641/2647/2066 2672/2667/2020 2642/2645/2064
f 2640/2649/2068 2668/2669/2016 2670/2668/2078
f 2640/2649/2068 2670/2668/2078 2641/2647/2066
f 2639/2651/2070 2666/2670/2014 2668/2669/2016
f 2639/2651/2070 2668/2669/2016 2640/2649/2068
f 2638/2653/2072 2664/2671/2012 2666/2670/2014
f 2638/2653/2072 2666/2670/2014 2639/2651/2070
f 2637/2655/2074 2662/2672/2010 2664/2671/2012
f 2637/2655/2074 2664/2671/2012 2638/2653/2072
f 2636/2657/2076 2660/2673/2008 2662/2672/2010
f 2636/2657/2076 2662/2672/2010 2637/2655/2074
f 2635/2623/2042 2658/2674/2006 2660/2673/2008
f 2635/2623/2042 2660/2673/2008 2636/2657/2076
f 2634/2622/2041 2656/2675/2004 2658/2674/2006
f 2634/2622/2041 2658/2674/2006 2635/2623/2042
f 2633/2676/2079 2654/2677/2002 2656/2675/2004
f 2633/2676/2079 2656/2675/2004 2634/2622/2041
f 2632/2631/2050 2652/2660/2077 2654/2677/2002
f 2632/2631/2050 2654/2677/2002 2633/2676/2079
f 2689/2621/2040 2688/2678/2080 2633/2676/2079
f 2689/2621/2040 2633/2676/2079 2634/2622/2041
f 2773/2679/2081 2765/2680/2082 2588/2681/2083
f 2773/2679/2081 2588/2681/2083 2584/2682/2084
f 2772/2683/2085 2764/2684/2086 2568/2685/2087
f 2772/2683/2085 2568/2685/2087 2564/2686/2088
f 2771/2687/2089 2763/2688/2090 2616/2689/2091
f 2771/2687/2089 2616/2689/2091 2612/2690/2092
f 2770/2691/2093 2762/2692/2094 2596/2693/2095
f 2770/2691/2093 2596/2693/2095 2592/2694/2096
f 2769/2695/2097 2761/2696/2098 2576/2697/2099
f 2769/2695/2097 2576/2697/2099 2572/2698/2100
f 2768/2699/2101 2760/2700/2102 2629/2701/2103
f 2768/2699/2101 2629/2701/2103 2620/2702/2104
f 2767/2703/2105 2774/2612/2033 2604/2615/2036
f 2767/2703/2105 2604/2615/2036 2600/2704/2106
f 2776/2705/2107 2773/2679/2081 2584/2682/2084
f 2776/2705/2107 2584/2682/2084 2580/2706/2108
f 2775/2707/2109 2772/2683/2085 2564/2686/2088
f 2775/2707/2109 2564/2686/2088 2559/2708/2110
f 2766/2613/2034 2771/2687/2089 2612/2690/2092
f 2766/2613/2034 2612/2690/2092 2608/2614/2035
f 2765/2680/2082 2770/2691/2093 2592/2694/2096
f 2765/2680/2082 2592/2694/2096 2588/2681/2083
f 2764/2684/2086 2769/2695/2097 2572/2698/2100
f 2764/2684/2086 2572/2698/2100 2568/2685/2087
f 2763/2688/2090 2768/2699/2101 2620/2702/2104
f 2763/2688/2090 2620/2702/2104 2616/2689/2091
f 2762/2692/2094 2767/2703/2105 2600/2704/2106
f 2762/2692/2094 2600/2704/2106 2596/2693/2095
f 2760/2700/2102 2759/2709/2111 2625/2710/2112
f 2760/2700/2102 2625/2710/2112 2629/2701/2103
f 2761/2696/2098 2776/2705/2107 2580/2706/2108
f 2761/2696/2098 2580/2706/2108 2576/2697/2099
f 2759/2709/2111 2775/2707/2109 2559/2708/2110
f 2759/2709/2111 2559/2708/2110 2625/2710/2112
f 2562/2711/2113 2631/2712/2114 2721/2713/2115
f 2562/2711/2113 2721/2713/2115 2705/2714/2116
f 2614/2715/2117 2609/2716/2118 2722/2717/2119
f 2614/2715/2117 2722/2717/2119 2710/2718/2120
f 2566/2719/2121 2562/2711/2113 2705/2714/2116
f 2566/2719/2121 2705/2714/2116 2708/2720/2122
f 2593/2721/2123 2589/2722/2124 2706/2723/2125
f 2593/2721/2123 2706/2723/2125 2712/2724/2126
f 2574/2725/2127 2570/2726/2128 2707/2727/2129
f 2574/2725/2127 2707/2727/2129 2714/2728/2130
f 2622/2729/2131 2618/2730/2132 2709/2731/2133
f 2622/2729/2131 2709/2731/2133 2716/2732/2134
f 2601/2733/2135 2597/2734/2136 2711/2735/2137
f 2601/2733/2135 2711/2735/2137 2718/2736/2138
f 2581/2737/2139 2577/2738/2140 2713/2739/2141
f 2581/2737/2139 2713/2739/2141 2720/2740/2142
f 2631/2712/2114 2627/2741/2143 2715/2742/2144
f 2631/2712/2114 2715/2742/2144 2721/2713/2115
f 2609/2716/2118 2605/2743/2145 2717/2744/2146
f 2609/2716/2118 2717/2744/2146 2722/2717/2119
f 2589/2722/2124 2585/2745/2147 2719/2746/2148
f 2589/2722/2124 2719/2746/2148 2706/2723/2125
f 2570/2726/2128 2566/2719/2121 2708/2720/2122
f 2570/2726/2128 2708/2720/2122 2707/2727/2129
f 2618/2730/2132 2614/2715/2117 2710/2718/2120
f 2618/2730/2132 2710/2718/2120 2709/2731/2133
f 2597/2734/2136 2593/2721/2123 2712/2724/2126
f 2597/2734/2136 2712/2724/2126 2711/2735/2137
f 2577/2738/2140 2574/2725/2127 2714/2728/2130
f 2577/2738/2140 2714/2728/2130 2713/2739/2141
f 2627/2741/2143 2622/2729/2131 2716/2732/2134
f 2627/2741/2143 2716/2732/2134 2715/2742/2144
f 2605/2743/2145 2601/2733/2135 2718/2736/2138
f 2605/2743/2145 2718/2736/2138 2717/2744/2146
f 2585/2745/2147 2581/2737/2139 2720/2740/2142
f 2585/2745/2147 2720/2740/2142 2719/2746/2148
f 2705/2714/2116 2721/2713/2115 2739/2747/2149
f 2705/2714/2116 2739/2747/2149 2723/2748/2150
f 2710/2718/2120 2722/2717/2119 2740/2749/2151
f 2710/2718/2120 2740/2749/2151 2725/2750/2152
f 2708/2720/2122 2705/2714/2116 2723/2748/2150
f 2708/2720/2122 2723/2748/2150 2724/2751/2153
f 2712/2724/2126 2706/2723/2125 2731/2752/2154
f 2712/2724/2126 2731/2752/2154 2726/2753/2155
f 2714/2728/2130 2707/2727/2129 2732/2754/2156
f 2714/2728/2130 2732/2754/2156 2727/2755/2157
f 2716/2732/2134 2709/2731/2133 2733/2756/2158
f 2716/2732/2134 2733/2756/2158 2728/2757/2159
f 2718/2736/2138 2711/2735/2137 2734/2758/2160
f 2718/2736/2138 2734/2758/2160 2729/2759/2161
f 2720/2740/2142 2713/2739/2141 2735/2760/2162
f 2720/2740/2142 2735/2760/2162 2730/2761/2163
f 2721/2713/2115 2715/2742/2144 2736/2762/2164
f 2721/2713/2115 2736/2762/2164 2739/2747/2149
f 2722/2717/2119 2717/2744/2146 2737/2763/2165
f 2722/2717/2119 2737/2763/2165 2740/2749/2151
f 2706/2723/2125 2719/2746/2148 2738/2764/2166
f 2706/2723/2125 2738/2764/2166 2731/2752/2154
f 2707/2727/2129 2708/2720/2122 2724/2751/2153
f 2707/2727/2129 2724/2751/2153 2732/2754/2156
f 2709/2731/2133 2710/2718/2120 2725/2750/2152
f 2709/2731/2133 2725/2750/2152 2733/2756/2158
f 2711/2735/2137 2712/2724/2126 2726/2753/2155
f 2711/2735/2137 2726/2753/2155 2734/2758/2160
f 2713/2739/2141 2714/2728/2130 2727/2755/2157
f 2713/2739/2141 2727/2755/2157 2735/2760/2162
f 2715/2742/2144 2716/2732/2134 2728/2757/2159
f 2715/2742/2144 2728/2757/2159 2736/2762/2164
f 2717/2744/2146 2718/2736/2138 2729/2759/2161
f 2717/2744/2146 2729/2759/2161 2737/2763/2165
f 2719/2746/2148 2720/2740/2142 2730/2761/2163
f 2719/2746/2148 2730/2761/2163 2738/2764/2166
f 2723/2748/2150 2739/2747/2149 2757/2765/2167
f 2723/2748/2150 2757/2765/2167 2741/2766/2168
f 2725/2750/2152 2740/2749/2151 2758/2767/2169
f 2725/2750/2152 2758/2767/2169 2743/2768/2170
f 2724/2751/2153 2723/2748/2150 2741/2766/2168
f 2724/2751/2153 2741/2766/2168 2742/2769/2171
f 2726/2753/2155 2731/2752/2154 2749/2770/2172
f 2726/2753/2155 2749/2770/2172 2744/2771/2173
f 2727/2755/2157 2732/2754/2156 2750/2772/2174
f 2727/2755/2157 2750/2772/2174 2745/2773/2175
f 2728/2757/2159 2733/2756/2158 2751/2774/2176
f 2728/2757/2159 2751/2774/2176 2746/2775/2177
f 2729/2759/2161 2734/2758/2160 2752/2776/2178
f 2729/2759/2161 2752/2776/2178 2747/2777/2179
f 2730/2761/2163 2735/2760/2162 2753/2778/2180
f 2730/2761/2163 2753/2778/2180 2748/2779/2181
f 2739/2747/2149 2736/2762/2164 2754/2780/2182
f 2739/2747/2149 2754/2780/2182 2757/2765/2167
f 2740/2749/2151 2737/2763/2165 2755/2781/2183
f 2740/2749/2151 2755/2781/2183 2758/2767/2169
f 2731/2752/2154 2738/2764/2166 2756/2782/2184
f 2731/2752/2154 2756/2782/2184 2749/2770/2172
f 2732/2754/2156 2724/2751/2153 2742/2769/2171
f 2732/2754/2156 2742/2769/2171 2750/2772/2174
f 2733/2756/2158 2725/2750/2152 2743/2768/2170
f 2733/2756/2158 2743/2768/2170 2751/2774/2176
f 2734/2758/2160 2726/2753/2155 2744/2771/2173
f 2734/2758/2160 2744/2771/2173 2752/2776/2178
f 2735/2760/2162 2727/2755/2157 2745/2773/2175
f 2735/2760/2162 2745/2773/2175 2753/2778/2180
f 2736/2762/2164 2728/2757/2159 2746/2775/2177
f 2736/2762/2164 2746/2775/2177 2754/2780/2182
f 2737/2763/2165 2729/2759/2161 2747/2777/2179
f 2737/2763/2165 2747/2777/2179 2755/2781/2183
f 2738/2764/2166 2730/2761/2163 2748/2779/2181
f 2738/2764/2166 2748/2779/2181 2756/2782/2184
f 2741/2766/2168 2757/2765/2167 2775/2707/2109
f 2741/2766/2168 2775/2707/2109 2759/2709/2111
f 2743/2768/2170 2758/2767/2169 2776/2705/2107
f 2743/2768/2170 2776/2705/2107 2761/2696/2098
f 2742/2769/2171 2741/2766/2168 2759/2709/2111
f 2742/2769/2171 2759/2709/2111 2760/2700/2102
f 2744/2771/2173 2749/2770/2172 2767/2703/2105
f 2744/2771/2173 2767/2703/2105 2762/2692/2094
f 2745/2773/2175 2750/2772/2174 2768/2699/2101
f 2745/2773/2175 2768/2699/2101 2763/2688/2090
f 2746/2775/2177 2751/2774/2176 2769/2695/2097
f 2746/2775/2177 2769/2695/2097 2764/2684/2086
f 2747/2777/2179 2752/2776/2178 2770/2691/2093
f 2747/2777/2179 2770/2691/2093 2765/2680/2082
f 2748/2779/2181 2753/2778/2180 2771/2687/2089
f 2748/2779/2181 2771/2687/2089 2766/2613/2034
f 2757/2765/2167 2754/2780/2182 2772/2683/2085
f 2757/2765/2167 2772/2683/2085 2775/2707/2109
f 2758/2767/2169 2755/2781/2183 2773/2679/2081
f 2758/2767/2169 2773/2679/2081 2776/2705/2107
f 2749/2770/2172 2756/2782/2184 2774/2612/2033
f 2749/2770/2172 2774/2612/2033 2767/2703/2105
f 2750/2772/2174 2742/2769/2171 2760/2700/2102
f 2750/2772/2174 2760/2700/2102 2768/2699/2101
f 2751/2774/2176 2743/2768/2170 2761/2696/2098
f 2751/2774/2176 2761/2696/2098 2769/2695/2097
f 2752/2776/2178 2744/2771/2173 2762/2692/2094
f 2752/2776/2178 2762/2692/2094 2770/2691/2093
f 2753/2778/2180 2745/2773/2175 2763/2688/2090
f 2753/2778/2180 2763/2688/2090 2771/2687/2089
f 2754/2780/2182 2746/2775/2177 2764/2684/2086
f 2754/2780/2182 2764/2684/2086 2772/2683/2085
f 2755/2781/2183 2747/2777/2179 2765/2680/2082
f 2755/2781/2183 2765/2680/2082 2773/2679/2081
f 2756/2782/2184 2748/2779/2181 2766/2613/2034
f 2756/2782/2184 2766/2613/2034 2774/2612/2033
f 2791/2783/2185 2811/2784/2186 2810/2785/2187
f 2791/2783/2185 2810/2785/2187 2792/2786/2188
f 2784/2787/2189 2806/2788/2190 2805/2789/2191
f 2784/2787/2189 2805/2789/2191 2786/2790/2192
f 2788/2791/2193 2797/2792/2194 2796/2793/2195
f 2788/2791/2193 2796/2793/2195 2793/2794/2196
f 2782/2795/2197 2807/2796/2198 2806/2788/2190
f 2782/2795/2197 2806/2788/2190 2784/2787/2189
f 2777/2797/2199 2802/2798/2200 2801/2625/2044
f 2777/2797/2199 2801/2625/2044 2779/2624/2043
f 2787/2799/2201 2814/2800/2202 2811/2784/2186
f 2787/2799/2201 2811/2784/2186 2791/2783/2185
f 2790/2801/2203 2803/2802/2204 2802/2798/2200
f 2790/2801/2203 2802/2798/2200 2777/2797/2199
f 2794/2803/2205 2813/2804/2206 2814/2800/2202
f 2794/2803/2205 2814/2800/2202 2787/2799/2201
f 2785/2805/2207 2798/2806/2208 2797/2792/2194
f 2785/2805/2207 2797/2792/2194 2788/2791/2193
f 2780/2807/2209 2808/2808/2210 2807/2796/2198
f 2780/2807/2209 2807/2796/2198 2782/2795/2197
f 2783/2809/2211 2799/2810/2212 2798/2806/2208
f 2783/2809/2211 2798/2806/2208 2785/2805/2207
f 2778/2811/2213 2809/2812/2214 2808/2808/2210
f 2778/2811/2213 2808/2808/2210 2780/2807/2209
f 2789/2813/2215 2804/2814/2216 2803/2802/2204
f 2789/2813/2215 2803/2802/2204 2790/2801/2203
f 2558/2815/2110 2793/2794/2196 2795/2816/2205
f 2558/2815/2110 2795/2816/2205 2624/2817/2112
f 2786/2790/2192 2805/2789/2191 2804/2814/2216
f 2786/2790/2192 2804/2814/2216 2789/2813/2215
f 2781/2627/2046 2800/2626/2045 2799/2810/2212
f 2781/2627/2046 2799/2810/2212 2783/2809/2211
f 2792/2786/2188 2810/2785/2187 2809/2812/2214
f 2792/2786/2188 2809/2812/2214 2778/2811/2213
f 2595/2818/2095 2786/2790/2192 2789/2813/2215
f 2595/2818/2095 2789/2813/2215 2591/2819/2096
f 2587/2820/2083 2790/2801/2203 2777/2797/2199
f 2587/2820/2083 2777/2797/2199 2583/2821/2084
f 2579/2822/2108 2779/2624/2043 2781/2627/2046
f 2579/2822/2108 2781/2627/2046 2575/2823/2099
f 2575/2823/2099 2781/2627/2046 2783/2809/2211
f 2575/2823/2099 2783/2809/2211 2571/2824/2100
f 2623/2825/2112 2794/2803/2205 2787/2799/2201
f 2623/2825/2112 2787/2799/2201 2628/2826/2103
f 2619/2827/2104 2791/2783/2185 2792/2786/2188
f 2619/2827/2104 2792/2786/2188 2615/2828/2091
f 2615/2828/2091 2792/2786/2188 2778/2811/2213
f 2615/2828/2091 2778/2811/2213 2611/2829/2092
f 2567/2830/2087 2785/2805/2207 2788/2791/2193
f 2567/2830/2087 2788/2791/2193 2563/2831/2217
f 2599/2832/2218 2784/2787/2189 2786/2790/2192
f 2599/2832/2218 2786/2790/2192 2595/2818/2095
f 2607/2833/2219 2780/2807/2209 2782/2795/2197
f 2607/2833/2219 2782/2795/2197 2603/2834/2036
f 2563/2831/2217 2788/2791/2193 2793/2794/2196
f 2563/2831/2217 2793/2794/2196 2558/2815/2110
f 2571/2824/2100 2783/2809/2211 2785/2805/2207
f 2571/2824/2100 2785/2805/2207 2567/2830/2087
f 2603/2834/2036 2782/2795/2197 2784/2787/2189
f 2603/2834/2036 2784/2787/2189 2599/2832/2218
f 2611/2829/2092 2778/2811/2213 2780/2807/2209
f 2611/2829/2092 2780/2807/2209 2607/2833/2219
f 2583/2821/2084 2777/2797/2199 2779/2624/2043
f 2583/2821/2084 2779/2624/2043 2579/2822/2108
f 2591/2819/2096 2789/2813/2215 2790/2801/2203
f 2591/2819/2096 2790/2801/2203 2587/2820/2083
f 2628/2826/2103 2787/2799/2201 2791/2783/2185
f 2628/2826/2103 2791/2783/2185 2619/2827/2104
f 2796/2793/2195 2797/2792/2194 2817/2835/1478
f 2796/2793/2195 2817/2835/1478 2815/2836/1477
f 2811/2784/2186 2814/2800/2202 2850/2837/1470
f 2811/2784/2186 2850/2837/1470 2845/2838/1462
f 2804/2814/2216 2805/2789/2191 2834/2839/1465
f 2804/2814/2216 2834/2839/1465 2832/2840/300
f 2797/2792/2194 2798/2806/2208 2819/2841/1374
f 2797/2792/2194 2819/2841/1374 2817/2835/1478
f 2814/2800/2202 2813/2804/2206 2848/2842/21
f 2814/2800/2202 2848/2842/21 2850/2837/1470
f 2805/2789/2191 2806/2788/2190 2836/2843/1466
f 2805/2789/2191 2836/2843/1466 2834/2839/1465
f 2798/2806/2208 2799/2810/2212 2821/2844/1467
f 2798/2806/2208 2821/2844/1467 2819/2841/1374
f 2806/2788/2190 2807/2796/2198 2838/2845/1380
f 2806/2788/2190 2838/2845/1380 2836/2843/1466
f 2799/2810/2212 2800/2626/2045 2823/2846/1468
f 2799/2810/2212 2823/2846/1468 2821/2844/1467
f 2807/2796/2198 2808/2808/2210 2840/2847/1472
f 2807/2796/2198 2840/2847/1472 2838/2845/1380
f 2800/2626/2045 2801/2625/2044 2826/2848/1367
f 2800/2626/2045 2826/2848/1367 2823/2846/1468
f 2808/2808/2210 2809/2812/2214 2842/2849/1479
f 2808/2808/2210 2842/2849/1479 2840/2847/1472
f 2801/2625/2044 2802/2798/2200 2828/2850/1474
f 2801/2625/2044 2828/2850/1474 2826/2848/1367
f 2809/2812/2214 2810/2785/2187 2843/2851/1376
f 2809/2812/2214 2843/2851/1376 2842/2849/1479
f 2802/2798/2200 2803/2802/2204 2830/2852/1481
f 2802/2798/2200 2830/2852/1481 2828/2850/1474
f 2812/2853/2206 2796/2793/2195 2815/2836/1477
f 2812/2853/2206 2815/2836/1477 2847/2854/21
f 2810/2785/2187 2811/2784/2186 2845/2838/1462
f 2810/2785/2187 2845/2838/1462 2843/2851/1376
f 2803/2802/2204 2804/2814/2216 2832/2840/300
f 2803/2802/2204 2832/2840/300 2830/2852/1481
f 2793/2794/2196 2796/2793/2195 2812/2853/2206
f 2793/2794/2196 2812/2853/2206 2795/2816/2205
f 2687/2628/2047 2632/2631/2050 2633/2676/2079
f 2687/2628/2047 2633/2676/2079 2688/2678/2080
f 1775/1829/1440 2853/1851/647 1774/1827/1438
f 1768/1815/1426 2853/1851/647 1767/1813/1424
f 1776/1831/1442 2853/1851/647 1775/1829/1440
f 1769/1817/1428 2853/1851/647 1768/1815/1426
f 1762/1838/1449 2853/1851/647 1761/1837/1448
f 1777/1833/1444 2853/1851/647 1776/1831/1442
f 1770/1819/1430 2853/1851/647 1769/1817/1428
f 1763/1807/1418 2853/1851/647 1762/1838/1449
f 1778/1834/1445 2853/1851/647 1777/1833/1444
f 1771/1821/1432 2853/1851/647 1770/1819/1430
f 1764/1806/1417 2853/1851/647 1763/1807/1418
f 1761/1837/1448 2853/1851/647 1778/1834/1445
f 1772/1823/1434 2853/1851/647 1771/1821/1432
f 1765/1809/1420 2853/1851/647 1764/1806/1417
f 1773/1825/1436 2853/1851/647 1772/1823/1434
f 1766/1811/1422 2853/1851/647 1765/1809/1420
f 1774/1827/1438 2853/1851/647 1773/1825/1436
f 2876/2855/2220 2908/2856/2221 2904/2857/2222
f 2876/2855/2220 2904/2857/2222 2870/2858/2223
f 2882/2859/2224 2914/2860/2225 2918/2861/2226
f 2882/2859/2224 2918/2861/2226 2886/2862/2227
f 2860/2863/2228 2892/2864/2229 2898/2865/2230
f 2860/2863/2228 2898/2865/2230 2864/2866/2231
f 2884/2867/2232 2916/2868/2233 2912/2869/2234
f 2884/2867/2232 2912/2869/2234 2880/2870/2235
f 2862/2871/2236 2896/2872/2237 2890/2873/2238
f 2862/2871/2236 2890/2873/2238 2858/2874/2239
f 2922/2875/2240 2927/2876/2241 2906/2877/2242
f 2922/2875/2240 2906/2877/2242 2873/2878/2243
f 2887/2879/2244 2885/2880/2245 2881/2881/2246
f 2887/2879/2244 2881/2881/2246 2883/2882/2247
f 2920/2883/2248 2924/2884/2249 2900/2885/2250
f 2920/2883/2248 2900/2885/2250 2866/2886/2251
f 2878/2887/2252 2910/2888/2253 2914/2860/2225
f 2878/2887/2252 2914/2860/2225 2882/2859/2224
f 2857/2889/2254 2855/2890/2255 2885/2880/2245
f 2857/2889/2254 2885/2880/2245 2887/2879/2244
f 2889/2891/2256 2891/2892/2238 2893/2893/2229
f 2889/2891/2256 2893/2893/2229 2895/2894/2257
f 2899/2895/2258 2953/2896/2259 2951/2897/2260
f 2899/2895/2258 2951/2897/2260 2897/2898/2261
f 2897/2898/2261 2901/2899/2262 2903/2900/2263
f 2897/2898/2261 2903/2900/2263 2899/2895/2258
f 2925/2901/2264 2905/2902/2265 2907/2903/2242
f 2925/2901/2264 2907/2903/2242 2928/2904/2266
f 2905/2902/2265 2909/2905/2267 2911/2906/2268
f 2905/2902/2265 2911/2906/2268 2907/2903/2242
f 2909/2905/2267 2913/2907/2269 2915/2908/2270
f 2909/2905/2267 2915/2908/2270 2911/2906/2268
f 2913/2907/2269 2917/2909/2271 2919/2910/2272
f 2913/2907/2269 2919/2910/2272 2915/2908/2270
f 2917/2909/2271 2889/2891/2256 2895/2894/2257
f 2917/2909/2271 2895/2894/2257 2919/2910/2272
f 2873/2878/2243 2906/2877/2242 2910/2888/2253
f 2873/2878/2243 2910/2888/2253 2878/2887/2252
f 2866/2886/2251 2900/2885/2250 2896/2872/2237
f 2866/2886/2251 2896/2872/2237 2862/2871/2236
f 2854/2911/2273 2888/2912/2274 2916/2868/2233
f 2854/2911/2273 2916/2868/2233 2884/2867/2232
f 2858/2874/2239 2890/2873/2238 2888/2912/2274
f 2858/2874/2239 2888/2912/2274 2854/2911/2273
f 2864/2866/2231 2898/2865/2230 2902/2913/2275
f 2864/2866/2231 2902/2913/2275 2868/2914/2276
f 2886/2862/2227 2918/2861/2226 2894/2915/2277
f 2886/2862/2227 2894/2915/2277 2856/2916/2278
f 2856/2916/2278 2894/2915/2277 2892/2864/2229
f 2856/2916/2278 2892/2864/2229 2860/2863/2228
f 2880/2870/2235 2912/2869/2234 2908/2856/2221
f 2880/2870/2235 2908/2856/2221 2876/2855/2220
f 2870/2858/2223 2904/2857/2222 2924/2884/2249
f 2870/2858/2223 2924/2884/2249 2920/2883/2248
f 2868/2914/2276 2902/2913/2275 2927/2876/2241
f 2868/2914/2276 2927/2876/2241 2922/2875/2240
f 2902/2913/2275 2930/2917/2279 2940/2918/2280
f 2902/2913/2275 2940/2918/2280 2927/2876/2241
f 2929/2919/2281 2941/2920/2282 2943/2921/2283
f 2929/2919/2281 2943/2921/2283 2926/2922/2284
f 2924/2884/2249 2942/2923/2285 2936/2924/2286
f 2924/2884/2249 2936/2924/2286 2900/2885/2250
f 2934/2925/2287 2944/2926/2288 2938/2927/2289
f 2934/2925/2287 2938/2927/2289 2932/2928/2290
f 2938/2927/2289 2940/2918/2280 2930/2917/2279
f 2938/2927/2289 2930/2917/2279 2932/2928/2290
f 2934/2925/2287 2936/2924/2286 2942/2923/2285
f 2934/2925/2287 2942/2923/2285 2944/2926/2288
f 2901/2899/2262 2937/2929/2291 2931/2930/2292
f 2901/2899/2262 2931/2930/2292 2903/2900/2263
f 2883/2882/2247 2881/2881/2246 2877/2931/2220
f 2883/2882/2247 2877/2931/2220 2879/2932/2293
f 2879/2932/2293 2877/2931/2220 2872/2933/2294
f 2879/2932/2293 2872/2933/2294 2875/2934/2295
f 2874/2935/2243 2871/2936/2223 2921/2937/2296
f 2874/2935/2243 2921/2937/2296 2923/2938/2297
f 2923/2938/2297 2921/2937/2296 2867/2939/2298
f 2923/2938/2297 2867/2939/2298 2869/2940/2276
f 2869/2940/2276 2867/2939/2298 2863/2941/2299
f 2869/2940/2276 2863/2941/2299 2865/2942/2300
f 2865/2942/2300 2863/2941/2299 2859/2943/2301
f 2865/2942/2300 2859/2943/2301 2861/2944/2302
f 2861/2944/2302 2859/2943/2301 2855/2890/2255
f 2861/2944/2302 2855/2890/2255 2857/2889/2254
f 2949/2945/2303 2951/2897/2260 2953/2896/2259
f 2949/2945/2303 2953/2896/2259 2947/2946/2304
f 2896/2872/2237 2950/2947/2305 2948/2948/2306
f 2896/2872/2237 2948/2948/2306 2890/2873/2238
f 2892/2864/2229 2946/2949/2307 2952/2950/2308
f 2892/2864/2229 2952/2950/2308 2898/2865/2230
f 2891/2892/2238 2949/2945/2303 2947/2946/2304
f 2891/2892/2238 2947/2946/2304 2893/2893/2229
f 2954/2951/2309 2955/2952/2309 2957/2953/2310
f 2954/2951/2309 2957/2953/2310 2956/2954/2310
f 2956/2954/2310 2957/2953/2310 2959/2955/2311
f 2956/2954/2310 2959/2955/2311 2958/2956/2311
f 2958/2956/2311 2959/2955/2311 2961/2957/2312
f 2958/2956/2311 2961/2957/2312 2960/2958/2312
f 2960/2958/2312 2961/2957/2312 2963/2959/2313
f 2960/2958/2312 2963/2959/2313 2962/2960/2313
f 2962/2960/2313 2963/2959/2313 2965/2961/2314
f 2962/2960/2313 2965/2961/2314 2964/2962/2314
f 2964/2962/2314 2965/2961/2314 2967/2963/2315
f 2964/2962/2314 2967/2963/2315 2966/2964/2315
f 2966/2964/2315 2967/2963/2315 2970/2965/2316
f 2966/2964/2315 2970/2965/2316 2968/2966/2317
f 2969/2967/2317 2971/2968/2318 2955/2952/2309
f 2969/2967/2317 2955/2952/2309 2954/2951/2309
f 2996/2969/2319 2973/2970/2320 2998/2971/2321
f 2996/2969/2319 2998/2971/2321 3021/2972/2322
f 2979/2973/2323 2981/2974/2324 3006/2975/2325
f 2979/2973/2323 3006/2975/2325 3004/2976/2326
f 2977/2977/2327 2979/2973/2323 3004/2976/2326
f 2977/2977/2327 3004/2976/2326 3002/2978/2328
f 2994/2979/2329 2996/2969/2319 3021/2972/2322
f 2994/2979/2329 3021/2972/2322 3019/2980/2330
f 2991/2981/2331 2993/2982/2329 3018/2983/2330
f 2991/2981/2331 3018/2983/2330 3016/2984/2332
f 2989/2985/2333 2991/2981/2331 3016/2984/2332
f 2989/2985/2333 3016/2984/2332 3014/2986/2334
f 2987/2987/2335 2989/2985/2333 3014/2986/2334
f 2987/2987/2335 3014/2986/2334 3012/2988/2336
f 2985/2989/2337 2987/2987/2335 3012/2988/2336
f 2985/2989/2337 3012/2988/2336 3010/2990/2338
f 2983/2991/2339 2985/2989/2337 3010/2990/2338
f 2983/2991/2339 3010/2990/2338 3008/2992/2340
f 2981/2974/2324 2983/2991/2339 3008/2992/2340
f 2981/2974/2324 3008/2992/2340 3006/2975/2325
f 2975/2993/2341 2977/2977/2327 3002/2978/2328
f 2975/2993/2341 3002/2978/2328 3000/2994/2342
f 2973/2970/2320 2975/2993/2341 3000/2994/2342
f 2973/2970/2320 3000/2994/2342 2998/2971/2321
f 2978/2995/2343 3352/2996/2344 2980/2997/2324
f 2984/2998/2345 3352/2996/2344 2986/2999/2346
f 3045/3000/2347 3022/3001/2348 3047/3002/2349
f 3045/3000/2347 3047/3002/2349 3070/3003/2322
f 3028/3004/2323 3030/3005/2324 3056/3006/2350
f 3028/3004/2323 3056/3006/2350 3054/3007/2351
f 3027/3008/2352 3028/3004/2323 3054/3007/2351
f 3027/3008/2352 3054/3007/2351 3051/3009/2353
f 3043/3010/2354 3045/3000/2347 3070/3003/2322
f 3043/3010/2354 3070/3003/2322 3069/3011/2330
f 3040/3012/2355 3042/3013/2354 3068/3014/2330
f 3040/3012/2355 3068/3014/2330 3066/3015/2356
f 3038/3016/2357 3040/3012/2355 3066/3015/2356
f 3038/3016/2357 3066/3015/2356 3064/3017/2358
f 3036/3018/2359 3038/3016/2357 3064/3017/2358
f 3036/3018/2359 3064/3017/2358 3062/3019/2360
f 3034/3020/2361 3036/3018/2359 3062/3019/2360
f 3034/3020/2361 3062/3019/2360 3060/3021/2338
f 3032/3022/2362 3034/3020/2361 3060/3021/2338
f 3032/3022/2362 3060/3021/2338 3058/3023/2340
f 3030/3005/2324 3032/3022/2362 3058/3023/2340
f 3030/3005/2324 3058/3023/2340 3056/3006/2350
f 3025/3024/2341 3027/3008/2352 3051/3009/2353
f 3025/3024/2341 3051/3009/2353 3049/3025/2363
f 3022/3001/2348 3025/3024/2341 3049/3025/2363
f 3022/3001/2348 3049/3025/2363 3047/3002/2349
f 3067/3026/2364 3354/3027/2365 3065/3028/2366
f 3053/3029/2351 3354/3027/2365 3052/3030/2353
f 3236/3031/2367 3075/3032/2368 3077/3033/2369
f 3236/3031/2367 3077/3033/2369 3237/3034/2370
f 3157/3035/2371 3184/3036/2372 3188/3037/2373
f 3157/3035/2371 3188/3037/2373 3160/3038/2374
f 3160/3038/2374 3188/3037/2373 3192/3039/2375
f 3160/3038/2374 3192/3039/2375 3163/3040/2376
f 3163/3040/2376 3192/3039/2375 3197/3041/2377
f 3163/3040/2376 3197/3041/2377 3168/3042/2378
f 3167/3043/2378 3196/3044/2377 3204/3045/2379
f 3167/3043/2378 3204/3045/2379 3172/3046/2380
f 3172/3046/2380 3204/3045/2379 3208/3047/2381
f 3172/3046/2380 3208/3047/2381 3175/3048/2382
f 3175/3048/2382 3208/3047/2381 3212/3049/2383
f 3175/3048/2382 3212/3049/2383 3178/3050/2384
f 3153/3051/2385 3181/3052/2386 3184/3036/2372
f 3153/3051/2385 3184/3036/2372 3157/3035/2371
f 3151/3053/2387 3122/3054/2388 3091/3055/2389
f 3151/3053/2387 3091/3055/2389 3126/3056/2390
f 3123/3057/2391 3177/3058/2392 3154/3059/2393
f 3123/3057/2391 3154/3059/2393 3090/3060/2394
f 3238/3061/2395 3079/3062/2396 3083/3063/2397
f 3238/3061/2395 3083/3063/2397 3240/3064/2398
f 3090/3060/2394 3154/3059/2393 3156/3065/2399
f 3090/3060/2394 3156/3065/2399 3095/3066/2400
f 3148/3067/2401 3118/3068/2402 3122/3054/2388
f 3148/3067/2401 3122/3054/2388 3151/3053/2387
f 3119/3069/2403 3174/3070/2404 3177/3058/2392
f 3119/3069/2403 3177/3058/2392 3123/3057/2391
f 3145/3071/2405 3114/3072/2406 3118/3068/2402
f 3145/3071/2405 3118/3068/2402 3148/3067/2401
f 3233/3073/2407 3147/3074/2408 3150/3075/2409
f 3233/3073/2407 3150/3075/2409 3226/3076/2410
f 3115/3077/2411 3171/3078/2412 3174/3070/2404
f 3115/3077/2411 3174/3070/2404 3119/3069/2403
f 3140/3079/2413 3106/3080/2414 3114/3072/2406
f 3140/3079/2413 3114/3072/2406 3145/3071/2405
f 3232/3081/2415 3144/3082/2416 3147/3074/2408
f 3232/3081/2415 3147/3074/2408 3233/3073/2407
f 3108/3083/2417 3165/3084/2418 3171/3078/2412
f 3108/3083/2417 3171/3078/2412 3115/3077/2411
f 3136/3085/2419 3102/3086/2420 3107/3087/2414
f 3136/3085/2419 3107/3087/2414 3141/3088/2413
f 3242/3089/2421 3087/3090/2422 3089/3091/2423
f 3242/3089/2421 3089/3091/2423 3234/3092/2424
f 3230/3093/2425 3138/3094/2426 3144/3082/2416
f 3230/3093/2425 3144/3082/2416 3232/3081/2415
f 3103/3095/2427 3162/3096/2428 3166/3097/2418
f 3103/3095/2427 3166/3097/2418 3109/3098/2429
f 3133/3099/2430 3098/3100/2431 3102/3086/2420
f 3133/3099/2430 3102/3086/2420 3136/3085/2419
f 3241/3101/2432 3085/3102/2433 3087/3090/2422
f 3241/3101/2432 3087/3090/2422 3242/3089/2421
f 3229/3103/2434 3135/3104/2435 3139/3105/2426
f 3229/3103/2434 3139/3105/2426 3231/3106/2425
f 3099/3107/2436 3159/3108/2437 3162/3096/2428
f 3099/3107/2436 3162/3096/2428 3103/3095/2427
f 3130/3109/2438 3094/3110/2439 3098/3100/2431
f 3130/3109/2438 3098/3100/2431 3133/3099/2430
f 3239/3111/2398 3082/3112/2397 3085/3102/2433
f 3239/3111/2398 3085/3102/2433 3241/3101/2432
f 3228/3113/2440 3132/3114/2441 3135/3104/2435
f 3228/3113/2440 3135/3104/2435 3229/3103/2434
f 3095/3066/2400 3156/3065/2399 3159/3108/2437
f 3095/3066/2400 3159/3108/2437 3099/3107/2436
f 3126/3056/2390 3091/3055/2389 3094/3110/2439
f 3126/3056/2390 3094/3110/2439 3130/3109/2438
f 3227/3115/2442 3129/3116/2443 3132/3114/2441
f 3227/3115/2442 3132/3114/2441 3228/3113/2440
f 3237/3034/2370 3077/3033/2369 3079/3062/2396
f 3237/3034/2370 3079/3062/2396 3238/3061/2395
f 3235/3117/2444 3073/3118/2445 3075/3032/2368
f 3235/3117/2444 3075/3032/2368 3236/3031/2367
f 3123/3057/2391 3090/3060/2394 3092/3119/2446
f 3123/3057/2391 3092/3119/2446 3125/3120/2447
f 3125/3120/2447 3092/3119/2446 3093/3121/2448
f 3125/3120/2447 3093/3121/2448 3124/3122/2449
f 3124/3122/2449 3093/3121/2448 3091/3055/2389
f 3124/3122/2449 3091/3055/2389 3122/3054/2388
f 3119/3069/2403 3123/3057/2391 3125/3120/2447
f 3119/3069/2403 3125/3120/2447 3121/3123/2450
f 3121/3123/2450 3125/3120/2447 3124/3122/2449
f 3121/3123/2450 3124/3122/2449 3120/3124/2451
f 3120/3124/2451 3124/3122/2449 3122/3054/2388
f 3120/3124/2451 3122/3054/2388 3118/3068/2402
f 3115/3077/2411 3119/3069/2403 3121/3123/2450
f 3115/3077/2411 3121/3123/2450 3117/3125/2452
f 3117/3125/2452 3121/3123/2450 3120/3124/2451
f 3117/3125/2452 3120/3124/2451 3116/3126/2453
f 3116/3126/2453 3120/3124/2451 3118/3068/2402
f 3116/3126/2453 3118/3068/2402 3114/3072/2406
f 3108/3083/2417 3115/3077/2411 3117/3125/2452
f 3108/3083/2417 3117/3125/2452 3112/3127/2454
f 3112/3127/2454 3117/3125/2452 3116/3126/2453
f 3112/3127/2454 3116/3126/2453 3110/3128/2455
f 3110/3128/2455 3116/3126/2453 3114/3072/2406
f 3110/3128/2455 3114/3072/2406 3106/3080/2414
f 3103/3095/2427 3109/3098/2429 3113/3129/2454
f 3103/3095/2427 3113/3129/2454 3105/3130/2456
f 3105/3130/2456 3113/3129/2454 3111/3131/2457
f 3105/3130/2456 3111/3131/2457 3104/3132/2458
f 3104/3132/2458 3111/3131/2457 3107/3087/2414
f 3104/3132/2458 3107/3087/2414 3102/3086/2420
f 3099/3107/2436 3103/3095/2427 3105/3130/2456
f 3099/3107/2436 3105/3130/2456 3101/3133/2459
f 3101/3133/2459 3105/3130/2456 3104/3132/2458
f 3101/3133/2459 3104/3132/2458 3100/3134/2460
f 3100/3134/2460 3104/3132/2458 3102/3086/2420
f 3100/3134/2460 3102/3086/2420 3098/3100/2431
f 3095/3066/2400 3099/3107/2436 3101/3133/2459
f 3095/3066/2400 3101/3133/2459 3097/3135/2461
f 3097/3135/2461 3101/3133/2459 3100/3134/2460
f 3097/3135/2461 3100/3134/2460 3096/3136/2462
f 3096/3136/2462 3100/3134/2460 3098/3100/2431
f 3096/3136/2462 3098/3100/2431 3094/3110/2439
f 3090/3060/2394 3095/3066/2400 3097/3135/2461
f 3090/3060/2394 3097/3135/2461 3092/3119/2446
f 3092/3119/2446 3097/3135/2461 3096/3136/2462
f 3092/3119/2446 3096/3136/2462 3093/3121/2448
f 3093/3121/2448 3096/3136/2462 3094/3110/2439
f 3093/3121/2448 3094/3110/2439 3091/3055/2389
f 3226/3076/2410 3150/3075/2409 3127/3137/2463
f 3226/3076/2410 3127/3137/2463 3225/3138/2464
f 3151/3053/2387 3126/3056/2390 3128/3139/2465
f 3151/3053/2387 3128/3139/2465 3152/3140/2466
f 3152/3140/2466 3128/3139/2465 3127/3137/2463
f 3152/3140/2466 3127/3137/2463 3150/3075/2409
f 3148/3067/2401 3151/3053/2387 3152/3140/2466
f 3148/3067/2401 3152/3140/2466 3149/3141/2467
f 3149/3141/2467 3152/3140/2466 3150/3075/2409
f 3149/3141/2467 3150/3075/2409 3147/3074/2408
f 3145/3071/2405 3148/3067/2401 3149/3141/2467
f 3145/3071/2405 3149/3141/2467 3146/3142/2468
f 3146/3142/2468 3149/3141/2467 3147/3074/2408
f 3146/3142/2468 3147/3074/2408 3144/3082/2416
f 3140/3079/2413 3145/3071/2405 3146/3142/2468
f 3140/3079/2413 3146/3142/2468 3142/3143/2469
f 3142/3143/2469 3146/3142/2468 3144/3082/2416
f 3142/3143/2469 3144/3082/2416 3138/3094/2426
f 3136/3085/2419 3141/3088/2413 3143/3144/2469
f 3136/3085/2419 3143/3144/2469 3137/3145/2470
f 3137/3145/2470 3143/3144/2469 3139/3105/2426
f 3137/3145/2470 3139/3105/2426 3135/3104/2435
f 3133/3099/2430 3136/3085/2419 3137/3145/2470
f 3133/3099/2430 3137/3145/2470 3134/3146/2471
f 3134/3146/2471 3137/3145/2470 3135/3104/2435
f 3134/3146/2471 3135/3104/2435 3132/3114/2441
f 3130/3109/2438 3133/3099/2430 3134/3146/2471
f 3130/3109/2438 3134/3146/2471 3131/3147/2472
f 3131/3147/2472 3134/3146/2471 3132/3114/2441
f 3131/3147/2472 3132/3114/2441 3129/3116/2443
f 3126/3056/2390 3130/3109/2438 3131/3147/2472
f 3126/3056/2390 3131/3147/2472 3128/3139/2465
f 3128/3139/2465 3131/3147/2472 3129/3116/2443
f 3128/3139/2465 3129/3116/2443 3127/3137/2463
f 3225/3138/2464 3127/3137/2463 3129/3116/2443
f 3225/3138/2464 3129/3116/2443 3227/3115/2442
f 3178/3050/2384 3153/3051/2385 3155/3148/2473
f 3178/3050/2384 3155/3148/2473 3179/3149/2474
f 3179/3149/2474 3155/3148/2473 3154/3059/2393
f 3179/3149/2474 3154/3059/2393 3177/3058/2392
f 3175/3048/2382 3178/3050/2384 3179/3149/2474
f 3175/3048/2382 3179/3149/2474 3176/3150/2475
f 3176/3150/2475 3179/3149/2474 3177/3058/2392
f 3176/3150/2475 3177/3058/2392 3174/3070/2404
f 3172/3046/2380 3175/3048/2382 3176/3150/2475
f 3172/3046/2380 3176/3150/2475 3173/3151/2476
f 3173/3151/2476 3176/3150/2475 3174/3070/2404
f 3173/3151/2476 3174/3070/2404 3171/3078/2412
f 3167/3043/2378 3172/3046/2380 3173/3151/2476
f 3167/3043/2378 3173/3151/2476 3169/3152/2477
f 3169/3152/2477 3173/3151/2476 3171/3078/2412
f 3169/3152/2477 3171/3078/2412 3165/3084/2418
f 3163/3040/2376 3168/3042/2378 3170/3153/2478
f 3163/3040/2376 3170/3153/2478 3164/3154/2479
f 3164/3154/2479 3170/3153/2478 3166/3097/2418
f 3164/3154/2479 3166/3097/2418 3162/3096/2428
f 3160/3038/2374 3163/3040/2376 3164/3154/2479
f 3160/3038/2374 3164/3154/2479 3161/3155/2480
f 3161/3155/2480 3164/3154/2479 3162/3096/2428
f 3161/3155/2480 3162/3096/2428 3159/3108/2437
f 3157/3035/2371 3160/3038/2374 3161/3155/2480
f 3157/3035/2371 3161/3155/2480 3158/3156/2481
f 3158/3156/2481 3161/3155/2480 3159/3108/2437
f 3158/3156/2481 3159/3108/2437 3156/3065/2399
f 3153/3051/2385 3157/3035/2371 3158/3156/2481
f 3153/3051/2385 3158/3156/2481 3155/3148/2473
f 3155/3148/2473 3158/3156/2481 3156/3065/2399
f 3155/3148/2473 3156/3065/2399 3154/3059/2393
f 3178/3050/2384 3212/3049/2383 3181/3052/2386
f 3178/3050/2384 3181/3052/2386 3153/3051/2385
f 3213/3157/2482 3180/3158/2483 3182/3159/2484
f 3213/3157/2482 3182/3159/2484 3215/3160/2485
f 3215/3160/2485 3182/3159/2484 3183/3161/2486
f 3215/3160/2485 3183/3161/2486 3214/3162/2487
f 3214/3162/2487 3183/3161/2486 3181/3052/2386
f 3214/3162/2487 3181/3052/2386 3212/3049/2383
f 3209/3163/2488 3213/3157/2482 3215/3160/2485
f 3209/3163/2488 3215/3160/2485 3211/3164/2489
f 3211/3164/2489 3215/3160/2485 3214/3162/2487
f 3211/3164/2489 3214/3162/2487 3210/3165/2490
f 3210/3165/2490 3214/3162/2487 3212/3049/2383
f 3210/3165/2490 3212/3049/2383 3208/3047/2381
f 3205/3166/2491 3209/3163/2488 3211/3164/2489
f 3205/3166/2491 3211/3164/2489 3207/3167/2492
f 3207/3167/2492 3211/3164/2489 3210/3165/2490
f 3207/3167/2492 3210/3165/2490 3206/3168/2493
f 3206/3168/2493 3210/3165/2490 3208/3047/2381
f 3206/3168/2493 3208/3047/2381 3204/3045/2379
f 3198/3169/2494 3205/3166/2491 3207/3167/2492
f 3198/3169/2494 3207/3167/2492 3202/3170/2495
f 3202/3170/2495 3207/3167/2492 3206/3168/2493
f 3202/3170/2495 3206/3168/2493 3200/3171/2496
f 3200/3171/2496 3206/3168/2493 3204/3045/2379
f 3200/3171/2496 3204/3045/2379 3196/3044/2377
f 3193/3172/2497 3199/3173/2494 3203/3174/2495
f 3193/3172/2497 3203/3174/2495 3195/3175/2498
f 3195/3175/2498 3203/3174/2495 3201/3176/2496
f 3195/3175/2498 3201/3176/2496 3194/3177/2499
f 3194/3177/2499 3201/3176/2496 3197/3041/2377
f 3194/3177/2499 3197/3041/2377 3192/3039/2375
f 3189/3178/2500 3193/3172/2497 3195/3175/2498
f 3189/3178/2500 3195/3175/2498 3191/3179/2501
f 3191/3179/2501 3195/3175/2498 3194/3177/2499
f 3191/3179/2501 3194/3177/2499 3190/3180/2502
f 3190/3180/2502 3194/3177/2499 3192/3039/2375
f 3190/3180/2502 3192/3039/2375 3188/3037/2373
f 3185/3181/2503 3189/3178/2500 3191/3179/2501
f 3185/3181/2503 3191/3179/2501 3187/3182/2504
f 3187/3182/2504 3191/3179/2501 3190/3180/2502
f 3187/3182/2504 3190/3180/2502 3186/3183/2505
f 3186/3183/2505 3190/3180/2502 3188/3037/2373
f 3186/3183/2505 3188/3037/2373 3184/3036/2372
f 3180/3158/2483 3185/3181/2503 3187/3182/2504
f 3180/3158/2483 3187/3182/2504 3182/3159/2484
f 3182/3159/2484 3187/3182/2504 3186/3183/2505
f 3182/3159/2484 3186/3183/2505 3183/3161/2486
f 3183/3161/2486 3186/3183/2505 3184/3036/2372
f 3183/3161/2486 3184/3036/2372 3181/3052/2386
f 3234/3092/2424 3089/3091/2423 3073/3118/2445
f 3234/3092/2424 3073/3118/2445 3235/3117/2444
f 3072/3184/2506 3216/3185/2507 3217/3186/2508
f 3072/3184/2506 3217/3186/2508 3074/3187/2509
f 3088/3188/2510 3218/3189/2511 3216/3185/2507
f 3088/3188/2510 3216/3185/2507 3072/3184/2506
f 3074/3187/2509 3217/3186/2508 3219/3190/2512
f 3074/3187/2509 3219/3190/2512 3076/3191/2513
f 3076/3191/2513 3219/3190/2512 3220/3192/2514
f 3076/3191/2513 3220/3192/2514 3078/3193/2515
f 3078/3193/2515 3220/3192/2514 3222/3194/2516
f 3078/3193/2515 3222/3194/2516 3081/3195/2517
f 3080/3196/2517 3221/3197/2518 3223/3198/2519
f 3080/3196/2517 3223/3198/2519 3084/3199/2520
f 3084/3199/2520 3223/3198/2519 3224/3200/2521
f 3084/3199/2520 3224/3200/2521 3086/3201/2522
f 3086/3201/2522 3224/3200/2521 3218/3189/2511
f 3086/3201/2522 3218/3189/2511 3088/3188/2510
f 3216/3185/2507 3225/3138/2464 3227/3115/2442
f 3216/3185/2507 3227/3115/2442 3217/3186/2508
f 3218/3189/2511 3226/3076/2410 3225/3138/2464
f 3218/3189/2511 3225/3138/2464 3216/3185/2507
f 3217/3186/2508 3227/3115/2442 3228/3113/2440
f 3217/3186/2508 3228/3113/2440 3219/3190/2512
f 3219/3190/2512 3228/3113/2440 3229/3103/2434
f 3219/3190/2512 3229/3103/2434 3220/3192/2514
f 3220/3192/2514 3229/3103/2434 3231/3106/2425
f 3220/3192/2514 3231/3106/2425 3222/3194/2516
f 3221/3197/2518 3230/3093/2425 3232/3081/2415
f 3221/3197/2518 3232/3081/2415 3223/3198/2519
f 3223/3198/2519 3232/3081/2415 3233/3073/2407
f 3223/3198/2519 3233/3073/2407 3224/3200/2521
f 3224/3200/2521 3233/3073/2407 3226/3076/2410
f 3224/3200/2521 3226/3076/2410 3218/3189/2511
f 3251/3202/2523 3234/3092/2424 3235/3117/2444
f 3251/3202/2523 3235/3117/2444 3243/3203/2524
f 3243/3203/2524 3235/3117/2444 3236/3031/2367
f 3243/3203/2524 3236/3031/2367 3244/3204/2525
f 3245/3205/2526 3237/3034/2370 3238/3061/2395
f 3245/3205/2526 3238/3061/2395 3246/3206/2527
f 3247/3207/2528 3239/3111/2398 3241/3101/2432
f 3247/3207/2528 3241/3101/2432 3249/3208/2529
f 3249/3208/2529 3241/3101/2432 3242/3089/2421
f 3249/3208/2529 3242/3089/2421 3250/3209/2530
f 3250/3209/2530 3242/3089/2421 3234/3092/2424
f 3250/3209/2530 3234/3092/2424 3251/3202/2523
f 3246/3206/2527 3238/3061/2395 3240/3064/2398
f 3246/3206/2527 3240/3064/2398 3248/3210/2531
f 3244/3204/2525 3236/3031/2367 3237/3034/2370
f 3244/3204/2525 3237/3034/2370 3245/3205/2526
f 3185/3181/2503 3244/3204/2525 3245/3205/2526
f 3185/3181/2503 3245/3205/2526 3189/3178/2500
f 3193/3172/2497 3246/3206/2527 3248/3210/2531
f 3193/3172/2497 3248/3210/2531 3199/3173/2494
f 3209/3163/2488 3250/3209/2530 3251/3202/2523
f 3209/3163/2488 3251/3202/2523 3213/3157/2482
f 3205/3166/2491 3249/3208/2529 3250/3209/2530
f 3205/3166/2491 3250/3209/2530 3209/3163/2488
f 3198/3169/2494 3247/3207/2528 3249/3208/2529
f 3198/3169/2494 3249/3208/2529 3205/3166/2491
f 3189/3178/2500 3245/3205/2526 3246/3206/2527
f 3189/3178/2500 3246/3206/2527 3193/3172/2497
f 3180/3158/2483 3243/3203/2524 3244/3204/2525
f 3180/3158/2483 3244/3204/2525 3185/3181/2503
f 3213/3157/2482 3251/3202/2523 3243/3203/2524
f 3213/3157/2482 3243/3203/2524 3180/3158/2483
f 3274/3211/2532 3306/3212/2533 3302/3213/2534
f 3274/3211/2532 3302/3213/2534 3268/3214/2535
f 3280/3215/2536 3312/3216/2537 3316/3217/2538
f 3280/3215/2536 3316/3217/2538 3284/3218/2539
f 3258/3219/2540 3290/3220/2541 3296/3221/2542
f 3258/3219/2540 3296/3221/2542 3262/3222/2543
f 3282/3223/2544 3314/3224/2545 3310/3225/2546
f 3282/3223/2544 3310/3225/2546 3278/3226/2547
f 3260/3227/2548 3294/3228/2549 3288/3229/2550
f 3260/3227/2548 3288/3229/2550 3256/3230/2551
f 3320/3231/2552 3325/3232/2553 3304/3233/2554
f 3320/3231/2552 3304/3233/2554 3271/3234/2555
f 3285/3235/2556 3283/3236/2557 3279/3237/2558
f 3285/3235/2556 3279/3237/2558 3281/3238/2559
f 3318/3239/2560 3322/3240/2561 3298/3241/2562
f 3318/3239/2560 3298/3241/2562 3264/3242/2563
f 3276/3243/2564 3308/3244/2565 3312/3216/2537
f 3276/3243/2564 3312/3216/2537 3280/3215/2536
f 3255/3245/2566 3253/3246/2567 3283/3236/2557
f 3255/3245/2566 3283/3236/2557 3285/3235/2556
f 3287/3247/2568 3289/3248/2569 3291/3249/2570
f 3287/3247/2568 3291/3249/2570 3293/3250/2571
f 3297/3251/2572 3351/3252/2573 3349/3253/2574
f 3297/3251/2572 3349/3253/2574 3295/3254/2575
f 3295/3254/2575 3299/3255/2576 3301/3256/2577
f 3295/3254/2575 3301/3256/2577 3297/3251/2572
f 3323/3257/2561 3303/3258/2578 3305/3259/2579
f 3323/3257/2561 3305/3259/2579 3326/3260/2553
f 3303/3258/2578 3307/3261/2580 3309/3262/2581
f 3303/3258/2578 3309/3262/2581 3305/3259/2579
f 3307/3261/2580 3311/3263/2582 3313/3264/2583
f 3307/3261/2580 3313/3264/2583 3309/3262/2581
f 3311/3263/2582 3315/3265/2584 3317/3266/2585
f 3311/3263/2582 3317/3266/2585 3313/3264/2583
f 3315/3265/2584 3287/3247/2568 3293/3250/2571
f 3315/3265/2584 3293/3250/2571 3317/3266/2585
f 3271/3234/2555 3304/3233/2554 3308/3244/2565
f 3271/3234/2555 3308/3244/2565 3276/3243/2564
f 3264/3242/2563 3298/3241/2562 3294/3228/2549
f 3264/3242/2563 3294/3228/2549 3260/3227/2548
f 3252/3267/2567 3286/3268/2586 3314/3224/2545
f 3252/3267/2567 3314/3224/2545 3282/3223/2544
f 3256/3230/2551 3288/3229/2550 3286/3268/2586
f 3256/3230/2551 3286/3268/2586 3252/3267/2567
f 3262/3222/2543 3296/3221/2542 3300/3269/2577
f 3262/3222/2543 3300/3269/2577 3266/3270/2587
f 3284/3218/2539 3316/3217/2538 3292/3271/2588
f 3284/3218/2539 3292/3271/2588 3254/3272/2566
f 3254/3272/2566 3292/3271/2588 3290/3220/2541
f 3254/3272/2566 3290/3220/2541 3258/3219/2540
f 3278/3226/2547 3310/3225/2546 3306/3212/2533
f 3278/3226/2547 3306/3212/2533 3274/3211/2532
f 3268/3214/2535 3302/3213/2534 3322/3240/2561
f 3268/3214/2535 3322/3240/2561 3318/3239/2560
f 3266/3270/2587 3300/3269/2577 3325/3232/2553
f 3266/3270/2587 3325/3232/2553 3320/3231/2552
f 3300/3269/2577 3328/3273/2589 3338/3274/2590
f 3300/3269/2577 3338/3274/2590 3325/3232/2553
f 3327/3275/2553 3339/3276/2591 3341/3277/2592
f 3327/3275/2553 3341/3277/2592 3324/3278/2561
f 3322/3240/2561 3340/3279/2593 3334/3280/2594
f 3322/3240/2561 3334/3280/2594 3298/3241/2562
f 3332/3281/2595 3342/3282/2596 3336/3283/2597
f 3332/3281/2595 3336/3283/2597 3330/3284/2598
f 3336/3283/2597 3338/3274/2590 3328/3273/2589
f 3336/3283/2597 3328/3273/2589 3330/3284/2598
f 3332/3281/2595 3334/3280/2594 3340/3279/2593
f 3332/3281/2595 3340/3279/2593 3342/3282/2596
f 3299/3255/2576 3335/3285/2594 3329/3286/2599
f 3299/3255/2576 3329/3286/2599 3301/3256/2577
f 3281/3238/2559 3279/3237/2558 3275/3287/2600
f 3281/3238/2559 3275/3287/2600 3277/3288/2601
f 3277/3288/2601 3275/3287/2600 3269/3289/2602
f 3277/3288/2601 3269/3289/2602 3272/3290/2603
f 3273/3291/2603 3270/3292/2602 3319/3293/2560
f 3273/3291/2603 3319/3293/2560 3321/3294/2604
f 3321/3294/2604 3319/3293/2560 3265/3295/2605
f 3321/3294/2604 3265/3295/2605 3267/3296/2606
f 3267/3296/2606 3265/3295/2605 3261/3297/2607
f 3267/3296/2606 3261/3297/2607 3263/3298/2608
f 3263/3298/2608 3261/3297/2607 3257/3299/2609
f 3263/3298/2608 3257/3299/2609 3259/3300/2610
f 3259/3300/2610 3257/3299/2609 3253/3246/2567
f 3259/3300/2610 3253/3246/2567 3255/3245/2566
f 3347/3301/2611 3349/3253/2574 3351/3252/2573
f 3347/3301/2611 3351/3252/2573 3345/3302/2612
f 3294/3228/2549 3348/3303/2613 3346/3304/2614
f 3294/3228/2549 3346/3304/2614 3288/3229/2550
f 3290/3220/2541 3344/3305/2615 3350/3306/2616
f 3290/3220/2541 3350/3306/2616 3296/3221/2542
f 3289/3248/2569 3347/3301/2611 3345/3302/2612
f 3289/3248/2569 3345/3302/2612 3291/3249/2570
f 2992/3307/2329 3352/2996/2344 2995/3308/2347
f 2972/3309/2320 3352/2996/2344 2974/3310/2341
f 2986/2999/2346 3352/2996/2344 2988/3311/2333
f 2980/2997/2324 3352/2996/2344 2982/3312/2339
f 2995/3308/2347 3352/2996/2344 2972/3309/2320
f 2974/3310/2341 3352/2996/2344 2976/3313/2352
f 2988/3311/2333 3352/2996/2344 2990/3314/2617
f 2982/3312/2339 3352/2996/2344 2984/2998/2345
f 2976/3313/2352 3352/2996/2344 2978/2995/2343
f 2990/3314/2617 3352/2996/2344 2992/3307/2329
f 3007/3315/2618 3353/3316/2365 3005/3317/2325
f 2997/3318/2321 3353/3316/2365 3020/3319/2619
f 3001/3320/2620 3353/3316/2365 2999/3321/2621
f 3015/3322/2356 3353/3316/2365 3013/3323/2622
f 3009/3324/2623 3353/3316/2365 3007/3315/2618
f 3003/3325/2326 3353/3316/2365 3001/3320/2620
f 3017/3326/2330 3353/3316/2365 3015/3322/2356
f 3011/3327/2624 3353/3316/2365 3009/3324/2623
f 3005/3317/2325 3353/3316/2365 3003/3325/2326
f 3020/3319/2619 3353/3316/2365 3017/3326/2330
f 2999/3321/2621 3353/3316/2365 2997/3318/2321
f 3013/3323/2622 3353/3316/2365 3011/3327/2624
f 3061/3328/2360 3354/3027/2365 3059/3329/2623
f 3055/3330/2350 3354/3027/2365 3053/3029/2351
f 3071/3331/2322 3354/3027/2365 3067/3026/2364
f 3050/3332/2363 3354/3027/2365 3048/3333/2625
f 3063/3334/2334 3354/3027/2365 3061/3328/2360
f 3057/3335/2340 3354/3027/2365 3055/3330/2350
f 3048/3333/2625 3354/3027/2365 3071/3331/2322
f 3052/3030/2353 3354/3027/2365 3050/3332/2363
f 3065/3028/2366 3354/3027/2365 3063/3334/2334
f 3059/3329/2623 3354/3027/2365 3057/3335/2340
f 3031/3336/2324 3355/3337/2344 3033/3338/2626
f 3046/3339/2627 3355/3337/2344 3023/3340/2348
f 3024/3341/2341 3355/3337/2344 3026/3342/2628
f 3039/3343/2629 3355/3337/2344 3041/3344/2355
f 3033/3338/2626 3355/3337/2344 3035/3345/2630
f 3026/3342/2628 3355/3337/2344 3029/3346/2323
f 3041/3344/2355 3355/3337/2344 3044/3347/2631
f 3035/3345/2630 3355/3337/2344 3037/3348/2632
f 3029/3346/2323 3355/3337/2344 3031/3336/2324
f 3044/3347/2631 3355/3337/2344 3046/3339/2627
f 3023/3340/2348 3355/3337/2344 3024/3341/2341
f 3037/3348/2632 3355/3337/2344 3039/3343/2629
f 2937/2929/2291 2935/3349/2633 2933/3350/2634
f 2937/2929/2291 2933/3350/2634 2931/2930/2292
f 2941/2920/2282 2939/3351/2289 2945/3352/2635
f 2941/2920/2282 2945/3352/2635 2943/2921/2283
f 2693/2652/2071 3356/2658/1189 2692/2654/2073
f 3339/3276/2591 3337/3353/2636 3343/3354/2637
f 3339/3276/2591 3343/3354/2637 3341/3277/2592
f 3335/3285/2594 3333/3355/2595 3331/3356/2638
f 3335/3285/2594 3331/3356/2638 3329/3286/2599
f 2701/2636/2055 3356/2658/1189 2700/2638/2057
f 2694/2650/2069 3356/2658/1189 2693/2652/2071
f 2702/2634/2053 3356/2658/1189 2701/2636/2055
f 2695/2648/2067 3356/2658/1189 2694/2650/2069
f 2688/2678/2080 3356/2658/1189 2687/2628/2047
f 2703/2632/2051 3356/2658/1189 2702/2634/2053
f 2696/2646/2065 3356/2658/1189 2695/2648/2067
f 2689/2621/2040 3356/2658/1189 2688/2678/2080
f 2704/2629/2048 3356/2658/1189 2703/2632/2051
f 2697/2644/2063 3356/2658/1189 2696/2646/2065
f 2690/2620/2039 3356/2658/1189 2689/2621/2040
f 2687/2628/2047 3356/2658/1189 2704/2629/2048
f 2698/2642/2061 3356/2658/1189 2697/2644/2063
f 2691/2656/2075 3356/2658/1189 2690/2620/2039
f 2699/2640/2059 3356/2658/1189 2698/2642/2061
f 2692/2654/2073 3356/2658/1189 2691/2656/2075
usemtl modern_ceiling_globe
f 3360/3357/21 3359/3358/2639 3369/3359/2640
f 3360/3357/21 3369/3359/2640 3370/3360/2641
f 3519/3361/2642 3357/3362/2643 3366/3363/2644
f 3519/3361/2642 3366/3363/2644 3367/3364/2645
f 3363/3365/2646 3362/3366/2647 3373/3367/2648
f 3363/3365/2646 3373/3367/2648 3374/3368/2649
f 3361/3369/2650 3360/3357/21 3370/3360/2641
f 3361/3369/2650 3370/3360/2641 3371/3370/2651
f 3358/3371/2652 3519/3361/2642 3367/3364/2645
f 3358/3371/2652 3367/3364/2645 3368/3372/2653
f 3364/3373/1189 3363/3365/2646 3374/3368/2649
f 3520/3374/2654 3361/3369/2650 3371/3370/2651
f 3520/3374/2654 3371/3370/2651 3372/3375/2655
f 3359/3358/2639 3358/3371/2652 3368/3372/2653
f 3359/3358/2639 3368/3372/2653 3369/3359/2640
f 3420/3376/2656 3411/3377/2657 3527/3378/2658
f 3420/3376/2656 3527/3378/2658 3528/3379/2659
f 3362/3366/2647 3520/3374/2654 3372/3375/2655
f 3362/3366/2647 3372/3375/2655 3373/3367/2648
f 3370/3360/2641 3369/3359/2640 3378/3380/2660
f 3370/3360/2641 3378/3380/2660 3379/3381/2661
f 3367/3364/2645 3366/3363/2644 3375/3382/2662
f 3367/3364/2645 3375/3382/2662 3376/3383/2663
f 3374/3368/2649 3373/3367/2648 3382/3384/2664
f 3374/3368/2649 3382/3384/2664 3383/3385/2665
f 3371/3370/2651 3370/3360/2641 3379/3381/2661
f 3371/3370/2651 3379/3381/2661 3380/3386/2666
f 3368/3372/2653 3367/3364/2645 3376/3383/2663
f 3368/3372/2653 3376/3383/2663 3377/3387/2667
f 3364/3373/1189 3374/3368/2649 3383/3385/2665
f 3372/3375/2655 3371/3370/2651 3380/3386/2666
f 3372/3375/2655 3380/3386/2666 3381/3388/2668
f 3369/3359/2640 3368/3372/2653 3377/3387/2667
f 3369/3359/2640 3377/3387/2667 3378/3380/2660
f 3447/3389/2669 3438/3390/2670 3530/3391/300
f 3447/3389/2669 3530/3391/300 3531/3392/2671
f 3373/3367/2648 3372/3375/2655 3381/3388/2668
f 3373/3367/2648 3381/3388/2668 3382/3384/2664
f 3483/3393/2672 3474/3394/2673 3534/3395/2674
f 3483/3393/2672 3534/3395/2674 3535/3396/1366
f 3382/3384/2664 3381/3388/2668 3396/3397/2675
f 3382/3384/2664 3396/3397/2675 3398/3398/2676
f 3379/3381/2661 3378/3380/2660 3390/3399/2677
f 3379/3381/2661 3390/3399/2677 3392/3400/2678
f 3376/3383/2663 3375/3382/2662 3384/3401/2679
f 3376/3383/2663 3384/3401/2679 3386/3402/2680
f 3383/3385/2665 3382/3384/2664 3398/3398/2676
f 3383/3385/2665 3398/3398/2676 3400/3403/2681
f 3380/3386/2666 3379/3381/2661 3392/3400/2678
f 3380/3386/2666 3392/3400/2678 3394/3404/2682
f 3377/3387/2667 3376/3383/2663 3386/3402/2680
f 3377/3387/2667 3386/3402/2680 3388/3405/2683
f 3364/3373/1189 3383/3385/2665 3400/3403/2681
f 3381/3388/2668 3380/3386/2666 3394/3404/2682
f 3381/3388/2668 3394/3404/2682 3396/3397/2675
f 3378/3380/2660 3377/3387/2667 3388/3405/2683
f 3378/3380/2660 3388/3405/2683 3390/3399/2677
f 3391/3406/2677 3389/3407/2683 3404/3408/2684
f 3391/3406/2677 3404/3408/2684 3405/3409/2685
f 3457/3410/2686 3447/3389/2669 3531/3392/2671
f 3457/3410/2686 3531/3392/2671 3533/3411/2687
f 3399/3412/2688 3397/3413/2675 3408/3414/2689
f 3399/3412/2688 3408/3414/2689 3409/3415/2690
f 3393/3416/2678 3391/3406/2677 3405/3409/2685
f 3393/3416/2678 3405/3409/2685 3406/3417/1378
f 3387/3418/2680 3385/3419/2679 3402/3420/2691
f 3387/3418/2680 3402/3420/2691 3403/3421/2692
f 3401/3422/2681 3399/3412/2688 3409/3415/2690
f 3401/3422/2681 3409/3415/2690 3410/3423/2693
f 3395/3424/2682 3393/3416/2678 3406/3417/1378
f 3395/3424/2682 3406/3417/1378 3407/3425/2694
f 3389/3407/2683 3387/3418/2680 3403/3421/2692
f 3389/3407/2683 3403/3421/2692 3404/3408/2684
f 3365/3426/1189 3401/3422/2681 3410/3423/2693
f 3397/3413/2675 3395/3424/2682 3407/3425/2694
f 3397/3413/2675 3407/3425/2694 3408/3414/2689
f 3365/3426/1189 3410/3423/2693 3419/3427/2695
f 3408/3414/2689 3407/3425/2694 3416/3428/2696
f 3408/3414/2689 3416/3428/2696 3417/3429/2697
f 3405/3409/2685 3404/3408/2684 3413/3430/2698
f 3405/3409/2685 3413/3430/2698 3414/3431/2699
f 3402/3420/2691 3385/3419/2679 3525/3432/2678
f 3402/3420/2691 3525/3432/2678 3526/3433/1378
f 3409/3415/2690 3408/3414/2689 3417/3429/2697
f 3409/3415/2690 3417/3429/2697 3418/3434/2700
f 3406/3417/1378 3405/3409/2685 3414/3431/2699
f 3406/3417/1378 3414/3431/2699 3415/3435/2658
f 3403/3421/2692 3402/3420/2691 3411/3377/2657
f 3403/3421/2692 3411/3377/2657 3412/3436/2701
f 3410/3423/2693 3409/3415/2690 3418/3434/2700
f 3410/3423/2693 3418/3434/2700 3419/3427/2695
f 3407/3425/2694 3406/3417/1378 3415/3435/2658
f 3407/3425/2694 3415/3435/2658 3416/3428/2696
f 3404/3408/2684 3403/3421/2692 3412/3436/2701
f 3404/3408/2684 3412/3436/2701 3413/3430/2698
f 3416/3428/2696 3415/3435/2658 3424/3437/2659
f 3416/3428/2696 3424/3437/2659 3425/3438/2702
f 3413/3430/2698 3412/3436/2701 3421/3439/2703
f 3413/3430/2698 3421/3439/2703 3422/3440/2704
f 3365/3426/1189 3419/3427/2695 3428/3441/2705
f 3417/3429/2697 3416/3428/2696 3425/3438/2702
f 3417/3429/2697 3425/3438/2702 3426/3442/2706
f 3414/3431/2699 3413/3430/2698 3422/3440/2704
f 3414/3431/2699 3422/3440/2704 3423/3443/2707
f 3357/3362/2643 3510/3444/2708 3538/3445/2709
f 3357/3362/2643 3538/3445/2709 3521/3446/21
f 3418/3434/2700 3417/3429/2697 3426/3442/2706
f 3418/3434/2700 3426/3442/2706 3427/3447/2710
f 3415/3435/2658 3414/3431/2699 3423/3443/2707
f 3415/3435/2658 3423/3443/2707 3424/3437/2659
f 3412/3436/2701 3411/3377/2657 3420/3376/2656
f 3412/3436/2701 3420/3376/2656 3421/3439/2703
f 3419/3427/2695 3418/3434/2700 3427/3447/2710
f 3419/3427/2695 3427/3447/2710 3428/3441/2705
f 3421/3439/2703 3420/3376/2656 3429/3448/2711
f 3421/3439/2703 3429/3448/2711 3430/3449/2712
f 3428/3441/2705 3427/3447/2710 3436/3450/2713
f 3428/3441/2705 3436/3450/2713 3437/3451/2714
f 3425/3438/2702 3424/3437/2659 3433/3452/2715
f 3425/3438/2702 3433/3452/2715 3434/3453/2716
f 3422/3440/2704 3421/3439/2703 3430/3449/2712
f 3422/3440/2704 3430/3449/2712 3431/3454/2717
f 3365/3426/1189 3428/3441/2705 3437/3451/2714
f 3426/3442/2706 3425/3438/2702 3434/3453/2716
f 3426/3442/2706 3434/3453/2716 3435/3455/2718
f 3423/3443/2707 3422/3440/2704 3431/3454/2717
f 3423/3443/2707 3431/3454/2717 3432/3456/2719
f 3474/3394/2673 3456/3457/2686 3532/3458/2687
f 3474/3394/2673 3532/3458/2687 3534/3395/2674
f 3427/3447/2710 3426/3442/2706 3435/3455/2718
f 3427/3447/2710 3435/3455/2718 3436/3450/2713
f 3424/3437/2659 3423/3443/2707 3432/3456/2719
f 3424/3437/2659 3432/3456/2719 3433/3452/2715
f 3433/3452/2715 3432/3456/2719 3441/3459/2720
f 3433/3452/2715 3441/3459/2720 3442/3460/300
f 3430/3449/2712 3429/3448/2711 3438/3390/2670
f 3430/3449/2712 3438/3390/2670 3439/3461/2721
f 3437/3451/2714 3436/3450/2713 3445/3462/2722
f 3437/3451/2714 3445/3462/2722 3446/3463/2723
f 3434/3453/2716 3433/3452/2715 3442/3460/300
f 3434/3453/2716 3442/3460/300 3443/3464/2724
f 3431/3454/2717 3430/3449/2712 3439/3461/2721
f 3431/3454/2717 3439/3461/2721 3440/3465/2725
f 3365/3426/1189 3437/3451/2714 3446/3463/2723
f 3435/3455/2718 3434/3453/2716 3443/3464/2724
f 3435/3455/2718 3443/3464/2724 3444/3466/2726
f 3432/3456/2719 3431/3454/2717 3440/3465/2725
f 3432/3456/2719 3440/3465/2725 3441/3459/2720
f 3429/3448/2711 3420/3376/2656 3528/3379/2659
f 3429/3448/2711 3528/3379/2659 3529/3467/2715
f 3436/3450/2713 3435/3455/2718 3444/3466/2726
f 3436/3450/2713 3444/3466/2726 3445/3462/2722
f 3411/3377/2657 3402/3420/2691 3526/3433/1378
f 3411/3377/2657 3526/3433/1378 3527/3378/2658
f 3445/3462/2722 3444/3466/2726 3453/3468/2727
f 3445/3462/2722 3453/3468/2727 3454/3469/2728
f 3442/3460/300 3441/3459/2720 3450/3470/2729
f 3442/3460/300 3450/3470/2729 3451/3471/2671
f 3439/3461/2721 3438/3390/2670 3447/3389/2669
f 3439/3461/2721 3447/3389/2669 3448/3472/2730
f 3446/3463/2723 3445/3462/2722 3454/3469/2728
f 3446/3463/2723 3454/3469/2728 3455/3473/2731
f 3443/3464/2724 3442/3460/300 3451/3471/2671
f 3443/3464/2724 3451/3471/2671 3452/3474/2732
f 3440/3465/2725 3439/3461/2721 3448/3472/2730
f 3440/3465/2725 3448/3472/2730 3449/3475/2733
f 3365/3426/1189 3446/3463/2723 3455/3473/2731
f 3444/3466/2726 3443/3464/2724 3452/3474/2732
f 3444/3466/2726 3452/3474/2732 3453/3468/2727
f 3441/3459/2720 3440/3465/2725 3449/3475/2733
f 3441/3459/2720 3449/3475/2733 3450/3470/2729
f 3453/3468/2727 3452/3474/2732 3467/3476/2734
f 3453/3468/2727 3467/3476/2734 3469/3477/2735
f 3450/3470/2729 3449/3475/2733 3461/3478/2736
f 3450/3470/2729 3461/3478/2736 3463/3479/2737
f 3492/3480/2738 3483/3393/2672 3535/3396/1366
f 3492/3480/2738 3535/3396/1366 3536/3481/2739
f 3454/3469/2728 3453/3468/2727 3469/3477/2735
f 3454/3469/2728 3469/3477/2735 3471/3482/2740
f 3451/3471/2671 3450/3470/2729 3463/3479/2737
f 3451/3471/2671 3463/3479/2737 3465/3483/2687
f 3448/3472/2730 3447/3389/2669 3457/3410/2686
f 3448/3472/2730 3457/3410/2686 3459/3484/2741
f 3455/3473/2731 3454/3469/2728 3471/3482/2740
f 3455/3473/2731 3471/3482/2740 3473/3485/2742
f 3452/3474/2732 3451/3471/2671 3465/3483/2687
f 3452/3474/2732 3465/3483/2687 3467/3476/2734
f 3449/3475/2733 3448/3472/2730 3459/3484/2741
f 3449/3475/2733 3459/3484/2741 3461/3478/2736
f 3365/3426/1189 3455/3473/2731 3473/3485/2742
f 3460/3486/2736 3458/3487/2741 3475/3488/2743
f 3460/3486/2736 3475/3488/2743 3476/3489/2744
f 3364/3373/1189 3472/3490/2745 3482/3491/2746
f 3468/3492/2735 3466/3493/2734 3479/3494/2747
f 3468/3492/2735 3479/3494/2747 3480/3495/2748
f 3462/3496/2737 3460/3486/2736 3476/3489/2744
f 3462/3496/2737 3476/3489/2744 3477/3497/2749
f 3375/3382/2662 3366/3363/2644 3522/3498/2641
f 3375/3382/2662 3522/3498/2641 3523/3499/2661
f 3470/3500/2750 3468/3492/2735 3480/3495/2748
f 3470/3500/2750 3480/3495/2748 3481/3501/2751
f 3464/3502/2687 3462/3496/2737 3477/3497/2749
f 3464/3502/2687 3477/3497/2749 3478/3503/2674
f 3458/3487/2741 3456/3457/2686 3474/3394/2673
f 3458/3487/2741 3474/3394/2673 3475/3488/2743
f 3472/3490/2745 3470/3500/2750 3481/3501/2751
f 3472/3490/2745 3481/3501/2751 3482/3491/2746
f 3466/3493/2734 3464/3502/2687 3478/3503/2674
f 3466/3493/2734 3478/3503/2674 3479/3494/2747
f 3479/3494/2747 3478/3503/2674 3487/3504/1366
f 3479/3494/2747 3487/3504/1366 3488/3505/2752
f 3476/3489/2744 3475/3488/2743 3484/3506/2753
f 3476/3489/2744 3484/3506/2753 3485/3507/2754
f 3364/3373/1189 3482/3491/2746 3491/3508/2755
f 3480/3495/2748 3479/3494/2747 3488/3505/2752
f 3480/3495/2748 3488/3505/2752 3489/3509/2756
f 3477/3497/2749 3476/3489/2744 3485/3507/2754
f 3477/3497/2749 3485/3507/2754 3486/3510/2757
f 3501/3511/2758 3492/3480/2738 3536/3481/2739
f 3501/3511/2758 3536/3481/2739 3537/3512/2759
f 3481/3501/2751 3480/3495/2748 3489/3509/2756
f 3481/3501/2751 3489/3509/2756 3490/3513/2760
f 3478/3503/2674 3477/3497/2749 3486/3510/2757
f 3478/3503/2674 3486/3510/2757 3487/3504/1366
f 3475/3488/2743 3474/3394/2673 3483/3393/2672
f 3475/3488/2743 3483/3393/2672 3484/3506/2753
f 3482/3491/2746 3481/3501/2751 3490/3513/2760
f 3482/3491/2746 3490/3513/2760 3491/3508/2755
f 3484/3506/2753 3483/3393/2672 3492/3480/2738
f 3484/3506/2753 3492/3480/2738 3493/3514/2761
f 3491/3508/2755 3490/3513/2760 3499/3515/2762
f 3491/3508/2755 3499/3515/2762 3500/3516/2763
f 3488/3505/2752 3487/3504/1366 3496/3517/2739
f 3488/3505/2752 3496/3517/2739 3497/3518/2764
f 3485/3507/2754 3484/3506/2753 3493/3514/2761
f 3485/3507/2754 3493/3514/2761 3494/3519/2765
f 3364/3373/1189 3491/3508/2755 3500/3516/2763
f 3489/3509/2756 3488/3505/2752 3497/3518/2764
f 3489/3509/2756 3497/3518/2764 3498/3520/2766
f 3486/3510/2757 3485/3507/2754 3494/3519/2765
f 3486/3510/2757 3494/3519/2765 3495/3521/2767
f 3384/3401/2679 3375/3382/2662 3523/3499/2661
f 3384/3401/2679 3523/3499/2661 3524/3522/2678
f 3490/3513/2760 3489/3509/2756 3498/3520/2766
f 3490/3513/2760 3498/3520/2766 3499/3515/2762
f 3487/3504/1366 3486/3510/2757 3495/3521/2767
f 3487/3504/1366 3495/3521/2767 3496/3517/2739
f 3499/3515/2762 3498/3520/2766 3507/3523/2768
f 3499/3515/2762 3507/3523/2768 3508/3524/2769
f 3496/3517/2739 3495/3521/2767 3504/3525/2770
f 3496/3517/2739 3504/3525/2770 3505/3526/2759
f 3493/3514/2761 3492/3480/2738 3501/3511/2758
f 3493/3514/2761 3501/3511/2758 3502/3527/2771
f 3500/3516/2763 3499/3515/2762 3508/3524/2769
f 3500/3516/2763 3508/3524/2769 3509/3528/2772
f 3497/3518/2764 3496/3517/2739 3505/3526/2759
f 3497/3518/2764 3505/3526/2759 3506/3529/2773
f 3494/3519/2765 3493/3514/2761 3502/3527/2771
f 3494/3519/2765 3502/3527/2771 3503/3530/2774
f 3364/3373/1189 3500/3516/2763 3509/3528/2772
f 3498/3520/2766 3497/3518/2764 3506/3529/2773
f 3498/3520/2766 3506/3529/2773 3507/3523/2768
f 3495/3521/2767 3494/3519/2765 3503/3530/2774
f 3495/3521/2767 3503/3530/2774 3504/3525/2770
f 3510/3444/2708 3501/3511/2758 3537/3512/2759
f 3510/3444/2708 3537/3512/2759 3538/3445/2709
f 3504/3525/2770 3503/3530/2774 3512/3531/2775
f 3504/3525/2770 3512/3531/2775 3513/3532/2776
f 3366/3363/2644 3357/3362/2643 3521/3446/21
f 3366/3363/2644 3521/3446/21 3522/3498/2641
f 3508/3524/2769 3507/3523/2768 3516/3533/2777
f 3508/3524/2769 3516/3533/2777 3517/3534/2778
f 3505/3526/2759 3504/3525/2770 3513/3532/2776
f 3505/3526/2759 3513/3532/2776 3514/3535/2709
f 3502/3527/2771 3501/3511/2758 3510/3444/2708
f 3502/3527/2771 3510/3444/2708 3511/3536/2779
f 3509/3528/2772 3508/3524/2769 3517/3534/2778
f 3509/3528/2772 3517/3534/2778 3518/3537/2780
f 3506/3529/2773 3505/3526/2759 3514/3535/2709
f 3506/3529/2773 3514/3535/2709 3515/3538/2781
f 3503/3530/2774 3502/3527/2771 3511/3536/2779
f 3503/3530/2774 3511/3536/2779 3512/3531/2775
f 3364/3373/1189 3509/3528/2772 3518/3537/2780
f 3507/3523/2768 3506/3529/2773 3515/3538/2781
f 3507/3523/2768 3515/3538/2781 3516/3533/2777
f 3516/3533/2777 3515/3538/2781 3361/3369/2650
f 3516/3533/2777 3361/3369/2650 3520/3374/2654
f 3513/3532/2776 3512/3531/2775 3358/3371/2652
f 3513/3532/2776 3358/3371/2652 3359/3358/2639
f 3438/3390/2670 3429/3448/2711 3529/3467/2715
f 3438/3390/2670 3529/3467/2715 3530/3391/300
f 3517/3534/2778 3516/3533/2777 3520/3374/2654
f 3517/3534/2778 3520/3374/2654 3362/3366/2647
f 3514/3535/2709 3513/3532/2776 3359/3358/2639
f 3514/3535/2709 3359/3358/2639 3360/3357/21
f 3511/3536/2779 3510/3444/2708 3357/3362/2643
f 3511/3536/2779 3357/3362/2643 3519/3361/2642
f 3518/3537/2780 3517/3534/2778 3362/3366/2647
f 3518/3537/2780 3362/3366/2647 3363/3365/2646
f 3515/3538/2781 3514/3535/2709 3360/3357/21
f 3515/3538/2781 3360/3357/21 3361/3369/2650
f 3512/3531/2775 3511/3536/2779 3519/3361/2642
f 3512/3531/2775 3519/3361/2642 3358/3371/2652
f 3364/3373/1189 3518/3537/2780 3363/3365/2646
