# Blender v2.83.3 OBJ File: ''
# www.blender.org
mtllib plant.mtl
o root_HP_1_Mat.2_0
v 0.008358 0.100218 -0.062578
v 0.010165 0.101590 -0.063962
v 0.001841 0.128869 -0.025030
v 0.000117 0.127041 -0.024170
v 0.008245 0.102514 -0.065557
v -0.000117 0.130102 -0.026336
v 0.006439 0.101143 -0.064173
v -0.001841 0.128273 -0.025476
v 0.008358 0.100218 -0.062578
v 0.000117 0.127041 -0.024170
v 0.084525 0.086218 -0.012474
v 0.082740 0.084636 -0.011296
v 0.089049 0.075624 -0.011294
v 0.091108 0.076819 -0.012479
v 0.081857 0.083854 -0.013677
v 0.088022 0.075028 -0.013672
v 0.090081 0.076223 -0.014857
v 0.088022 0.075028 -0.013672
v 0.081857 0.083854 -0.013677
v 0.083642 0.085435 -0.014855
v 0.058736 0.084418 -0.012357
v 0.058647 0.085491 -0.009928
v 0.041728 0.079626 -0.008209
v 0.041950 0.078614 -0.010656
v 0.077599 0.088444 -0.011304
v 0.078106 0.090794 -0.012451
v 0.066485 0.090093 -0.011788
v 0.067090 0.087735 -0.010717
v 0.066518 0.088999 -0.014209
v 0.077839 0.089677 -0.014847
v 0.067123 0.086642 -0.013138
v 0.077332 0.087327 -0.013700
v 0.067123 0.086642 -0.013138
v 0.057824 0.087791 -0.010975
v 0.040514 0.081773 -0.009205
v 0.057913 0.086717 -0.013403
v 0.040737 0.080761 -0.011652
v 0.008863 0.097980 -0.063916
v 0.010695 0.099193 -0.065410
v 0.008863 0.099667 -0.067277
v 0.007030 0.098454 -0.065784
v 0.008863 0.097980 -0.063916
v 0.058736 0.084418 -0.012357
v 0.041950 0.078614 -0.010656
v 0.098282 0.060340 -0.014858
v 0.096136 0.059318 -0.013670
v 0.099354 0.060851 -0.012481
v 0.016323 0.072328 -0.073857
v 0.018179 0.073448 -0.075393
v 0.016422 0.073639 -0.077377
v 0.014566 0.072518 -0.075840
v 0.016323 0.072328 -0.073857
v 0.097208 0.059828 -0.011294
v 0.096136 0.059318 -0.013670
v 0.077332 0.087327 -0.013700
v 0.019729 0.061272 -0.077816
v 0.021584 0.062393 -0.079352
v 0.019832 0.062566 -0.081342
v 0.017977 0.061445 -0.079806
v 0.019729 0.061272 -0.077816
v 0.003735 0.112549 0.056543
v 0.003453 0.112020 0.053952
v -0.001452 0.052789 0.063610
v -0.001180 0.053185 0.066223
v 0.003453 0.112020 0.053952
v 0.006095 0.111866 0.053699
v 0.001180 0.052514 0.063377
v -0.001452 0.052789 0.063610
v 0.006377 0.112395 0.056291
v 0.001452 0.052909 0.065990
v 0.003458 0.114222 0.053258
v 0.003730 0.115264 0.055690
v 0.003723 0.119172 0.053492
v 0.003464 0.117665 0.051314
v 0.006101 0.114115 0.053008
v 0.003458 0.114222 0.053258
v 0.003464 0.117665 0.051314
v 0.006108 0.117518 0.051101
v 0.006373 0.115157 0.055440
v 0.006367 0.119024 0.053279
v 0.006359 0.126880 0.046038
v 0.003714 0.127067 0.046193
v 0.006117 0.124846 0.044346
v 0.003471 0.125033 0.044502
v 0.003471 0.125033 0.044502
v 0.041204 0.576111 -0.170439
v 0.043176 0.576390 -0.169118
v 0.010808 0.166663 -0.001692
v 0.006624 0.165901 -0.004416
v 0.043630 0.577186 -0.166911
v 0.011779 0.168483 0.002918
v 0.042304 0.578031 -0.165110
v 0.008979 0.170292 0.006711
v 0.039971 0.578429 -0.164774
v 0.004040 0.171029 0.007461
v 0.039971 0.578429 -0.164774
v 0.037999 0.578150 -0.166095
v -0.000143 0.170267 0.004737
v 0.004040 0.171029 0.007461
v 0.037545 0.577354 -0.168303
v -0.001115 0.168447 0.000128
v 0.038871 0.576509 -0.170103
v 0.001685 0.166638 -0.003666
v 0.043606 0.593062 -0.176327
v 0.045481 0.593247 -0.175038
v 0.045890 0.593801 -0.172855
v 0.044596 0.594400 -0.171059
v 0.042355 0.594691 -0.170703
v 0.042355 0.594691 -0.170703
v 0.040480 0.594507 -0.171993
v 0.040071 0.593953 -0.174175
v 0.041365 0.593354 -0.175971
v 0.044163 0.610695 -0.179517
v 0.045951 0.610905 -0.178295
v 0.046339 0.611374 -0.176206
v 0.045103 0.611827 -0.174474
v 0.042963 0.611998 -0.174115
v 0.042963 0.611998 -0.174115
v 0.041175 0.611788 -0.175336
v 0.040787 0.611319 -0.177426
v 0.042023 0.610866 -0.179158
v 0.046080 0.651273 -0.190386
v 0.047661 0.651501 -0.189319
v 0.048008 0.652009 -0.187497
v 0.046920 0.652497 -0.185990
v 0.045032 0.652681 -0.185682
v 0.045032 0.652681 -0.185682
v 0.043450 0.652453 -0.186749
v 0.043103 0.651946 -0.188571
v 0.044191 0.651457 -0.190078
v 0.048104 0.691975 -0.202257
v 0.049476 0.692181 -0.201334
v 0.049778 0.692638 -0.199760
v 0.048835 0.693077 -0.198457
v 0.047198 0.693241 -0.198191
v 0.047198 0.693241 -0.198191
v 0.045826 0.693035 -0.199115
v 0.045525 0.692578 -0.200689
v 0.046467 0.692139 -0.201991
v 0.332506 0.545079 0.104818
v 0.331733 0.545258 0.106138
v 0.122229 0.240701 0.065850
v 0.124178 0.239877 0.062093
v 0.330303 0.545781 0.106524
v 0.118752 0.242954 0.067047
v 0.329055 0.546343 0.105753
v 0.115786 0.245314 0.064990
v 0.328721 0.546613 0.104274
v 0.115072 0.246397 0.060877
v 0.328721 0.546613 0.104274
v 0.329494 0.546435 0.102954
v 0.117022 0.245572 0.057120
v 0.115072 0.246397 0.060877
v 0.330924 0.545911 0.102568
v 0.120498 0.243319 0.055923
v 0.332172 0.545350 0.103339
v 0.123464 0.240959 0.057980
v 0.334477 0.560180 0.105623
v 0.333741 0.560216 0.106841
v 0.332370 0.560389 0.107182
v 0.331168 0.560598 0.106449
v 0.330840 0.560719 0.105070
v 0.330840 0.560719 0.105070
v 0.331576 0.560683 0.103852
v 0.332946 0.560510 0.103511
v 0.334149 0.560301 0.104244
v -0.022252 0.644831 0.063878
v -0.020594 0.645009 0.062482
v -0.023032 0.662982 0.060853
v -0.024576 0.662898 0.062137
v -0.020408 0.645062 0.060308
v -0.022837 0.662836 0.058858
v -0.021800 0.644960 0.058628
v -0.024100 0.662548 0.057321
v -0.021800 0.644960 0.058628
v -0.023957 0.644763 0.058431
v -0.026085 0.662284 0.057145
v -0.024100 0.662548 0.057321
v -0.025615 0.644585 0.059827
v -0.027628 0.662201 0.058430
v -0.025800 0.644532 0.062002
v -0.027824 0.662346 0.060425
v -0.024408 0.644634 0.063681
v -0.026561 0.662634 0.061962
v 0.009492 0.155705 0.011773
v 0.014537 0.156514 0.007543
v 0.015063 0.157320 0.000980
v 0.010776 0.157653 -0.004070
v 0.010776 0.157653 -0.004070
v 0.004176 0.157315 -0.004640
v -0.000869 0.156507 -0.000410
v -0.001395 0.155701 0.006152
v 0.002893 0.155368 0.011202
v -0.038590 0.104922 -0.008709
v -0.041995 0.105753 -0.011251
v -0.041246 0.106061 -0.011929
v -0.038108 0.105137 -0.009119
v -0.044262 0.109303 -0.012190
v -0.043656 0.109537 -0.012768
v -0.044068 0.113489 -0.010983
v -0.043929 0.113526 -0.011152
v -0.044068 0.113489 -0.010983
v -0.041520 0.115856 -0.008331
v -0.041900 0.115688 -0.008021
v -0.043929 0.113526 -0.011152
v -0.041520 0.115856 -0.008331
v -0.038115 0.115025 -0.005789
v -0.038761 0.114765 -0.005211
v -0.041900 0.115688 -0.008021
v -0.035848 0.111475 -0.004850
v -0.036352 0.111288 -0.004372
v -0.036043 0.107289 -0.006057
v -0.036078 0.107300 -0.005988
v -0.036043 0.107289 -0.006057
v -0.038590 0.104922 -0.008709
v -0.038108 0.105137 -0.009119
v -0.036078 0.107300 -0.005988
v -0.039305 0.104826 -0.007810
v -0.043051 0.105710 -0.009773
v -0.045070 0.109335 -0.010952
v -0.044186 0.113573 -0.010660
v -0.044186 0.113573 -0.010660
v -0.040910 0.115940 -0.009063
v -0.040910 0.115940 -0.009063
v -0.037165 0.115056 -0.007101
v -0.035146 0.111431 -0.005922
v -0.036029 0.107193 -0.006214
v -0.036029 0.107193 -0.006214
v -0.039305 0.104826 -0.007810
v -0.039934 0.104986 -0.006608
v -0.043889 0.106047 -0.007993
v -0.045690 0.109673 -0.009485
v -0.044287 0.113736 -0.010211
v -0.044287 0.113736 -0.010211
v -0.040495 0.115854 -0.009743
v -0.040495 0.115854 -0.009743
v -0.036540 0.114793 -0.008359
v -0.034740 0.111167 -0.006867
v -0.034740 0.111167 -0.006867
v -0.036142 0.107104 -0.006141
v -0.036029 0.107193 -0.006214
v -0.035146 0.111431 -0.005922
v -0.036142 0.107104 -0.006141
v -0.036029 0.107193 -0.006214
v -0.041935 0.111965 0.009282
v -0.045794 0.113107 0.008131
v -0.047453 0.116486 0.006314
v -0.045948 0.120118 0.004897
v -0.042154 0.121874 0.004711
v -0.040495 0.115854 -0.009743
v -0.042154 0.121874 0.004711
v -0.038295 0.120731 0.005862
v -0.036540 0.114793 -0.008359
v -0.040495 0.115854 -0.009743
v -0.036636 0.117353 0.007679
v -0.034740 0.111167 -0.006867
v -0.038141 0.113721 0.009096
v -0.160902 0.413087 0.100930
v -0.162398 0.412741 0.101096
v -0.160775 0.407980 0.099969
v -0.159318 0.408555 0.099844
v -0.159997 0.413497 0.099751
v -0.158467 0.409176 0.098679
v -0.160210 0.413732 0.098251
v -0.158717 0.409480 0.097158
v -0.161420 0.413653 0.097309
v -0.159926 0.409288 0.096172
v -0.162915 0.413308 0.097475
v -0.161420 0.413653 0.097309
v -0.159926 0.409288 0.096172
v -0.161382 0.408713 0.096297
v -0.163820 0.412897 0.098654
v -0.162234 0.408092 0.097462
v -0.163607 0.412662 0.100154
v -0.161983 0.407788 0.098983
v -0.044947 0.118388 0.020422
v -0.048488 0.118926 0.018435
v -0.049811 0.121464 0.015486
v -0.048148 0.124512 0.013302
v -0.044467 0.126284 0.013167
v -0.044467 0.126284 0.013167
v -0.040927 0.125746 0.015153
v -0.039603 0.123208 0.018103
v -0.041266 0.120160 0.020286
v -0.161363 0.417941 0.101517
v -0.162839 0.417811 0.101699
v -0.160460 0.418159 0.100348
v -0.160657 0.418337 0.098879
v -0.161841 0.418371 0.097970
v -0.163317 0.418240 0.098152
v -0.161841 0.418371 0.097970
v -0.164220 0.418022 0.099320
v -0.164024 0.417844 0.100790
v -0.048055 0.126028 0.025490
v -0.051254 0.125805 0.023049
v -0.052091 0.127093 0.019314
v -0.050082 0.129135 0.016473
v -0.046397 0.130734 0.016195
v -0.046397 0.130734 0.016195
v -0.043197 0.130957 0.018636
v -0.042360 0.129668 0.022371
v -0.044370 0.127627 0.025212
v -0.161904 0.426730 0.102602
v -0.163313 0.426627 0.102778
v -0.161043 0.426926 0.101487
v -0.161231 0.427101 0.100087
v -0.162361 0.427152 0.099223
v -0.163769 0.427049 0.099399
v -0.162361 0.427152 0.099223
v -0.164631 0.426853 0.100515
v -0.164443 0.426678 0.101915
v -0.050181 0.131481 0.027267
v -0.053253 0.131015 0.024776
v -0.053936 0.131909 0.020956
v -0.051838 0.133636 0.018045
v -0.048181 0.135185 0.017753
v -0.048181 0.135185 0.017753
v -0.045109 0.135651 0.020244
v -0.044426 0.134757 0.024064
v -0.046524 0.133031 0.026975
v 0.064828 0.158433 0.017850
v 0.067865 0.156664 0.019869
v 0.059465 0.155215 0.031103
v 0.056272 0.157124 0.028922
v 0.070606 0.157946 0.022603
v 0.062680 0.156595 0.033624
v 0.071450 0.161522 0.024451
v 0.064036 0.160447 0.035010
v 0.069895 0.165299 0.024326
v 0.062733 0.164519 0.034444
v 0.066859 0.167068 0.022307
v 0.059540 0.166427 0.032263
v 0.066859 0.167068 0.022307
v 0.064117 0.165785 0.019573
v 0.056324 0.165048 0.029742
v 0.059540 0.166427 0.032263
v 0.063274 0.162210 0.017726
v 0.054968 0.161196 0.028356
v 0.075852 0.165028 0.007079
v 0.078296 0.163205 0.009373
v 0.079917 0.163911 0.012832
v 0.079768 0.166726 0.015430
v 0.077931 0.170005 0.015641
v 0.075487 0.171828 0.013348
v 0.075487 0.171828 0.013348
v 0.073866 0.171122 0.009888
v 0.074015 0.168307 0.007290
v 0.089406 0.173409 0.003900
v 0.091055 0.171320 0.006138
v 0.091631 0.171355 0.009572
v 0.090799 0.173489 0.012190
v 0.089045 0.176475 0.012455
v 0.087396 0.178564 0.010218
v 0.087396 0.178564 0.010218
v 0.086820 0.178529 0.006784
v 0.087651 0.176395 0.004165
v 0.166771 0.220983 -0.000995
v 0.167498 0.219916 0.000103
v 0.167664 0.219862 0.001789
v 0.167173 0.220850 0.003075
v 0.166311 0.222303 0.003207
v 0.165584 0.223371 0.002109
v 0.165584 0.223371 0.002109
v 0.165418 0.223425 0.000423
v 0.165910 0.222437 -0.000863
v 0.170231 0.223066 -0.001128
v 0.171087 0.222150 -0.000083
v 0.171214 0.222091 0.001530
v 0.170541 0.222922 0.002767
v 0.169459 0.224158 0.002899
v 0.168603 0.225074 0.001854
v 0.168603 0.225074 0.001854
v 0.168476 0.225133 0.000241
v 0.169149 0.224302 -0.000995
v 0.172640 0.226141 -0.001077
v 0.173637 0.225518 -0.000064
v 0.173735 0.225468 0.001479
v 0.172877 0.226018 0.002649
v 0.171566 0.226847 0.002759
v 0.170569 0.227470 0.001747
v 0.170569 0.227470 0.001747
v 0.170472 0.227520 0.000203
v 0.171329 0.226970 -0.000967
v 0.175455 0.231899 -0.000922
v 0.176417 0.231420 0.000011
v 0.176505 0.231376 0.001431
v 0.175670 0.231792 0.002506
v 0.174399 0.232425 0.002604
v 0.173437 0.232904 0.001671
v 0.173437 0.232904 0.001671
v 0.173349 0.232948 0.000251
v 0.174184 0.232532 -0.000823
v -0.133587 0.284189 -0.043285
v -0.131004 0.286415 -0.043410
v -0.123415 0.279642 -0.028509
v -0.126236 0.277122 -0.028266
v -0.130434 0.289525 -0.042120
v -0.122860 0.283170 -0.027237
v -0.132205 0.291697 -0.040171
v -0.124889 0.285638 -0.025198
v -0.132205 0.291697 -0.040171
v -0.135284 0.291654 -0.038706
v -0.128320 0.285597 -0.023586
v -0.124889 0.285638 -0.025198
v -0.137867 0.289428 -0.038580
v -0.131141 0.283076 -0.023344
v -0.138437 0.286318 -0.039871
v -0.131696 0.279549 -0.024616
v -0.136666 0.284147 -0.041820
v -0.129667 0.277081 -0.026655
v -0.138824 0.290540 -0.053658
v -0.136349 0.292496 -0.053592
v -0.135547 0.295045 -0.051833
v -0.136884 0.296696 -0.049415
v -0.136884 0.296696 -0.049415
v -0.139579 0.296477 -0.047755
v -0.142054 0.294522 -0.047821
v -0.142856 0.291972 -0.049579
v -0.141520 0.290322 -0.051997
v -0.145361 0.300099 -0.059878
v -0.143042 0.301826 -0.059751
v -0.142035 0.303759 -0.057846
v -0.142925 0.304766 -0.055284
v -0.142925 0.304766 -0.055284
v -0.145196 0.304255 -0.053564
v -0.147515 0.302528 -0.053691
v -0.148522 0.300595 -0.055595
v -0.147631 0.299587 -0.058158
v -0.180537 0.350128 -0.087116
v -0.179249 0.350873 -0.086974
v -0.178598 0.351682 -0.085894
v -0.178965 0.352081 -0.084510
v -0.178965 0.352081 -0.084510
v -0.180137 0.351836 -0.083633
v -0.181425 0.351091 -0.083775
v -0.182075 0.350282 -0.084855
v -0.181708 0.349883 -0.086239
v -0.182416 0.355104 -0.088461
v -0.181099 0.355483 -0.088263
v -0.180348 0.355899 -0.087175
v -0.180599 0.356107 -0.085836
v -0.180599 0.356107 -0.085836
v -0.181708 0.355986 -0.085031
v -0.183024 0.355606 -0.085230
v -0.183776 0.355191 -0.086318
v -0.183525 0.354982 -0.087656
v -0.183260 0.361056 -0.088989
v -0.182040 0.361258 -0.088797
v -0.181329 0.361479 -0.087792
v -0.181540 0.361590 -0.086564
v -0.181540 0.361590 -0.086564
v -0.182553 0.361525 -0.085833
v -0.183772 0.361324 -0.086025
v -0.184484 0.361103 -0.087030
v -0.184273 0.360992 -0.088258
v 0.088596 0.176124 0.052297
v 0.089377 0.179072 0.049370
v 0.088263 0.174524 0.044289
v 0.087458 0.171475 0.047230
v 0.092816 0.180356 0.047265
v 0.091798 0.175952 0.042272
v 0.092816 0.180356 0.047265
v 0.096894 0.179228 0.047212
v 0.095986 0.174929 0.042358
v 0.091798 0.175952 0.042272
v 0.099221 0.176343 0.049248
v 0.098373 0.172047 0.044501
v 0.098440 0.173394 0.052175
v 0.097568 0.168998 0.047442
v 0.095001 0.172111 0.054280
v 0.094034 0.167570 0.049459
v 0.090923 0.173239 0.054333
v 0.089846 0.168593 0.049374
v 0.093766 0.189598 0.066700
v 0.094321 0.191954 0.063481
v 0.097337 0.192600 0.060861
v 0.097337 0.192600 0.060861
v 0.101043 0.191161 0.060370
v 0.103267 0.188477 0.062303
v 0.102712 0.186121 0.065522
v 0.099696 0.185476 0.068143
v 0.095990 0.186914 0.068633
v 0.097622 0.195587 0.070329
v 0.097627 0.197153 0.066734
v 0.100016 0.196984 0.063630
v 0.100016 0.196984 0.063630
v 0.103383 0.195183 0.062832
v 0.105757 0.192802 0.064815
v 0.105751 0.191236 0.068410
v 0.103363 0.191405 0.071514
v 0.099995 0.193206 0.072312
v 0.102611 0.202909 0.072398
v 0.102290 0.203976 0.068776
v 0.104310 0.203388 0.065624
v 0.104310 0.203388 0.065624
v 0.107482 0.201492 0.064784
v 0.109949 0.199398 0.066755
v 0.110270 0.198330 0.070377
v 0.108251 0.198918 0.073530
v 0.105079 0.200814 0.074370
v 0.172918 0.306273 0.090495
v 0.172700 0.306848 0.088383
v 0.173796 0.306395 0.086530
v 0.173796 0.306395 0.086530
v 0.175561 0.305182 0.086019
v 0.176962 0.303918 0.087153
v 0.177181 0.303342 0.089264
v 0.176085 0.303795 0.091117
v 0.174319 0.305008 0.091629
v 0.183582 0.318748 0.092915
v 0.183483 0.319349 0.091012
v 0.184346 0.318744 0.089307
v 0.184346 0.318744 0.089307
v 0.185663 0.317292 0.088797
v 0.186663 0.315840 0.089785
v 0.186762 0.315240 0.091688
v 0.185900 0.315844 0.093393
v 0.184582 0.317297 0.093903
v 0.191948 0.323374 0.094301
v 0.192004 0.323976 0.092518
v 0.192577 0.323227 0.090884
v 0.192577 0.323227 0.090884
v 0.193332 0.321569 0.090356
v 0.193826 0.319971 0.091245
v 0.193770 0.319369 0.093029
v 0.193197 0.320118 0.094662
v 0.192442 0.321777 0.095191
v 0.204041 0.326333 0.095986
v 0.204157 0.326886 0.094352
v 0.204496 0.326134 0.092831
v 0.204496 0.326134 0.092831
v 0.204860 0.324521 0.092312
v 0.205035 0.322990 0.093102
v 0.204919 0.322438 0.094736
v 0.204580 0.323190 0.096258
v 0.204216 0.324803 0.096777
v 0.228165 0.328717 0.098468
v 0.228268 0.329171 0.097124
v 0.228481 0.328544 0.095864
v 0.228481 0.328544 0.095864
v 0.228680 0.327204 0.095427
v 0.228748 0.325937 0.096070
v 0.228646 0.325482 0.097415
v 0.228432 0.326110 0.098674
v 0.228233 0.327449 0.099112
v 0.037796 0.074311 0.050301
v 0.040763 0.073934 0.049237
v 0.038512 0.062584 0.046097
v 0.035420 0.062914 0.047186
v 0.043482 0.072877 0.050499
v 0.041370 0.061661 0.047452
v 0.044364 0.071760 0.053342
v 0.042322 0.060684 0.050451
v 0.042886 0.071238 0.056103
v 0.040805 0.060228 0.053340
v 0.039919 0.071615 0.057167
v 0.037713 0.060558 0.054429
v 0.037199 0.072672 0.055905
v 0.034855 0.061482 0.053074
v 0.036318 0.073789 0.053062
v 0.033903 0.062458 0.050075
v 0.037796 0.074311 0.050301
v 0.035420 0.062914 0.047186
v 0.043742 0.094390 0.058108
v 0.046468 0.093926 0.057078
v 0.048905 0.092627 0.058133
v 0.049628 0.091256 0.060651
v 0.048208 0.090616 0.063158
v 0.045482 0.091080 0.064188
v 0.043045 0.092378 0.063133
v 0.042322 0.093750 0.060615
v 0.043742 0.094390 0.058108
v 0.050755 0.111515 0.067324
v 0.053251 0.110982 0.066314
v 0.055403 0.109489 0.067148
v 0.055955 0.107914 0.069333
v 0.054577 0.107180 0.071591
v 0.052082 0.107714 0.072600
v 0.049929 0.109206 0.071766
v 0.049378 0.110781 0.069581
v 0.050755 0.111515 0.067324
v 0.058290 0.125411 0.077230
v 0.060570 0.124825 0.076229
v 0.062447 0.123190 0.076839
v 0.062824 0.121465 0.078697
v 0.061476 0.120662 0.080718
v 0.059195 0.121247 0.081719
v 0.057318 0.122883 0.081110
v 0.056941 0.124608 0.079251
v 0.058290 0.125411 0.077230
v 0.067685 0.138351 0.089589
v 0.069734 0.137739 0.088602
v 0.071321 0.136033 0.088979
v 0.071519 0.134235 0.090495
v 0.070207 0.133398 0.092265
v 0.068157 0.134011 0.093252
v 0.066570 0.135716 0.092875
v 0.066373 0.137515 0.091358
v 0.067685 0.138351 0.089589
v 0.076092 0.146887 0.100651
v 0.077949 0.146263 0.099666
v 0.079286 0.144528 0.099833
v 0.079321 0.142700 0.101051
v 0.078030 0.141851 0.102607
v 0.076172 0.142474 0.103592
v 0.074836 0.144209 0.103425
v 0.074801 0.146037 0.102207
v 0.076092 0.146887 0.100651
v 0.085695 0.153909 0.113289
v 0.087356 0.153296 0.112319
v 0.088449 0.151595 0.112293
v 0.088336 0.149803 0.113225
v 0.087080 0.148972 0.114570
v 0.085419 0.149584 0.115540
v 0.084326 0.151285 0.115566
v 0.084439 0.153077 0.114634
v 0.085695 0.153909 0.113289
v 0.096566 0.159019 0.127598
v 0.098025 0.158439 0.126656
v 0.098882 0.156830 0.126458
v 0.098639 0.155136 0.127119
v 0.097435 0.154350 0.128253
v 0.095976 0.154930 0.129196
v 0.095118 0.156539 0.129393
v 0.095362 0.158233 0.128733
v 0.096566 0.159019 0.127598
v 0.108762 0.161813 0.143653
v 0.110013 0.161286 0.142759
v 0.110655 0.159827 0.142427
v 0.110313 0.158292 0.142848
v 0.109185 0.157581 0.143778
v 0.107933 0.158108 0.144672
v 0.107292 0.159567 0.145004
v 0.107634 0.161102 0.144583
v 0.108762 0.161813 0.143653
v 0.122341 0.161897 0.161530
v 0.123382 0.161442 0.160715
v 0.123835 0.160184 0.160300
v 0.123437 0.158861 0.160526
v 0.122419 0.158249 0.161264
v 0.121378 0.158704 0.162079
v 0.120925 0.159961 0.162494
v 0.121323 0.161285 0.162267
v 0.122341 0.161897 0.161530
v 0.137371 0.158880 0.181316
v 0.138195 0.158513 0.180614
v 0.138492 0.157497 0.180179
v 0.138089 0.156429 0.180263
v 0.137220 0.155934 0.180819
v 0.136396 0.156302 0.181520
v 0.136099 0.157318 0.181956
v 0.136502 0.158386 0.181872
v 0.137371 0.158880 0.181316
v 0.153887 0.152386 0.203060
v 0.154495 0.152114 0.202522
v 0.154692 0.151362 0.202162
v 0.154363 0.150572 0.202189
v 0.153700 0.150206 0.202590
v 0.153091 0.150478 0.203128
v 0.152894 0.151230 0.203488
v 0.153224 0.152020 0.203460
v 0.153887 0.152386 0.203060
v -0.062830 0.082663 0.046441
v -0.062204 0.082883 0.043592
v -0.059523 0.054359 0.042569
v -0.060238 0.054198 0.045781
v -0.059765 0.083353 0.042041
v -0.056755 0.054703 0.040816
v -0.056945 0.083798 0.042691
v -0.053558 0.055029 0.041544
v -0.055396 0.083957 0.045167
v -0.051807 0.055145 0.044332
v -0.055396 0.083957 0.045167
v -0.056022 0.083737 0.048015
v -0.052523 0.054984 0.047544
v -0.051807 0.055145 0.044332
v -0.058461 0.083267 0.049567
v -0.055291 0.054640 0.049297
v -0.061282 0.082822 0.048917
v -0.058488 0.054314 0.048569
v -0.070106 0.117318 0.048243
v -0.069611 0.117637 0.045852
v -0.067623 0.118321 0.044560
v -0.065310 0.118968 0.045121
v -0.064027 0.119199 0.047210
v -0.064027 0.119199 0.047210
v -0.064522 0.118880 0.049602
v -0.066510 0.118196 0.050894
v -0.068823 0.117549 0.050333
v -0.079015 0.142735 0.050431
v -0.078636 0.143128 0.048392
v -0.077029 0.143969 0.047307
v -0.075136 0.144767 0.047808
v -0.074068 0.145052 0.049606
v -0.074068 0.145052 0.049606
v -0.074447 0.144659 0.051644
v -0.076055 0.143817 0.052729
v -0.077947 0.143020 0.052228
v -0.089607 0.163327 0.053021
v -0.089339 0.163764 0.051289
v -0.088081 0.164703 0.050388
v -0.086573 0.165593 0.050842
v -0.085698 0.165912 0.052389
v -0.085698 0.165912 0.052389
v -0.085966 0.165474 0.054121
v -0.087224 0.164535 0.055022
v -0.088732 0.163645 0.054567
v -0.100482 0.178414 0.055673
v -0.100311 0.178872 0.054191
v -0.099355 0.179857 0.053443
v -0.098174 0.180790 0.053865
v -0.097462 0.181125 0.055211
v -0.097462 0.181125 0.055211
v -0.097633 0.180667 0.056693
v -0.098589 0.179683 0.057441
v -0.099769 0.178749 0.057019
v -0.110182 0.188452 0.058036
v -0.110092 0.188915 0.056745
v -0.109381 0.189913 0.056117
v -0.108465 0.190859 0.056517
v -0.107881 0.191199 0.057713
v -0.107881 0.191199 0.057713
v -0.107971 0.190736 0.059004
v -0.108682 0.189738 0.059632
v -0.109598 0.188792 0.059232
v -0.121372 0.197114 0.060758
v -0.121351 0.197555 0.059658
v -0.120858 0.198506 0.059145
v -0.120183 0.199408 0.059517
v -0.119720 0.199733 0.060559
v -0.119720 0.199733 0.060559
v -0.119740 0.199292 0.061659
v -0.120233 0.198341 0.062173
v -0.120909 0.197439 0.061801
v -0.129657 0.201940 0.062774
v -0.129692 0.202362 0.061805
v -0.129367 0.203274 0.061374
v -0.128873 0.204139 0.061732
v -0.128499 0.204451 0.062670
v -0.128499 0.204451 0.062670
v -0.128464 0.204028 0.063639
v -0.128789 0.203117 0.064070
v -0.129283 0.202252 0.063712
v -0.143634 0.207643 0.066170
v -0.143686 0.207994 0.065391
v -0.143473 0.208753 0.065054
v -0.143121 0.209473 0.065355
v -0.142835 0.209732 0.066120
v -0.142835 0.209732 0.066120
v -0.142783 0.209381 0.066899
v -0.142996 0.208623 0.067236
v -0.143348 0.207902 0.066935
v 0.062952 0.079971 -0.051871
v 0.064873 0.078999 -0.053907
v 0.059338 0.055908 -0.050246
v 0.057158 0.056819 -0.047950
v 0.067725 0.078205 -0.053882
v 0.062547 0.055163 -0.050241
v 0.069838 0.078051 -0.051818
v 0.064906 0.055019 -0.047945
v 0.069970 0.078630 -0.048919
v 0.065027 0.055563 -0.044698
v 0.068050 0.079602 -0.046883
v 0.062847 0.056474 -0.042402
v 0.065198 0.080397 -0.046907
v 0.059638 0.057219 -0.042406
v 0.063085 0.080550 -0.048972
v 0.057280 0.057362 -0.044703
v 0.063085 0.080550 -0.048972
v 0.057280 0.057362 -0.044703
v 0.071138 0.103403 -0.057577
v 0.072729 0.102263 -0.059304
v 0.075163 0.101327 -0.059232
v 0.077014 0.101143 -0.057408
v 0.077194 0.101820 -0.054897
v 0.075604 0.102961 -0.053170
v 0.073170 0.103896 -0.053242
v 0.071319 0.104080 -0.055066
v 0.071319 0.104080 -0.055066
v 0.079305 0.120398 -0.063380
v 0.080591 0.119094 -0.064834
v 0.082662 0.118020 -0.064699
v 0.084304 0.117804 -0.063057
v 0.084553 0.118574 -0.060867
v 0.083267 0.119877 -0.059412
v 0.081195 0.120951 -0.059547
v 0.079553 0.121168 -0.061190
v 0.079553 0.121168 -0.061190
v 0.087303 0.132440 -0.069135
v 0.088292 0.130992 -0.070337
v 0.090031 0.129793 -0.070119
v 0.091500 0.129543 -0.068613
v 0.091837 0.130393 -0.066699
v 0.090848 0.131841 -0.065497
v 0.089109 0.133040 -0.065715
v 0.087640 0.133289 -0.067221
v 0.087640 0.133289 -0.067221
v 0.094202 0.139815 -0.074142
v 0.094918 0.138261 -0.075118
v 0.096367 0.136967 -0.074805
v 0.097701 0.136689 -0.073390
v 0.098135 0.137593 -0.071699
v 0.097420 0.139148 -0.070723
v 0.095970 0.140442 -0.071036
v 0.094637 0.140720 -0.072451
v 0.094637 0.140720 -0.072451
v 0.099266 0.143681 -0.077834
v 0.099743 0.142054 -0.078620
v 0.100953 0.140691 -0.078209
v 0.102186 0.140391 -0.076843
v 0.102719 0.141331 -0.075323
v 0.102243 0.142959 -0.074537
v 0.101033 0.144321 -0.074948
v 0.099800 0.144622 -0.076314
v 0.099800 0.144622 -0.076314
v 0.104682 0.146503 -0.081795
v 0.104917 0.144851 -0.082389
v 0.105884 0.143460 -0.081874
v 0.107014 0.143145 -0.080556
v 0.107646 0.144092 -0.079204
v 0.107411 0.145745 -0.078610
v 0.106445 0.147135 -0.079125
v 0.105314 0.147451 -0.080443
v 0.105314 0.147451 -0.080443
v 0.110461 0.148137 -0.086029
v 0.110447 0.146512 -0.086426
v 0.111161 0.145136 -0.085803
v 0.112184 0.144813 -0.084529
v 0.112917 0.145736 -0.083349
v 0.112931 0.147361 -0.082952
v 0.112217 0.148737 -0.083575
v 0.111194 0.149060 -0.084849
v 0.111194 0.149060 -0.084849
v 0.116596 0.148430 -0.090528
v 0.116348 0.146895 -0.090738
v 0.116820 0.145587 -0.090017
v 0.117732 0.145269 -0.088789
v 0.118552 0.146131 -0.087774
v 0.118800 0.147666 -0.087564
v 0.118328 0.148975 -0.088285
v 0.117415 0.149292 -0.089513
v 0.117415 0.149292 -0.089513
v 0.123074 0.147242 -0.095280
v 0.122637 0.145853 -0.095331
v 0.122897 0.144661 -0.094538
v 0.123700 0.144363 -0.093366
v 0.124576 0.145135 -0.092502
v 0.125013 0.146524 -0.092451
v 0.124753 0.147716 -0.093244
v 0.123950 0.148014 -0.094416
v 0.123950 0.148014 -0.094416
v 0.129888 0.144442 -0.100275
v 0.129323 0.143236 -0.100207
v 0.129418 0.142196 -0.099380
v 0.130116 0.141929 -0.098280
v 0.131008 0.142594 -0.097552
v 0.131573 0.143800 -0.097620
v 0.131479 0.144840 -0.098446
v 0.130781 0.145107 -0.099546
v 0.130781 0.145107 -0.099546
v 0.137043 0.139904 -0.105510
v 0.136416 0.138898 -0.105365
v 0.136396 0.138027 -0.104550
v 0.136993 0.137799 -0.103543
v 0.137858 0.138350 -0.102935
v 0.138485 0.139356 -0.103080
v 0.138505 0.140228 -0.103896
v 0.137908 0.140456 -0.104902
v 0.137908 0.140456 -0.104902
v 0.144549 0.133500 -0.110989
v 0.143923 0.132694 -0.110805
v 0.143833 0.131994 -0.110046
v 0.144331 0.131809 -0.109157
v 0.145126 0.132249 -0.108660
v 0.145752 0.133055 -0.108843
v 0.145842 0.133755 -0.109602
v 0.145344 0.133940 -0.110491
v 0.145344 0.133940 -0.110491
v 0.152399 0.125113 -0.116702
v 0.151853 0.124476 -0.116529
v 0.151755 0.123922 -0.115884
v 0.152160 0.123775 -0.115143
v 0.152833 0.124122 -0.114743
v 0.153379 0.124760 -0.114915
v 0.153477 0.125314 -0.115561
v 0.153072 0.125461 -0.116301
v 0.153072 0.125461 -0.116301
v 0.036682 0.133692 -0.020298
v 0.042831 0.132784 -0.021249
v 0.033677 0.052623 -0.013434
v 0.026896 0.053528 -0.012377
v 0.047911 0.132569 -0.017551
v 0.039273 0.052408 -0.009366
v 0.048954 0.133170 -0.011379
v 0.040414 0.053007 -0.002565
v 0.045337 0.134237 -0.006348
v 0.036418 0.054071 0.002987
v 0.039189 0.135145 -0.005398
v 0.029637 0.054976 0.004044
v 0.034108 0.135361 -0.009096
v 0.024042 0.055191 -0.000024
v 0.034108 0.135361 -0.009096
v 0.033065 0.134760 -0.015267
v 0.022901 0.054592 -0.006825
v 0.024042 0.055191 -0.000024
v 0.038581 0.142309 -0.021912
v 0.044180 0.139645 -0.022389
v 0.049075 0.139021 -0.018615
v 0.050406 0.140797 -0.012809
v 0.047382 0.143937 -0.008372
v 0.041783 0.146601 -0.007896
v 0.036888 0.147225 -0.011670
v 0.036888 0.147225 -0.011670
v 0.035557 0.145449 -0.017476
v 0.066199 0.197900 -0.044974
v 0.069576 0.198021 -0.049516
v 0.069558 0.190009 -0.049609
v 0.066178 0.190665 -0.045039
v 0.067027 0.197850 -0.039378
v 0.067038 0.191041 -0.039398
v 0.071565 0.197900 -0.036003
v 0.067027 0.197850 -0.039378
v 0.067038 0.191041 -0.039398
v 0.071626 0.190916 -0.035989
v 0.077161 0.198023 -0.036836
v 0.077259 0.190363 -0.036818
v 0.080538 0.198145 -0.041378
v 0.080640 0.189706 -0.041388
v 0.079710 0.198195 -0.046975
v 0.079779 0.189331 -0.047028
v 0.075172 0.198144 -0.050349
v 0.075192 0.189455 -0.050437
v 0.094911 0.540736 -0.047759
v 0.097713 0.539863 -0.048211
v 0.091612 0.516415 -0.048323
v 0.088555 0.517068 -0.047843
v 0.100007 0.539185 -0.046453
v 0.094099 0.515868 -0.046451
v 0.100453 0.539098 -0.043519
v 0.094562 0.515747 -0.043328
v 0.098785 0.539654 -0.041127
v 0.092725 0.516124 -0.040782
v 0.095983 0.540528 -0.040675
v 0.089667 0.516777 -0.040303
v 0.093689 0.541206 -0.042433
v 0.087180 0.517325 -0.042175
v 0.093689 0.541206 -0.042433
v 0.093243 0.541292 -0.045367
v 0.086717 0.517446 -0.045298
v 0.087180 0.517325 -0.042175
v 0.087399 0.490840 -0.049067
v 0.084090 0.491212 -0.048567
v 0.090086 0.490510 -0.047064
v 0.090580 0.490416 -0.043739
v 0.088586 0.490614 -0.041037
v 0.085276 0.490987 -0.040537
v 0.082590 0.491316 -0.042539
v 0.082096 0.491410 -0.045865
v 0.082590 0.491316 -0.042539
v 0.042253 0.147928 -0.025188
v 0.047216 0.144295 -0.025110
v 0.051922 0.143452 -0.021239
v 0.053618 0.145886 -0.015850
v 0.051301 0.150176 -0.012100
v 0.046338 0.153809 -0.012179
v 0.041633 0.154652 -0.016049
v 0.041633 0.154652 -0.016049
v 0.039937 0.152218 -0.021438
v 0.068253 0.298243 -0.047024
v 0.071157 0.298100 -0.050935
v 0.068971 0.298265 -0.042204
v 0.072880 0.298152 -0.039297
v 0.068971 0.298265 -0.042204
v 0.077697 0.297970 -0.040014
v 0.080601 0.297827 -0.043925
v 0.079883 0.297806 -0.048745
v 0.075974 0.297919 -0.051652
v 0.063148 0.175200 -0.043932
v 0.067886 0.171777 -0.043878
v 0.072363 0.170983 -0.040204
v 0.073960 0.173275 -0.035069
v 0.071733 0.177318 -0.031483
v 0.066995 0.180741 -0.031537
v 0.062519 0.181535 -0.035211
v 0.062519 0.181535 -0.035211
v 0.060921 0.179242 -0.040345
v 0.067860 0.182949 -0.048143
v 0.073126 0.180626 -0.048616
v 0.077674 0.180093 -0.045105
v 0.078845 0.181658 -0.039673
v 0.075942 0.184408 -0.035502
v 0.070676 0.186731 -0.035029
v 0.066128 0.187264 -0.038541
v 0.066128 0.187264 -0.038541
v 0.064958 0.185699 -0.043972
v 0.131785 0.620502 -0.050142
v 0.132791 0.619528 -0.051946
v 0.131144 0.617183 -0.051613
v 0.130101 0.618127 -0.049785
v 0.132201 0.620555 -0.047897
v 0.130507 0.618158 -0.047514
v 0.133793 0.619659 -0.046525
v 0.132201 0.620555 -0.047897
v 0.130507 0.618158 -0.047514
v 0.132119 0.617260 -0.046130
v 0.135630 0.618337 -0.046835
v 0.133996 0.615957 -0.046447
v 0.136636 0.617363 -0.048639
v 0.135039 0.615013 -0.048276
v 0.136220 0.617310 -0.050885
v 0.134634 0.614982 -0.050546
v 0.134628 0.618206 -0.052256
v 0.133021 0.615880 -0.051930
v 0.127702 0.611941 -0.051064
v 0.126577 0.612812 -0.049186
v 0.126969 0.612808 -0.046863
v 0.126969 0.612808 -0.046863
v 0.128643 0.611934 -0.045455
v 0.130622 0.610700 -0.045790
v 0.131747 0.609828 -0.047668
v 0.131355 0.609832 -0.049991
v 0.129681 0.610707 -0.051400
v 0.115669 0.590921 -0.049453
v 0.114376 0.591725 -0.047413
v 0.114782 0.591697 -0.044901
v 0.114782 0.591697 -0.044901
v 0.116647 0.590853 -0.043387
v 0.118878 0.589688 -0.043761
v 0.120171 0.588884 -0.045801
v 0.119764 0.588913 -0.048313
v 0.117900 0.589756 -0.049828
v 0.102276 0.565920 -0.046029
v 0.103766 0.565221 -0.048255
v 0.102703 0.565863 -0.043297
v 0.104792 0.565086 -0.041657
v 0.102703 0.565863 -0.043297
v 0.107323 0.564042 -0.042075
v 0.108813 0.563343 -0.044300
v 0.108386 0.563400 -0.047033
v 0.106296 0.564177 -0.048672
v 0.044408 0.283990 -0.015547
v 0.048373 0.284065 -0.013901
v 0.059911 0.160615 -0.031552
v 0.055147 0.160431 -0.033546
v 0.050036 0.283565 -0.009973
v 0.061892 0.160241 -0.026794
v 0.048430 0.282785 -0.006069
v 0.059939 0.159528 -0.022062
v 0.044488 0.282180 -0.004477
v 0.055187 0.158895 -0.020133
v 0.040523 0.282105 -0.006123
v 0.050423 0.158711 -0.022127
v 0.038860 0.282605 -0.010050
v 0.048441 0.159085 -0.026886
v 0.038860 0.282605 -0.010050
v 0.040467 0.283385 -0.013955
v 0.050394 0.159797 -0.031617
v 0.048441 0.159085 -0.026886
v 0.026004 0.462124 0.030142
v 0.028743 0.462780 0.029092
v 0.030864 0.438779 0.020377
v 0.027957 0.438163 0.021517
v 0.024929 0.461016 0.032720
v 0.026803 0.437178 0.024314
v 0.026142 0.460104 0.035314
v 0.024929 0.461016 0.032720
v 0.026803 0.437178 0.024314
v 0.028070 0.436401 0.027128
v 0.028938 0.459924 0.036402
v 0.031024 0.436288 0.028308
v 0.031677 0.460579 0.035352
v 0.033931 0.436904 0.027168
v 0.032751 0.461688 0.032774
v 0.035086 0.437889 0.024371
v 0.031538 0.462600 0.030180
v 0.033818 0.438666 0.021557
v 0.027987 0.499320 0.049337
v 0.025437 0.499715 0.048480
v 0.024677 0.507985 0.055662
v 0.027171 0.507470 0.056385
v 0.029134 0.497934 0.051375
v 0.028317 0.505807 0.058098
v 0.028212 0.496370 0.053398
v 0.027448 0.503971 0.059799
v 0.025756 0.495545 0.054221
v 0.025069 0.503038 0.060488
v 0.023206 0.495940 0.053364
v 0.022576 0.503552 0.059765
v 0.022058 0.497326 0.051326
v 0.021430 0.505216 0.058051
v 0.022980 0.498890 0.049303
v 0.022058 0.497326 0.051326
v 0.021430 0.505216 0.058051
v 0.022298 0.507052 0.056351
v 0.035721 0.383489 0.004808
v 0.039038 0.383463 0.006164
v 0.040444 0.382832 0.009399
v 0.039122 0.381967 0.012615
v 0.035840 0.381374 0.013926
v 0.032524 0.381400 0.012570
v 0.031117 0.382031 0.009335
v 0.031117 0.382031 0.009335
v 0.032439 0.382896 0.006119
v 0.021823 0.512671 0.063704
v 0.024136 0.513690 0.063167
v 0.021000 0.510614 0.065034
v 0.022143 0.508726 0.066378
v 0.021000 0.510614 0.065034
v 0.024589 0.508115 0.066947
v 0.026902 0.509135 0.066410
v 0.027725 0.511192 0.065080
v 0.026581 0.513079 0.063736
v 0.028999 0.488982 0.042649
v 0.026379 0.489285 0.041699
v 0.030160 0.487802 0.044911
v 0.029186 0.486440 0.047159
v 0.026644 0.485693 0.048074
v 0.024025 0.485996 0.047124
v 0.022864 0.487176 0.044861
v 0.023837 0.488538 0.042613
v 0.022864 0.487176 0.044861
v 0.027487 0.476904 0.035247
v 0.024851 0.476211 0.036234
v 0.023827 0.474995 0.038658
v 0.023827 0.474995 0.038658
v 0.025010 0.473969 0.041097
v 0.027712 0.473735 0.042121
v 0.030348 0.474428 0.041134
v 0.031372 0.475643 0.038710
v 0.030189 0.476670 0.036271
v -0.043154 0.087692 -0.007291
v -0.039974 0.088025 -0.011858
v -0.034847 0.047168 -0.010891
v -0.038145 0.046879 -0.006168
v -0.034543 0.088828 -0.012823
v -0.029209 0.047866 -0.011885
v -0.030044 0.089632 -0.009631
v -0.024535 0.048564 -0.008579
v -0.029118 0.089964 -0.004144
v -0.023569 0.048852 -0.002900
v -0.029118 0.089964 -0.004144
v -0.032298 0.089632 0.000422
v -0.026867 0.048564 0.001823
v -0.023569 0.048852 -0.002900
v -0.037729 0.088828 0.001387
v -0.032505 0.047866 0.002817
v -0.042228 0.088025 -0.001804
v -0.037179 0.047168 -0.000489
v -0.045860 0.103322 -0.007898
v -0.042786 0.103992 -0.012412
v -0.037580 0.105612 -0.013397
v -0.033293 0.107233 -0.010284
v -0.032441 0.107903 -0.004889
v -0.032441 0.107903 -0.004889
v -0.035514 0.107233 -0.000374
v -0.040720 0.105612 0.000610
v -0.045008 0.103992 -0.002503
v -0.052661 0.117589 -0.009422
v -0.049782 0.118556 -0.013905
v -0.045013 0.120896 -0.014956
v -0.041149 0.123235 -0.011970
v -0.040459 0.124202 -0.006687
v -0.040459 0.124202 -0.006687
v -0.043338 0.123235 -0.002204
v -0.048107 0.120896 -0.001153
v -0.051971 0.118556 -0.004140
v -0.119924 0.242069 -0.024502
v -0.117371 0.242868 -0.028429
v -0.113120 0.244801 -0.029335
v -0.109663 0.246733 -0.026701
v -0.109030 0.247532 -0.022060
v -0.109030 0.247532 -0.022060
v -0.111584 0.246733 -0.018133
v -0.115834 0.244801 -0.017227
v -0.119291 0.242868 -0.019861
v -0.130671 0.268677 -0.026912
v -0.128075 0.269181 -0.030705
v -0.123669 0.270399 -0.031527
v -0.120035 0.271617 -0.028903
v -0.119307 0.272120 -0.024364
v -0.119307 0.272120 -0.024364
v -0.121903 0.271617 -0.020570
v -0.126309 0.270399 -0.019749
v -0.129943 0.269181 -0.022372
v -0.135405 0.296837 -0.027973
v -0.132843 0.297101 -0.031651
v -0.128467 0.297739 -0.032428
v -0.124841 0.298378 -0.029857
v -0.124095 0.298642 -0.025437
v -0.124095 0.298642 -0.025437
v -0.126657 0.298378 -0.021759
v -0.131033 0.297739 -0.020982
v -0.134659 0.297101 -0.023553
v -0.177652 0.637872 -0.037444
v -0.176003 0.638018 -0.039806
v -0.173184 0.638370 -0.040303
v -0.170847 0.638721 -0.038650
v -0.170365 0.638867 -0.035811
v -0.170365 0.638867 -0.035811
v -0.172013 0.638721 -0.033449
v -0.174832 0.638370 -0.032952
v -0.177169 0.638018 -0.034605
v -0.139511 0.335689 -0.021814
v -0.139162 0.335333 -0.018113
v -0.120617 0.276552 -0.024461
v -0.121005 0.276914 -0.028749
v -0.141413 0.334226 -0.015348
v -0.123261 0.275393 -0.021246
v -0.144939 0.333018 -0.015132
v -0.127380 0.274117 -0.020982
v -0.147676 0.332418 -0.017599
v -0.130563 0.273472 -0.023831
v -0.148025 0.332774 -0.021300
v -0.130950 0.273835 -0.028119
v -0.145774 0.333881 -0.024065
v -0.128307 0.274994 -0.031334
v -0.142248 0.335089 -0.024281
v -0.124188 0.276270 -0.031598
v -0.139511 0.335689 -0.021814
v -0.121005 0.276914 -0.028749
v -0.165381 0.403712 -0.011560
v -0.165068 0.403345 -0.008559
v -0.166831 0.402258 -0.006335
v -0.169633 0.401089 -0.006186
v -0.171833 0.400523 -0.008206
v -0.172145 0.400890 -0.011207
v -0.170382 0.401978 -0.013432
v -0.167580 0.403147 -0.013580
v -0.165381 0.403712 -0.011560
v -0.188806 0.454100 -0.001833
v -0.188516 0.453726 0.000629
v -0.189892 0.452657 0.002432
v -0.192125 0.451520 0.002522
v -0.193907 0.450982 0.000842
v -0.194196 0.451356 -0.001620
v -0.192820 0.452425 -0.003422
v -0.190588 0.453562 -0.003512
v -0.188806 0.454100 -0.001833
v -0.207807 0.487589 0.006349
v -0.207527 0.487211 0.008433
v -0.208620 0.486155 0.009934
v -0.210442 0.485042 0.009977
v -0.211928 0.484524 0.008532
v -0.212208 0.484902 0.006448
v -0.211115 0.485958 0.004947
v -0.209292 0.487071 0.004904
v -0.207807 0.487589 0.006349
v -0.220031 0.505654 0.011751
v -0.219746 0.505262 0.013614
v -0.220651 0.504190 0.014932
v -0.222213 0.503065 0.014935
v -0.223518 0.502548 0.013618
v -0.223804 0.502939 0.011755
v -0.222899 0.504012 0.010437
v -0.221337 0.505137 0.010434
v -0.220031 0.505654 0.011751
v -0.232778 0.521555 0.017499
v -0.232488 0.521160 0.019155
v -0.233218 0.520091 0.020300
v -0.234537 0.518976 0.020266
v -0.235674 0.518469 0.019070
v -0.235963 0.518864 0.017415
v -0.235234 0.519932 0.016269
v -0.233915 0.521047 0.016303
v -0.232778 0.521555 0.017499
v -0.246081 0.534887 0.023628
v -0.245764 0.534476 0.025079
v -0.246274 0.533381 0.026036
v -0.247310 0.532244 0.025940
v -0.248266 0.531733 0.024846
v -0.248584 0.532144 0.023394
v -0.248074 0.533239 0.022437
v -0.247037 0.534375 0.022533
v -0.246081 0.534887 0.023628
v -0.255968 0.541503 0.026838
v -0.255098 0.541989 0.027858
v -0.256891 0.540421 0.026733
v -0.257327 0.539378 0.027602
v -0.257019 0.538985 0.028937
v -0.256149 0.539471 0.029957
v -0.255226 0.540553 0.030062
v -0.254790 0.541596 0.029193
v -0.255098 0.541989 0.027858
v 0.009169 0.048946 -0.019690
v 0.004446 0.050349 -0.018601
v -0.000977 0.030734 -0.016631
v 0.003862 0.029301 -0.017747
v 0.004446 0.050349 -0.018601
v 0.000263 0.051178 -0.021299
v -0.005242 0.031651 -0.019401
v -0.000977 0.030734 -0.016631
v -0.000934 0.050949 -0.026195
v -0.006441 0.031517 -0.024426
v 0.001565 0.049794 -0.030424
v -0.003862 0.030408 -0.028765
v 0.006288 0.048390 -0.031513
v 0.000977 0.028974 -0.029881
v 0.010471 0.047562 -0.028815
v 0.005242 0.028057 -0.027111
v 0.011668 0.047791 -0.023918
v 0.006441 0.028191 -0.022086
v 0.016814 0.078167 -0.023772
v 0.012260 0.079541 -0.022742
v 0.012260 0.079541 -0.022742
v 0.008114 0.079886 -0.025300
v 0.006801 0.079003 -0.029941
v 0.009098 0.077407 -0.033947
v 0.013652 0.076033 -0.034976
v 0.017799 0.075688 -0.032418
v 0.019112 0.076571 -0.027778
v 0.022712 0.105952 -0.034804
v 0.018324 0.107290 -0.033835
v 0.018324 0.107290 -0.033835
v 0.014248 0.107202 -0.036151
v 0.012867 0.105744 -0.040389
v 0.015000 0.103767 -0.044067
v 0.019389 0.102429 -0.045036
v 0.023465 0.102517 -0.042720
v 0.024845 0.103975 -0.038482
v 0.086823 0.420441 -0.174583
v 0.084404 0.421180 -0.174050
v 0.084404 0.421180 -0.174050
v 0.082151 0.421099 -0.175313
v 0.081381 0.420248 -0.177628
v 0.082549 0.419124 -0.179640
v 0.084967 0.418385 -0.180173
v 0.087220 0.418466 -0.178910
v 0.087991 0.419317 -0.176595
v 0.007121 0.139560 0.013290
v 0.000372 0.139607 0.010500
v -0.000549 0.059336 0.010750
v 0.006682 0.059294 0.013739
v -0.002418 0.139643 0.003751
v -0.003538 0.059368 0.003519
v 0.000372 0.139647 -0.002998
v -0.000549 0.059372 -0.003712
v 0.007121 0.139617 -0.005789
v 0.006682 0.059345 -0.006701
v 0.013870 0.139570 -0.002999
v 0.013912 0.059304 -0.003712
v 0.016660 0.139534 0.003750
v 0.016902 0.059271 0.003519
v 0.016660 0.139534 0.003750
v 0.013870 0.139530 0.010500
v 0.013912 0.059267 0.010750
v 0.016902 0.059271 0.003519
v -0.028392 0.181213 -0.006505
v -0.024274 0.184690 -0.010819
v -0.030695 0.190836 -0.014555
v -0.036024 0.188778 -0.010830
v -0.021641 0.183450 -0.017068
v -0.028764 0.189936 -0.021016
v -0.021641 0.183450 -0.017068
v -0.022031 0.178230 -0.021591
v -0.031353 0.186614 -0.026425
v -0.028764 0.189936 -0.021016
v -0.025222 0.172081 -0.021732
v -0.036955 0.182811 -0.027606
v -0.029341 0.168604 -0.017419
v -0.042284 0.180754 -0.023881
v -0.031973 0.169844 -0.011170
v -0.044215 0.181653 -0.017420
v -0.031583 0.175064 -0.006646
v -0.041626 0.184975 -0.012012
v -0.039330 0.223770 -0.019351
v -0.044837 0.223024 -0.015879
v -0.037782 0.223405 -0.025708
v -0.041089 0.222145 -0.031223
v -0.037782 0.223405 -0.025708
v -0.047323 0.220727 -0.032659
v -0.052830 0.219981 -0.029187
v -0.054377 0.220346 -0.022830
v -0.051070 0.221606 -0.017315
v -0.173678 0.778421 -0.088151
v -0.176215 0.777321 -0.088687
v -0.160862 0.735188 -0.080168
v -0.158013 0.736281 -0.079551
v -0.177513 0.776342 -0.090988
v -0.162336 0.734216 -0.082732
v -0.176815 0.776056 -0.093702
v -0.161576 0.733932 -0.085738
v -0.174526 0.776634 -0.095239
v -0.159022 0.734506 -0.087424
v -0.171989 0.777734 -0.094703
v -0.156173 0.735599 -0.086806
v -0.170692 0.778713 -0.092403
v -0.154699 0.736571 -0.084242
v -0.170692 0.778713 -0.092403
v -0.171389 0.778999 -0.089688
v -0.155459 0.736854 -0.081236
v -0.154699 0.736571 -0.084242
v 0.006925 0.156048 0.013033
v 0.000312 0.154949 0.010336
v -0.002425 0.154098 0.003713
v 0.000305 0.153991 -0.002949
v 0.006915 0.154694 -0.005744
v 0.013528 0.155793 -0.003046
v 0.016265 0.156644 0.003576
v 0.016265 0.156644 0.003576
v 0.013535 0.156750 0.010238
v -0.051647 0.284304 -0.025922
v -0.056819 0.283631 -0.022667
v -0.050197 0.283975 -0.031889
v -0.053309 0.282838 -0.037068
v -0.050197 0.283975 -0.031889
v -0.059169 0.281559 -0.038421
v -0.064342 0.280886 -0.035166
v -0.065791 0.281215 -0.029200
v -0.062679 0.282352 -0.024020
v -0.068448 0.368195 -0.034887
v -0.073152 0.367590 -0.031929
v -0.067131 0.367899 -0.040312
v -0.069962 0.366877 -0.045022
v -0.067131 0.367899 -0.040312
v -0.075292 0.365727 -0.046253
v -0.079996 0.365122 -0.043294
v -0.081313 0.365419 -0.037870
v -0.078481 0.366440 -0.033160
v 0.001981 0.170474 0.010059
v -0.002954 0.165186 0.008643
v -0.004584 0.160895 0.002986
v -0.001964 0.160109 -0.003593
v 0.003380 0.163298 -0.007235
v 0.008315 0.168585 -0.005820
v 0.009945 0.172876 -0.000162
v 0.009945 0.172876 -0.000162
v 0.007326 0.173662 0.006416
v -0.087681 0.464924 -0.045151
v -0.091844 0.464392 -0.042533
v -0.086516 0.464663 -0.049951
v -0.089022 0.463765 -0.054119
v -0.086516 0.464663 -0.049951
v -0.093740 0.462753 -0.055209
v -0.097902 0.462221 -0.052591
v -0.099067 0.462481 -0.047791
v -0.096561 0.463380 -0.043623
v -0.004624 0.174888 0.006309
v -0.007366 0.168287 0.006348
v -0.007294 0.162744 0.001870
v -0.004456 0.161498 -0.004493
v -0.000511 0.165292 -0.009014
v 0.002231 0.171893 -0.009052
v 0.002159 0.177436 -0.004575
v 0.002159 0.177436 -0.004575
v -0.000679 0.178682 0.001788
v -0.016647 0.177766 -0.000155
v -0.018603 0.171074 0.000314
v -0.017903 0.165431 -0.003749
v -0.014965 0.164136 -0.009956
v -0.011505 0.167961 -0.014672
v -0.009549 0.174654 -0.015141
v -0.010248 0.180297 -0.011078
v -0.010248 0.180297 -0.011078
v -0.013187 0.181591 -0.004871
v -0.107322 0.564107 -0.055633
v -0.110922 0.563609 -0.053360
v -0.106309 0.563863 -0.059791
v -0.108469 0.563022 -0.063396
v -0.106309 0.563863 -0.059791
v -0.112543 0.562075 -0.064333
v -0.116143 0.561577 -0.062061
v -0.117156 0.561821 -0.057903
v -0.114996 0.562662 -0.054297
v -0.122813 0.631111 -0.063888
v -0.126015 0.630576 -0.061840
v -0.121898 0.630848 -0.067606
v -0.123799 0.629942 -0.070815
v -0.121898 0.630848 -0.067606
v -0.127408 0.628924 -0.071631
v -0.130610 0.628388 -0.069584
v -0.131525 0.628651 -0.065865
v -0.129624 0.629557 -0.062656
v -0.139810 0.690007 -0.072926
v -0.142652 0.689440 -0.071077
v -0.138980 0.689728 -0.076250
v -0.140643 0.688767 -0.079101
v -0.138980 0.689728 -0.076250
v -0.143830 0.687688 -0.079805
v -0.146672 0.687121 -0.077957
v -0.147501 0.687401 -0.074633
v -0.145838 0.688361 -0.071781
v 0.050696 0.166482 0.047486
v 0.054609 0.164224 0.049666
v 0.063772 0.165371 0.034607
v 0.059947 0.167589 0.032433
v 0.056232 0.159484 0.049997
v 0.065244 0.160699 0.035133
v 0.054622 0.155040 0.048291
v 0.063510 0.156313 0.033709
v 0.050714 0.153501 0.045542
v 0.059577 0.154786 0.031165
v 0.046801 0.155759 0.043362
v 0.055752 0.157004 0.028991
v 0.045178 0.160499 0.043031
v 0.054280 0.161676 0.028464
v 0.046788 0.164943 0.044738
v 0.056014 0.166062 0.029888
v 0.050696 0.166482 0.047486
v 0.059947 0.167589 0.032433
v 0.049121 0.166346 0.050135
v 0.052930 0.164098 0.052426
v 0.054069 0.159381 0.053552
v 0.051879 0.154962 0.052857
v 0.047636 0.153433 0.050743
v 0.043827 0.155681 0.048452
v 0.042688 0.160397 0.047327
v 0.044878 0.164817 0.048022
v 0.049121 0.166346 0.050135
v 0.047081 0.183213 0.065407
v 0.050629 0.182057 0.068315
v 0.049503 0.170940 0.063002
v 0.045967 0.172850 0.060309
v 0.050937 0.180728 0.072845
v 0.049662 0.168117 0.066926
v 0.047834 0.180006 0.076343
v 0.046360 0.166035 0.069784
v 0.043131 0.180314 0.076753
v 0.041526 0.165917 0.069895
v 0.039583 0.181470 0.073844
v 0.037991 0.167827 0.067203
v 0.039275 0.182799 0.069314
v 0.037831 0.170650 0.063278
v 0.042378 0.183521 0.065817
v 0.041133 0.172732 0.060420
v 0.047081 0.183213 0.065407
v 0.045967 0.172850 0.060309
v 0.075122 0.478844 0.141108
v 0.072955 0.479722 0.141545
v 0.082316 0.493527 0.148673
v 0.084077 0.492284 0.148048
v 0.081003 0.493614 0.150491
v 0.071465 0.479671 0.143398
v 0.080905 0.492497 0.152436
v 0.071522 0.478725 0.145580
v 0.082083 0.490829 0.153366
v 0.073097 0.477436 0.146811
v 0.075264 0.476559 0.146374
v 0.083844 0.489586 0.152741
v 0.085157 0.489499 0.150923
v 0.076754 0.476609 0.144521
v 0.085255 0.490616 0.148979
v 0.076697 0.477555 0.142340
v 0.084077 0.492284 0.148048
v 0.075122 0.478844 0.141108
v 0.045126 0.252699 0.082091
v 0.049297 0.252623 0.081778
v 0.048128 0.210478 0.072129
v 0.043627 0.210540 0.072462
v 0.042385 0.252115 0.085197
v 0.040669 0.209885 0.075809
v 0.042674 0.251216 0.089272
v 0.040980 0.208898 0.080203
v 0.045832 0.250528 0.091929
v 0.044388 0.208158 0.083070
v 0.050003 0.250453 0.091616
v 0.048889 0.208096 0.082737
v 0.052744 0.251037 0.088510
v 0.051847 0.208751 0.079390
v 0.052454 0.251935 0.084435
v 0.051536 0.209738 0.074996
v 0.049297 0.252623 0.081778
v 0.048128 0.210478 0.072129
v 0.068958 0.461730 0.134707
v 0.066512 0.462274 0.135028
v 0.064882 0.462095 0.136948
v 0.065019 0.461299 0.139341
v 0.066847 0.460351 0.140804
v 0.069293 0.459807 0.140483
v 0.070922 0.459987 0.138562
v 0.070786 0.460783 0.136169
v 0.068958 0.461730 0.134707
v 0.115462 0.505312 0.166459
v 0.115760 0.503803 0.165266
v 0.108574 0.504139 0.161950
v 0.107972 0.505708 0.163048
v 0.114723 0.505525 0.168248
v 0.107114 0.505932 0.164849
v 0.113976 0.504321 0.169583
v 0.106504 0.504684 0.166297
v 0.113660 0.502403 0.169682
v 0.106498 0.502692 0.166543
v 0.113959 0.500894 0.168488
v 0.107100 0.501123 0.165445
v 0.114698 0.500681 0.166700
v 0.107958 0.500899 0.163645
v 0.115444 0.501885 0.165364
v 0.108568 0.502147 0.162196
v 0.115760 0.503803 0.165266
v 0.108574 0.504139 0.161950
v 0.120745 0.504061 0.168674
v 0.120752 0.502655 0.167389
v 0.120114 0.504247 0.170462
v 0.119230 0.503106 0.171705
v 0.118610 0.501305 0.171674
v 0.118617 0.499899 0.170389
v 0.119248 0.499713 0.168601
v 0.120133 0.500854 0.167358
v 0.120752 0.502655 0.167389
v 0.102235 0.503227 0.158787
v 0.102520 0.501224 0.159181
v 0.093261 0.497325 0.154070
v 0.092496 0.499223 0.153405
v 0.102036 0.499964 0.160739
v 0.092987 0.496106 0.155822
v 0.101069 0.500182 0.162547
v 0.091838 0.496278 0.157633
v 0.100185 0.501755 0.163544
v 0.090485 0.497743 0.158441
v 0.099900 0.503758 0.163149
v 0.089721 0.499641 0.157776
v 0.100384 0.505018 0.161591
v 0.089995 0.500860 0.156024
v 0.101351 0.504799 0.159784
v 0.091144 0.500689 0.154213
v 0.102235 0.503227 0.158787
v 0.092496 0.499223 0.153405
v 0.051356 0.305119 0.093862
v 0.054199 0.304438 0.096244
v 0.054459 0.303605 0.099912
v 0.051990 0.303106 0.102719
v 0.048232 0.303236 0.103014
v 0.045388 0.303916 0.100633
v 0.045129 0.304750 0.096964
v 0.047598 0.305248 0.094157
v 0.051356 0.305119 0.093862
v 0.047008 0.167854 0.054901
v 0.042315 0.166736 0.053944
v 0.039330 0.163001 0.055095
v 0.039794 0.158840 0.057676
v 0.043444 0.156694 0.060177
v 0.048137 0.157812 0.061135
v 0.051122 0.161547 0.059984
v 0.050658 0.165707 0.057402
v 0.047008 0.167854 0.054901
v 0.056087 0.403770 0.118301
v 0.059054 0.403477 0.118021
v 0.054398 0.354728 0.105688
v 0.051035 0.354926 0.105972
v 0.054132 0.403441 0.120545
v 0.048823 0.354510 0.108494
v 0.054330 0.402684 0.123436
v 0.049053 0.353723 0.111774
v 0.056571 0.401942 0.125279
v 0.051597 0.353026 0.113890
v 0.059538 0.401649 0.124999
v 0.054960 0.352828 0.113606
v 0.061493 0.401978 0.122755
v 0.057172 0.353244 0.111083
v 0.061295 0.402735 0.119864
v 0.056941 0.354031 0.107803
v 0.059054 0.403477 0.118021
v 0.054398 0.354728 0.105688
v 0.066650 0.440652 0.130131
v 0.064661 0.441477 0.128517
v 0.066816 0.439895 0.132707
v 0.065067 0.439648 0.134737
v 0.062424 0.440058 0.135027
v 0.060435 0.440882 0.133414
v 0.060269 0.441639 0.130837
v 0.062018 0.441886 0.128808
v 0.064661 0.441477 0.128517
v 0.000911 0.041113 0.020111
v 0.005350 0.041034 0.022716
v 0.005348 0.040959 0.022723
v 0.000903 0.040940 0.020125
v 0.005350 0.041034 0.022716
v 0.006653 0.041332 0.027687
v 0.006656 0.041349 0.027687
v 0.005348 0.040959 0.022723
v 0.006653 0.041332 0.027687
v 0.004066 0.041833 0.032109
v 0.004070 0.041881 0.032107
v 0.006656 0.041349 0.027687
v -0.000903 0.042242 0.033387
v -0.000903 0.042244 0.033389
v -0.000903 0.042242 0.033387
v -0.005341 0.042322 0.030782
v -0.005348 0.042225 0.030791
v -0.000903 0.042244 0.033389
v -0.005341 0.042322 0.030782
v -0.006644 0.042023 0.025811
v -0.006656 0.041835 0.025827
v -0.005348 0.042225 0.030791
v -0.004058 0.041523 0.021389
v -0.004070 0.041303 0.021407
v 0.000911 0.041113 0.020111
v 0.000903 0.040940 0.020125
v 0.002064 0.056746 0.019367
v 0.006344 0.056448 0.021896
v 0.007581 0.056349 0.026728
v 0.006653 0.041332 0.027687
v 0.005059 0.056506 0.031028
v 0.004066 0.041833 0.032109
v 0.000247 0.056828 0.032274
v -0.000903 0.042242 0.033387
v -0.004033 0.057126 0.029744
v -0.005270 0.057225 0.024913
v -0.002748 0.057068 0.020613
v 0.002064 0.056746 0.019367
v 0.003130 0.075351 0.020885
v 0.007226 0.074830 0.023298
v 0.008380 0.074170 0.027898
v 0.005926 0.073758 0.031990
v 0.001292 0.073837 0.033171
v -0.002804 0.074359 0.030758
v -0.003958 0.075018 0.026157
v -0.001503 0.075430 0.022066
v 0.003130 0.075351 0.020885
v 0.003957 0.096462 0.025301
v 0.007846 0.095764 0.027558
v 0.008925 0.094646 0.031841
v 0.006569 0.093764 0.035639
v 0.002151 0.093635 0.036723
v -0.001739 0.094333 0.034466
v -0.002817 0.095451 0.030183
v -0.000461 0.096333 0.026385
v 0.003957 0.096462 0.025301
v 0.004312 0.112472 0.030542
v 0.008043 0.111636 0.032658
v 0.009069 0.110161 0.036645
v 0.006796 0.108910 0.040167
v 0.002549 0.108619 0.041156
v -0.001183 0.109454 0.039040
v -0.002208 0.110930 0.035052
v 0.000065 0.112181 0.031530
v 0.004312 0.112472 0.030542
v 0.004418 0.129605 0.038040
v 0.007977 0.128648 0.039992
v 0.008952 0.126850 0.043633
v 0.006780 0.125266 0.046828
v 0.002727 0.124826 0.047703
v -0.000832 0.125783 0.045751
v -0.001808 0.127581 0.042111
v 0.000364 0.129165 0.038915
v 0.004418 0.129605 0.038040
v 0.002277 0.264677 0.117853
v 0.004356 0.264044 0.118950
v 0.004928 0.262816 0.120973
v 0.003662 0.261712 0.122735
v 0.001296 0.261380 0.123203
v -0.000784 0.262013 0.122106
v -0.001356 0.263241 0.120083
v -0.000090 0.264345 0.118320
v 0.002277 0.264677 0.117853
v 0.000300 0.335160 0.165493
v 0.001575 0.334757 0.166156
v 0.001927 0.333968 0.167374
v 0.001151 0.333255 0.168432
v -0.000300 0.333037 0.168709
v -0.001575 0.333440 0.168046
v -0.001927 0.334229 0.166828
v -0.001151 0.334942 0.165770
v 0.000300 0.335160 0.165493
v 0.038804 0.141399 0.027535
v 0.033714 0.143614 0.025580
v 0.011324 0.054621 0.014879
v 0.017102 0.052918 0.017143
v 0.031657 0.145338 0.020361
v 0.008935 0.055943 0.009052
v 0.033828 0.145563 0.014939
v 0.011324 0.056111 0.003079
v 0.033828 0.145563 0.014939
v 0.038965 0.144154 0.012494
v 0.017102 0.055024 0.000463
v 0.011324 0.056111 0.003079
v 0.044054 0.141938 0.014449
v 0.022881 0.053321 0.002727
v 0.046112 0.140215 0.019668
v 0.025270 0.051999 0.008554
v 0.043941 0.139989 0.025090
v 0.022881 0.051831 0.014527
v 0.041809 0.147229 0.028953
v 0.037407 0.150796 0.027448
v 0.035823 0.153611 0.022587
v 0.037975 0.154030 0.017223
v 0.037975 0.154030 0.017223
v 0.042612 0.151801 0.014500
v 0.047014 0.148235 0.016005
v 0.048598 0.145419 0.020866
v 0.046446 0.145000 0.026230
v 0.047825 0.153427 0.031870
v 0.044607 0.158202 0.031110
v 0.043890 0.162049 0.026856
v 0.046085 0.162719 0.021606
v 0.046085 0.162719 0.021606
v 0.049914 0.159812 0.018437
v 0.053131 0.155036 0.019197
v 0.053849 0.151190 0.023451
v 0.051653 0.150519 0.028701
v 0.054935 0.156867 0.035339
v 0.053239 0.162353 0.035514
v 0.053702 0.166875 0.032042
v 0.056048 0.167789 0.026965
v 0.056048 0.167789 0.026965
v 0.058905 0.164550 0.023256
v 0.060601 0.159064 0.023082
v 0.060137 0.154543 0.026553
v 0.057792 0.153628 0.031630
v 0.067000 0.158041 0.041408
v 0.066139 0.163512 0.042034
v 0.067258 0.168046 0.038993
v 0.069698 0.168994 0.034072
v 0.069698 0.168994 0.034072
v 0.072030 0.165789 0.030154
v 0.072891 0.160318 0.029527
v 0.071772 0.155784 0.032569
v 0.069332 0.154837 0.037489
v 0.077994 0.159153 0.046941
v 0.076241 0.164454 0.047140
v 0.076589 0.168877 0.043788
v 0.078829 0.169836 0.038856
v 0.078829 0.169836 0.038856
v 0.081652 0.166761 0.035232
v 0.083405 0.161460 0.035032
v 0.083056 0.157037 0.038384
v 0.080816 0.156078 0.043316
v 0.086918 0.163811 0.051325
v 0.083579 0.168184 0.050877
v 0.082520 0.171929 0.046993
v 0.084354 0.172858 0.041955
v 0.084354 0.172858 0.041955
v 0.088014 0.170418 0.038716
v 0.091354 0.166045 0.039164
v 0.092413 0.162299 0.043048
v 0.090578 0.161371 0.048085
v 0.094249 0.172162 0.054903
v 0.089850 0.175221 0.054043
v 0.087788 0.177898 0.049813
v 0.089264 0.178630 0.044698
v 0.089264 0.178630 0.044698
v 0.093421 0.176980 0.041694
v 0.097821 0.173921 0.042554
v 0.099882 0.171243 0.046784
v 0.098406 0.170512 0.051900
v 0.098648 0.181707 0.057029
v 0.093781 0.183615 0.055992
v 0.091245 0.185306 0.051625
v 0.092517 0.185790 0.046493
v 0.092517 0.185790 0.046493
v 0.096861 0.184780 0.043603
v 0.101728 0.182872 0.044640
v 0.104264 0.181181 0.049007
v 0.102992 0.180697 0.054139
v 0.099723 0.185825 0.057549
v 0.094822 0.187505 0.056490
v 0.092246 0.188994 0.052120
v 0.093495 0.189421 0.047005
v 0.093495 0.189421 0.047005
v 0.097846 0.188533 0.044143
v 0.102747 0.186853 0.045202
v 0.105324 0.185364 0.049572
v 0.104075 0.184937 0.054687
v 0.149051 0.324815 0.081804
v 0.145129 0.326436 0.080987
v 0.143096 0.327874 0.077455
v 0.144137 0.328287 0.073281
v 0.144137 0.328287 0.073281
v 0.147648 0.327432 0.070912
v 0.151570 0.325811 0.071729
v 0.153603 0.324373 0.075261
v 0.152562 0.323960 0.079435
v 0.229412 0.531864 0.121463
v 0.226837 0.533023 0.120937
v 0.225513 0.534051 0.118603
v 0.226212 0.534347 0.115832
v 0.226212 0.534347 0.115832
v 0.228529 0.533735 0.114248
v 0.231105 0.532576 0.114774
v 0.232429 0.531548 0.117108
v 0.231730 0.531252 0.119878
v 0.274011 0.637466 0.143536
v 0.272119 0.638352 0.143154
v 0.271151 0.639138 0.141435
v 0.271671 0.639365 0.139388
v 0.271671 0.639365 0.139388
v 0.273378 0.638897 0.138214
v 0.275269 0.638011 0.138596
v 0.276237 0.637224 0.140315
v 0.275717 0.636998 0.142362
v 0.000000 0.118856 -0.068535
v -0.004872 0.118179 -0.070440
v -0.005947 0.070025 -0.056768
v 0.000000 0.070646 -0.054389
v -0.006887 0.116540 -0.075048
v -0.008406 0.068524 -0.062522
v -0.004872 0.114901 -0.079656
v -0.005947 0.067023 -0.068277
v 0.000000 0.114223 -0.081561
v 0.000000 0.066402 -0.070656
v 0.004872 0.114901 -0.079656
v 0.005947 0.067023 -0.068277
v 0.006887 0.116540 -0.075048
v 0.008406 0.068524 -0.062522
v 0.004872 0.118179 -0.070440
v 0.005947 0.070025 -0.056768
v 0.000000 0.118856 -0.068535
v 0.000000 0.070646 -0.054389
v 0.000000 0.131949 -0.074935
v -0.004601 0.130780 -0.076492
v -0.006503 0.127952 -0.080259
v -0.004601 0.125125 -0.084025
v 0.000000 0.123956 -0.085583
v 0.004601 0.125125 -0.084025
v 0.006503 0.127952 -0.080259
v 0.004601 0.130780 -0.076492
v 0.000000 0.131949 -0.074935
v 0.000000 0.137452 -0.081618
v -0.004463 0.135884 -0.082625
v -0.006309 0.132091 -0.085061
v -0.004463 0.128299 -0.087498
v 0.000000 0.126731 -0.088505
v 0.004463 0.128299 -0.087498
v 0.006309 0.132091 -0.085061
v 0.004463 0.135884 -0.082625
v 0.000000 0.137452 -0.081618
v 0.000000 0.141108 -0.090185
v -0.004286 0.139470 -0.090860
v -0.006058 0.135506 -0.092492
v -0.004286 0.131543 -0.094125
v 0.000000 0.129905 -0.094800
v 0.004286 0.131543 -0.094125
v 0.006058 0.135506 -0.092492
v 0.004286 0.139470 -0.090860
v 0.000000 0.141108 -0.090185
v 0.000000 0.178420 -0.202737
v -0.001725 0.177750 -0.202982
v -0.002438 0.176131 -0.203574
v -0.001725 0.174511 -0.204166
v 0.000000 0.173841 -0.204411
v 0.001725 0.174511 -0.204166
v 0.002438 0.176131 -0.203574
v 0.001725 0.177750 -0.202982
v 0.000000 0.178420 -0.202737
v -0.004420 0.141793 -0.091339
v -0.007718 0.140516 -0.090186
v -0.002237 0.134978 -0.080219
v 0.001207 0.136303 -0.081408
v -0.009697 0.137427 -0.090797
v -0.004318 0.131775 -0.080885
v -0.009204 0.134337 -0.092808
v -0.003820 0.128572 -0.083012
v -0.006520 0.133060 -0.095045
v -0.001030 0.127248 -0.085356
v -0.003222 0.134337 -0.096198
v 0.002414 0.128572 -0.086545
v -0.001243 0.137427 -0.095587
v 0.004495 0.131775 -0.085878
v -0.001736 0.140516 -0.093576
v 0.003997 0.134978 -0.083751
v -0.004420 0.141793 -0.091339
v 0.001207 0.136303 -0.081408
v -0.048996 0.182899 -0.170010
v -0.051163 0.182012 -0.169178
v -0.052400 0.179868 -0.169437
v -0.051986 0.177723 -0.170631
v -0.050159 0.176837 -0.172062
v -0.047992 0.177723 -0.172894
v -0.046755 0.179868 -0.172635
v -0.047169 0.182012 -0.171441
v -0.048996 0.182899 -0.170010
v -0.071445 0.196147 -0.209629
v -0.073061 0.195447 -0.208927
v -0.073913 0.193753 -0.208962
v -0.073505 0.192060 -0.209711
v -0.072073 0.191360 -0.210737
v -0.070456 0.192060 -0.211438
v -0.069604 0.193753 -0.211404
v -0.070012 0.195447 -0.210655
v -0.071445 0.196147 -0.209629
v -0.105838 0.210605 -0.270329
v -0.106690 0.210229 -0.269943
v -0.107126 0.209320 -0.269931
v -0.106891 0.208411 -0.270298
v -0.106122 0.208035 -0.270830
v -0.105270 0.208411 -0.271216
v -0.104835 0.209320 -0.271229
v -0.105069 0.210229 -0.270862
v -0.105838 0.210605 -0.270329
v -0.058505 0.275571 -0.005266
v -0.058842 0.273418 -0.001236
v -0.040807 0.232070 -0.020824
v -0.040374 0.234736 -0.025883
v -0.062103 0.270982 0.000868
v -0.044919 0.229092 -0.018154
v -0.066372 0.269690 -0.000179
v -0.050292 0.227546 -0.019430
v -0.069148 0.270302 -0.003772
v -0.053780 0.228342 -0.023913
v -0.068812 0.272456 -0.007802
v -0.053346 0.231008 -0.028973
v -0.065551 0.274891 -0.009907
v -0.049234 0.233985 -0.031642
v -0.061281 0.276184 -0.008859
v -0.043861 0.235532 -0.030366
v -0.061281 0.276184 -0.008859
v -0.043861 0.235532 -0.030366
v -0.074801 0.309095 0.012111
v -0.075007 0.307253 0.015234
v -0.077444 0.304994 0.016735
v -0.080680 0.303641 0.015739
v -0.082818 0.303989 0.012824
v -0.082612 0.305832 0.009700
v -0.080175 0.308091 0.008199
v -0.076940 0.309444 0.009195
v -0.076940 0.309444 0.009195
v -0.098004 0.337906 0.029988
v -0.098091 0.336460 0.032239
v -0.099729 0.334583 0.033219
v -0.101957 0.333374 0.032357
v -0.103469 0.333544 0.030154
v -0.103383 0.334990 0.027902
v -0.101744 0.336868 0.026923
v -0.099516 0.338077 0.027785
v -0.099516 0.338077 0.027785
v -0.113412 0.355691 0.041371
v -0.113472 0.354567 0.043101
v -0.114719 0.353098 0.043844
v -0.116420 0.352144 0.043165
v -0.117579 0.352267 0.041461
v -0.117519 0.353391 0.039730
v -0.116272 0.354860 0.038988
v -0.114571 0.355814 0.039666
v -0.114571 0.355814 0.039666
v -0.054700 0.443924 -0.092880
v -0.058740 0.443404 -0.091687
v 0.009783 0.052184 0.000161
v 0.016172 0.052889 -0.001693
v -0.062303 0.442147 -0.093629
v 0.004118 0.050479 -0.002963
v -0.063305 0.440890 -0.097560
v 0.002489 0.048775 -0.009224
v -0.061152 0.440370 -0.101181
v 0.005863 0.048070 -0.014957
v -0.057112 0.440890 -0.102373
v 0.012252 0.048775 -0.016812
v -0.053550 0.442147 -0.100432
v 0.017917 0.050479 -0.013688
v -0.052547 0.443404 -0.096500
v 0.019545 0.052184 -0.007427
v -0.054700 0.443924 -0.092880
v 0.016172 0.052889 -0.001693
v -0.061663 0.472330 -0.101839
v -0.065449 0.471468 -0.100583
v -0.068653 0.469381 -0.102172
v -0.069402 0.467294 -0.105669
v -0.067251 0.466432 -0.109028
v -0.063465 0.467294 -0.110283
v -0.060262 0.469381 -0.108694
v -0.059512 0.471468 -0.105197
v -0.061663 0.472330 -0.101839
v -0.074918 0.493960 -0.118893
v -0.078379 0.492867 -0.117484
v -0.081055 0.490225 -0.118503
v -0.081382 0.487583 -0.121348
v -0.079163 0.486490 -0.124354
v -0.075702 0.487583 -0.125763
v -0.073026 0.490225 -0.124744
v -0.072699 0.492867 -0.121899
v -0.074918 0.493960 -0.118893
v -0.118110 0.552355 -0.174465
v -0.121056 0.551378 -0.173218
v -0.123288 0.549015 -0.174007
v -0.123502 0.546651 -0.176364
v -0.121566 0.545674 -0.178911
v -0.118620 0.546651 -0.180158
v -0.116389 0.549015 -0.179369
v -0.116175 0.551378 -0.177012
v -0.118110 0.552355 -0.174465
vt 0.825530 0.538817
vt 0.822184 0.538131
vt 0.822586 0.600485
vt 0.826030 0.600406
vt 0.818794 0.537736
vt 0.819138 0.600483
vt 0.815486 0.538457
vt 0.815694 0.600440
vt 0.812075 0.538869
vt 0.812253 0.600476
vt 0.224725 0.489874
vt 0.221343 0.489699
vt 0.221268 0.504097
vt 0.224706 0.504149
vt 0.217916 0.489580
vt 0.217824 0.504055
vt 0.228168 0.504148
vt 0.231631 0.504126
vt 0.231640 0.489633
vt 0.228196 0.489827
vt 0.217750 0.455873
vt 0.221205 0.455867
vt 0.221153 0.432469
vt 0.217702 0.432625
vt 0.221491 0.481233
vt 0.224699 0.481251
vt 0.224694 0.467150
vt 0.221231 0.467407
vt 0.228160 0.467230
vt 0.228018 0.481320
vt 0.217769 0.467511
vt 0.231220 0.481426
vt 0.231570 0.467508
vt 0.224670 0.455845
vt 0.224587 0.432007
vt 0.228126 0.455822
vt 0.228044 0.432144
vt 0.825672 0.534510
vt 0.822243 0.534430
vt 0.818814 0.534522
vt 0.815350 0.534533
vt 0.811957 0.534425
vt 0.231567 0.455819
vt 0.231471 0.432588
vt 0.228080 0.527305
vt 0.231544 0.527212
vt 0.224608 0.527343
vt 0.825922 0.497427
vt 0.822481 0.497390
vt 0.819038 0.497319
vt 0.815589 0.497312
vt 0.812144 0.497340
vt 0.221152 0.527219
vt 0.217702 0.527146
vt 0.218070 0.481378
vt 0.826030 0.481561
vt 0.822589 0.481534
vt 0.819146 0.481503
vt 0.815696 0.481479
vt 0.812247 0.481461
vt 0.224928 0.552843
vt 0.221487 0.552965
vt 0.222154 0.630919
vt 0.225592 0.630901
vt 0.235218 0.552836
vt 0.231782 0.552755
vt 0.232473 0.630858
vt 0.235911 0.630803
vt 0.228357 0.552696
vt 0.229033 0.630898
vt 0.221564 0.549453
vt 0.224834 0.549451
vt 0.225077 0.544035
vt 0.221668 0.543779
vt 0.231842 0.549509
vt 0.235270 0.549653
vt 0.235346 0.544355
vt 0.231898 0.544170
vt 0.228296 0.549413
vt 0.228495 0.544139
vt 0.229088 0.530514
vt 0.225609 0.530312
vt 0.232474 0.531163
vt 0.235911 0.531282
vt 0.222140 0.530656
vt 0.465749 0.423832
vt 0.462657 0.423854
vt 0.445458 0.997552
vt 0.451987 0.997724
vt 0.459566 0.423836
vt 0.438931 0.997342
vt 0.456476 0.423730
vt 0.432404 0.997089
vt 0.453391 0.423526
vt 0.425880 0.996794
vt 0.478108 0.424119
vt 0.475020 0.424004
vt 0.471577 0.998023
vt 0.478108 0.998047
vt 0.471931 0.423892
vt 0.465047 0.997960
vt 0.468840 0.423832
vt 0.458516 0.997860
vt 0.466244 0.400924
vt 0.463333 0.400872
vt 0.460418 0.400806
vt 0.457493 0.400716
vt 0.454553 0.400597
vt 0.477992 0.401062
vt 0.475041 0.401050
vt 0.472094 0.401014
vt 0.469163 0.400970
vt 0.466767 0.377911
vt 0.463934 0.377853
vt 0.461105 0.377809
vt 0.458283 0.377750
vt 0.455467 0.377647
vt 0.478049 0.378191
vt 0.475234 0.378160
vt 0.472419 0.378085
vt 0.469598 0.377992
vt 0.468073 0.323433
vt 0.465589 0.323366
vt 0.463105 0.323283
vt 0.460622 0.323184
vt 0.458138 0.323071
vt 0.478016 0.323548
vt 0.475530 0.323542
vt 0.473044 0.323521
vt 0.470559 0.323485
vt 0.469392 0.268520
vt 0.467239 0.268462
vt 0.465086 0.268390
vt 0.462933 0.268306
vt 0.460780 0.268208
vt 0.478009 0.268622
vt 0.475854 0.268616
vt 0.473699 0.268597
vt 0.471545 0.268565
vt 0.757650 0.516866
vt 0.755667 0.516968
vt 0.737834 0.997534
vt 0.743410 0.997720
vt 0.753674 0.517292
vt 0.732259 0.997306
vt 0.751676 0.517601
vt 0.726686 0.997037
vt 0.749687 0.517659
vt 0.721115 0.996726
vt 0.765557 0.518130
vt 0.763574 0.517955
vt 0.760146 0.998028
vt 0.765726 0.998047
vt 0.761597 0.517527
vt 0.754567 0.997967
vt 0.759625 0.517085
vt 0.748988 0.997865
vt 0.758186 0.498638
vt 0.756231 0.498600
vt 0.754293 0.498600
vt 0.752395 0.498587
vt 0.750539 0.498528
vt 0.765726 0.498927
vt 0.763884 0.498890
vt 0.762025 0.498818
vt 0.760125 0.498723
vt 0.388877 0.974781
vt 0.386073 0.974612
vt 0.385705 0.997651
vt 0.388365 0.997710
vt 0.383268 0.974319
vt 0.383074 0.997596
vt 0.380459 0.974052
vt 0.380473 0.997572
vt 0.402929 0.974866
vt 0.400132 0.974571
vt 0.398915 0.997908
vt 0.401497 0.998047
vt 0.397321 0.974511
vt 0.396320 0.997820
vt 0.394502 0.974625
vt 0.393693 0.997776
vt 0.391687 0.974765
vt 0.391036 0.997749
vt 0.406193 0.337582
vt 0.397616 0.337388
vt 0.389038 0.337271
vt 0.380459 0.337233
vt 0.449029 0.339718
vt 0.440470 0.339135
vt 0.431907 0.338631
vt 0.423339 0.338204
vt 0.414767 0.337854
vt 0.793113 0.995540
vt 0.786955 0.996731
vt 0.786998 0.998047
vt 0.793522 0.996281
vt 0.780929 0.995199
vt 0.780425 0.996187
vt 0.775985 0.991205
vt 0.775911 0.991479
vt 0.775985 0.991205
vt 0.770321 0.990580
vt 0.770413 0.991239
vt 0.775911 0.991479
vt 0.815749 0.993763
vt 0.810117 0.994619
vt 0.810225 0.995764
vt 0.815947 0.994403
vt 0.804375 0.994139
vt 0.804176 0.995047
vt 0.798633 0.992424
vt 0.798675 0.992515
vt 0.798633 0.992424
vt 0.793113 0.995540
vt 0.793522 0.996281
vt 0.798675 0.992515
vt 0.792718 0.994135
vt 0.786923 0.994510
vt 0.781345 0.993366
vt 0.776033 0.990721
vt 0.776033 0.990721
vt 0.770502 0.989365
vt 0.815554 0.992510
vt 0.809964 0.992577
vt 0.804351 0.992485
vt 0.798474 0.992235
vt 0.798474 0.992235
vt 0.792718 0.994135
vt 0.792514 0.992427
vt 0.786957 0.992124
vt 0.781554 0.991337
vt 0.776134 0.990047
vt 0.776134 0.990047
vt 0.770712 0.988361
vt 0.815483 0.991433
vt 0.809867 0.990777
vt 0.804153 0.991148
vt 0.804153 0.991148
vt 0.798317 0.992090
vt 0.798474 0.992235
vt 0.804351 0.992485
vt 0.798317 0.992090
vt 0.798474 0.992235
vt 0.794144 0.970630
vt 0.788740 0.969883
vt 0.783352 0.968966
vt 0.777968 0.968151
vt 0.772573 0.967549
vt 0.770712 0.988361
vt 0.815752 0.970161
vt 0.810357 0.970429
vt 0.809867 0.990777
vt 0.815483 0.991433
vt 0.804971 0.970808
vt 0.804153 0.991148
vt 0.799561 0.970950
vt 0.800462 0.535546
vt 0.798522 0.535462
vt 0.798424 0.541841
vt 0.800458 0.541900
vt 0.802461 0.535619
vt 0.802492 0.541937
vt 0.804461 0.535666
vt 0.804526 0.541926
vt 0.806467 0.535681
vt 0.806559 0.541858
vt 0.792687 0.535232
vt 0.790693 0.535130
vt 0.790286 0.541730
vt 0.792320 0.541751
vt 0.794640 0.535314
vt 0.794354 0.541763
vt 0.796581 0.535386
vt 0.796389 0.541790
vt 0.794905 0.955522
vt 0.789874 0.955350
vt 0.784842 0.955007
vt 0.779657 0.954521
vt 0.774375 0.954013
vt 0.815336 0.955710
vt 0.810099 0.955681
vt 0.805006 0.955635
vt 0.799966 0.955588
vt 0.800785 0.529206
vt 0.798839 0.529067
vt 0.802714 0.529332
vt 0.804642 0.529426
vt 0.806566 0.529487
vt 0.793000 0.528727
vt 0.791078 0.528598
vt 0.794946 0.528829
vt 0.796894 0.528938
vt 0.795233 0.945183
vt 0.790092 0.945292
vt 0.784966 0.945544
vt 0.779810 0.945728
vt 0.774633 0.945633
vt 0.815749 0.946545
vt 0.810582 0.946198
vt 0.805484 0.945710
vt 0.800377 0.945324
vt 0.801345 0.517724
vt 0.799499 0.517614
vt 0.803185 0.517818
vt 0.805025 0.517893
vt 0.806867 0.517948
vt 0.793948 0.517224
vt 0.792107 0.517071
vt 0.795797 0.517363
vt 0.797649 0.517492
vt 0.795333 0.938681
vt 0.790173 0.938555
vt 0.785016 0.938384
vt 0.779861 0.938212
vt 0.774707 0.938061
vt 0.815947 0.938372
vt 0.810798 0.938537
vt 0.805648 0.938665
vt 0.800493 0.938722
vt 0.606820 0.500311
vt 0.601769 0.499626
vt 0.599381 0.516907
vt 0.605347 0.517664
vt 0.596798 0.498676
vt 0.593600 0.515633
vt 0.591818 0.497559
vt 0.588064 0.514079
vt 0.586738 0.496435
vt 0.582687 0.512511
vt 0.581575 0.495375
vt 0.577283 0.511041
vt 0.622563 0.500689
vt 0.617252 0.500767
vt 0.617224 0.517659
vt 0.622928 0.517428
vt 0.611984 0.500688
vt 0.611345 0.517852
vt 0.608713 0.480939
vt 0.603943 0.480520
vt 0.599102 0.480025
vt 0.594171 0.479505
vt 0.589215 0.478948
vt 0.584365 0.478244
vt 0.622903 0.481676
vt 0.618133 0.481525
vt 0.613432 0.481269
vt 0.609425 0.462053
vt 0.604898 0.461859
vt 0.600380 0.461538
vt 0.595876 0.461171
vt 0.591387 0.460826
vt 0.586904 0.460517
vt 0.622928 0.461539
vt 0.618446 0.461874
vt 0.613945 0.462061
vt 0.610537 0.344320
vt 0.608332 0.344306
vt 0.606127 0.344237
vt 0.603928 0.344098
vt 0.601737 0.343897
vt 0.599552 0.343649
vt 0.617134 0.344178
vt 0.614937 0.344248
vt 0.612739 0.344296
vt 0.610491 0.339416
vt 0.608461 0.339377
vt 0.606475 0.339269
vt 0.604449 0.339118
vt 0.602379 0.338895
vt 0.600281 0.338619
vt 0.616812 0.339345
vt 0.614700 0.339395
vt 0.612576 0.339416
vt 0.610708 0.334667
vt 0.608729 0.334491
vt 0.606747 0.334373
vt 0.604778 0.334291
vt 0.602809 0.334197
vt 0.600832 0.334017
vt 0.616697 0.335079
vt 0.614693 0.335011
vt 0.612693 0.334859
vt 0.611276 0.326530
vt 0.609362 0.326337
vt 0.607429 0.326183
vt 0.605503 0.326068
vt 0.603606 0.325956
vt 0.601748 0.325792
vt 0.616855 0.326947
vt 0.615007 0.326872
vt 0.613155 0.326723
vt 0.969030 0.674048
vt 0.964609 0.674268
vt 0.965651 0.697426
vt 0.970628 0.697170
vt 0.960191 0.674324
vt 0.960704 0.697541
vt 0.955789 0.674294
vt 0.955789 0.697562
vt 0.990820 0.671000
vt 0.986495 0.671741
vt 0.990322 0.694620
vt 0.995149 0.693749
vt 0.982162 0.672427
vt 0.985468 0.695425
vt 0.977812 0.673075
vt 0.980565 0.696147
vt 0.973435 0.673638
vt 0.975611 0.696741
vt 0.968135 0.658140
vt 0.964183 0.658301
vt 0.960213 0.658344
vt 0.956186 0.658264
vt 0.988380 0.656307
vt 0.984315 0.656826
vt 0.980201 0.657274
vt 0.976118 0.657629
vt 0.972103 0.657909
vt 0.967779 0.642407
vt 0.964009 0.642403
vt 0.960243 0.642289
vt 0.956490 0.642062
vt 0.986512 0.641352
vt 0.982772 0.641662
vt 0.979033 0.641924
vt 0.975293 0.642145
vt 0.971543 0.642314
vt 0.967469 0.555919
vt 0.965558 0.556101
vt 0.963632 0.556264
vt 0.961710 0.556282
vt 0.977053 0.555884
vt 0.975137 0.556019
vt 0.973210 0.555977
vt 0.971288 0.555871
vt 0.969378 0.555830
vt 0.967489 0.549546
vt 0.965695 0.549618
vt 0.963927 0.549675
vt 0.962131 0.549652
vt 0.976383 0.549361
vt 0.974606 0.549475
vt 0.972833 0.549497
vt 0.971073 0.549487
vt 0.969276 0.549499
vt 0.967412 0.541991
vt 0.965707 0.542062
vt 0.964059 0.542119
vt 0.962434 0.542105
vt 0.975798 0.541862
vt 0.974177 0.541949
vt 0.972538 0.541961
vt 0.970841 0.541953
vt 0.969132 0.541952
vt 0.955394 0.989099
vt 0.949910 0.989145
vt 0.950068 0.998047
vt 0.955855 0.997992
vt 0.944453 0.989043
vt 0.944434 0.997927
vt 0.988407 0.985369
vt 0.982973 0.985959
vt 0.983916 0.994425
vt 0.989393 0.993898
vt 0.977511 0.986643
vt 0.978500 0.995045
vt 0.972005 0.987433
vt 0.973047 0.995878
vt 0.966466 0.988207
vt 0.967451 0.996801
vt 0.960919 0.988793
vt 0.961693 0.997569
vt 0.954549 0.963585
vt 0.949544 0.963649
vt 0.944470 0.963792
vt 0.985140 0.961091
vt 0.980036 0.961908
vt 0.974840 0.962570
vt 0.969665 0.963061
vt 0.964566 0.963346
vt 0.959539 0.963496
vt 0.954495 0.954307
vt 0.949478 0.954400
vt 0.944434 0.954497
vt 0.984538 0.953920
vt 0.979496 0.954356
vt 0.974478 0.954623
vt 0.969479 0.954604
vt 0.964494 0.954454
vt 0.959501 0.954328
vt 0.954747 0.943330
vt 0.949839 0.942992
vt 0.944939 0.942593
vt 0.984177 0.943370
vt 0.979267 0.943452
vt 0.974368 0.943559
vt 0.969474 0.943649
vt 0.964573 0.943667
vt 0.959661 0.943564
vt 0.961805 0.780045
vt 0.958959 0.779881
vt 0.956113 0.779768
vt 0.978883 0.780113
vt 0.976041 0.780304
vt 0.973197 0.780449
vt 0.970350 0.780490
vt 0.967501 0.780409
vt 0.964652 0.780240
vt 0.962584 0.759334
vt 0.960008 0.759193
vt 0.957434 0.759088
vt 0.978141 0.759429
vt 0.975568 0.759595
vt 0.972978 0.759706
vt 0.970368 0.759732
vt 0.967758 0.759658
vt 0.965164 0.759506
vt 0.963227 0.747741
vt 0.960794 0.747533
vt 0.958362 0.747294
vt 0.977814 0.748276
vt 0.975375 0.748260
vt 0.972940 0.748230
vt 0.970506 0.748171
vt 0.968078 0.748068
vt 0.965654 0.747921
vt 0.964388 0.732132
vt 0.962160 0.731940
vt 0.959932 0.731695
vt 0.977796 0.732669
vt 0.975553 0.732613
vt 0.973311 0.732540
vt 0.971074 0.732461
vt 0.968842 0.732377
vt 0.966615 0.732273
vt 0.966724 0.700847
vt 0.964885 0.700699
vt 0.963047 0.700531
vt 0.977749 0.701250
vt 0.975906 0.701246
vt 0.974067 0.701217
vt 0.972232 0.701162
vt 0.970398 0.701081
vt 0.968562 0.700975
vt 0.735791 0.650656
vt 0.731684 0.650667
vt 0.731533 0.665971
vt 0.735791 0.666025
vt 0.727573 0.650591
vt 0.727315 0.665827
vt 0.723453 0.650475
vt 0.723150 0.665659
vt 0.719321 0.650367
vt 0.719016 0.665535
vt 0.715183 0.650292
vt 0.714872 0.665487
vt 0.711051 0.650231
vt 0.710685 0.665483
vt 0.706931 0.650139
vt 0.706448 0.665454
vt 0.702822 0.649969
vt 0.702190 0.665333
vt 0.735179 0.622276
vt 0.731361 0.622341
vt 0.727540 0.622369
vt 0.723715 0.622357
vt 0.719883 0.622302
vt 0.716051 0.622203
vt 0.712226 0.622060
vt 0.708407 0.621875
vt 0.704593 0.621654
vt 0.734590 0.596219
vt 0.731040 0.596282
vt 0.727490 0.596316
vt 0.723942 0.596313
vt 0.720393 0.596267
vt 0.716845 0.596176
vt 0.713301 0.596039
vt 0.709757 0.595864
vt 0.706212 0.595659
vt 0.734089 0.572773
vt 0.730779 0.572827
vt 0.727469 0.572846
vt 0.724157 0.572830
vt 0.720845 0.572782
vt 0.717535 0.572701
vt 0.714228 0.572586
vt 0.710924 0.572438
vt 0.707619 0.572257
vt 0.733530 0.547238
vt 0.730482 0.547295
vt 0.727435 0.547333
vt 0.724387 0.547340
vt 0.721338 0.547305
vt 0.718290 0.547224
vt 0.715246 0.547098
vt 0.712203 0.546939
vt 0.709161 0.546760
vt 0.733075 0.526737
vt 0.730237 0.526785
vt 0.727401 0.526803
vt 0.724566 0.526792
vt 0.721731 0.526753
vt 0.718899 0.526684
vt 0.716068 0.526584
vt 0.713237 0.526456
vt 0.710405 0.526299
vt 0.732600 0.504807
vt 0.729988 0.504849
vt 0.727376 0.504862
vt 0.724764 0.504849
vt 0.722152 0.504810
vt 0.719540 0.504748
vt 0.716931 0.504660
vt 0.714324 0.504545
vt 0.711716 0.504403
vt 0.732083 0.481124
vt 0.729714 0.481163
vt 0.727345 0.481174
vt 0.724975 0.481160
vt 0.722606 0.481125
vt 0.720237 0.481069
vt 0.717871 0.480990
vt 0.715506 0.480887
vt 0.713141 0.480758
vt 0.731517 0.455227
vt 0.729414 0.455260
vt 0.727310 0.455269
vt 0.725207 0.455256
vt 0.723103 0.455225
vt 0.721001 0.455175
vt 0.718900 0.455106
vt 0.716800 0.455016
vt 0.714700 0.454902
vt 0.730892 0.426546
vt 0.729083 0.426575
vt 0.727274 0.426582
vt 0.725465 0.426570
vt 0.723656 0.426542
vt 0.721847 0.426499
vt 0.720040 0.426441
vt 0.718234 0.426364
vt 0.716428 0.426266
vt 0.730198 0.394449
vt 0.728718 0.394472
vt 0.727237 0.394478
vt 0.725756 0.394468
vt 0.724275 0.394446
vt 0.722794 0.394411
vt 0.721315 0.394363
vt 0.719837 0.394300
vt 0.718360 0.394220
vt 0.729403 0.358257
vt 0.728294 0.358276
vt 0.727186 0.358283
vt 0.726079 0.358280
vt 0.724973 0.358265
vt 0.723867 0.358238
vt 0.722762 0.358199
vt 0.721656 0.358148
vt 0.720550 0.358087
vt 0.679500 0.530388
vt 0.675704 0.530560
vt 0.677103 0.567823
vt 0.681329 0.567629
vt 0.671912 0.530696
vt 0.672860 0.567976
vt 0.668125 0.530784
vt 0.668603 0.568076
vt 0.664339 0.530808
vt 0.664339 0.568110
vt 0.694627 0.529344
vt 0.690857 0.529682
vt 0.694003 0.566817
vt 0.698244 0.566438
vt 0.687080 0.529959
vt 0.689770 0.567134
vt 0.683293 0.530189
vt 0.685548 0.567401
vt 0.677268 0.484108
vt 0.674081 0.484229
vt 0.670895 0.484294
vt 0.667709 0.484318
vt 0.664522 0.484318
vt 0.689977 0.483095
vt 0.686805 0.483404
vt 0.683631 0.483686
vt 0.680452 0.483925
vt 0.675572 0.448694
vt 0.672846 0.448800
vt 0.670119 0.448862
vt 0.667392 0.448889
vt 0.664662 0.448891
vt 0.686457 0.447853
vt 0.683740 0.448112
vt 0.681020 0.448345
vt 0.678298 0.448541
vt 0.674121 0.418153
vt 0.671787 0.418240
vt 0.669453 0.418286
vt 0.667118 0.418304
vt 0.664783 0.418303
vt 0.683438 0.417420
vt 0.681112 0.417644
vt 0.678785 0.417848
vt 0.676455 0.418021
vt 0.672955 0.393496
vt 0.670941 0.393569
vt 0.668926 0.393606
vt 0.666910 0.393618
vt 0.664893 0.393616
vt 0.680997 0.392855
vt 0.678989 0.393050
vt 0.676980 0.393229
vt 0.674969 0.393381
vt 0.672077 0.374853
vt 0.670301 0.374924
vt 0.668526 0.374970
vt 0.666750 0.374994
vt 0.664973 0.374996
vt 0.679169 0.374330
vt 0.677399 0.374495
vt 0.675627 0.374637
vt 0.673852 0.374757
vt 0.671190 0.355976
vt 0.669659 0.356031
vt 0.668128 0.356058
vt 0.666595 0.356065
vt 0.665061 0.356063
vt 0.677301 0.355487
vt 0.675774 0.355636
vt 0.674248 0.355772
vt 0.672720 0.355889
vt 0.670583 0.343041
vt 0.669214 0.343103
vt 0.667847 0.343153
vt 0.666481 0.343186
vt 0.665113 0.343192
vt 0.676053 0.342684
vt 0.674689 0.342803
vt 0.673322 0.342897
vt 0.671953 0.342974
vt 0.669646 0.322957
vt 0.668544 0.323001
vt 0.667440 0.323029
vt 0.666334 0.323043
vt 0.665227 0.323043
vt 0.674058 0.322629
vt 0.672955 0.322732
vt 0.671851 0.322822
vt 0.670748 0.322898
vt 0.910706 0.544271
vt 0.906886 0.544588
vt 0.909307 0.575634
vt 0.913535 0.575294
vt 0.903055 0.544855
vt 0.905089 0.575924
vt 0.899215 0.545080
vt 0.900872 0.576175
vt 0.895374 0.545263
vt 0.896644 0.576392
vt 0.891536 0.545397
vt 0.892398 0.576564
vt 0.887703 0.545478
vt 0.888138 0.576674
vt 0.883873 0.545497
vt 0.883873 0.576712
vt 0.914517 0.543897
vt 0.917772 0.574887
vt 0.907645 0.511758
vt 0.904287 0.512072
vt 0.900924 0.512334
vt 0.897554 0.512534
vt 0.894181 0.512669
vt 0.890809 0.512746
vt 0.887437 0.512780
vt 0.884064 0.512781
vt 0.910998 0.511406
vt 0.905339 0.486697
vt 0.902333 0.486975
vt 0.899322 0.487208
vt 0.896306 0.487384
vt 0.893289 0.487499
vt 0.890272 0.487561
vt 0.887254 0.487586
vt 0.884234 0.487584
vt 0.908342 0.486385
vt 0.903566 0.467015
vt 0.900835 0.467274
vt 0.898099 0.467489
vt 0.895358 0.467647
vt 0.892616 0.467743
vt 0.889875 0.467786
vt 0.887134 0.467797
vt 0.884392 0.467791
vt 0.906294 0.466729
vt 0.902294 0.452850
vt 0.899765 0.453084
vt 0.897233 0.453277
vt 0.894699 0.453418
vt 0.892163 0.453504
vt 0.889626 0.453543
vt 0.887087 0.453551
vt 0.884545 0.453542
vt 0.904823 0.452588
vt 0.901499 0.443696
vt 0.899098 0.443894
vt 0.896697 0.444058
vt 0.894295 0.444183
vt 0.891891 0.444267
vt 0.889485 0.444313
vt 0.887075 0.444327
vt 0.884662 0.444314
vt 0.903901 0.443468
vt 0.900758 0.434635
vt 0.898481 0.434811
vt 0.896201 0.434956
vt 0.893919 0.435069
vt 0.891636 0.435146
vt 0.889353 0.435190
vt 0.887070 0.435203
vt 0.884785 0.435187
vt 0.903034 0.434428
vt 0.900020 0.425489
vt 0.897871 0.425654
vt 0.895718 0.425789
vt 0.893562 0.425892
vt 0.891406 0.425960
vt 0.889251 0.425994
vt 0.887097 0.425999
vt 0.884940 0.425978
vt 0.902168 0.425295
vt 0.899262 0.415992
vt 0.897246 0.416146
vt 0.895227 0.416272
vt 0.893205 0.416367
vt 0.891184 0.416427
vt 0.889164 0.416455
vt 0.887144 0.416457
vt 0.885122 0.416434
vt 0.901277 0.415812
vt 0.898450 0.405807
vt 0.896577 0.405949
vt 0.894701 0.406065
vt 0.892824 0.406152
vt 0.890947 0.406209
vt 0.889072 0.406238
vt 0.887196 0.406241
vt 0.885317 0.406220
vt 0.900322 0.405640
vt 0.897542 0.394566
vt 0.895826 0.394696
vt 0.894108 0.394801
vt 0.892390 0.394883
vt 0.890672 0.394939
vt 0.888954 0.394970
vt 0.887236 0.394978
vt 0.885516 0.394963
vt 0.899257 0.394413
vt 0.896495 0.381908
vt 0.894956 0.382025
vt 0.893416 0.382120
vt 0.891875 0.382195
vt 0.890334 0.382250
vt 0.888794 0.382284
vt 0.887253 0.382296
vt 0.885710 0.382286
vt 0.898032 0.381769
vt 0.895278 0.367492
vt 0.893940 0.367596
vt 0.892599 0.367682
vt 0.891258 0.367750
vt 0.889917 0.367799
vt 0.888577 0.367830
vt 0.887237 0.367842
vt 0.885897 0.367835
vt 0.896614 0.367368
vt 0.893835 0.351005
vt 0.892731 0.351097
vt 0.891628 0.351172
vt 0.890527 0.351230
vt 0.889425 0.351269
vt 0.888321 0.351292
vt 0.887215 0.351300
vt 0.886106 0.351293
vt 0.894939 0.350900
vt 0.214320 0.891971
vt 0.206137 0.891744
vt 0.209345 0.997345
vt 0.218236 0.997064
vt 0.197924 0.891808
vt 0.200461 0.997585
vt 0.189712 0.892270
vt 0.191561 0.997792
vt 0.181524 0.892904
vt 0.182632 0.997952
vt 0.173355 0.893401
vt 0.173676 0.998043
vt 0.165204 0.893572
vt 0.164711 0.998047
vt 0.230612 0.892031
vt 0.222475 0.892163
vt 0.227152 0.996725
vt 0.236094 0.996303
vt 0.214667 0.880468
vt 0.206259 0.881157
vt 0.197515 0.881455
vt 0.188898 0.881112
vt 0.180702 0.880437
vt 0.172721 0.879898
vt 0.164711 0.879667
vt 0.230768 0.879195
vt 0.222734 0.879733
vt 0.219364 0.789468
vt 0.212025 0.789101
vt 0.211734 0.799000
vt 0.218928 0.799805
vt 0.226688 0.789495
vt 0.226321 0.800286
vt 0.175334 0.790860
vt 0.168019 0.791044
vt 0.168713 0.801275
vt 0.176123 0.800961
vt 0.182642 0.790209
vt 0.183443 0.800078
vt 0.189962 0.789432
vt 0.190565 0.799137
vt 0.197307 0.788898
vt 0.197625 0.798537
vt 0.204668 0.788809
vt 0.204677 0.798488
vt 0.193254 0.344485
vt 0.189416 0.344641
vt 0.190589 0.376203
vt 0.194680 0.376017
vt 0.185576 0.344769
vt 0.186501 0.376357
vt 0.181734 0.344867
vt 0.182418 0.376469
vt 0.177895 0.344936
vt 0.178340 0.376536
vt 0.174057 0.344976
vt 0.174261 0.376563
vt 0.170214 0.344986
vt 0.170177 0.376560
vt 0.200932 0.344080
vt 0.197093 0.344297
vt 0.198772 0.375807
vt 0.202857 0.375575
vt 0.191800 0.409908
vt 0.196146 0.409585
vt 0.187449 0.410186
vt 0.183093 0.410330
vt 0.178732 0.410312
vt 0.174372 0.410176
vt 0.170015 0.410017
vt 0.200492 0.409310
vt 0.204845 0.409130
vt 0.213748 0.870900
vt 0.205676 0.872007
vt 0.197554 0.872320
vt 0.189479 0.871620
vt 0.181497 0.870377
vt 0.173549 0.869229
vt 0.165580 0.868556
vt 0.229740 0.868902
vt 0.221760 0.869675
vt 0.212866 0.659561
vt 0.206560 0.659840
vt 0.219166 0.659191
vt 0.174967 0.660466
vt 0.168656 0.660515
vt 0.181284 0.660376
vt 0.187607 0.660274
vt 0.193930 0.660166
vt 0.200248 0.660032
vt 0.212662 0.820405
vt 0.205219 0.821244
vt 0.197797 0.821462
vt 0.190409 0.820975
vt 0.183035 0.819992
vt 0.175613 0.818955
vt 0.168085 0.818327
vt 0.227669 0.818545
vt 0.220134 0.819315
vt 0.211898 0.808042
vt 0.204876 0.808530
vt 0.197854 0.808745
vt 0.190821 0.808614
vt 0.183702 0.808156
vt 0.176314 0.807568
vt 0.168790 0.807232
vt 0.226471 0.806811
vt 0.219071 0.807399
vt 0.190997 0.230915
vt 0.188074 0.231216
vt 0.188371 0.234932
vt 0.191348 0.234677
vt 0.193943 0.230622
vt 0.194323 0.234432
vt 0.173637 0.231422
vt 0.170678 0.231328
vt 0.170557 0.235160
vt 0.173536 0.235225
vt 0.176573 0.231537
vt 0.176502 0.235300
vt 0.179466 0.231620
vt 0.179462 0.235340
vt 0.182328 0.231596
vt 0.182426 0.235301
vt 0.185188 0.231465
vt 0.185395 0.235155
vt 0.188783 0.243050
vt 0.191831 0.242858
vt 0.194878 0.242674
vt 0.170469 0.243382
vt 0.173519 0.243413
vt 0.176569 0.243439
vt 0.179622 0.243428
vt 0.182677 0.243359
vt 0.185732 0.243227
vt 0.190164 0.274381
vt 0.193457 0.274212
vt 0.196749 0.274027
vt 0.170382 0.274779
vt 0.173678 0.274783
vt 0.176972 0.274767
vt 0.180269 0.274723
vt 0.183571 0.274643
vt 0.186870 0.274527
vt 0.195349 0.310767
vt 0.191770 0.310936
vt 0.198927 0.310567
vt 0.173860 0.311383
vt 0.170278 0.311391
vt 0.177442 0.311346
vt 0.181024 0.311282
vt 0.184607 0.311192
vt 0.188189 0.311077
vt 0.645979 0.836144
vt 0.640428 0.836053
vt 0.637164 0.997870
vt 0.643849 0.998036
vt 0.634879 0.835928
vt 0.630485 0.997579
vt 0.629330 0.835763
vt 0.623811 0.997241
vt 0.623778 0.835556
vt 0.617137 0.996935
vt 0.618228 0.835304
vt 0.610460 0.996691
vt 0.612683 0.835009
vt 0.603778 0.996478
vt 0.657081 0.836224
vt 0.651530 0.836201
vt 0.650538 0.998047
vt 0.657225 0.997933
vt 0.653304 0.597989
vt 0.649414 0.597921
vt 0.648870 0.630642
vt 0.652986 0.630722
vt 0.657190 0.598053
vt 0.657099 0.630810
vt 0.629993 0.597336
vt 0.626118 0.597082
vt 0.624199 0.629808
vt 0.628303 0.630098
vt 0.633871 0.597540
vt 0.632413 0.630321
vt 0.637753 0.597686
vt 0.636526 0.630463
vt 0.641636 0.597785
vt 0.640640 0.630539
vt 0.645523 0.597856
vt 0.644754 0.630586
vt 0.646419 0.544853
vt 0.649932 0.544843
vt 0.649649 0.531168
vt 0.646264 0.531297
vt 0.642912 0.544823
vt 0.642864 0.531429
vt 0.639401 0.544770
vt 0.639432 0.531540
vt 0.635880 0.544708
vt 0.635969 0.531600
vt 0.632360 0.544637
vt 0.632517 0.531587
vt 0.628851 0.544540
vt 0.629105 0.531525
vt 0.653444 0.544789
vt 0.656950 0.544706
vt 0.656408 0.530935
vt 0.653027 0.531051
vt 0.647759 0.704741
vt 0.643125 0.704676
vt 0.638494 0.704604
vt 0.633863 0.704499
vt 0.629230 0.704337
vt 0.624601 0.704108
vt 0.619977 0.703822
vt 0.657023 0.704867
vt 0.652392 0.704808
vt 0.652535 0.519207
vt 0.649131 0.519243
vt 0.655886 0.519314
vt 0.632548 0.520672
vt 0.629272 0.520404
vt 0.635795 0.520741
vt 0.639051 0.520494
vt 0.642355 0.520017
vt 0.645721 0.519534
vt 0.646297 0.560481
vt 0.649924 0.560526
vt 0.642676 0.560400
vt 0.639058 0.560294
vt 0.635436 0.560172
vt 0.631813 0.560036
vt 0.628194 0.559876
vt 0.653552 0.560533
vt 0.657176 0.560512
vt 0.649723 0.578272
vt 0.653475 0.578310
vt 0.657225 0.578320
vt 0.627252 0.577469
vt 0.630993 0.577663
vt 0.634736 0.577833
vt 0.638479 0.577980
vt 0.642223 0.578105
vt 0.645970 0.578204
vt 0.345248 0.944241
vt 0.338063 0.944366
vt 0.338444 0.997926
vt 0.345843 0.997842
vt 0.330860 0.944545
vt 0.331022 0.998001
vt 0.323642 0.944698
vt 0.323574 0.998047
vt 0.316425 0.944757
vt 0.316113 0.998037
vt 0.373986 0.944121
vt 0.366779 0.944218
vt 0.368063 0.997539
vt 0.375511 0.997358
vt 0.359590 0.944222
vt 0.360637 0.997665
vt 0.352418 0.944205
vt 0.353234 0.997759
vt 0.344995 0.922436
vt 0.337657 0.922516
vt 0.330398 0.922562
vt 0.323233 0.922574
vt 0.316113 0.922550
vt 0.373855 0.922015
vt 0.366741 0.922185
vt 0.359583 0.922289
vt 0.352331 0.922358
vt 0.344746 0.900486
vt 0.337751 0.900562
vt 0.330761 0.900627
vt 0.323767 0.900655
vt 0.316765 0.900620
vt 0.372776 0.900013
vt 0.365769 0.900198
vt 0.358758 0.900321
vt 0.351749 0.900409
vt 0.342756 0.716485
vt 0.336623 0.716611
vt 0.330492 0.716814
vt 0.324358 0.716988
vt 0.318217 0.717027
vt 0.367343 0.716500
vt 0.361195 0.716595
vt 0.355044 0.716553
vt 0.348897 0.716481
vt 0.342395 0.680899
vt 0.336463 0.680961
vt 0.330520 0.681002
vt 0.324560 0.681015
vt 0.318584 0.680994
vt 0.366172 0.680511
vt 0.360202 0.680659
vt 0.354253 0.680757
vt 0.348322 0.680830
vt 0.342018 0.645223
vt 0.336201 0.645232
vt 0.330386 0.645163
vt 0.324574 0.645067
vt 0.318763 0.644996
vt 0.365249 0.644517
vt 0.359443 0.644707
vt 0.353639 0.644923
vt 0.347831 0.645113
vt 0.337432 0.200532
vt 0.333700 0.200562
vt 0.329969 0.200574
vt 0.326238 0.200569
vt 0.322507 0.200546
vt 0.352353 0.200238
vt 0.348623 0.200338
vt 0.344893 0.200420
vt 0.341163 0.200485
vt 0.861928 0.916603
vt 0.857111 0.916938
vt 0.862345 0.996760
vt 0.867918 0.996370
vt 0.852290 0.917220
vt 0.856774 0.997095
vt 0.847465 0.917457
vt 0.851206 0.997378
vt 0.842634 0.917655
vt 0.845638 0.997612
vt 0.837801 0.917818
vt 0.840065 0.997797
vt 0.832971 0.917943
vt 0.834486 0.997934
vt 0.828142 0.918023
vt 0.828901 0.998018
vt 0.823312 0.918049
vt 0.823312 0.998047
vt 0.854788 0.822195
vt 0.850867 0.822480
vt 0.846946 0.822739
vt 0.843023 0.822961
vt 0.839094 0.823134
vt 0.835163 0.823255
vt 0.831235 0.823327
vt 0.827306 0.823362
vt 0.823375 0.823370
vt 0.849325 0.749852
vt 0.846091 0.750091
vt 0.842858 0.750312
vt 0.839622 0.750502
vt 0.836382 0.750648
vt 0.833141 0.750745
vt 0.829901 0.750796
vt 0.826662 0.750817
vt 0.823419 0.750820
vt 0.845516 0.699440
vt 0.842761 0.699647
vt 0.840008 0.699843
vt 0.837253 0.700013
vt 0.834495 0.700140
vt 0.831735 0.700219
vt 0.828976 0.700255
vt 0.826216 0.700264
vt 0.823454 0.700264
vt 0.843354 0.670800
vt 0.840870 0.670976
vt 0.838388 0.671131
vt 0.835905 0.671263
vt 0.833420 0.671368
vt 0.830935 0.671448
vt 0.828450 0.671502
vt 0.825964 0.671532
vt 0.823475 0.671541
vt 0.841332 0.643804
vt 0.839104 0.643953
vt 0.836875 0.644072
vt 0.834643 0.644169
vt 0.832410 0.644256
vt 0.830176 0.644335
vt 0.827945 0.644404
vt 0.825714 0.644451
vt 0.823481 0.644468
vt 0.839434 0.618569
vt 0.837447 0.618739
vt 0.835463 0.618929
vt 0.833474 0.619099
vt 0.831477 0.619211
vt 0.829478 0.619247
vt 0.827485 0.619224
vt 0.825494 0.619182
vt 0.823501 0.619160
vt 0.825407 0.603526
vt 0.823566 0.603522
vt 0.827241 0.603518
vt 0.829065 0.603491
vt 0.830885 0.603437
vt 0.832706 0.603352
vt 0.834534 0.603241
vt 0.836370 0.603111
vt 0.838209 0.602970
vt 0.489183 0.971726
vt 0.482656 0.971757
vt 0.482656 0.998047
vt 0.489340 0.998009
vt 0.534677 0.970729
vt 0.528169 0.970896
vt 0.529080 0.997119
vt 0.535741 0.996902
vt 0.521682 0.971002
vt 0.522453 0.997270
vt 0.515208 0.971102
vt 0.515855 0.997402
vt 0.508729 0.971239
vt 0.509265 0.997552
vt 0.502233 0.971417
vt 0.502657 0.997724
vt 0.495715 0.971600
vt 0.496014 0.997891
vt 0.488994 0.933188
vt 0.482698 0.933143
vt 0.533477 0.932544
vt 0.527174 0.932737
vt 0.520838 0.932882
vt 0.514454 0.932999
vt 0.508043 0.933097
vt 0.501651 0.933165
vt 0.495304 0.933194
vt 0.489518 0.894922
vt 0.483453 0.894830
vt 0.531949 0.894533
vt 0.525883 0.894637
vt 0.519819 0.894678
vt 0.513756 0.894706
vt 0.507697 0.894760
vt 0.501640 0.894841
vt 0.495581 0.894913
vt 0.494826 0.442161
vt 0.491484 0.442112
vt 0.518221 0.441942
vt 0.514880 0.442033
vt 0.511538 0.442105
vt 0.508196 0.442156
vt 0.504854 0.442187
vt 0.501511 0.442198
vt 0.498169 0.442190
vt 0.065678 0.893605
vt 0.056303 0.892643
vt 0.052355 0.997118
vt 0.062427 0.997500
vt 0.046978 0.891840
vt 0.042307 0.996683
vt 0.037645 0.891469
vt 0.032259 0.996202
vt 0.028262 0.891525
vt 0.022185 0.995670
vt 0.018821 0.891660
vt 0.012078 0.995074
vt 0.009341 0.891440
vt 0.001953 0.994394
vt 0.084605 0.894829
vt 0.075122 0.894401
vt 0.072535 0.997814
vt 0.082670 0.998047
vt 0.060552 0.811575
vt 0.069200 0.809092
vt 0.068146 0.794624
vt 0.059418 0.795295
vt 0.077921 0.807726
vt 0.077029 0.794536
vt 0.010471 0.814648
vt 0.019063 0.815647
vt 0.018318 0.797457
vt 0.009832 0.797207
vt 0.027404 0.816872
vt 0.026493 0.797615
vt 0.035694 0.817270
vt 0.034732 0.797440
vt 0.044028 0.816359
vt 0.043006 0.796895
vt 0.052265 0.814300
vt 0.051150 0.796120
vt 0.067220 0.748048
vt 0.058746 0.748147
vt 0.075712 0.747690
vt 0.016053 0.748984
vt 0.007531 0.749386
vt 0.024599 0.748472
vt 0.033167 0.748097
vt 0.041733 0.747987
vt 0.050260 0.748069
vt 0.023831 0.002399
vt 0.020186 0.002648
vt 0.022860 0.061801
vt 0.026895 0.061615
vt 0.016543 0.002865
vt 0.018824 0.061961
vt 0.012899 0.003013
vt 0.014786 0.062100
vt 0.009252 0.003082
vt 0.010748 0.062220
vt 0.005604 0.003092
vt 0.006712 0.062318
vt 0.001953 0.003087
vt 0.002676 0.062388
vt 0.031124 0.001953
vt 0.027477 0.002160
vt 0.030927 0.061399
vt 0.034957 0.061150
vt 0.067264 0.873494
vt 0.057783 0.871809
vt 0.047884 0.870345
vt 0.037683 0.870161
vt 0.027842 0.871397
vt 0.018506 0.872891
vt 0.009313 0.873884
vt 0.086084 0.875105
vt 0.076660 0.874665
vt 0.063549 0.666931
vt 0.055581 0.667270
vt 0.071514 0.666531
vt 0.015632 0.668224
vt 0.007648 0.668262
vt 0.023625 0.668129
vt 0.031623 0.667984
vt 0.039618 0.667793
vt 0.047605 0.667556
vt 0.058070 0.555353
vt 0.050828 0.555699
vt 0.065309 0.554959
vt 0.014591 0.556719
vt 0.007341 0.556781
vt 0.021841 0.556610
vt 0.029090 0.556454
vt 0.036338 0.556250
vt 0.043584 0.555999
vt 0.068962 0.855827
vt 0.059411 0.857449
vt 0.048860 0.858921
vt 0.037585 0.859557
vt 0.026809 0.859032
vt 0.017107 0.858015
vt 0.007828 0.857298
vt 0.087219 0.854063
vt 0.078131 0.854559
vt 0.051317 0.426857
vt 0.044911 0.427180
vt 0.057722 0.426491
vt 0.012862 0.428171
vt 0.006447 0.428245
vt 0.019275 0.428055
vt 0.025686 0.427898
vt 0.032095 0.427700
vt 0.038504 0.427460
vt 0.067427 0.846129
vt 0.058281 0.849797
vt 0.048582 0.853340
vt 0.038092 0.854599
vt 0.027877 0.852797
vt 0.018468 0.850188
vt 0.009343 0.848576
vt 0.085342 0.841520
vt 0.076441 0.843382
vt 0.063730 0.829499
vt 0.055049 0.833213
vt 0.046243 0.836241
vt 0.037275 0.837365
vt 0.028287 0.836458
vt 0.019419 0.834477
vt 0.010525 0.833134
vt 0.081136 0.824335
vt 0.072385 0.826393
vt 0.044144 0.295287
vt 0.038593 0.295583
vt 0.049694 0.294968
vt 0.010809 0.296489
vt 0.005249 0.296545
vt 0.016369 0.296398
vt 0.021928 0.296263
vt 0.027486 0.296080
vt 0.033041 0.295850
vt 0.039165 0.205914
vt 0.034194 0.206182
vt 0.044134 0.205620
vt 0.009315 0.207019
vt 0.004339 0.207081
vt 0.014292 0.206926
vt 0.019270 0.206796
vt 0.024248 0.206627
vt 0.029223 0.206421
vt 0.034632 0.126004
vt 0.030181 0.126249
vt 0.039083 0.125738
vt 0.007911 0.127021
vt 0.003454 0.127077
vt 0.012366 0.126937
vt 0.016821 0.126818
vt 0.021276 0.126662
vt 0.025729 0.126471
vt 0.594322 0.970464
vt 0.587936 0.971535
vt 0.590309 0.995198
vt 0.596701 0.994407
vt 0.581696 0.973598
vt 0.583767 0.996225
vt 0.575420 0.975693
vt 0.576992 0.997208
vt 0.568992 0.976953
vt 0.570033 0.997864
vt 0.562477 0.976964
vt 0.563048 0.998047
vt 0.556012 0.975814
vt 0.556217 0.997816
vt 0.549635 0.974130
vt 0.549632 0.997427
vt 0.543217 0.973036
vt 0.543217 0.997220
vt 0.593653 0.965909
vt 0.587234 0.966788
vt 0.580898 0.968255
vt 0.574712 0.969646
vt 0.568537 0.970479
vt 0.562352 0.970544
vt 0.556219 0.969855
vt 0.550048 0.968739
vt 0.543688 0.967911
vt 0.592306 0.928997
vt 0.586242 0.928978
vt 0.586179 0.946493
vt 0.592518 0.946384
vt 0.580244 0.928535
vt 0.580001 0.946209
vt 0.574207 0.928006
vt 0.573977 0.945746
vt 0.568088 0.927697
vt 0.567921 0.945391
vt 0.561922 0.927795
vt 0.561857 0.945325
vt 0.555731 0.928296
vt 0.555897 0.945593
vt 0.549519 0.928940
vt 0.549926 0.946104
vt 0.543340 0.929292
vt 0.543734 0.946550
vt 0.548441 0.529926
vt 0.551501 0.529950
vt 0.551479 0.507224
vt 0.548599 0.507285
vt 0.554383 0.507194
vt 0.554578 0.529933
vt 0.557284 0.507208
vt 0.557652 0.529872
vt 0.560166 0.507245
vt 0.560711 0.529776
vt 0.563778 0.529658
vt 0.563055 0.507253
vt 0.565965 0.507182
vt 0.566864 0.529528
vt 0.568865 0.507021
vt 0.569945 0.529394
vt 0.571733 0.506792
vt 0.573002 0.529250
vt 0.550499 0.835825
vt 0.545075 0.835747
vt 0.544071 0.891905
vt 0.549930 0.891997
vt 0.555925 0.835848
vt 0.555813 0.891984
vt 0.561354 0.835813
vt 0.561718 0.891890
vt 0.566785 0.835726
vt 0.567634 0.891759
vt 0.572214 0.835600
vt 0.573542 0.891634
vt 0.577642 0.835444
vt 0.579429 0.891531
vt 0.583066 0.835261
vt 0.585291 0.891427
vt 0.588486 0.835044
vt 0.591138 0.891270
vt 0.548329 0.554797
vt 0.551594 0.554852
vt 0.554868 0.554841
vt 0.558142 0.554752
vt 0.561407 0.554604
vt 0.564672 0.554435
vt 0.567942 0.554281
vt 0.571209 0.554155
vt 0.574470 0.554036
vt 0.553583 0.456471
vt 0.551072 0.456295
vt 0.550101 0.466672
vt 0.552691 0.466871
vt 0.556085 0.456682
vt 0.555290 0.467053
vt 0.558579 0.456944
vt 0.557886 0.467226
vt 0.561069 0.457241
vt 0.560472 0.467390
vt 0.563576 0.457518
vt 0.563059 0.467536
vt 0.566111 0.457711
vt 0.565657 0.467648
vt 0.568654 0.457797
vt 0.568257 0.467725
vt 0.571185 0.457816
vt 0.570853 0.467788
vt 0.554321 0.448979
vt 0.551807 0.449008
vt 0.556848 0.449151
vt 0.559332 0.449598
vt 0.561746 0.450217
vt 0.564115 0.450785
vt 0.566488 0.451075
vt 0.568894 0.451019
vt 0.571347 0.450778
vt 0.570799 0.476580
vt 0.568150 0.476730
vt 0.568356 0.491619
vt 0.571120 0.491544
vt 0.565482 0.476785
vt 0.565569 0.491673
vt 0.562810 0.476721
vt 0.562777 0.491694
vt 0.560156 0.476559
vt 0.560009 0.491682
vt 0.557507 0.476368
vt 0.557249 0.491651
vt 0.554841 0.476223
vt 0.554468 0.491608
vt 0.552170 0.476157
vt 0.551682 0.491554
vt 0.549513 0.476157
vt 0.548916 0.491482
vt 0.585176 0.765198
vt 0.580291 0.765405
vt 0.575403 0.765578
vt 0.570514 0.765719
vt 0.565625 0.765826
vt 0.560735 0.765897
vt 0.555844 0.765928
vt 0.550954 0.765916
vt 0.546064 0.765863
vt 0.543951 0.958781
vt 0.550196 0.958972
vt 0.556157 0.959247
vt 0.562086 0.959389
vt 0.568124 0.959316
vt 0.574152 0.959061
vt 0.580183 0.958667
vt 0.586449 0.958176
vt 0.592859 0.957739
vt 0.551631 0.634246
vt 0.547749 0.634223
vt 0.546952 0.699643
vt 0.551335 0.699693
vt 0.555514 0.634241
vt 0.555719 0.699702
vt 0.559397 0.634209
vt 0.560103 0.699669
vt 0.563278 0.634150
vt 0.564486 0.699596
vt 0.567160 0.634061
vt 0.568869 0.699491
vt 0.571043 0.633940
vt 0.573251 0.699360
vt 0.574924 0.633787
vt 0.577633 0.699205
vt 0.578802 0.633602
vt 0.582012 0.699021
vt 0.572599 0.582213
vt 0.576077 0.581996
vt 0.569118 0.582385
vt 0.565634 0.582503
vt 0.562148 0.582573
vt 0.558660 0.582613
vt 0.555169 0.582644
vt 0.551678 0.582677
vt 0.548191 0.582703
vt 0.716622 0.997090
vt 0.709975 0.997028
vt 0.709971 0.997125
vt 0.716616 0.997314
vt 0.709975 0.997028
vt 0.703404 0.996811
vt 0.703402 0.996833
vt 0.709971 0.997125
vt 0.703404 0.996811
vt 0.696937 0.996650
vt 0.696935 0.996713
vt 0.703402 0.996833
vt 0.690534 0.996721
vt 0.690534 0.996724
vt 0.690534 0.996721
vt 0.684112 0.997044
vt 0.684120 0.997170
vt 0.690534 0.996724
vt 0.684112 0.997044
vt 0.677600 0.997464
vt 0.677615 0.997709
vt 0.684120 0.997170
vt 0.670991 0.997762
vt 0.670997 0.998047
vt 0.664341 0.997797
vt 0.664339 0.998021
vt 0.716140 0.977104
vt 0.709704 0.977303
vt 0.703255 0.977371
vt 0.703404 0.996811
vt 0.696776 0.977385
vt 0.696937 0.996650
vt 0.690268 0.977432
vt 0.690534 0.996721
vt 0.683753 0.977548
vt 0.677256 0.977692
vt 0.670787 0.977781
vt 0.664339 0.977743
vt 0.714780 0.953735
vt 0.708601 0.954060
vt 0.702408 0.954305
vt 0.696197 0.954480
vt 0.689971 0.954591
vt 0.683744 0.954636
vt 0.677528 0.954611
vt 0.671327 0.954515
vt 0.665137 0.954341
vt 0.713141 0.926780
vt 0.707266 0.927110
vt 0.701389 0.927382
vt 0.695510 0.927582
vt 0.689630 0.927700
vt 0.683749 0.927732
vt 0.677870 0.927678
vt 0.671990 0.927553
vt 0.666107 0.927372
vt 0.711861 0.905929
vt 0.706218 0.906208
vt 0.700587 0.906413
vt 0.694971 0.906556
vt 0.689364 0.906651
vt 0.683753 0.906703
vt 0.678129 0.906705
vt 0.672488 0.906643
vt 0.666838 0.906506
vt 0.710660 0.882883
vt 0.705266 0.883070
vt 0.699862 0.883072
vt 0.694456 0.883014
vt 0.689051 0.883023
vt 0.683652 0.883149
vt 0.678256 0.883340
vt 0.672861 0.883474
vt 0.667468 0.883424
vt 0.699108 0.680479
vt 0.695963 0.680652
vt 0.692817 0.680806
vt 0.689669 0.680924
vt 0.686518 0.680992
vt 0.683367 0.681004
vt 0.680218 0.680964
vt 0.677069 0.680890
vt 0.673921 0.680796
vt 0.692849 0.570771
vt 0.690920 0.570871
vt 0.688991 0.570949
vt 0.687061 0.571006
vt 0.685132 0.571041
vt 0.683204 0.571055
vt 0.681275 0.571047
vt 0.679345 0.571017
vt 0.677414 0.570966
vt 0.117038 0.878874
vt 0.109404 0.878712
vt 0.109470 0.998047
vt 0.117786 0.997992
vt 0.101804 0.878553
vt 0.101135 0.998047
vt 0.094228 0.878558
vt 0.092795 0.997975
vt 0.155090 0.877738
vt 0.147540 0.878197
vt 0.150926 0.997444
vt 0.159250 0.997196
vt 0.139972 0.878591
vt 0.142626 0.997635
vt 0.132358 0.878826
vt 0.134348 0.997784
vt 0.124700 0.878915
vt 0.126075 0.997902
vt 0.117100 0.869211
vt 0.109478 0.868817
vt 0.101919 0.868502
vt 0.094394 0.868296
vt 0.155066 0.868862
vt 0.147565 0.868906
vt 0.140080 0.869148
vt 0.132506 0.869426
vt 0.124807 0.869485
vt 0.117409 0.856271
vt 0.109841 0.855614
vt 0.102371 0.855033
vt 0.094946 0.854613
vt 0.155618 0.856344
vt 0.148147 0.856278
vt 0.140600 0.856467
vt 0.132918 0.856737
vt 0.125131 0.856733
vt 0.117983 0.844213
vt 0.110536 0.842831
vt 0.103227 0.841616
vt 0.095921 0.840767
vt 0.156182 0.843192
vt 0.148762 0.843535
vt 0.141209 0.844320
vt 0.133485 0.845102
vt 0.125669 0.845160
vt 0.119373 0.826439
vt 0.112362 0.824832
vt 0.105325 0.823235
vt 0.098164 0.822162
vt 0.155391 0.824236
vt 0.148150 0.825052
vt 0.140897 0.826340
vt 0.133651 0.827339
vt 0.126458 0.827412
vt 0.120437 0.811421
vt 0.113692 0.810367
vt 0.106749 0.809182
vt 0.099652 0.808432
vt 0.154554 0.809621
vt 0.147465 0.810310
vt 0.140529 0.811235
vt 0.133760 0.811865
vt 0.127091 0.811952
vt 0.120811 0.798748
vt 0.114077 0.798645
vt 0.107197 0.798492
vt 0.100199 0.798386
vt 0.154643 0.798478
vt 0.147660 0.798626
vt 0.140837 0.798707
vt 0.134136 0.798749
vt 0.127478 0.798773
vt 0.120846 0.785391
vt 0.114051 0.785817
vt 0.107172 0.786258
vt 0.100242 0.786522
vt 0.154714 0.785672
vt 0.147814 0.785595
vt 0.141026 0.785310
vt 0.134303 0.785105
vt 0.127586 0.785130
vt 0.120604 0.772914
vt 0.113747 0.773663
vt 0.106847 0.774386
vt 0.099962 0.774752
vt 0.154633 0.773245
vt 0.147775 0.773115
vt 0.140963 0.772705
vt 0.134187 0.772395
vt 0.127411 0.772446
vt 0.120295 0.767870
vt 0.113430 0.768479
vt 0.106580 0.769016
vt 0.099734 0.769241
vt 0.154664 0.767431
vt 0.147818 0.767575
vt 0.140953 0.767447
vt 0.134068 0.767325
vt 0.127178 0.767442
vt 0.114815 0.574279
vt 0.109215 0.574448
vt 0.103615 0.574578
vt 0.098014 0.574661
vt 0.142801 0.573020
vt 0.137209 0.573342
vt 0.131615 0.573620
vt 0.126017 0.573864
vt 0.120416 0.574083
vt 0.105803 0.281958
vt 0.102081 0.282043
vt 0.098358 0.282107
vt 0.094635 0.282159
vt 0.124397 0.281039
vt 0.120681 0.281272
vt 0.116964 0.281490
vt 0.113246 0.281682
vt 0.109525 0.281839
vt 0.101047 0.130692
vt 0.098297 0.130770
vt 0.095546 0.130830
vt 0.092795 0.130872
vt 0.114788 0.130037
vt 0.112040 0.130204
vt 0.109292 0.130352
vt 0.106544 0.130483
vt 0.103796 0.130597
vt 0.927491 0.929289
vt 0.920731 0.930303
vt 0.930223 0.993848
vt 0.938447 0.992548
vt 0.913952 0.931119
vt 0.922011 0.994921
vt 0.907151 0.931774
vt 0.913825 0.995811
vt 0.900319 0.932349
vt 0.905647 0.996557
vt 0.893463 0.932902
vt 0.897440 0.997180
vt 0.886600 0.933367
vt 0.889178 0.997666
vt 0.879741 0.933661
vt 0.880861 0.997972
vt 0.872895 0.933758
vt 0.872518 0.998047
vt 0.925392 0.913567
vt 0.918989 0.914581
vt 0.912474 0.915337
vt 0.905772 0.915865
vt 0.898929 0.916391
vt 0.892128 0.917009
vt 0.885484 0.917476
vt 0.878973 0.917711
vt 0.872518 0.917767
vt 0.923355 0.904887
vt 0.917244 0.906224
vt 0.911082 0.907580
vt 0.904819 0.908868
vt 0.898395 0.909761
vt 0.891908 0.909925
vt 0.885526 0.909606
vt 0.879233 0.909220
vt 0.872952 0.908898
vt 0.921287 0.895472
vt 0.915351 0.896468
vt 0.909402 0.897338
vt 0.903445 0.898077
vt 0.897482 0.898651
vt 0.891515 0.899037
vt 0.885544 0.899260
vt 0.879555 0.899352
vt 0.873549 0.899317
vt 0.894785 0.744545
vt 0.892396 0.744936
vt 0.890000 0.745271
vt 0.887599 0.745550
vt 0.885195 0.745772
vt 0.882786 0.745937
vt 0.880374 0.746045
vt 0.877957 0.746097
vt 0.875538 0.746094
vt 0.888243 0.685267
vt 0.883450 0.685679
vt 0.884736 0.701947
vt 0.889732 0.701530
vt 0.878651 0.686010
vt 0.879746 0.702286
vt 0.873849 0.686283
vt 0.874768 0.702568
vt 0.869045 0.686518
vt 0.869795 0.702813
vt 0.864239 0.686723
vt 0.864819 0.703028
vt 0.859430 0.686890
vt 0.859828 0.703205
vt 0.854619 0.686998
vt 0.854821 0.703322
vt 0.849807 0.687025
vt 0.849807 0.703363
vt 0.876015 0.557600
vt 0.872817 0.557918
vt 0.869619 0.558239
vt 0.866414 0.558520
vt 0.863201 0.558717
vt 0.859982 0.558813
vt 0.856764 0.558825
vt 0.853549 0.558797
vt 0.850336 0.558772
vt 0.870197 0.497196
vt 0.867754 0.497409
vt 0.865308 0.497582
vt 0.862862 0.497724
vt 0.860414 0.497844
vt 0.857966 0.497948
vt 0.855520 0.498030
vt 0.853072 0.498082
vt 0.850621 0.498094
vt 0.861402 0.405587
vt 0.860104 0.405704
vt 0.858804 0.405804
vt 0.857503 0.405889
vt 0.856202 0.405957
vt 0.854900 0.406008
vt 0.853598 0.406043
vt 0.852295 0.406062
vt 0.850991 0.406065
vt 0.944481 0.682195
vt 0.938556 0.681980
vt 0.935574 0.745467
vt 0.942990 0.745734
vt 0.932646 0.681624
vt 0.928173 0.745022
vt 0.926752 0.681134
vt 0.920790 0.744405
vt 0.920871 0.680510
vt 0.913426 0.743618
vt 0.915003 0.679754
vt 0.906078 0.742664
vt 0.909146 0.678863
vt 0.898749 0.741541
vt 0.903307 0.677834
vt 0.891443 0.740244
vt 0.950412 0.682267
vt 0.950412 0.745822
vt 0.945626 0.629709
vt 0.940935 0.629574
vt 0.936238 0.629327
vt 0.931532 0.628968
vt 0.926821 0.628495
vt 0.922127 0.627909
vt 0.917466 0.627210
vt 0.912840 0.626406
vt 0.950316 0.629738
vt 0.946348 0.577288
vt 0.942882 0.577216
vt 0.939420 0.577074
vt 0.935969 0.576851
vt 0.932532 0.576533
vt 0.929110 0.576119
vt 0.925699 0.575611
vt 0.922294 0.575022
vt 0.949812 0.577296
vt 0.946757 0.543570
vt 0.944085 0.543510
vt 0.941417 0.543388
vt 0.938755 0.543204
vt 0.936102 0.542956
vt 0.933457 0.542643
vt 0.930818 0.542267
vt 0.928186 0.541829
vt 0.949429 0.543571
vt 0.284409 0.469565
vt 0.278929 0.469887
vt 0.300978 0.996788
vt 0.309624 0.996400
vt 0.273455 0.470290
vt 0.292329 0.997124
vt 0.267982 0.470661
vt 0.283680 0.997408
vt 0.262503 0.470886
vt 0.275029 0.997640
vt 0.257016 0.470921
vt 0.266376 0.997819
vt 0.251525 0.470811
vt 0.257722 0.997947
vt 0.246032 0.470669
vt 0.249067 0.998023
vt 0.240541 0.470606
vt 0.240412 0.998047
vt 0.282876 0.432390
vt 0.277612 0.432622
vt 0.272333 0.432812
vt 0.267011 0.432974
vt 0.261641 0.433116
vt 0.256272 0.433213
vt 0.250955 0.433249
vt 0.245679 0.433254
vt 0.240412 0.433250
vt 0.280904 0.394975
vt 0.275870 0.395175
vt 0.270834 0.395303
vt 0.265805 0.395397
vt 0.260788 0.395500
vt 0.255780 0.395632
vt 0.250773 0.395777
vt 0.245755 0.395888
vt 0.240725 0.395922
vt 0.275303 0.277035
vt 0.270980 0.277228
vt 0.266657 0.277396
vt 0.262336 0.277538
vt 0.258016 0.277653
vt 0.253697 0.277741
vt 0.249377 0.277803
vt 0.245053 0.277839
vt 0.240727 0.277851
vn 0.0408 -0.6764 0.7354
vn 0.9826 0.1607 0.0933
vn 0.9829 0.1541 0.1012
vn 0.0672 -0.8107 0.5815
vn -0.0409 0.6769 -0.7350
vn -0.0670 0.8098 -0.5829
vn -0.9827 -0.1600 -0.0933
vn -0.9826 -0.1551 -0.1025
vn 0.0408 -0.6765 0.7353
vn 0.6727 0.6641 0.3264
vn -0.2316 -0.2192 0.9478
vn -0.2715 -0.1640 0.9483
vn 0.8112 0.4903 0.3185
vn -0.6793 -0.6579 -0.3252
vn -0.8114 -0.4901 -0.3185
vn 0.2715 0.1642 -0.9483
vn -0.8113 -0.4902 -0.3185
vn 0.2241 0.2247 -0.9483
vn 0.2384 -0.8987 -0.3681
vn 0.1903 -0.3279 0.9254
vn 0.2060 -0.3243 0.9232
vn 0.2696 -0.8881 -0.3722
vn -0.0617 -0.3024 0.9512
vn 0.2733 0.8949 0.3527
vn -0.1229 0.9265 0.3557
vn 0.1259 -0.3370 0.9331
vn -0.1237 0.3373 -0.9332
vn 0.0562 0.3076 -0.9499
vn 0.1250 -0.9261 -0.3560
vn -0.2799 -0.8926 -0.3535
vn -0.2389 0.8985 0.3681
vn -0.2704 0.8879 0.3722
vn -0.1908 0.3278 -0.9253
vn -0.2068 0.3241 -0.9232
vn -0.0047 -0.4410 0.8975
vn 0.9743 0.2017 0.1006
vn 0.0044 0.4423 -0.8969
vn -0.9746 -0.2003 -0.0999
vn -0.0048 -0.4409 0.8975
vn 0.2385 -0.8987 -0.3681
vn 0.2697 -0.8881 -0.3722
vn 0.2816 0.1454 -0.9484
vn -0.8427 -0.4352 -0.3169
vn 0.8427 0.4352 0.3169
vn -0.0247 -0.3557 0.9343
vn 0.9625 0.2441 0.1183
vn 0.0246 0.3558 -0.9342
vn -0.9625 -0.2440 -0.1182
vn -0.2816 -0.1454 0.9484
vn -0.0277 -0.3443 0.9384
vn 0.9600 0.2524 0.1209
vn 0.0276 0.3445 -0.9384
vn -0.9600 -0.2524 -0.1209
vn -0.0276 -0.3445 0.9384
vn -0.6290 0.2035 0.7503
vn -0.7777 -0.1132 -0.6184
vn -0.7735 -0.0391 -0.6326
vn -0.6285 0.1756 0.7577
vn 0.6291 -0.2033 -0.7503
vn 0.6285 -0.1756 -0.7577
vn -0.7736 -0.0391 -0.6325
vn 0.7776 0.1133 0.6184
vn 0.7736 0.0391 0.6325
vn -0.7775 -0.2489 -0.5775
vn -0.6331 0.3060 0.7110
vn -0.6376 0.4527 0.6233
vn -0.7746 -0.3721 -0.5114
vn 0.6332 -0.3059 -0.7109
vn -0.7746 -0.3722 -0.5114
vn 0.6377 -0.4529 -0.6230
vn 0.7774 0.2488 0.5778
vn 0.7745 0.3720 0.5116
vn 0.7706 0.4323 0.4683
vn -0.6372 0.5228 0.5663
vn 0.6373 -0.5227 -0.5662
vn -0.7707 -0.4322 -0.4682
vn 0.1980 -0.3644 -0.9100
vn 0.8292 -0.2745 -0.4869
vn 0.8303 -0.2658 -0.4898
vn 0.1966 -0.3820 -0.9030
vn 0.9754 -0.0196 0.2198
vn 0.9780 0.0104 0.2084
vn 0.5504 0.2512 0.7963
vn 0.5537 0.2845 0.7826
vn -0.1964 0.3789 0.9043
vn -0.1948 0.3965 0.8971
vn -0.1964 0.3789 0.9044
vn -0.8275 0.2891 0.4814
vn -0.8289 0.2803 0.4842
vn -0.1949 0.3965 0.8971
vn -0.9737 0.0342 -0.2251
vn -0.9768 0.0041 -0.2142
vn -0.5490 -0.2366 -0.8016
vn -0.5520 -0.2702 -0.7888
vn 0.2070 -0.2645 -0.9419
vn 0.8375 -0.2022 -0.5077
vn 0.9749 -0.0169 0.2221
vn 0.5440 0.1821 0.8191
vn -0.2058 0.2797 0.9378
vn -0.8363 0.2173 0.5034
vn -0.9735 0.0320 -0.2264
vn -0.5427 -0.1670 -0.8232
vn 0.2117 -0.2215 -0.9519
vn 0.8402 -0.1476 -0.5218
vn 0.9770 0.0172 0.2126
vn 0.5421 0.1765 0.8216
vn -0.2107 0.2369 0.9484
vn -0.2106 0.2369 0.9484
vn -0.8396 0.1629 0.5181
vn -0.9763 -0.0020 -0.2164
vn -0.5412 -0.1612 -0.8253
vn 0.2089 -0.2728 -0.9391
vn 0.8386 -0.1819 -0.5135
vn 0.9771 0.0200 0.2117
vn 0.5435 0.2146 0.8115
vn -0.2082 0.2878 0.9348
vn -0.2082 0.2879 0.9348
vn -0.8377 0.1970 0.5094
vn -0.9764 -0.0049 -0.2159
vn -0.5428 -0.1995 -0.8158
vn 0.2084 -0.2834 -0.9361
vn 0.8382 -0.1885 -0.5117
vn 0.9772 0.0212 0.2111
vn 0.5440 0.2229 0.8089
vn -0.2077 0.2984 0.9316
vn -0.8375 0.2036 0.5072
vn -0.9765 -0.0061 -0.2156
vn -0.5432 -0.2078 -0.8135
vn 0.9221 -0.3633 0.1329
vn 0.5328 -0.2737 0.8008
vn 0.4671 -0.4240 0.7759
vn 0.8138 -0.5708 0.1090
vn -0.1515 -0.0234 0.9882
vn -0.1503 -0.0239 0.9884
vn -0.7480 0.2454 0.6167
vn -0.6758 0.3945 0.6226
vn -0.9150 0.3815 -0.1311
vn -0.8027 0.5867 -0.1068
vn -0.9150 0.3815 -0.1312
vn -0.5257 0.2919 -0.7990
vn -0.4568 0.4404 -0.7729
vn 0.1585 0.0414 -0.9865
vn 0.1599 0.0409 -0.9863
vn 0.7551 -0.2273 -0.6150
vn 0.6863 -0.3780 -0.6214
vn 0.9794 -0.1357 0.1493
vn 0.5838 -0.1161 0.8036
vn -0.1527 -0.0229 0.9880
vn -0.7996 0.0895 0.5939
vn -0.9767 0.1550 -0.1482
vn -0.9767 0.1551 -0.1482
vn -0.5801 0.1353 -0.8032
vn 0.1573 0.0419 -0.9867
vn 0.8029 -0.0703 -0.5919
vn 0.2976 0.0237 0.9544
vn 0.8830 0.0864 0.4614
vn 0.8731 0.1602 0.4605
vn 0.2858 0.1283 0.9496
vn 0.9487 0.1052 -0.2983
vn 0.9484 0.1052 -0.2990
vn 0.4617 0.0696 -0.8843
vn 0.4673 -0.0046 -0.8841
vn -0.2998 0.0002 -0.9540
vn -0.2887 -0.1049 -0.9516
vn -0.8852 -0.0629 -0.4610
vn -0.8762 -0.1368 -0.4621
vn -0.9509 -0.0817 0.2986
vn -0.9511 -0.0817 0.2978
vn -0.4639 -0.0461 0.8847
vn -0.4695 0.0281 0.8825
vn 0.3061 -0.0812 0.9485
vn 0.8879 0.0122 0.4598
vn 0.9490 0.1052 -0.2971
vn 0.4536 0.1435 -0.8796
vn -0.3075 0.1046 -0.9458
vn -0.8892 0.0114 -0.4573
vn -0.9506 -0.0817 0.2994
vn -0.4554 -0.1200 0.8822
vn -0.0357 -0.9604 -0.2762
vn -0.3387 -0.8101 -0.4785
vn -0.2228 -0.7698 -0.5982
vn 0.0624 -0.9228 -0.3802
vn -0.7598 -0.1815 -0.6243
vn -0.6608 -0.1582 -0.7337
vn -0.8137 0.1945 -0.5478
vn -0.7476 0.2071 -0.6310
vn 0.6034 0.0850 -0.7929
vn 0.6495 0.2125 -0.7301
vn -0.0345 -0.9599 -0.2783
vn -0.3381 -0.8101 -0.4791
vn -0.2224 -0.7695 -0.5987
vn 0.0635 -0.9221 -0.3817
vn -0.7907 -0.1976 -0.5794
vn -0.6899 -0.1733 -0.7029
vn -0.8696 0.1664 -0.4649
vn -0.7993 0.1799 -0.5734
vn 0.6137 -0.0000 -0.7895
vn 0.6636 0.1400 -0.7349
vn 0.6636 0.1399 -0.7348
vn 0.0341 -0.9989 -0.0311
vn -0.5166 -0.8232 -0.2353
vn -0.8901 -0.1828 -0.4174
vn -0.8907 0.2010 -0.4078
vn 0.4583 -0.1373 -0.8781
vn 0.4584 -0.1373 -0.8781
vn -0.1956 -0.9778 -0.0748
vn -0.5162 -0.8231 -0.2367
vn -0.8644 -0.3292 -0.3800
vn -0.9252 0.1501 -0.3485
vn 0.5485 -0.1398 -0.8244
vn 0.0760 -0.9708 0.2275
vn -0.6433 -0.7639 0.0517
vn -0.9713 -0.1163 -0.2076
vn -0.8053 0.4789 -0.3495
vn 0.3649 -0.2277 -0.9028
vn 0.3648 -0.2278 -0.9028
vn -0.2568 -0.9663 0.0201
vn -0.5795 -0.8055 -0.1240
vn -0.8148 -0.5232 -0.2495
vn -0.6009 0.0983 0.7933
vn -0.6009 0.0982 0.7933
vn 0.6554 -0.7115 0.2536
vn 0.4874 -0.8717 0.0511
vn 0.0183 -0.8911 0.4534
vn -0.6820 -0.6973 0.2208
vn -0.9867 -0.0900 -0.1351
vn -0.7124 0.5750 -0.4024
vn -0.0246 0.9033 -0.4284
vn -0.0293 0.9215 -0.3874
vn 0.6769 0.7080 -0.2014
vn 0.6814 0.7016 -0.2086
vn 0.9832 0.0996 0.1531
vn 0.9925 0.0732 0.0983
vn 0.7077 -0.5636 0.4260
vn 0.4995 -0.0452 0.8651
vn -0.2374 -0.2160 0.9471
vn -0.2115 -0.3097 0.9270
vn 0.4980 -0.0295 0.8667
vn 0.9463 0.1579 0.2820
vn 0.9138 0.2733 0.3003
vn 0.8380 0.2754 -0.4711
vn 0.7925 0.4216 -0.4407
vn 0.2331 0.2357 -0.9434
vn 0.2049 0.3284 -0.9220
vn -0.5038 0.0649 -0.8614
vn -0.5046 0.0484 -0.8620
vn -0.9506 -0.1379 -0.2781
vn -0.9207 -0.2546 -0.2956
vn -0.8422 -0.2556 0.4747
vn -0.7992 -0.4032 0.4458
vn -0.0486 -0.7399 0.6709
vn -0.7145 -0.6311 0.3022
vn -0.9606 -0.1555 -0.2303
vn -0.6565 0.4186 -0.6275
vn 0.0417 0.7568 -0.6523
vn 0.7077 0.6461 -0.2858
vn 0.9546 0.1699 0.2448
vn 0.6496 -0.4031 0.6446
vn 0.5005 -0.0663 0.8632
vn -0.2559 -0.1335 0.9574
vn 0.9634 0.0457 0.2640
vn 0.8613 0.1369 -0.4892
vn 0.2539 0.1539 -0.9549
vn -0.5025 0.0866 -0.8602
vn 0.2540 0.1539 -0.9549
vn -0.9650 -0.0254 -0.2610
vn -0.8628 -0.1166 0.4919
vn -0.1478 -0.4777 0.8660
vn -0.7627 -0.5003 0.4099
vn -0.9324 -0.2259 -0.2822
vn -0.5588 0.1847 -0.8085
vn 0.1417 0.4926 -0.8586
vn 0.1417 0.4927 -0.8586
vn 0.7560 0.5167 -0.4019
vn 0.9256 0.2428 0.2904
vn 0.5528 -0.1692 0.8159
vn 0.5006 -0.0757 0.8624
vn -0.2567 -0.1311 0.9576
vn 0.9644 0.0300 0.2628
vn 0.8629 0.1240 -0.4899
vn 0.2555 0.1514 -0.9549
vn -0.5018 0.0960 -0.8596
vn -0.9655 -0.0097 -0.2601
vn -0.8640 -0.1037 0.4926
vn -0.1961 -0.3472 0.9171
vn -0.7861 -0.4363 0.4379
vn -0.9179 -0.2644 -0.2960
vn -0.5141 0.0680 -0.8550
vn 0.1889 0.3659 -0.9113
vn 0.7789 0.4547 -0.4320
vn 0.9104 0.2828 0.3018
vn 0.5066 -0.0493 0.8607
vn -0.4633 -0.6285 -0.6248
vn 0.1179 -0.9643 -0.2370
vn 0.0106 -0.9927 -0.1203
vn -0.5577 -0.6559 -0.5088
vn 0.6333 -0.7229 0.2762
vn 0.5814 -0.7452 0.3266
vn 0.7874 -0.0648 0.6130
vn 0.8198 -0.0597 0.5696
vn 0.4963 0.6399 0.5867
vn 0.5873 0.6610 0.4671
vn -0.0838 0.9761 0.2003
vn 0.0209 0.9966 0.0798
vn -0.0837 0.9761 0.2003
vn -0.6002 0.7362 -0.3125
vn -0.5491 0.7513 -0.3661
vn -0.7553 0.0776 -0.6507
vn -0.7893 0.0672 -0.6103
vn -0.1802 -0.4897 -0.8531
vn 0.3125 -0.8627 -0.3975
vn 0.6275 -0.7325 0.2640
vn 0.6010 -0.1737 0.7802
vn 0.2208 0.5126 0.8298
vn -0.2734 0.8860 0.3745
vn -0.2734 0.8860 0.3744
vn -0.5890 0.7552 -0.2877
vn -0.5612 0.1959 -0.8042
vn 0.0631 -0.3281 -0.9425
vn 0.4257 -0.7858 -0.4487
vn 0.5520 -0.7764 0.3040
vn 0.3684 -0.3048 0.8783
vn -0.0199 0.3550 0.9346
vn -0.3830 0.8127 0.4393
vn -0.3829 0.8127 0.4393
vn -0.5085 0.8018 -0.3138
vn -0.3243 0.3303 -0.8864
vn 0.1257 -0.2858 -0.9500
vn 0.4533 -0.7674 -0.4535
vn 0.5280 -0.7913 0.3083
vn 0.3058 -0.3432 0.8881
vn -0.0828 0.3137 0.9459
vn -0.4097 0.7942 0.4487
vn -0.4097 0.7943 0.4487
vn -0.4841 0.8176 -0.3118
vn -0.2625 0.3707 -0.8909
vn 0.1934 -0.2325 -0.9532
vn 0.5924 -0.6618 -0.4595
vn 0.6525 -0.6896 0.3143
vn 0.3381 -0.3003 0.8919
vn -0.1553 0.2668 0.9512
vn -0.5534 0.6961 0.4573
vn -0.6135 0.7237 -0.3159
vn -0.3000 0.3344 -0.8934
vn 0.2741 -0.1504 -0.9499
vn 0.7653 -0.4584 -0.4518
vn 0.8161 -0.4853 0.3138
vn 0.3961 -0.2148 0.8927
vn -0.2449 0.1925 0.9503
vn -0.7373 0.5019 0.4522
vn -0.7882 0.5287 -0.3152
vn -0.3670 0.2569 -0.8940
vn 0.2954 -0.1189 -0.9480
vn 0.8120 -0.3765 -0.4460
vn 0.8600 -0.4006 0.3161
vn 0.4120 -0.1770 0.8938
vn -0.2707 0.1638 0.9486
vn -0.7885 0.4222 0.4472
vn -0.8369 0.4463 -0.3167
vn -0.3875 0.2220 -0.8948
vn 0.1803 -0.8253 -0.5351
vn 0.7598 -0.3250 -0.5631
vn 0.7686 -0.3363 -0.5442
vn 0.1994 -0.8454 -0.4955
vn 0.8868 0.3717 -0.2745
vn 0.8809 0.3757 -0.2878
vn 0.4883 0.8576 0.1614
vn 0.4707 0.8736 0.1235
vn -0.2028 0.8480 0.4896
vn -0.2216 0.8657 0.4489
vn 0.4708 0.8736 0.1236
vn -0.7810 0.3490 0.5179
vn -0.7903 0.3572 0.4978
vn -0.9092 -0.3469 0.2304
vn -0.9032 -0.3547 0.2417
vn -0.5119 -0.8341 -0.2058
vn -0.4930 -0.8532 -0.1701
vn 0.0716 -0.6932 -0.7172
vn 0.6817 -0.2108 -0.7006
vn 0.8733 0.3954 -0.2845
vn 0.5585 0.7810 0.2796
vn -0.0973 0.7264 0.6803
vn -0.7073 0.2437 0.6636
vn -0.8984 -0.3626 0.2479
vn -0.5837 -0.7479 -0.3162
vn -0.0369 -0.5308 -0.8467
vn 0.5760 -0.0746 -0.8140
vn 0.8435 0.4367 -0.3126
vn 0.6093 0.7044 0.3640
vn 0.0098 0.5716 0.8205
vn -0.6044 0.1150 0.7883
vn -0.8720 -0.3973 0.2860
vn -0.6366 -0.6646 -0.3912
vn -0.1079 -0.4127 -0.9045
vn 0.5487 -0.0332 -0.8354
vn 0.8794 0.3775 -0.2900
vn 0.6909 0.5847 0.4252
vn 0.0849 0.4590 0.8844
vn -0.5716 0.0798 0.8166
vn -0.9037 -0.3313 0.2714
vn -0.7153 -0.5387 -0.4452
vn -0.1912 -0.2163 -0.9574
vn 0.5324 -0.0061 -0.8465
vn 0.9426 0.2228 -0.2487
vn 0.7987 0.3385 0.4974
vn 0.1767 0.2690 0.9468
vn -0.5471 0.0582 0.8350
vn -0.9565 -0.1704 0.2368
vn -0.8124 -0.2855 -0.5085
vn -0.2189 -0.1168 -0.9687
vn 0.5260 0.0070 -0.8504
vn 0.9613 0.1428 -0.2357
vn 0.8302 0.2109 0.5160
vn 0.8302 0.2110 0.5160
vn 0.2092 0.1711 0.9628
vn -0.5367 0.0469 0.8425
vn -0.9698 -0.0887 0.2271
vn -0.8381 -0.1564 -0.5226
vn -0.9575 -0.0104 0.2882
vn -0.8165 0.5242 -0.2420
vn -0.8230 0.5008 -0.2681
vn -0.9664 -0.0402 0.2539
vn -0.1956 0.7575 -0.6228
vn -0.1958 0.7549 -0.6259
vn 0.5412 0.5544 -0.6323
vn 0.5472 0.5730 -0.6101
vn -0.1957 0.7549 -0.6259
vn 0.9638 0.0329 -0.2647
vn 0.9713 0.0621 -0.2298
vn 0.8235 -0.5016 0.2650
vn 0.8279 -0.4788 0.2921
vn 0.2030 -0.7356 0.6463
vn 0.2011 -0.7328 0.6500
vn -0.5345 -0.5325 0.6562
vn -0.5421 -0.5512 0.6342
vn -0.8994 0.1261 0.4184
vn -0.7968 0.5738 -0.1894
vn -0.2345 0.6964 -0.6782
vn -0.2344 0.6964 -0.6782
vn 0.4765 0.4210 -0.7718
vn 0.9113 -0.1009 -0.3993
vn 0.8093 -0.5494 0.2078
vn 0.2471 -0.6726 0.6975
vn -0.4646 -0.3965 0.7918
vn -0.7918 0.2903 0.5375
vn -0.7879 0.5945 -0.1608
vn -0.3211 0.5615 -0.7626
vn 0.3428 0.2059 -0.9166
vn 0.8088 -0.2635 -0.5258
vn 0.8046 -0.5682 0.1724
vn 0.3379 -0.5348 0.7745
vn -0.3258 -0.1787 0.9284
vn -0.7327 0.3683 0.5722
vn -0.7963 0.5836 -0.1591
vn -0.3881 0.4652 -0.7956
vn 0.2532 0.0814 -0.9640
vn 0.7510 -0.3415 -0.5651
vn 0.8140 -0.5566 0.1662
vn 0.4060 -0.4378 0.8022
vn -0.2347 -0.0547 0.9705
vn -0.6942 0.4231 0.5823
vn -0.7678 0.6218 -0.1543
vn -0.3847 0.4628 -0.7986
vn 0.2286 0.0408 -0.9727
vn 0.7139 -0.3975 -0.5765
vn 0.7872 -0.5957 0.1596
vn 0.4046 -0.4371 0.8033
vn -0.2083 -0.0155 0.9779
vn -0.5684 0.5553 0.6071
vn -0.6055 0.7849 -0.1316
vn -0.2746 0.5521 -0.7873
vn -0.2746 0.5521 -0.7872
vn 0.2173 0.0097 -0.9761
vn 0.5933 -0.5346 -0.6018
vn 0.6306 -0.7640 0.1368
vn 0.2995 -0.5314 0.7924
vn -0.1925 0.0109 0.9812
vn -0.3634 0.6873 0.6290
vn -0.3421 0.9344 -0.0997
vn -0.1102 0.6329 -0.7664
vn 0.1927 -0.0306 -0.9808
vn 0.3934 -0.6746 -0.6246
vn 0.3723 -0.9222 0.1049
vn 0.1398 -0.6202 0.7719
vn -0.1632 0.0437 0.9856
vn -0.2037 0.7388 0.6424
vn -0.1527 0.9849 -0.0819
vn -0.0030 0.6548 -0.7558
vn 0.1577 -0.0553 -0.9859
vn 0.2358 -0.7326 -0.6385
vn 0.1849 -0.9790 0.0863
vn 0.0349 -0.6483 0.7606
vn -0.1257 0.0621 0.9901
vn -0.1406 0.7496 0.6468
vn -0.0854 0.9934 -0.0759
vn 0.0293 0.6572 -0.7532
vn 0.0293 0.6571 -0.7532
vn 0.1364 -0.0631 -0.9886
vn 0.1732 -0.7455 -0.6436
vn 0.1180 -0.9898 0.0802
vn 0.0032 -0.6527 0.7576
vn -0.1039 0.0677 0.9923
vn -0.6098 0.3821 -0.6944
vn 0.1066 0.2909 -0.9508
vn 0.0953 0.2478 -0.9641
vn -0.6231 0.3244 -0.7117
vn 0.7610 0.0368 -0.6477
vn 0.7594 0.0334 -0.6498
vn 0.9722 -0.2314 0.0361
vn 0.9800 -0.1931 0.0471
vn 0.6159 -0.3572 0.7022
vn 0.6281 -0.2990 0.7184
vn -0.1004 -0.2661 0.9587
vn -0.0902 -0.2224 0.9708
vn -0.7548 -0.0122 0.6559
vn -0.7542 -0.0080 0.6565
vn -0.9662 0.2562 -0.0279
vn -0.9750 0.2185 -0.0403
vn -0.6098 0.3821 -0.6943
vn -0.5743 0.4999 -0.6483
vn 0.1340 0.3792 -0.9156
vn 0.7644 0.0437 -0.6433
vn 0.9506 -0.3103 0.0077
vn 0.5823 -0.4765 0.6587
vn -0.1260 -0.3559 0.9260
vn -0.7565 -0.0204 0.6537
vn -0.9427 0.3337 0.0028
vn -0.5274 0.6139 -0.5874
vn 0.1696 0.4646 -0.8691
vn 0.7686 0.0499 -0.6377
vn 0.9214 -0.3875 -0.0301
vn 0.5371 -0.5925 0.6003
vn -0.1599 -0.4433 0.8820
vn -0.7589 -0.0287 0.6506
vn -0.9116 0.4088 0.0430
vn -0.4702 0.7181 -0.5130
vn 0.2132 0.5423 -0.8126
vn 0.7735 0.0551 -0.6314
vn 0.8853 -0.4586 -0.0772
vn 0.4816 -0.6993 0.5282
vn -0.2017 -0.5235 0.8278
vn -0.7620 -0.0363 0.6466
vn -0.8738 0.4775 0.0924
vn -0.4027 0.8106 -0.4252
vn 0.2643 0.6112 -0.7461
vn 0.7787 0.0592 -0.6246
vn 0.8421 -0.5225 -0.1334
vn 0.4158 -0.7947 0.4423
vn -0.2513 -0.5953 0.7632
vn -0.7658 -0.0433 0.6417
vn -0.8291 0.5384 0.1505
vn -0.3309 0.8835 -0.3315
vn 0.3184 0.6653 -0.6753
vn 0.7841 0.0618 -0.6176
vn 0.7958 -0.5738 -0.1937
vn 0.3452 -0.8708 0.3502
vn -0.3042 -0.6525 0.6940
vn -0.7699 -0.0491 0.6363
vn -0.7815 0.5866 0.2124
vn -0.2550 0.9386 -0.2323
vn 0.3758 0.7058 -0.6005
vn 0.7894 0.0632 -0.6106
vn 0.7464 -0.6134 -0.2582
vn 0.2701 -0.9292 0.2522
vn -0.3606 -0.6964 0.6205
vn -0.7743 -0.0538 0.6305
vn -0.7313 0.6228 0.2782
vn -0.2549 0.9386 -0.2323
vn -0.1737 0.9767 -0.1261
vn 0.4369 0.7335 -0.5206
vn 0.7949 0.0633 -0.6034
vn 0.6932 -0.6419 -0.3277
vn 0.1896 -0.9708 0.1468
vn -0.4211 -0.7277 0.5414
vn -0.7792 -0.0575 0.6242
vn -0.6774 0.6478 0.3485
vn -0.0917 0.9956 -0.0189
vn 0.4984 0.7470 -0.4401
vn 0.8002 0.0623 -0.5965
vn 0.6392 -0.6579 -0.3983
vn 0.1079 -0.9934 0.0401
vn -0.4823 -0.7447 0.4613
vn -0.7841 -0.0600 0.6177
vn -0.6230 0.6602 0.4195
vn -0.0133 0.9964 0.0835
vn 0.5570 0.7469 -0.3632
vn 0.8050 0.0602 -0.5902
vn 0.5872 -0.6618 -0.4661
vn 0.0296 -0.9976 -0.0622
vn -0.5409 -0.7481 0.3845
vn -0.7889 -0.0614 0.6115
vn -0.5711 0.6606 0.4873
vn -0.0134 0.9964 0.0835
vn 0.0579 0.9825 0.1769
vn 0.6103 0.7360 -0.2931
vn 0.8092 0.0577 -0.5846
vn 0.5397 -0.6555 -0.5282
vn -0.0420 -0.9869 -0.1559
vn -0.5945 -0.7402 0.3143
vn -0.7933 -0.0617 0.6057
vn -0.5236 0.6514 0.5492
vn 0.0914 0.9711 0.2206
vn 0.6350 0.7275 -0.2599
vn 0.8112 0.0561 -0.5821
vn 0.5169 -0.6499 -0.5572
vn -0.0756 -0.9769 -0.1998
vn -0.6192 -0.7334 0.2808
vn -0.7954 -0.0619 0.6029
vn -0.5011 0.6441 0.5780
vn -0.9741 -0.1523 0.1670
vn -0.8100 -0.0948 -0.5787
vn -0.8146 -0.0558 -0.5773
vn -0.9813 -0.0933 0.1687
vn -0.1739 0.0277 -0.9844
vn -0.1719 0.0241 -0.9848
vn 0.5624 0.1438 -0.8142
vn 0.5705 0.0997 -0.8152
vn 0.9686 0.1855 -0.1657
vn 0.9776 0.1267 -0.1678
vn 0.8043 0.1279 0.5804
vn 0.8107 0.0892 0.5786
vn 0.1680 0.0053 0.9858
vn 0.1679 0.0093 0.9858
vn -0.5682 -0.1108 0.8154
vn -0.5741 -0.0663 0.8161
vn -0.9478 -0.2754 0.1610
vn -0.7934 -0.1762 -0.5827
vn -0.1781 0.0353 -0.9834
vn 0.5386 0.2356 -0.8089
vn 0.9382 0.3076 -0.1588
vn 0.7838 0.2083 0.5850
vn 0.1685 -0.0032 0.9857
vn -0.5483 -0.2035 0.8112
vn -0.9024 -0.4038 0.1506
vn -0.7645 -0.2613 -0.5893
vn -0.1838 0.0426 -0.9820
vn 0.5004 0.3306 -0.8002
vn 0.8886 0.4343 -0.1474
vn 0.7507 0.2918 0.5927
vn 0.1701 -0.0122 0.9854
vn -0.5141 -0.3002 0.8035
vn -0.8357 -0.5322 0.1352
vn -0.7215 -0.3466 -0.5994
vn -0.1909 0.0493 -0.9804
vn 0.4460 0.4249 -0.7877
vn 0.8178 0.5604 -0.1310
vn 0.7036 0.3747 0.6038
vn 0.1731 -0.0213 0.9847
vn -0.4639 -0.3968 0.7920
vn -0.7504 -0.6508 0.1155
vn -0.6662 -0.4258 -0.6122
vn -0.1990 0.0550 -0.9785
vn 0.3783 0.5112 -0.7718
vn 0.7287 0.6759 -0.1102
vn 0.7287 0.6760 -0.1101
vn 0.6445 0.4509 0.6175
vn 0.1773 -0.0299 0.9837
vn -0.4000 -0.4861 0.7770
vn -0.6520 -0.7526 0.0924
vn -0.6020 -0.4940 -0.6273
vn -0.2074 0.0591 -0.9765
vn 0.3012 0.5843 -0.7536
vn 0.6270 0.7742 -0.0862
vn 0.6270 0.7742 -0.0863
vn 0.5771 0.5156 0.6333
vn 0.1825 -0.0375 0.9825
vn -0.3261 -0.5626 0.7597
vn -0.5464 -0.8348 0.0673
vn -0.5329 -0.5495 -0.6435
vn -0.2158 0.0619 -0.9745
vn 0.2194 0.6426 -0.7341
vn 0.5188 0.8528 -0.0607
vn 0.5187 0.8528 -0.0607
vn 0.5053 0.5674 0.6501
vn 0.1883 -0.0440 0.9811
vn -0.2470 -0.6246 0.7408
vn -0.4334 -0.9003 0.0405
vn -0.4586 -0.5936 -0.6613
vn -0.2241 0.0637 -0.9725
vn 0.1326 0.6880 -0.7135
vn 0.4037 0.9143 -0.0334
vn 0.4289 0.6078 0.6683
vn 0.1947 -0.0493 0.9796
vn -0.1622 -0.6738 0.7209
vn -0.3722 -0.9278 0.0262
vn -0.4184 -0.6129 -0.6703
vn -0.2284 0.0643 -0.9714
vn 0.0863 0.7072 -0.7017
vn 0.3417 0.9396 -0.0187
vn 0.3879 0.6251 0.6773
vn 0.1980 -0.0521 0.9788
vn -0.1167 -0.6952 0.7093
vn -0.9025 0.1902 -0.3863
vn -0.4069 -0.0602 -0.9115
vn -0.4033 -0.0482 -0.9138
vn -0.9101 0.1633 -0.3808
vn 0.3298 -0.2656 -0.9059
vn 0.3418 -0.2212 -0.9134
vn 0.8769 -0.3053 -0.3712
vn 0.8895 -0.2543 -0.3796
vn 0.9123 -0.1559 0.3786
vn 0.9185 -0.1284 0.3740
vn 0.4170 0.0946 0.9040
vn 0.4122 0.0831 0.9073
vn -0.3199 0.3000 0.8987
vn -0.3335 0.2562 0.9073
vn -0.8673 0.3398 0.3638
vn -0.8813 0.2895 0.3736
vn -0.8813 0.2894 0.3736
vn -0.8825 0.2480 -0.3997
vn -0.4166 -0.0855 -0.9050
vn 0.2970 -0.3597 -0.8845
vn 0.8414 -0.4138 -0.3476
vn 0.8953 -0.2154 0.3898
vn 0.4296 0.1181 0.8952
vn -0.2840 0.3925 0.8748
vn -0.8285 0.4466 0.3379
vn -0.8518 0.3128 -0.4202
vn -0.4316 -0.1123 -0.8950
vn 0.2461 -0.4636 -0.8512
vn 0.7858 -0.5346 -0.3109
vn 0.8683 -0.2829 0.4076
vn 0.4482 0.1423 0.8825
vn -0.2295 0.4937 0.8388
vn -0.7694 0.5648 0.2984
vn -0.7694 0.5649 0.2984
vn -0.8080 0.3806 -0.4498
vn -0.4522 -0.1387 -0.8810
vn 0.1739 -0.5702 -0.8029
vn 0.7057 -0.6602 -0.2569
vn 0.8279 -0.3544 0.4346
vn 0.4724 0.1650 0.8658
vn -0.1537 0.5967 0.7876
vn -0.6856 0.6867 0.2417
vn -0.7542 0.4412 -0.4864
vn -0.4760 -0.1606 -0.8647
vn 0.0873 -0.6631 -0.7435
vn 0.6078 -0.7710 -0.1902
vn 0.7774 -0.4195 0.4688
vn 0.4993 0.1824 0.8470
vn -0.0639 0.6850 0.7258
vn -0.5844 0.7929 0.1725
vn -0.6957 0.4885 -0.5266
vn -0.5004 -0.1760 -0.8477
vn -0.0049 -0.7335 -0.6797
vn 0.5023 -0.8566 -0.1177
vn 0.7215 -0.4716 0.5070
vn 0.5262 0.1929 0.8282
vn 0.0308 0.7505 0.6602
vn -0.4765 0.8737 0.0981
vn -0.6288 0.5253 -0.5733
vn -0.5269 -0.1862 -0.8293
vn -0.1092 -0.7866 -0.6077
vn 0.3823 -0.9234 -0.0343
vn 0.6564 -0.5140 0.5522
vn 0.5546 0.1974 0.8083
vn 0.1370 0.7981 0.5868
vn -0.3545 0.9350 0.0132
vn -0.5502 0.5504 -0.6280
vn -0.5561 -0.1905 -0.8090
vn -0.2292 -0.8199 -0.5246
vn 0.2423 -0.9681 0.0629
vn 0.5790 -0.5454 0.6061
vn 0.5850 0.1954 0.7872
vn 0.2581 0.8249 0.5028
vn -0.2134 0.9733 -0.0849
vn -0.4657 0.5582 -0.6866
vn -0.5853 -0.1880 -0.7887
vn -0.3551 -0.8263 -0.4372
vn 0.0934 -0.9817 0.1662
vn 0.4948 -0.5600 0.6646
vn 0.6144 0.1863 0.7667
vn 0.3843 0.8246 0.4152
vn -0.0642 0.9800 -0.1884
vn -0.3835 0.5477 -0.7436
vn -0.6117 -0.1799 -0.7704
vn -0.4749 -0.8058 -0.3537
vn -0.0500 -0.9627 0.2659
vn 0.4119 -0.5558 0.7221
vn 0.6401 0.1718 0.7488
vn 0.5033 0.7977 0.3322
vn 0.0786 0.9546 -0.2875
vn 0.0785 0.9546 -0.2875
vn -0.3105 0.5222 -0.7943
vn -0.6336 -0.1685 -0.7551
vn -0.5791 -0.7654 -0.2807
vn -0.1763 -0.9185 0.3539
vn 0.3375 -0.5359 0.7739
vn 0.6606 0.1548 0.7346
vn 0.6060 0.7517 0.2602
vn 0.2033 0.9047 -0.3743
vn -0.2503 0.4879 -0.8363
vn -0.6509 -0.1559 -0.7430
vn -0.6639 -0.7145 -0.2209
vn -0.2798 -0.8602 0.4264
vn 0.2755 -0.5062 0.8172
vn 0.6760 0.1377 0.7239
vn 0.6890 0.6961 0.2017
vn 0.3051 0.8417 -0.4454
vn -0.2032 0.4503 -0.8694
vn -0.6642 -0.1441 -0.7336
vn -0.7301 -0.6609 -0.1736
vn -0.3609 -0.7972 0.4840
vn 0.2266 -0.4720 0.8520
vn 0.6876 0.1224 0.7157
vn 0.7533 0.6390 0.1557
vn 0.3843 0.7751 -0.5015
vn 0.3842 0.7751 -0.5015
vn -0.1826 0.4310 -0.8837
vn -0.6700 -0.1385 -0.7294
vn -0.7583 -0.6337 -0.1527
vn -0.3960 -0.7646 0.5085
vn 0.2053 -0.4542 0.8669
vn 0.6925 0.1153 0.7122
vn 0.7805 0.6102 0.1359
vn 0.4180 0.7410 -0.5256
vn 0.4180 0.7410 -0.5255
vn -0.5244 -0.0299 -0.8510
vn 0.2226 -0.1619 -0.9614
vn 0.2244 -0.1199 -0.9671
vn -0.5253 -0.0199 -0.8507
vn 0.8370 -0.1917 -0.5125
vn 0.8434 -0.1438 -0.5176
vn 0.9660 -0.1070 0.2352
vn 0.9691 -0.0775 0.2344
vn 0.5291 0.0537 0.8469
vn 0.5277 0.0401 0.8485
vn -0.2161 0.1967 0.9563
vn -0.2221 0.1401 0.9649
vn -0.8310 0.2311 0.5060
vn -0.8411 0.1640 0.5154
vn -0.8310 0.2311 0.5059
vn -0.9610 0.1353 -0.2412
vn -0.9667 0.0977 -0.2366
vn -0.5382 -0.0813 -0.8389
vn 0.1573 -0.3814 -0.9109
vn 0.7728 -0.4533 -0.4442
vn 0.9261 -0.2508 0.2818
vn 0.5453 0.1016 0.8321
vn -0.1499 0.4068 0.9011
vn -0.7616 0.4804 0.4350
vn -0.9176 0.2735 -0.2884
vn -0.9700 0.0096 -0.2428
vn -0.5138 0.0031 -0.8579
vn -0.5165 -0.0210 -0.8560
vn -0.9641 0.0915 -0.2494
vn -0.8577 0.0145 0.5140
vn -0.8486 0.1544 0.5060
vn -0.2433 0.0176 0.9698
vn -0.2310 0.1334 0.9638
vn 0.5141 0.0161 0.8576
vn 0.5195 0.0398 0.8536
vn 0.9701 0.0084 0.2425
vn 0.9662 -0.0742 0.2468
vn 0.8577 0.0000 -0.5141
vn 0.8500 -0.1408 -0.5077
vn 0.2436 -0.0018 -0.9699
vn 0.2335 -0.1184 -0.9651
vn -0.4962 0.1491 -0.8553
vn 0.2256 -0.0758 -0.9713
vn 0.2368 -0.0336 -0.9710
vn -0.5025 0.1243 -0.8556
vn 0.8175 -0.2507 -0.5185
vn 0.8393 -0.1661 -0.5178
vn 0.9321 -0.2729 0.2383
vn 0.9511 -0.1953 0.2394
vn 0.5022 -0.1296 0.8550
vn 0.5068 -0.1043 0.8557
vn -0.2196 0.0953 0.9709
vn -0.2325 0.0537 0.9711
vn -0.8115 0.2702 0.5182
vn -0.8350 0.1862 0.5178
vn -0.9260 0.2925 -0.2386
vn -0.9467 0.2154 -0.2393
vn 0.2424 -0.0065 -0.9702
vn -0.5090 0.0781 -0.8572
vn 0.8529 -0.0813 -0.5157
vn 0.9649 -0.1026 0.2419
vn 0.5115 -0.0578 0.8573
vn -0.2400 0.0268 0.9704
vn -0.8506 0.1016 0.5159
vn -0.9626 0.1229 -0.2416
vn -0.8506 0.1016 0.5158
vn -0.5554 -0.1284 -0.8216
vn 0.0718 -0.5683 -0.8197
vn 0.6584 -0.6711 -0.3408
vn 0.8641 -0.3762 0.3343
vn 0.5644 0.1421 0.8132
vn -0.0652 0.5777 0.8136
vn -0.6530 0.6788 0.3359
vn -0.8560 0.3881 -0.3415
vn -0.9690 0.0429 -0.2432
vn -0.5134 0.0204 -0.8579
vn -0.8566 0.0462 0.5139
vn -0.2423 0.0284 0.9698
vn 0.5141 0.0000 0.8578
vn 0.9698 -0.0224 0.2430
vn 0.8574 -0.0257 -0.5140
vn 0.2432 -0.0080 -0.9699
vn -0.5525 -0.1258 -0.8240
vn 0.0815 -0.5554 -0.8276
vn 0.6700 -0.6547 -0.3499
vn 0.8696 -0.3670 0.3303
vn 0.5631 0.1423 0.8140
vn -0.0689 0.5746 0.8155
vn -0.6562 0.6750 0.3374
vn -0.6561 0.6750 0.3375
vn -0.8579 0.3847 -0.3405
vn -0.5329 -0.0849 -0.8419
vn 0.1654 -0.3866 -0.9073
vn 0.7732 -0.4568 -0.4399
vn 0.9251 -0.2522 0.2838
vn 0.5408 0.1040 0.8347
vn -0.1558 0.4087 0.8993
vn -0.7640 0.4802 0.4310
vn -0.9169 0.2724 -0.2917
vn -0.8068 0.5340 -0.2528
vn -0.4702 0.2080 -0.8577
vn -0.4677 0.2118 -0.8581
vn -0.8134 0.5247 -0.2513
vn -0.6677 0.5519 0.4996
vn -0.6794 0.5351 0.5021
vn -0.1342 0.2515 0.9585
vn -0.6794 0.5351 0.5020
vn -0.1441 0.2371 0.9607
vn 0.4814 -0.1913 0.8553
vn 0.4789 -0.1950 0.8560
vn 0.8183 -0.5174 0.2504
vn 0.8245 -0.5080 0.2492
vn 0.6791 -0.5356 -0.5020
vn 0.6906 -0.5186 -0.5042
vn 0.1455 -0.2351 -0.9610
vn 0.1552 -0.2203 -0.9630
vn -0.4689 0.2102 -0.8578
vn -0.8341 0.4929 -0.2476
vn -0.7076 0.4919 0.5072
vn -0.1636 0.2079 0.9644
vn 0.4793 -0.1928 0.8562
vn 0.8446 -0.4756 0.2459
vn 0.7181 -0.4747 -0.5090
vn 0.1739 -0.1905 -0.9662
vn -0.4779 0.1944 -0.8566
vn -0.8664 0.4361 -0.2433
vn -0.7446 0.4276 0.5126
vn -0.1838 0.1739 0.9675
vn 0.4871 -0.1762 0.8554
vn 0.8757 -0.4179 0.2420
vn 0.7539 -0.4094 -0.5139
vn 0.1930 -0.1557 -0.9688
vn -0.8994 0.3654 -0.2400
vn -0.4880 0.1724 -0.8557
vn -0.7816 0.3498 0.5165
vn -0.2035 0.1348 0.9697
vn 0.4956 -0.1535 0.8549
vn 0.9070 -0.3465 0.2392
vn 0.7892 -0.3309 -0.5173
vn 0.2112 -0.1158 -0.9705
vn -0.0080 0.1716 -0.9851
vn 0.6986 0.1845 -0.6913
vn 0.7002 0.1648 -0.6947
vn -0.0056 0.1437 -0.9896
vn 0.9955 0.0946 0.0083
vn 0.9955 0.0946 0.0081
vn 0.7089 -0.0455 0.7039
vn 0.7070 -0.0257 0.7067
vn 0.0064 -0.1537 0.9881
vn 0.0040 -0.1256 0.9921
vn -0.7002 -0.1666 0.6943
vn -0.7018 -0.1467 0.6971
vn -0.9970 -0.0766 -0.0053
vn -0.9970 -0.0766 -0.0055
vn -0.7104 0.0635 -0.7009
vn -0.7085 0.0437 -0.7043
vn -0.9970 -0.0766 -0.0056
vn -0.7226 0.2025 -0.6609
vn -0.0253 0.3685 -0.9293
vn -0.0197 0.3047 -0.9522
vn -0.7187 0.1575 -0.6773
vn -0.9970 -0.0771 -0.0035
vn -0.9970 -0.0769 -0.0041
vn -0.6879 -0.3066 0.6578
vn -0.6919 -0.2612 0.6731
vn 0.0238 -0.3514 0.9359
vn 0.0182 -0.2876 0.9576
vn 0.7211 -0.1855 0.6675
vn 0.7171 -0.1401 0.6827
vn 0.9955 0.0941 0.0101
vn 0.9955 0.0943 0.0095
vn 0.6864 0.3236 -0.6513
vn 0.6904 0.2785 -0.6676
vn 0.6721 0.4858 -0.5588
vn -0.0460 0.5984 -0.7999
vn -0.0577 0.7261 -0.6852
vn 0.6646 0.5752 -0.4769
vn 0.9956 0.0929 0.0123
vn 0.9957 0.0919 0.0133
vn 0.7360 -0.3499 0.5795
vn 0.7453 -0.4416 0.4994
vn 0.0445 -0.5836 0.8108
vn 0.0566 -0.7141 0.6978
vn -0.6734 -0.4710 0.5698
vn -0.6658 -0.5629 0.4897
vn -0.9969 -0.0783 -0.0013
vn -0.9968 -0.0793 -0.0003
vn -0.7374 0.3647 -0.5685
vn -0.7464 0.4540 -0.4866
vn -0.0135 0.2347 -0.9720
vn 0.6947 0.2291 -0.6818
vn 0.9955 0.0945 0.0089
vn 0.7128 -0.0903 0.6956
vn 0.0120 -0.2169 0.9761
vn -0.6963 -0.2114 0.6859
vn -0.9970 -0.0767 -0.0047
vn -0.7143 0.1080 -0.6914
vn -0.7489 0.5023 -0.4322
vn -0.0640 0.7923 -0.6067
vn -0.9968 -0.0800 0.0002
vn -0.6593 -0.6125 0.4361
vn 0.0630 -0.7823 0.6197
vn 0.7481 -0.4916 0.4457
vn 0.9957 0.0912 0.0138
vn 0.6581 0.6232 -0.4226
vn 0.6781 0.4173 -0.6050
vn -0.0372 0.5013 -0.8645
vn 0.9956 0.0935 0.0114
vn 0.7296 -0.2803 0.6238
vn 0.0357 -0.4853 0.8736
vn -0.6795 -0.4014 0.6142
vn -0.9970 -0.0777 -0.0022
vn -0.7311 0.2962 -0.6147
vn -0.0307 0.4286 -0.9030
vn -0.7264 0.2450 -0.6421
vn -0.9970 -0.0773 -0.0029
vn -0.6841 -0.3495 0.6402
vn 0.0291 -0.4120 0.9107
vn 0.7249 -0.2284 0.6499
vn 0.9955 0.0938 0.0107
vn 0.6826 0.3660 -0.6325
vn -0.9648 -0.1498 -0.2163
vn -0.5278 -0.1042 -0.8430
vn -0.5301 -0.0865 -0.8435
vn -0.9681 -0.1248 -0.2171
vn 0.2177 0.0060 -0.9760
vn 0.2180 0.0061 -0.9759
vn 0.8352 0.1162 -0.5375
vn 0.8379 0.0987 -0.5368
vn 0.9629 0.1618 0.2159
vn 0.9666 0.1370 0.2167
vn 0.5258 0.1162 0.8427
vn 0.5286 0.0987 0.8431
vn -0.2198 0.0060 0.9755
vn -0.2195 0.0061 0.9756
vn -0.8372 -0.1042 0.5369
vn -0.8395 -0.0865 0.5364
vn -0.9278 -0.3097 -0.2080
vn -0.4980 -0.2164 -0.8398
vn 0.2168 0.0058 -0.9762
vn 0.8051 0.2280 -0.5477
vn 0.9240 0.3215 0.2072
vn 0.9240 0.3215 0.2071
vn 0.4942 0.2280 0.8389
vn -0.2206 0.0058 0.9753
vn -0.8088 -0.2163 0.5468
vn -0.8655 -0.4618 -0.1941
vn -0.4579 -0.3249 -0.8275
vn 0.2162 0.0055 -0.9763
vn 0.7619 0.3359 -0.5538
vn 0.8598 0.4728 0.1928
vn 0.4526 0.3359 0.8260
vn -0.2213 0.0055 0.9752
vn -0.7673 -0.3249 0.5528
vn -0.8790 -0.4342 -0.1971
vn -0.4669 -0.3051 -0.8300
vn 0.2163 0.0055 -0.9763
vn 0.7715 0.3161 -0.5521
vn 0.8738 0.4451 0.1959
vn 0.4619 0.3161 0.8287
vn -0.2212 0.0056 0.9752
vn -0.7766 -0.3051 0.5512
vn -0.9373 -0.2780 -0.2101
vn -0.5062 -0.1941 -0.8403
vn 0.2170 0.0058 -0.9761
vn 0.8130 0.2058 -0.5446
vn 0.9340 0.2896 0.2094
vn 0.5027 0.2058 0.8396
vn -0.2205 0.0058 0.9754
vn -0.8165 -0.1941 0.5438
vn -0.9650 -0.1479 -0.2163
vn -0.5280 -0.1028 -0.8430
vn 0.8354 0.1149 -0.5376
vn 0.9632 0.1600 0.2160
vn 0.9632 0.1600 0.2159
vn 0.5260 0.1149 0.8427
vn -0.8373 -0.1028 0.5369
vn -0.9680 -0.1259 -0.2170
vn -0.5300 -0.0873 -0.8435
vn 0.8378 0.0994 -0.5368
vn 0.9664 0.1381 0.2167
vn 0.9664 0.1380 0.2167
vn 0.5285 0.0994 0.8431
vn -0.8394 -0.0873 0.5365
vn 0.8332 0.3471 -0.4305
vn 0.9041 0.2738 0.3281
vn 0.9113 0.2524 0.3252
vn 0.8432 0.3168 -0.4343
vn 0.4431 0.0470 0.8952
vn 0.4432 0.0470 0.8952
vn -0.2796 -0.2005 0.9389
vn -0.2862 -0.1788 0.9413
vn -0.8410 -0.3236 0.4335
vn -0.8504 -0.2931 0.4370
vn -0.9120 -0.2504 -0.3250
vn -0.9185 -0.2288 -0.3225
vn -0.4511 -0.0237 -0.8922
vn -0.4507 -0.0235 -0.8924
vn 0.2717 0.2238 -0.9360
vn 0.2791 0.2025 -0.9387
vn 0.8432 0.3167 -0.4344
vn 0.8079 0.4129 -0.4205
vn 0.8860 0.3202 0.3353
vn 0.4425 0.0466 0.8956
vn -0.2629 -0.2476 0.9325
vn -0.8172 -0.3901 0.4242
vn -0.8953 -0.2976 -0.3315
vn -0.4517 -0.0240 -0.8918
vn 0.2536 0.2703 -0.9288
vn 0.7734 0.4868 -0.4061
vn 0.8614 0.3723 0.3456
vn 0.4416 0.0462 0.8960
vn -0.2399 -0.3006 0.9231
vn -0.7843 -0.4649 0.4107
vn -0.8723 -0.3506 -0.3410
vn -0.4526 -0.0245 -0.8914
vn 0.2290 0.3224 -0.9185
vn 0.7322 0.5595 -0.3884
vn 0.8320 0.4236 0.3582
vn 0.4409 0.0457 0.8964
vn -0.2121 -0.3530 0.9113
vn -0.7447 -0.5388 0.3939
vn -0.8445 -0.4029 -0.3528
vn -0.4533 -0.0250 -0.8910
vn 0.1997 0.3737 -0.9058
vn 0.6864 0.6272 -0.3682
vn 0.7994 0.4712 0.3727
vn 0.4401 0.0450 0.8968
vn -0.1810 -0.4018 0.8977
vn -0.7004 -0.6076 0.3744
vn -0.8134 -0.4518 -0.3665
vn -0.4541 -0.0256 -0.8906
vn 0.1670 0.4212 -0.8914
vn 0.6864 0.6271 -0.3682
vn 0.6271 0.7001 -0.3414
vn 0.7572 0.5225 0.3919
vn 0.4393 0.0442 0.8973
vn -0.1404 -0.4547 0.8795
vn -0.6428 -0.6822 0.3485
vn -0.7729 -0.5046 -0.3847
vn -0.4549 -0.0264 -0.8901
vn 0.1248 0.4726 -0.8724
vn 0.5496 0.7774 -0.3058
vn 0.7023 0.5768 0.4172
vn 0.4385 0.0433 0.8977
vn -0.0870 -0.5109 0.8552
vn -0.5674 -0.7613 0.3139
vn -0.7196 -0.5609 -0.4093
vn -0.4557 -0.0274 -0.8897
vn 0.0697 0.5269 -0.8471
vn 0.5497 0.7775 -0.3057
vn 0.0395 0.5524 -0.8326
vn 0.5066 0.8135 -0.2855
vn -0.4561 -0.0280 -0.8895
vn -0.6898 -0.5878 -0.4228
vn -0.5246 -0.7989 0.2940
vn -0.0575 -0.5378 0.8411
vn 0.4380 0.0426 0.8980
vn 0.6717 0.6024 0.4312
vn 0.5066 0.8135 -0.2856
vn 0.5782 -0.0566 0.8140
vn -0.1387 0.1562 0.9779
vn -0.1425 0.1379 0.9801
vn 0.5741 -0.0745 0.8154
vn -0.7730 0.2819 0.5684
vn -0.7744 0.2738 0.5704
vn -0.9532 0.2468 -0.1745
vn -0.9515 0.2538 -0.1740
vn -0.5740 0.0717 -0.8157
vn -0.5699 0.0896 -0.8168
vn 0.1428 -0.1411 -0.9796
vn 0.1467 -0.1226 -0.9816
vn 0.7769 -0.2668 -0.5704
vn 0.7786 -0.2587 -0.5718
vn 0.9573 -0.2318 0.1725
vn 0.9556 -0.2387 0.1726
vn 0.6091 0.0650 0.7905
vn -0.1116 0.2821 0.9529
vn -0.7622 0.3366 0.5530
vn -0.9655 0.1996 -0.1671
vn -0.6055 -0.0502 -0.7943
vn 0.1152 -0.2673 -0.9567
vn 0.7658 -0.3218 -0.5567
vn 0.9691 -0.1848 0.1634
vn 0.6317 0.1852 0.7527
vn -0.0845 0.4036 0.9110
vn -0.0844 0.4036 0.9110
vn -0.7503 0.3898 0.5341
vn -0.9758 0.1519 -0.1574
vn -0.6288 -0.1708 -0.7585
vn 0.0877 -0.3893 -0.9169
vn 0.7535 -0.3754 -0.5397
vn 0.9788 -0.1375 0.1519
vn 0.6345 0.2022 0.7460
vn -0.0818 0.4208 0.9035
vn -0.7494 0.3970 0.5299
vn -0.9771 0.1448 -0.1559
vn -0.6315 -0.1881 -0.7522
vn 0.0848 -0.4067 -0.9096
vn 0.7524 -0.3829 -0.5360
vn 0.9801 -0.1307 0.1497
vn 0.0013 0.0108 0.9999
vn -0.7068 0.0078 0.7074
vn -0.7072 0.0103 0.7070
vn -0.0001 0.0056 1.0000
vn -1.0000 0.0065 0.0004
vn -0.9999 0.0140 -0.0001
vn -0.7080 0.0065 -0.7061
vn -0.7071 0.0144 -0.7070
vn -0.0017 0.0073 -1.0000
vn -0.0001 0.0114 -0.9999
vn 0.7064 0.0100 -0.7077
vn 0.7070 0.0067 -0.7072
vn 0.9999 0.0130 -0.0007
vn 1.0000 0.0030 0.0000
vn 0.7078 0.0135 0.7063
vn 0.7071 0.0026 0.7071
vn -0.1664 0.5002 0.8498
vn 0.3010 0.8779 0.3723
vn 0.6471 0.5475 0.5306
vn 0.0373 0.3192 0.9470
vn 0.5891 0.7374 -0.3304
vn 0.8667 0.4512 -0.2124
vn 0.5249 0.1697 -0.8341
vn 0.5726 0.0978 -0.8140
vn 0.8667 0.4513 -0.2124
vn 0.1526 -0.4902 -0.8582
vn -0.0438 -0.3073 -0.9506
vn -0.3181 -0.8680 -0.3814
vn -0.6518 -0.5395 -0.5330
vn -0.6051 -0.7277 0.3229
vn -0.8723 -0.4416 0.2099
vn -0.5379 -0.1596 0.8278
vn -0.5796 -0.0840 0.8106
vn 0.7786 0.2546 0.5736
vn 0.1380 0.1577 0.9778
vn 0.9641 0.2090 -0.1636
vn 0.5846 0.0447 -0.8101
vn -0.1414 -0.1446 -0.9793
vn -0.7809 -0.2449 -0.5747
vn -0.9668 -0.1974 0.1622
vn -0.5884 -0.0297 0.8080
vn 0.1165 0.2400 0.9638
vn -0.5778 -0.0458 0.8149
vn -0.5787 -0.0430 0.8144
vn 0.1207 0.2281 0.9661
vn -0.9352 -0.3002 0.1877
vn -0.9408 -0.2843 0.1848
vn -0.7462 -0.3741 -0.5506
vn -0.7532 -0.3544 -0.5542
vn -0.1222 -0.2243 -0.9668
vn -0.1261 -0.2123 -0.9690
vn 0.5720 0.0614 -0.8179
vn 0.5733 0.0588 -0.8172
vn 0.9295 0.3158 -0.1907
vn 0.9353 0.3001 -0.1876
vn 0.7408 0.3897 0.5471
vn 0.7479 0.3702 0.5511
vn 0.0012 0.1090 0.9940
vn -0.6943 -0.0446 0.7183
vn -0.9878 -0.1546 0.0204
vn -0.7062 -0.1684 -0.6877
vn -0.0137 -0.0841 -0.9964
vn 0.6861 0.0647 -0.7246
vn 0.9813 0.1903 -0.0279
vn 0.6964 0.2093 0.6865
vn 0.7882 0.2210 0.5743
vn 0.1444 0.1372 0.9800
vn 0.9692 0.1800 -0.1682
vn 0.5811 0.0384 -0.8130
vn 0.9692 0.1801 -0.1682
vn -0.1482 -0.1208 -0.9815
vn -0.7915 -0.2044 -0.5759
vn -0.9724 -0.1635 0.1663
vn -0.5849 -0.0220 0.8108
vn 0.7887 0.2186 0.5746
vn 0.1448 0.1358 0.9801
vn 0.9696 0.1781 -0.1680
vn 0.5813 0.0382 -0.8128
vn -0.1480 -0.1192 -0.9818
vn -0.7920 -0.2020 -0.5762
vn -0.9727 -0.1615 0.1666
vn -0.5848 -0.0217 0.8109
vn -0.0898 0.3393 0.9364
vn -0.6191 -0.1472 0.7714
vn -0.8198 -0.5485 0.1647
vn -0.5341 -0.6245 -0.5698
vn 0.0663 -0.3210 -0.9448
vn 0.6031 0.1590 -0.7816
vn 0.7997 0.5738 -0.1768
vn 0.7997 0.5737 -0.1768
vn 0.5074 0.6569 0.5577
vn 0.7890 0.2174 0.5747
vn 0.1450 0.1351 0.9802
vn 0.9697 0.1772 -0.1680
vn 0.5814 0.0380 -0.8127
vn -0.1484 -0.1186 -0.9818
vn -0.7922 -0.2008 -0.5763
vn -0.9729 -0.1606 0.1662
vn -0.5848 -0.0215 0.8109
vn -0.2369 0.5044 0.8303
vn -0.5275 -0.1974 0.8263
vn -0.5184 -0.7846 0.3401
vn -0.2100 -0.9113 -0.3540
vn 0.2181 -0.4989 -0.8388
vn 0.5124 0.2007 -0.8349
vn 0.5041 0.7898 -0.3494
vn 0.1917 0.9187 0.3452
vn -0.2839 0.5397 0.7926
vn -0.5053 -0.1922 0.8413
vn -0.4366 -0.8094 0.3928
vn -0.1171 -0.9506 -0.2875
vn 0.2674 -0.5343 -0.8019
vn 0.4897 0.1976 -0.8492
vn 0.4179 0.8148 -0.4019
vn 0.4178 0.8148 -0.4019
vn 0.0974 0.9559 0.2770
vn 0.7859 0.2341 0.5723
vn 0.1431 0.1452 0.9790
vn 0.9669 0.1906 -0.1696
vn 0.5807 0.0403 -0.8131
vn 0.9669 0.1906 -0.1697
vn -0.1466 -0.1287 -0.9808
vn -0.7890 -0.2175 -0.5745
vn -0.9703 -0.1741 0.1678
vn -0.5842 -0.0238 0.8112
vn 0.7751 0.2796 0.5667
vn 0.1368 0.1729 0.9754
vn 0.9580 0.2272 -0.1748
vn 0.5785 0.0466 -0.8143
vn -0.1409 -0.1566 -0.9776
vn -0.7792 -0.2632 -0.5689
vn -0.9621 -0.2109 0.1726
vn -0.5827 -0.0302 0.8121
vn 0.7613 0.3292 0.5586
vn 0.1287 0.2031 0.9707
vn 0.9464 0.2671 -0.1814
vn 0.5758 0.0533 -0.8158
vn 0.9464 0.2672 -0.1813
vn -0.1335 -0.1871 -0.9732
vn -0.7661 -0.3132 -0.5612
vn -0.9513 -0.2511 0.1788
vn -0.5806 -0.0372 0.8133
vn 0.0388 0.9957 0.0844
vn 0.6306 0.6509 0.4226
vn 0.6262 0.6501 0.4304
vn 0.0324 0.9951 0.0931
vn 0.8538 -0.0755 0.5151
vn 0.8554 -0.0755 0.5125
vn 0.5741 -0.7586 0.3082
vn 0.5856 -0.7566 0.2909
vn -0.0432 -0.9961 -0.0770
vn -0.0251 -0.9942 -0.1044
vn -0.6349 -0.6510 -0.4160
vn -0.6191 -0.6492 -0.4419
vn -0.8562 0.0758 -0.5110
vn -0.8483 0.0764 -0.5240
vn -0.5766 0.7587 -0.3032
vn -0.5782 0.7579 -0.3020
vn 0.0387 0.9957 0.0844
vn 0.1256 0.9896 -0.0703
vn 0.7109 0.6426 0.2858
vn 0.8746 -0.0789 0.4784
vn 0.5239 -0.7519 0.4002
vn -0.1381 -0.9860 0.0939
vn -0.7226 -0.6392 -0.2630
vn -0.8845 0.0818 -0.4593
vn -0.5346 0.7548 -0.3801
vn 0.3294 0.3023 -0.8945
vn 0.8973 0.0945 -0.4312
vn 0.9103 0.2663 -0.3169
vn 0.3456 0.5677 -0.7472
vn 0.9440 -0.1622 0.2874
vn 0.9358 -0.1834 0.3012
vn 0.4349 -0.3204 0.8416
vn 0.4191 -0.5226 0.7425
vn -0.3285 -0.2862 0.9001
vn -0.3462 -0.5567 0.7551
vn -0.8964 -0.0798 0.4361
vn -0.9105 -0.2562 0.3245
vn -0.9427 0.1807 -0.2805
vn -0.9363 0.1986 -0.2897
vn -0.4338 0.3403 -0.8343
vn -0.4195 0.5388 -0.7306
vn 0.3309 0.2359 -0.9137
vn -0.3626 0.5244 -0.7704
vn -0.2592 0.6716 -0.6941
vn 0.3457 0.2539 -0.9033
vn -0.7100 0.7002 -0.0744
vn -0.8422 0.5107 -0.1728
vn -0.7398 0.3212 0.5912
vn -0.8248 0.2021 0.5281
vn -0.3334 -0.2405 0.9116
vn -0.3224 -0.2192 0.9209
vn 0.3713 -0.5075 0.7776
vn 0.2716 -0.6579 0.7024
vn 0.7225 -0.6864 0.0828
vn 0.8508 -0.4936 0.1801
vn 0.7523 -0.3075 -0.5827
vn 0.8333 -0.1853 -0.5208
vn 0.3309 0.2358 -0.9137
vn -0.4456 0.2173 -0.8684
vn 0.3174 0.2021 -0.9265
vn 0.3176 0.2093 -0.9248
vn -0.4452 0.2239 -0.8670
vn -0.9474 0.1108 -0.3002
vn -0.9472 0.1129 -0.3000
vn -0.8941 -0.0546 0.4445
vn -0.8941 -0.0584 0.4440
vn -0.3166 -0.1826 0.9308
vn -0.3167 -0.1900 0.9293
vn 0.4463 -0.1978 0.8728
vn 0.4463 -0.2046 0.8712
vn 0.9479 -0.0915 0.3050
vn 0.9479 -0.0938 0.3045
vn 0.8947 0.0742 -0.4405
vn 0.8949 0.0777 -0.4393
vn 0.3230 0.2202 -0.9204
vn -0.4141 0.3982 -0.8185
vn -0.9074 0.3484 -0.2351
vn -0.8672 0.0998 0.4878
vn -0.3177 -0.2019 0.9265
vn 0.4195 -0.3798 0.8245
vn 0.9127 -0.3298 0.2412
vn 0.8726 -0.0814 -0.4817
vn 0.3230 0.2201 -0.9204
vn 0.2990 0.8676 -0.3973
vn 0.4213 0.2741 -0.8645
vn 0.4051 0.2762 -0.8715
vn 0.1782 0.8741 -0.4518
vn 0.0070 0.9522 0.3054
vn -0.1481 0.9605 0.2356
vn -0.2840 0.4779 0.8312
vn -0.3823 0.4838 0.7873
vn -0.4029 -0.2767 0.8724
vn -0.3871 -0.2753 0.8800
vn -0.2800 -0.8702 0.4054
vn -0.1602 -0.8732 0.4603
vn 0.0124 -0.9548 -0.2970
vn 0.1662 -0.9595 -0.2272
vn 0.3027 -0.4806 -0.8230
vn 0.4003 -0.4829 -0.7788
vn 0.4052 0.2762 -0.8715
vn 0.3583 0.8569 -0.3706
vn 0.4293 0.2722 -0.8612
vn 0.0838 0.9377 0.3373
vn -0.2349 0.4699 0.8509
vn -0.4107 -0.2767 0.8688
vn -0.3386 -0.8614 0.3786
vn -0.0633 -0.9422 -0.3289
vn 0.2541 -0.4744 -0.8429
vn 0.3869 0.2749 -0.8802
vn 0.5103 -0.4634 -0.7245
vn 0.6357 -0.4068 -0.6560
vn 0.3658 0.2678 -0.8913
vn 0.3397 -0.9298 -0.1415
vn 0.5383 -0.8421 -0.0329
vn -0.0251 -0.8492 0.5274
vn 0.1288 -0.7799 0.6125
vn -0.3697 -0.2702 0.8890
vn -0.3505 -0.2586 0.9001
vn -0.4930 0.4681 0.7334
vn -0.6203 0.4160 0.6649
vn -0.3225 0.9346 0.1503
vn -0.5228 0.8514 0.0418
vn 0.0424 0.8540 -0.5186
vn -0.1133 0.7892 -0.6036
vn 0.3175 0.2011 -0.9267
vn 0.8942 0.0619 -0.4433
vn 0.9475 -0.1078 0.3011
vn 0.4459 -0.2088 0.8704
vn -0.3165 -0.1817 0.9310
vn -0.8932 -0.0425 0.4476
vn -0.9464 0.1273 -0.2968
vn -0.4449 0.2282 -0.8660
vn 0.3176 0.2011 -0.9267
vn 0.2779 0.8638 -0.4203
vn -0.4568 0.6913 -0.5598
vn -0.9212 0.1225 -0.3692
vn -0.8543 -0.5181 0.0408
vn -0.2832 -0.8548 0.4350
vn 0.4510 -0.6821 0.5756
vn 0.9157 -0.1133 0.3855
vn 0.8496 0.5268 -0.0253
vn 0.2778 0.8638 -0.4203
vn -0.4394 0.2820 -0.8529
vn 0.3187 0.2060 -0.9252
vn 0.3179 0.2026 -0.9262
vn -0.4432 0.2493 -0.8611
vn -0.9394 0.1984 -0.2796
vn -0.9443 0.1556 -0.2900
vn -0.8884 0.0042 0.4590
vn -0.8917 -0.0236 0.4520
vn -0.3163 -0.1868 0.9301
vn -0.3163 -0.1832 0.9308
vn 0.4418 -0.2627 0.8578
vn 0.4447 -0.2299 0.8657
vn 0.9420 -0.1789 0.2839
vn 0.9459 -0.1361 0.2945
vn 0.8908 0.0151 -0.4542
vn 0.8933 0.0430 -0.4474
vn 0.8858 -0.0211 -0.4636
vn 0.3200 0.2111 -0.9236
vn 0.9338 -0.2353 0.2695
vn 0.4357 -0.3062 0.8464
vn -0.3164 -0.1922 0.9289
vn -0.8823 0.0401 0.4689
vn -0.9303 0.2544 -0.2641
vn -0.4322 0.3252 -0.8411
vn 0.1355 -0.0712 -0.9882
vn 0.7049 -0.0881 -0.7038
vn 0.5028 -0.0927 -0.8594
vn 0.1348 -0.0854 -0.9872
vn 0.0802 0.9922 -0.0957
vn 0.0802 0.9922 -0.0956
vn 0.0801 0.9922 -0.0956
vn 0.0786 0.9917 -0.1018
vn -0.8553 0.0898 -0.5104
vn -0.5768 0.2921 -0.7629
vn -0.8553 0.0897 -0.5104
vn -0.1933 0.4393 -0.8773
vn -0.1932 0.4399 -0.8770
vn -0.1832 0.9223 0.3404
vn -0.1836 0.9222 0.3403
vn -0.1832 0.9224 0.3400
vn -0.8688 0.1031 0.4843
vn -0.9880 0.0646 -0.1400
vn -0.9891 0.0482 -0.1393
vn -0.9653 0.0815 0.2480
vn -0.6036 -0.0101 -0.7973
vn -0.6042 -0.0311 -0.7962
vn 0.1405 0.0077 -0.9900
vn 0.7988 -0.0380 -0.6003
vn 0.9887 -0.0529 0.1399
vn 0.9889 -0.0522 0.1394
vn 0.6015 -0.0284 0.7984
vn 0.6036 0.0179 0.7971
vn -0.1386 0.0214 0.9901
vn -0.1342 0.0858 0.9872
vn -0.7968 0.0669 0.6006
vn -0.9868 0.0817 -0.1395
vn -0.5998 0.0573 -0.7981
vn 0.1475 0.1349 -0.9798
vn 0.8036 0.0514 -0.5929
vn 0.9885 -0.0536 0.1412
vn 0.5962 -0.1189 0.7940
vn -0.1461 -0.1063 0.9835
vn -0.8022 -0.0227 0.5966
vn -0.9871 0.0822 -0.1375
vn -0.5947 0.1476 -0.7903
vn 0.1476 0.1349 -0.9798
vn 0.1522 0.2510 -0.9560
vn 0.8066 0.1336 -0.5758
vn 0.9883 -0.0537 0.1429
vn 0.5923 -0.2013 0.7801
vn -0.1512 -0.2227 0.9631
vn -0.8058 -0.1055 0.5828
vn -0.9873 0.0817 -0.1360
vn -0.5913 0.2294 -0.7731
vn 0.1521 0.2510 -0.9560
vn 0.1544 0.3503 -0.9238
vn 0.8081 0.2039 -0.5527
vn 0.9880 -0.0538 0.1445
vn 0.5901 -0.2720 0.7601
vn -0.1540 -0.3229 0.9338
vn -0.8076 -0.1767 0.5626
vn -0.9876 0.0810 -0.1346
vn -0.5897 0.2992 -0.7501
vn 0.1550 0.4507 -0.8791
vn 0.8086 0.2748 -0.5203
vn 0.9878 -0.0541 0.1461
vn 0.5896 -0.3438 0.7309
vn -0.1550 -0.4246 0.8920
vn -0.8086 -0.2488 0.5331
vn -0.9878 0.0801 -0.1334
vn -0.5896 0.3697 -0.7181
vn 0.1549 0.4507 -0.8791
vn 0.1539 0.5306 -0.8335
vn 0.8073 0.3315 -0.4883
vn 0.9876 -0.0545 0.1472
vn 0.5895 -0.4013 0.7010
vn -0.1544 -0.5059 0.8487
vn -0.8079 -0.3067 0.5032
vn -0.9880 0.0793 -0.1324
vn -0.5897 0.4261 -0.6860
vn 0.1533 0.5563 -0.8167
vn 0.8068 0.3497 -0.4763
vn 0.9875 -0.0547 0.1478
vn 0.5896 -0.4200 0.6899
vn -0.1539 -0.5321 0.8326
vn -0.8074 -0.3255 0.4921
vn -0.9881 0.0789 -0.1319
vn -0.5902 0.4442 -0.6741
vn -0.0094 -0.1714 0.9852
vn -0.6688 0.1141 0.7347
vn -0.6838 0.0849 0.7247
vn 0.0038 -0.1176 0.9931
vn -0.9392 0.3390 0.0556
vn -0.9696 0.2424 0.0323
vn -0.6546 0.3695 -0.6595
vn -0.6860 0.2626 -0.6786
vn 0.0162 0.1867 -0.9823
vn 0.0009 0.1336 -0.9910
vn 0.6752 -0.0990 -0.7309
vn 0.6884 -0.0689 -0.7221
vn 0.9449 -0.3233 -0.0520
vn 0.9736 -0.2263 -0.0299
vn 0.6607 -0.3535 0.6622
vn 0.6901 -0.2464 0.6804
vn -0.0543 -0.2903 0.9554
vn -0.6250 0.1694 0.7620
vn -0.8335 0.5379 0.1261
vn -0.5463 0.5948 -0.5897
vn 0.0650 0.3031 -0.9507
vn 0.6352 -0.1571 -0.7562
vn 0.8429 -0.5245 -0.1204
vn 0.5563 -0.5808 0.5943
vn -0.1398 -0.4130 0.8999
vn -0.5607 0.2079 0.8015
vn -0.6558 0.7159 0.2397
vn -0.3580 0.8070 -0.4698
vn -0.3580 0.8069 -0.4698
vn 0.1537 0.4213 -0.8938
vn 0.5738 -0.2002 -0.7941
vn 0.6683 -0.7067 -0.2322
vn 0.3713 -0.7972 0.4761
vn -0.2675 -0.5005 0.8234
vn -0.4904 0.2220 0.8428
vn -0.4265 0.8222 0.3769
vn -0.1039 0.9428 -0.3169
vn 0.2825 0.5045 -0.8159
vn 0.5050 -0.2183 -0.8351
vn 0.4412 -0.8180 -0.3691
vn 0.1189 -0.9384 0.3245
vn -0.3380 -0.5317 0.7766
vn -0.4560 0.2202 0.8623
vn -0.3024 0.8428 0.4453
vn 0.0325 0.9726 -0.2303
vn 0.0324 0.9726 -0.2303
vn 0.3527 0.5336 -0.7687
vn 0.4709 -0.2175 -0.8549
vn 0.3176 -0.8412 -0.4377
vn -0.0176 -0.9710 0.2383
vn -0.2504 -0.5166 0.8188
vn -0.4881 0.2000 0.8495
vn -0.4412 0.8070 0.3926
vn -0.1273 0.9448 -0.3018
vn 0.2641 0.5227 -0.8106
vn 0.5021 -0.1936 -0.8429
vn 0.4561 -0.8018 -0.3861
vn 0.1420 -0.9401 0.3099
vn -0.0818 -0.4461 0.8912
vn -0.5377 0.1538 0.8290
vn -0.6820 0.6713 0.2902
vn -0.4201 0.8011 -0.4264
vn 0.0931 0.4576 -0.8843
vn 0.5489 -0.1422 -0.8237
vn 0.6945 -0.6606 -0.2850
vn 0.4327 -0.7906 0.4333
vn 0.0515 -0.3287 0.9430
vn -0.5625 0.1004 0.8207
vn -0.8500 0.4769 0.2238
vn -0.6356 0.5796 -0.5100
vn -0.0434 0.3431 -0.9383
vn 0.5706 -0.0861 -0.8167
vn 0.8588 -0.4628 -0.2199
vn 0.6444 -0.5654 0.5148
vn 0.1245 -0.2116 0.9694
vn -0.5712 0.0624 0.8184
vn -0.9330 0.3051 0.1907
vn -0.7461 0.3740 -0.5509
vn -0.1187 0.2273 -0.9666
vn 0.5770 -0.0469 -0.8154
vn 0.9386 -0.2894 -0.1876
vn 0.7517 -0.3581 0.5537
vn 0.1376 -0.1882 0.9725
vn -0.5710 0.0550 0.8191
vn -0.9443 0.2707 0.1871
vn -0.7628 0.3326 -0.5546
vn -0.7627 0.3326 -0.5546
vn -0.1324 0.2039 -0.9700
vn 0.5762 -0.0393 -0.8164
vn 0.9492 -0.2549 -0.1844
vn 0.7677 -0.3167 0.5571
vn 0.1269 -0.2239 0.9663
vn -0.5675 0.0632 0.8209
vn -0.9278 0.3178 0.1956
vn -0.7429 0.3908 -0.5435
vn -0.7429 0.3908 -0.5434
vn -0.1212 0.2394 -0.9633
vn 0.5732 -0.0477 -0.8181
vn 0.9335 -0.3023 -0.1927
vn 0.7485 -0.3753 0.5467
vn 0.1207 -0.2417 0.9628
vn -0.5654 0.0671 0.8221
vn -0.9184 0.3410 0.2008
vn -0.7316 0.4196 -0.5372
vn -0.1146 0.2569 -0.9596
vn 0.5714 -0.0518 -0.8190
vn 0.9246 -0.3257 -0.1977
vn 0.7376 -0.4043 0.5409
vn 0.1173 -0.2504 0.9610
vn -0.5643 0.0690 0.8227
vn -0.9134 0.3525 0.2034
vn -0.7256 0.4339 -0.5340
vn -0.1109 0.2655 -0.9577
vn 0.5707 -0.0539 -0.8194
vn 0.9199 -0.3374 -0.2001
vn 0.7320 -0.4188 0.5373
vn 0.0000 0.3619 0.9322
vn -0.7087 0.2637 0.6544
vn -0.7073 0.2077 0.6757
vn -0.0000 0.2816 0.9595
vn -0.9995 0.0283 -0.0114
vn -0.9995 0.0293 -0.0087
vn -0.7073 -0.2062 -0.6762
vn -0.7063 -0.1487 -0.6921
vn -0.0000 -0.3037 -0.9528
vn 0.0000 -0.2224 -0.9750
vn 0.7072 -0.2062 -0.6763
vn 0.7062 -0.1487 -0.6922
vn 0.9995 0.0283 -0.0117
vn 0.9995 0.0293 -0.0089
vn 0.7088 0.2637 0.6543
vn 0.7073 0.2077 0.6758
vn 0.0000 0.6203 0.7844
vn -0.7150 0.4406 0.5428
vn -0.9995 0.0247 -0.0185
vn -0.7146 -0.3898 -0.5808
vn -0.0001 -0.5677 -0.8232
vn 0.7142 -0.3901 -0.5812
vn 0.9995 0.0242 -0.0192
vn 0.7152 0.4405 0.5426
vn 0.0000 0.8549 0.5188
vn -0.7097 0.6068 0.3579
vn -0.9995 0.0181 -0.0251
vn -0.7112 -0.5707 -0.4104
vn -0.0001 -0.8190 -0.5737
vn 0.7108 -0.5710 -0.4108
vn 0.9995 0.0175 -0.0256
vn 0.7100 0.6066 0.3577
vn 0.0000 0.9354 0.3537
vn -0.7066 0.6650 0.2420
vn -0.9995 0.0126 -0.0280
vn -0.7075 -0.6405 -0.2986
vn 0.0002 -0.9114 -0.4116
vn 0.7074 -0.6406 -0.2987
vn 0.9995 0.0125 -0.0280
vn 0.7066 0.6650 0.2419
vn 0.0000 0.9492 0.3147
vn -0.7068 0.6743 0.2140
vn -0.9995 0.0105 -0.0287
vn -0.7068 -0.6533 -0.2715
vn 0.0000 -0.9282 -0.3721
vn 0.7068 -0.6533 -0.2715
vn 0.9995 0.0105 -0.0287
vn 0.7068 0.6743 0.2141
vn 0.0000 0.9492 0.3146
vn 0.2088 0.9058 0.3686
vn -0.4697 0.6425 0.6055
vn -0.4661 0.6394 0.6115
vn 0.2137 0.9012 0.3771
vn -0.8772 0.0070 0.4801
vn -0.8771 0.0073 0.4802
vn -0.7751 -0.6284 0.0660
vn -0.7785 -0.6248 0.0602
vn -0.2233 -0.8915 -0.3942
vn -0.2281 -0.8865 -0.4025
vn 0.4550 -0.6284 -0.6310
vn 0.4517 -0.6247 -0.6369
vn 0.8627 0.0070 -0.5057
vn 0.8627 0.0073 -0.5056
vn 0.7608 0.6425 -0.0917
vn 0.7641 0.6394 -0.0856
vn 0.2089 0.9058 0.3686
vn 0.1713 0.9377 0.3023
vn -0.4971 0.6639 0.5586
vn -0.8774 0.0058 0.4797
vn -0.7496 -0.6522 0.1129
vn -0.1864 -0.9257 -0.3290
vn 0.4821 -0.6522 -0.5850
vn 0.8624 0.0058 -0.5062
vn 0.7347 0.6639 -0.1394
vn 0.1190 0.9704 0.2100
vn -0.5333 0.6874 0.4930
vn -0.8777 0.0044 0.4793
vn -0.7127 -0.6788 0.1769
vn -0.1346 -0.9620 -0.2375
vn 0.5181 -0.6788 -0.5205
vn 0.8622 0.0044 -0.5066
vn 0.6970 0.6874 -0.2041
vn 0.1000 0.9792 0.1765
vn -0.5463 0.6938 0.4692
vn -0.8778 0.0036 0.4791
vn -0.6992 -0.6863 0.2001
vn -0.1157 -0.9721 -0.2042
vn 0.5310 -0.6863 -0.4970
vn 0.8621 0.0036 -0.5067
vn 0.6834 0.6937 -0.2276
vn 0.8780 0.4654 -0.1121
vn 0.8210 0.1056 0.5611
vn 0.8255 0.0966 0.5560
vn 0.8839 0.4524 -0.1187
vn 0.2764 -0.3011 0.9127
vn 0.2771 -0.3007 0.9126
vn -0.4362 -0.5162 0.7371
vn -0.4397 -0.5065 0.7417
vn -0.8998 -0.4140 0.1377
vn -0.9048 -0.4006 0.1442
vn -0.8432 -0.0547 -0.5349
vn -0.8465 -0.0449 -0.5305
vn -0.2994 0.3518 -0.8869
vn -0.2984 0.3523 -0.8870
vn 0.4136 0.5675 -0.7120
vn 0.4182 0.5583 -0.7165
vn 0.8270 0.5587 -0.0620
vn 0.7831 0.1699 0.5982
vn 0.2739 -0.3026 0.9129
vn -0.4030 -0.5849 0.7039
vn -0.8549 -0.5113 0.0881
vn -0.8112 -0.1221 -0.5719
vn -0.3019 0.3503 -0.8866
vn 0.3749 0.6327 -0.6776
vn 0.7642 0.6449 -0.0106
vn 0.7391 0.2319 0.6325
vn 0.2714 -0.3043 0.9131
vn -0.3653 -0.6496 0.6667
vn -0.7981 -0.6013 0.0372
vn -0.7727 -0.1877 -0.6064
vn -0.3044 0.3487 -0.8865
vn 0.3321 0.6934 -0.6395
vn 0.7547 0.6561 -0.0035
vn 0.7321 0.2394 0.6377
vn 0.2708 -0.3048 0.9131
vn -0.3595 -0.6580 0.6617
vn -0.7894 -0.6131 0.0302
vn -0.7669 -0.1964 -0.6110
vn -0.3052 0.3479 -0.8864
vn 0.3251 0.7011 -0.6347
vn 0.3251 0.7011 -0.6346
vn 0.5798 0.3275 0.7460
vn -0.1495 0.2336 0.9608
vn -0.1425 0.2025 0.9689
vn 0.5885 0.2833 0.7572
vn -0.7913 0.0073 0.6114
vn -0.7909 0.0075 0.6119
vn -0.9710 -0.2188 -0.0967
vn -0.9767 -0.1875 -0.1048
vn -0.5829 -0.3125 -0.7500
vn -0.5912 -0.2682 -0.7606
vn 0.1459 -0.2188 -0.9648
vn 0.1399 -0.1874 -0.9723
vn 0.7878 0.0073 -0.6159
vn 0.7882 0.0075 -0.6154
vn 0.9680 0.2336 0.0923
vn 0.9741 0.2025 0.1010
vn 0.5885 0.2832 0.7572
vn 0.5125 0.5501 0.6594
vn -0.2061 0.3869 0.8988
vn -0.7921 0.0065 0.6103
vn -0.9271 -0.3737 -0.0288
vn -0.5179 -0.5365 -0.6663
vn 0.2009 -0.3737 -0.9055
vn 0.7869 0.0065 -0.6170
vn 0.9219 0.3869 0.0220
vn 0.4135 0.7389 0.5320
vn -0.2672 0.5239 0.8088
vn -0.7929 0.0056 0.6093
vn -0.8569 -0.5130 0.0506
vn -0.4206 -0.7282 -0.5411
vn 0.2605 -0.5130 -0.8179
vn 0.7862 0.0056 -0.6180
vn 0.8497 0.5239 -0.0593
vn 0.3918 0.7696 0.5042
vn -0.2823 0.5457 0.7890
vn -0.7932 0.0051 0.6089
vn -0.8416 -0.5356 0.0693
vn -0.3992 -0.7595 -0.5136
vn 0.2749 -0.5356 -0.7985
vn 0.7859 0.0051 -0.6184
vn 0.8343 0.5457 -0.0788
usemtl Mat.2
s 1
f 1/1/1 2/2/2 3/3/3
f 1/1/1 3/3/3 4/4/4
f 2/2/2 5/5/5 6/6/6
f 2/2/2 6/6/6 3/3/3
f 5/5/5 7/7/7 8/8/8
f 5/5/5 8/8/8 6/6/6
f 7/7/7 9/9/9 10/10/4
f 7/7/7 10/10/4 8/8/8
f 11/11/10 12/12/11 13/13/12
f 11/11/10 13/13/12 14/14/13
f 12/12/11 15/15/14 16/16/15
f 12/12/11 16/16/15 13/13/12
f 17/17/16 18/18/17 19/19/14
f 17/17/16 19/19/14 20/20/18
f 14/14/13 17/17/16 20/20/18
f 14/14/13 20/20/18 11/11/10
f 21/21/19 22/22/20 23/23/21
f 21/21/19 23/23/21 24/24/22
f 25/25/23 26/26/24 27/27/25
f 25/25/23 27/27/25 28/28/26
f 29/29/27 27/27/25 26/26/24
f 29/29/27 26/26/24 30/30/28
f 31/31/29 28/28/26 22/22/20
f 31/31/29 22/22/20 21/21/19
f 11/11/10 20/20/18 30/30/28
f 11/11/10 30/30/28 26/26/24
f 30/30/28 32/32/30 33/33/29
f 30/30/28 33/33/29 29/29/27
f 22/22/20 34/34/31 35/35/32
f 22/22/20 35/35/32 23/23/21
f 34/34/31 36/36/33 37/37/34
f 34/34/31 37/37/34 35/35/32
f 38/38/35 39/39/36 2/2/2
f 38/38/35 2/2/2 1/1/1
f 39/39/36 40/40/37 5/5/5
f 39/39/36 5/5/5 2/2/2
f 40/40/37 41/41/38 7/7/7
f 40/40/37 7/7/7 5/5/5
f 41/41/38 42/42/39 9/9/9
f 41/41/38 9/9/9 7/7/7
f 36/36/33 43/43/40 44/44/41
f 36/36/33 44/44/41 37/37/34
f 20/20/18 19/19/14 32/32/30
f 20/20/18 32/32/30 30/30/28
f 45/45/42 46/46/43 18/18/17
f 45/45/42 18/18/17 17/17/16
f 47/47/44 45/45/42 17/17/16
f 47/47/44 17/17/16 14/14/13
f 48/48/45 49/49/46 39/39/36
f 48/48/45 39/39/36 38/38/35
f 49/49/46 50/50/47 40/40/37
f 49/49/46 40/40/37 39/39/36
f 50/50/47 51/51/48 41/41/38
f 50/50/47 41/41/38 40/40/37
f 51/51/48 52/52/45 42/42/39
f 51/51/48 42/42/39 41/41/38
f 53/53/49 47/47/44 14/14/13
f 53/53/49 14/14/13 13/13/12
f 54/54/43 53/53/49 13/13/12
f 54/54/43 13/13/12 16/16/15
f 12/12/11 11/11/10 26/26/24
f 12/12/11 26/26/24 25/25/23
f 15/15/14 12/12/11 25/25/23
f 15/15/14 25/25/23 55/55/30
f 56/56/50 57/57/51 49/49/46
f 56/56/50 49/49/46 48/48/45
f 57/57/51 58/58/52 50/50/47
f 57/57/51 50/50/47 49/49/46
f 58/58/52 59/59/53 51/51/48
f 58/58/52 51/51/48 50/50/47
f 59/59/53 60/60/54 52/52/45
f 59/59/53 52/52/45 51/51/48
f 28/28/26 27/27/25 34/34/31
f 28/28/26 34/34/31 22/22/20
f 27/27/25 29/29/27 36/36/33
f 27/27/25 36/36/33 34/34/31
f 29/29/27 33/33/29 43/43/40
f 29/29/27 43/43/40 36/36/33
f 28/28/26 31/31/29 55/55/30
f 28/28/26 55/55/30 25/25/23
f 61/61/55 62/62/56 63/63/57
f 61/61/55 63/63/57 64/64/58
f 65/65/56 66/66/59 67/67/60
f 65/65/56 67/67/60 68/68/61
f 66/66/59 69/69/62 70/70/63
f 66/66/59 70/70/63 67/67/60
f 69/69/62 61/61/55 64/64/58
f 69/69/62 64/64/58 70/70/63
f 71/71/64 72/72/65 73/73/66
f 71/71/64 73/73/66 74/74/67
f 75/75/68 76/76/64 77/77/69
f 75/75/68 77/77/69 78/78/70
f 79/79/71 75/75/68 78/78/70
f 79/79/71 78/78/70 80/80/72
f 72/72/65 79/79/71 80/80/72
f 72/72/65 80/80/72 73/73/66
f 72/72/65 71/71/64 62/62/56
f 72/72/65 62/62/56 61/61/55
f 76/76/64 75/75/68 66/66/59
f 76/76/64 66/66/59 65/65/56
f 75/75/68 79/79/71 69/69/62
f 75/75/68 69/69/62 66/66/59
f 79/79/71 72/72/65 61/61/55
f 79/79/71 61/61/55 69/69/62
f 73/73/66 80/80/72 81/81/73
f 73/73/66 81/81/73 82/82/74
f 80/80/72 78/78/70 83/83/75
f 80/80/72 83/83/75 81/81/73
f 78/78/70 77/77/69 84/84/76
f 78/78/70 84/84/76 83/83/75
f 74/74/67 73/73/66 82/82/74
f 74/74/67 82/82/74 85/85/76
f 86/86/77 87/87/78 88/88/79
f 86/86/77 88/88/79 89/89/80
f 87/87/78 90/90/81 91/91/82
f 87/87/78 91/91/82 88/88/79
f 90/90/81 92/92/83 93/93/84
f 90/90/81 93/93/84 91/91/82
f 92/92/83 94/94/85 95/95/86
f 92/92/83 95/95/86 93/93/84
f 96/96/87 97/97/88 98/98/89
f 96/96/87 98/98/89 99/99/90
f 97/97/88 100/100/91 101/101/92
f 97/97/88 101/101/92 98/98/89
f 100/100/91 102/102/93 103/103/94
f 100/100/91 103/103/94 101/101/92
f 102/102/93 86/86/77 89/89/80
f 102/102/93 89/89/80 103/103/94
f 104/104/95 105/105/96 87/87/78
f 104/104/95 87/87/78 86/86/77
f 105/105/96 106/106/97 90/90/81
f 105/105/96 90/90/81 87/87/78
f 106/106/97 107/107/98 92/92/83
f 106/106/97 92/92/83 90/90/81
f 107/107/98 108/108/99 94/94/85
f 107/107/98 94/94/85 92/92/83
f 109/109/99 110/110/100 97/97/88
f 109/109/99 97/97/88 96/96/87
f 110/110/100 111/111/101 100/100/91
f 110/110/100 100/100/91 97/97/88
f 111/111/101 112/112/102 102/102/93
f 111/111/101 102/102/93 100/100/91
f 112/112/102 104/104/95 86/86/77
f 112/112/102 86/86/77 102/102/93
f 113/113/103 114/114/104 105/105/96
f 113/113/103 105/105/96 104/104/95
f 114/114/104 115/115/105 106/106/97
f 114/114/104 106/106/97 105/105/96
f 115/115/105 116/116/106 107/107/98
f 115/115/105 107/107/98 106/106/97
f 116/116/106 117/117/107 108/108/99
f 116/116/106 108/108/99 107/107/98
f 118/118/108 119/119/109 110/110/100
f 118/118/108 110/110/100 109/109/99
f 119/119/109 120/120/110 111/111/101
f 119/119/109 111/111/101 110/110/100
f 120/120/110 121/121/111 112/112/102
f 120/120/110 112/112/102 111/111/101
f 121/121/111 113/113/103 104/104/95
f 121/121/111 104/104/95 112/112/102
f 122/122/112 123/123/113 114/114/104
f 122/122/112 114/114/104 113/113/103
f 123/123/113 124/124/114 115/115/105
f 123/123/113 115/115/105 114/114/104
f 124/124/114 125/125/115 116/116/106
f 124/124/114 116/116/106 115/115/105
f 125/125/115 126/126/116 117/117/107
f 125/125/115 117/117/107 116/116/106
f 127/127/117 128/128/118 119/119/109
f 127/127/117 119/119/109 118/118/108
f 128/128/118 129/129/119 120/120/110
f 128/128/118 120/120/110 119/119/109
f 129/129/119 130/130/120 121/121/111
f 129/129/119 121/121/111 120/120/110
f 130/130/120 122/122/112 113/113/103
f 130/130/120 113/113/103 121/121/111
f 131/131/121 132/132/122 123/123/113
f 131/131/121 123/123/113 122/122/112
f 132/132/122 133/133/123 124/124/114
f 132/132/122 124/124/114 123/123/113
f 133/133/123 134/134/124 125/125/115
f 133/133/123 125/125/115 124/124/114
f 134/134/124 135/135/125 126/126/116
f 134/134/124 126/126/116 125/125/115
f 136/136/125 137/137/126 128/128/118
f 136/136/125 128/128/118 127/127/117
f 137/137/126 138/138/127 129/129/119
f 137/137/126 129/129/119 128/128/118
f 138/138/127 139/139/128 130/130/120
f 138/138/127 130/130/120 129/129/119
f 139/139/128 131/131/121 122/122/112
f 139/139/128 122/122/112 130/130/120
f 140/140/129 141/141/130 142/142/131
f 140/140/129 142/142/131 143/143/132
f 141/141/130 144/144/133 145/145/134
f 141/141/130 145/145/134 142/142/131
f 144/144/133 146/146/135 147/147/136
f 144/144/133 147/147/136 145/145/134
f 146/146/135 148/148/137 149/149/138
f 146/146/135 149/149/138 147/147/136
f 150/150/139 151/151/140 152/152/141
f 150/150/139 152/152/141 153/153/138
f 151/151/140 154/154/142 155/155/143
f 151/151/140 155/155/143 152/152/141
f 154/154/142 156/156/144 157/157/145
f 154/154/142 157/157/145 155/155/143
f 156/156/144 140/140/129 143/143/132
f 156/156/144 143/143/132 157/157/145
f 158/158/146 159/159/147 141/141/130
f 158/158/146 141/141/130 140/140/129
f 159/159/147 160/160/148 144/144/133
f 159/159/147 144/144/133 141/141/130
f 160/160/148 161/161/149 146/146/135
f 160/160/148 146/146/135 144/144/133
f 161/161/149 162/162/150 148/148/137
f 161/161/149 148/148/137 146/146/135
f 163/163/151 164/164/152 151/151/140
f 163/163/151 151/151/140 150/150/139
f 164/164/152 165/165/153 154/154/142
f 164/164/152 154/154/142 151/151/140
f 165/165/153 166/166/154 156/156/144
f 165/165/153 156/156/144 154/154/142
f 166/166/154 158/158/146 140/140/129
f 166/166/154 140/140/129 156/156/144
f 167/167/155 168/168/156 169/169/157
f 167/167/155 169/169/157 170/170/158
f 168/168/156 171/171/159 172/172/160
f 168/168/156 172/172/160 169/169/157
f 171/171/159 173/173/161 174/174/162
f 171/171/159 174/174/162 172/172/160
f 175/175/161 176/176/163 177/177/164
f 175/175/161 177/177/164 178/178/162
f 176/176/163 179/179/165 180/180/166
f 176/176/163 180/180/166 177/177/164
f 179/179/165 181/181/167 182/182/168
f 179/179/165 182/182/168 180/180/166
f 181/181/167 183/183/169 184/184/170
f 181/181/167 184/184/170 182/182/168
f 183/183/169 167/167/155 170/170/158
f 183/183/169 170/170/158 184/184/170
f 185/185/171 186/186/172 168/168/156
f 185/185/171 168/168/156 167/167/155
f 186/186/172 187/187/173 171/171/159
f 186/186/172 171/171/159 168/168/156
f 187/187/173 188/188/174 173/173/161
f 187/187/173 173/173/161 171/171/159
f 189/189/174 190/190/175 176/176/163
f 189/189/174 176/176/163 175/175/161
f 190/190/175 191/191/176 179/179/165
f 190/190/175 179/179/165 176/176/163
f 191/191/176 192/192/177 181/181/167
f 191/191/176 181/181/167 179/179/165
f 192/192/177 193/193/178 183/183/169
f 192/192/177 183/183/169 181/181/167
f 193/193/178 185/185/171 167/167/155
f 193/193/178 167/167/155 183/183/169
f 194/194/179 195/195/180 196/196/181
f 194/194/179 196/196/181 197/197/182
f 195/195/180 198/198/183 199/199/184
f 195/195/180 199/199/184 196/196/181
f 198/198/183 200/200/185 201/201/186
f 198/198/183 201/201/186 199/199/184
f 202/202/187 203/203/187 204/204/188
f 202/202/187 204/204/188 205/205/188
f 206/206/189 207/207/190 208/208/191
f 206/206/189 208/208/191 209/209/192
f 207/207/190 210/210/193 211/211/194
f 207/207/190 211/211/194 208/208/191
f 210/210/193 212/212/195 213/213/196
f 210/210/193 213/213/196 211/211/194
f 214/214/197 215/215/197 216/216/198
f 214/214/197 216/216/198 217/217/199
f 218/218/200 219/219/201 195/195/180
f 218/218/200 195/195/180 194/194/179
f 219/219/201 220/220/202 198/198/183
f 219/219/201 198/198/183 195/195/180
f 220/220/202 221/221/203 200/200/185
f 220/220/202 200/200/185 198/198/183
f 222/222/204 223/223/205 203/203/187
f 222/222/204 203/203/187 202/202/187
f 224/224/206 225/225/207 207/207/190
f 224/224/206 207/207/190 206/206/189
f 225/225/207 226/226/208 210/210/193
f 225/225/207 210/210/193 207/207/190
f 226/226/208 227/227/209 212/212/195
f 226/226/208 212/212/195 210/210/193
f 228/228/210 229/229/210 215/215/197
f 228/228/210 215/215/197 214/214/197
f 230/230/211 231/231/212 219/219/201
f 230/230/211 219/219/201 218/218/200
f 231/231/212 232/232/213 220/220/202
f 231/231/212 220/220/202 219/219/201
f 232/232/213 233/233/214 221/221/203
f 232/232/213 221/221/203 220/220/202
f 234/234/215 235/235/216 223/223/205
f 234/234/215 223/223/205 222/222/204
f 236/236/217 237/237/218 225/225/207
f 236/236/217 225/225/207 224/224/206
f 237/237/218 238/238/219 226/226/208
f 237/237/218 226/226/208 225/225/207
f 239/239/220 240/240/221 241/241/220
f 239/239/220 241/241/220 242/242/220
f 243/243/222 230/230/211 218/218/200
f 243/243/222 218/218/200 244/244/223
f 245/245/224 246/246/225 231/231/212
f 245/245/224 231/231/212 230/230/211
f 246/246/225 247/247/226 232/232/213
f 246/246/225 232/232/213 231/231/212
f 247/247/226 248/248/227 233/233/214
f 247/247/226 233/233/214 232/232/213
f 248/248/227 249/249/228 250/250/229
f 248/248/227 250/250/229 233/233/214
f 251/251/228 252/252/230 253/253/231
f 251/251/228 253/253/231 254/254/229
f 252/252/230 255/255/232 256/256/233
f 252/252/230 256/256/233 253/253/231
f 255/255/232 257/257/234 243/243/222
f 255/255/232 243/243/222 256/256/233
f 257/257/234 245/245/224 230/230/211
f 257/257/234 230/230/211 243/243/222
f 258/258/235 259/259/236 260/260/237
f 258/258/235 260/260/237 261/261/238
f 262/262/239 258/258/235 261/261/238
f 262/262/239 261/261/238 263/263/240
f 264/264/241 262/262/239 263/263/240
f 264/264/241 263/263/240 265/265/242
f 266/266/243 264/264/241 265/265/242
f 266/266/243 265/265/242 267/267/244
f 268/268/245 269/269/243 270/270/244
f 268/268/245 270/270/244 271/271/246
f 272/272/247 268/268/245 271/271/246
f 272/272/247 271/271/246 273/273/248
f 274/274/249 272/272/247 273/273/248
f 274/274/249 273/273/248 275/275/250
f 259/259/236 274/274/249 275/275/250
f 259/259/236 275/275/250 260/260/237
f 276/276/251 277/277/252 246/246/225
f 276/276/251 246/246/225 245/245/224
f 277/277/252 278/278/253 247/247/226
f 277/277/252 247/247/226 246/246/225
f 278/278/253 279/279/254 248/248/227
f 278/278/253 248/248/227 247/247/226
f 279/279/254 280/280/255 249/249/228
f 279/279/254 249/249/228 248/248/227
f 281/281/255 282/282/256 252/252/230
f 281/281/255 252/252/230 251/251/228
f 282/282/256 283/283/257 255/255/232
f 282/282/256 255/255/232 252/252/230
f 283/283/257 284/284/258 257/257/234
f 283/283/257 257/257/234 255/255/232
f 284/284/258 276/276/251 245/245/224
f 284/284/258 245/245/224 257/257/234
f 285/285/259 286/286/260 259/259/236
f 285/285/259 259/259/236 258/258/235
f 287/287/261 285/285/259 258/258/235
f 287/287/261 258/258/235 262/262/239
f 288/288/262 287/287/261 262/262/239
f 288/288/262 262/262/239 264/264/241
f 289/289/263 288/288/262 264/264/241
f 289/289/263 264/264/241 266/266/243
f 290/290/264 291/291/265 269/269/243
f 290/290/264 269/269/243 268/268/245
f 292/292/266 290/290/264 268/268/245
f 292/292/266 268/268/245 272/272/247
f 293/293/267 292/292/266 272/272/247
f 293/293/267 272/272/247 274/274/249
f 286/286/260 293/293/267 274/274/249
f 286/286/260 274/274/249 259/259/236
f 294/294/268 295/295/269 277/277/252
f 294/294/268 277/277/252 276/276/251
f 295/295/269 296/296/270 278/278/253
f 295/295/269 278/278/253 277/277/252
f 296/296/270 297/297/271 279/279/254
f 296/296/270 279/279/254 278/278/253
f 297/297/271 298/298/272 280/280/255
f 297/297/271 280/280/255 279/279/254
f 299/299/273 300/300/274 282/282/256
f 299/299/273 282/282/256 281/281/255
f 300/300/274 301/301/275 283/283/257
f 300/300/274 283/283/257 282/282/256
f 301/301/275 302/302/276 284/284/258
f 301/301/275 284/284/258 283/283/257
f 302/302/276 294/294/268 276/276/251
f 302/302/276 276/276/251 284/284/258
f 303/303/277 304/304/278 286/286/260
f 303/303/277 286/286/260 285/285/259
f 305/305/279 303/303/277 285/285/259
f 305/305/279 285/285/259 287/287/261
f 306/306/280 305/305/279 287/287/261
f 306/306/280 287/287/261 288/288/262
f 307/307/281 306/306/280 288/288/262
f 307/307/281 288/288/262 289/289/263
f 308/308/282 309/309/281 291/291/265
f 308/308/282 291/291/265 290/290/264
f 310/310/283 308/308/282 290/290/264
f 310/310/283 290/290/264 292/292/266
f 311/311/284 310/310/283 292/292/266
f 311/311/284 292/292/266 293/293/267
f 304/304/278 311/311/284 293/293/267
f 304/304/278 293/293/267 286/286/260
f 312/312/285 313/313/286 295/295/269
f 312/312/285 295/295/269 294/294/268
f 313/313/286 314/314/287 296/296/270
f 313/313/286 296/296/270 295/295/269
f 314/314/287 315/315/288 297/297/271
f 314/314/287 297/297/271 296/296/270
f 315/315/288 316/316/289 298/298/272
f 315/315/288 298/298/272 297/297/271
f 317/317/289 318/318/290 300/300/274
f 317/317/289 300/300/274 299/299/273
f 318/318/290 319/319/291 301/301/275
f 318/318/290 301/301/275 300/300/274
f 319/319/291 320/320/292 302/302/276
f 319/319/291 302/302/276 301/301/275
f 320/320/292 312/312/285 294/294/268
f 320/320/292 294/294/268 302/302/276
f 260/260/237 275/275/250 313/313/286
f 260/260/237 313/313/286 312/312/285
f 275/275/250 273/273/248 314/314/287
f 275/275/250 314/314/287 313/313/286
f 273/273/248 271/271/246 315/315/288
f 273/273/248 315/315/288 314/314/287
f 271/271/246 270/270/244 316/316/289
f 271/271/246 316/316/289 315/315/288
f 267/267/244 265/265/242 318/318/290
f 267/267/244 318/318/290 317/317/289
f 265/265/242 263/263/240 319/319/291
f 265/265/242 319/319/291 318/318/290
f 263/263/240 261/261/238 320/320/292
f 263/263/240 320/320/292 319/319/291
f 261/261/238 260/260/237 312/312/285
f 261/261/238 312/312/285 320/320/292
f 321/321/293 322/322/294 323/323/295
f 321/321/293 323/323/295 324/324/296
f 322/322/294 325/325/297 326/326/298
f 322/322/294 326/326/298 323/323/295
f 325/325/297 327/327/299 328/328/300
f 325/325/297 328/328/300 326/326/298
f 327/327/299 329/329/301 330/330/302
f 327/327/299 330/330/302 328/328/300
f 329/329/301 331/331/303 332/332/304
f 329/329/301 332/332/304 330/330/302
f 333/333/305 334/334/306 335/335/307
f 333/333/305 335/335/307 336/336/304
f 334/334/306 337/337/308 338/338/309
f 334/334/306 338/338/309 335/335/307
f 337/337/308 321/321/293 324/324/296
f 337/337/308 324/324/296 338/338/309
f 339/339/310 340/340/311 322/322/294
f 339/339/310 322/322/294 321/321/293
f 340/340/311 341/341/312 325/325/297
f 340/340/311 325/325/297 322/322/294
f 341/341/312 342/342/313 327/327/299
f 341/341/312 327/327/299 325/325/297
f 342/342/313 343/343/314 329/329/301
f 342/342/313 329/329/301 327/327/299
f 343/343/314 344/344/315 331/331/303
f 343/343/314 331/331/303 329/329/301
f 345/345/316 346/346/317 334/334/306
f 345/345/316 334/334/306 333/333/305
f 346/346/317 347/347/318 337/337/308
f 346/346/317 337/337/308 334/334/306
f 347/347/318 339/339/310 321/321/293
f 347/347/318 321/321/293 337/337/308
f 348/348/319 349/349/320 340/340/311
f 348/348/319 340/340/311 339/339/310
f 349/349/320 350/350/321 341/341/312
f 349/349/320 341/341/312 340/340/311
f 350/350/321 351/351/322 342/342/313
f 350/350/321 342/342/313 341/341/312
f 351/351/322 352/352/323 343/343/314
f 351/351/322 343/343/314 342/342/313
f 352/352/323 353/353/324 344/344/315
f 352/352/323 344/344/315 343/343/314
f 354/354/325 355/355/326 346/346/317
f 354/354/325 346/346/317 345/345/316
f 355/355/326 356/356/327 347/347/318
f 355/355/326 347/347/318 346/346/317
f 356/356/327 348/348/319 339/339/310
f 356/356/327 339/339/310 347/347/318
f 357/357/328 358/358/329 349/349/320
f 357/357/328 349/349/320 348/348/319
f 358/358/329 359/359/330 350/350/321
f 358/358/329 350/350/321 349/349/320
f 359/359/330 360/360/331 351/351/322
f 359/359/330 351/351/322 350/350/321
f 360/360/331 361/361/332 352/352/323
f 360/360/331 352/352/323 351/351/322
f 361/361/332 362/362/333 353/353/324
f 361/361/332 353/353/324 352/352/323
f 363/363/334 364/364/335 355/355/326
f 363/363/334 355/355/326 354/354/325
f 364/364/335 365/365/336 356/356/327
f 364/364/335 356/356/327 355/355/326
f 365/365/336 357/357/328 348/348/319
f 365/365/336 348/348/319 356/356/327
f 366/366/337 367/367/338 358/358/329
f 366/366/337 358/358/329 357/357/328
f 367/367/338 368/368/339 359/359/330
f 367/367/338 359/359/330 358/358/329
f 368/368/339 369/369/340 360/360/331
f 368/368/339 360/360/331 359/359/330
f 369/369/340 370/370/341 361/361/332
f 369/369/340 361/361/332 360/360/331
f 370/370/341 371/371/342 362/362/333
f 370/370/341 362/362/333 361/361/332
f 372/372/342 373/373/343 364/364/335
f 372/372/342 364/364/335 363/363/334
f 373/373/343 374/374/344 365/365/336
f 373/373/343 365/365/336 364/364/335
f 374/374/344 366/366/337 357/357/328
f 374/374/344 357/357/328 365/365/336
f 375/375/345 376/376/346 367/367/338
f 375/375/345 367/367/338 366/366/337
f 376/376/346 377/377/347 368/368/339
f 376/376/346 368/368/339 367/367/338
f 377/377/347 378/378/348 369/369/340
f 377/377/347 369/369/340 368/368/339
f 378/378/348 379/379/349 370/370/341
f 378/378/348 370/370/341 369/369/340
f 379/379/349 380/380/350 371/371/342
f 379/379/349 371/371/342 370/370/341
f 381/381/350 382/382/351 373/373/343
f 381/381/350 373/373/343 372/372/342
f 382/382/351 383/383/352 374/374/344
f 382/382/351 374/374/344 373/373/343
f 383/383/352 375/375/345 366/366/337
f 383/383/352 366/366/337 374/374/344
f 384/384/353 385/385/354 376/376/346
f 384/384/353 376/376/346 375/375/345
f 385/385/354 386/386/355 377/377/347
f 385/385/354 377/377/347 376/376/346
f 386/386/355 387/387/356 378/378/348
f 386/386/355 378/378/348 377/377/347
f 387/387/356 388/388/357 379/379/349
f 387/387/356 379/379/349 378/378/348
f 388/388/357 389/389/358 380/380/350
f 388/388/357 380/380/350 379/379/349
f 390/390/358 391/391/359 382/382/351
f 390/390/358 382/382/351 381/381/350
f 391/391/359 392/392/360 383/383/352
f 391/391/359 383/383/352 382/382/351
f 392/392/360 384/384/353 375/375/345
f 392/392/360 375/375/345 383/383/352
f 393/393/361 394/394/362 395/395/363
f 393/393/361 395/395/363 396/396/364
f 394/394/362 397/397/365 398/398/366
f 394/394/362 398/398/366 395/395/363
f 397/397/365 399/399/367 400/400/368
f 397/397/365 400/400/368 398/398/366
f 401/401/367 402/402/369 403/403/370
f 401/401/367 403/403/370 404/404/371
f 402/402/369 405/405/372 406/406/373
f 402/402/369 406/406/373 403/403/370
f 405/405/372 407/407/374 408/408/375
f 405/405/372 408/408/375 406/406/373
f 407/407/374 409/409/376 410/410/377
f 407/407/374 410/410/377 408/408/375
f 409/409/376 393/393/361 396/396/364
f 409/409/376 396/396/364 410/410/377
f 411/411/378 412/412/379 394/394/362
f 411/411/378 394/394/362 393/393/361
f 412/412/379 413/413/380 397/397/365
f 412/412/379 397/397/365 394/394/362
f 413/413/380 414/414/381 399/399/367
f 413/413/380 399/399/367 397/397/365
f 415/415/381 416/416/382 402/402/369
f 415/415/381 402/402/369 401/401/367
f 416/416/382 417/417/383 405/405/372
f 416/416/382 405/405/372 402/402/369
f 417/417/383 418/418/384 407/407/374
f 417/417/383 407/407/374 405/405/372
f 418/418/384 419/419/385 409/409/376
f 418/418/384 409/409/376 407/407/374
f 419/419/385 411/411/378 393/393/361
f 419/419/385 393/393/361 409/409/376
f 420/420/386 421/421/387 412/412/379
f 420/420/386 412/412/379 411/411/378
f 421/421/387 422/422/388 413/413/380
f 421/421/387 413/413/380 412/412/379
f 422/422/388 423/423/389 414/414/381
f 422/422/388 414/414/381 413/413/380
f 424/424/389 425/425/390 416/416/382
f 424/424/389 416/416/382 415/415/381
f 425/425/390 426/426/391 417/417/383
f 425/425/390 417/417/383 416/416/382
f 426/426/391 427/427/392 418/418/384
f 426/426/391 418/418/384 417/417/383
f 427/427/392 428/428/393 419/419/385
f 427/427/392 419/419/385 418/418/384
f 428/428/393 420/420/386 411/411/378
f 428/428/393 411/411/378 419/419/385
f 429/429/394 430/430/395 421/421/387
f 429/429/394 421/421/387 420/420/386
f 430/430/395 431/431/396 422/422/388
f 430/430/395 422/422/388 421/421/387
f 431/431/396 432/432/397 423/423/389
f 431/431/396 423/423/389 422/422/388
f 433/433/397 434/434/398 425/425/390
f 433/433/397 425/425/390 424/424/389
f 434/434/398 435/435/399 426/426/391
f 434/434/398 426/426/391 425/425/390
f 435/435/399 436/436/400 427/427/392
f 435/435/399 427/427/392 426/426/391
f 436/436/400 437/437/401 428/428/393
f 436/436/400 428/428/393 427/427/392
f 437/437/401 429/429/394 420/420/386
f 437/437/401 420/420/386 428/428/393
f 438/438/402 439/439/403 430/430/395
f 438/438/402 430/430/395 429/429/394
f 439/439/403 440/440/404 431/431/396
f 439/439/403 431/431/396 430/430/395
f 440/440/404 441/441/405 432/432/397
f 440/440/404 432/432/397 431/431/396
f 442/442/405 443/443/406 434/434/398
f 442/442/405 434/434/398 433/433/397
f 443/443/406 444/444/407 435/435/399
f 443/443/406 435/435/399 434/434/398
f 444/444/407 445/445/408 436/436/400
f 444/444/407 436/436/400 435/435/399
f 445/445/408 446/446/409 437/437/401
f 445/445/408 437/437/401 436/436/400
f 446/446/409 438/438/402 429/429/394
f 446/446/409 429/429/394 437/437/401
f 447/447/410 448/448/411 439/439/403
f 447/447/410 439/439/403 438/438/402
f 448/448/411 449/449/412 440/440/404
f 448/448/411 440/440/404 439/439/403
f 449/449/412 450/450/413 441/441/405
f 449/449/412 441/441/405 440/440/404
f 451/451/414 452/452/415 443/443/406
f 451/451/414 443/443/406 442/442/405
f 452/452/415 453/453/416 444/444/407
f 452/452/415 444/444/407 443/443/406
f 453/453/416 454/454/417 445/445/408
f 453/453/416 445/445/408 444/444/407
f 454/454/417 455/455/418 446/446/409
f 454/454/417 446/446/409 445/445/408
f 455/455/418 447/447/410 438/438/402
f 455/455/418 438/438/402 446/446/409
f 456/456/419 457/457/420 458/458/421
f 456/456/419 458/458/421 459/459/422
f 457/457/420 460/460/423 461/461/424
f 457/457/420 461/461/424 458/458/421
f 462/462/423 463/463/425 464/464/426
f 462/462/423 464/464/426 465/465/427
f 463/463/425 466/466/428 467/467/429
f 463/463/425 467/467/429 464/464/426
f 466/466/428 468/468/430 469/469/431
f 466/466/428 469/469/431 467/467/429
f 468/468/430 470/470/432 471/471/433
f 468/468/430 471/471/433 469/469/431
f 470/470/432 472/472/434 473/473/435
f 470/470/432 473/473/435 471/471/433
f 472/472/434 456/456/419 459/459/422
f 472/472/434 459/459/422 473/473/435
f 474/474/436 475/475/437 457/457/420
f 474/474/436 457/457/420 456/456/419
f 475/475/437 476/476/438 460/460/423
f 475/475/437 460/460/423 457/457/420
f 477/477/439 478/478/440 463/463/425
f 477/477/439 463/463/425 462/462/423
f 478/478/440 479/479/441 466/466/428
f 478/478/440 466/466/428 463/463/425
f 479/479/441 480/480/442 468/468/430
f 479/479/441 468/468/430 466/466/428
f 480/480/442 481/481/443 470/470/432
f 480/480/442 470/470/432 468/468/430
f 481/481/443 482/482/444 472/472/434
f 481/481/443 472/472/434 470/470/432
f 482/482/444 474/474/436 456/456/419
f 482/482/444 456/456/419 472/472/434
f 483/483/445 484/484/446 475/475/437
f 483/483/445 475/475/437 474/474/436
f 484/484/446 485/485/447 476/476/438
f 484/484/446 476/476/438 475/475/437
f 486/486/447 487/487/448 478/478/440
f 486/486/447 478/478/440 477/477/439
f 487/487/448 488/488/449 479/479/441
f 487/487/448 479/479/441 478/478/440
f 488/488/449 489/489/450 480/480/442
f 488/488/449 480/480/442 479/479/441
f 489/489/450 490/490/451 481/481/443
f 489/489/450 481/481/443 480/480/442
f 490/490/451 491/491/452 482/482/444
f 490/490/451 482/482/444 481/481/443
f 491/491/452 483/483/445 474/474/436
f 491/491/452 474/474/436 482/482/444
f 492/492/453 493/493/454 484/484/446
f 492/492/453 484/484/446 483/483/445
f 493/493/454 494/494/455 485/485/447
f 493/493/454 485/485/447 484/484/446
f 495/495/455 496/496/456 487/487/448
f 495/495/455 487/487/448 486/486/447
f 496/496/456 497/497/457 488/488/449
f 496/496/456 488/488/449 487/487/448
f 497/497/457 498/498/458 489/489/450
f 497/497/457 489/489/450 488/488/449
f 498/498/458 499/499/459 490/490/451
f 498/498/458 490/490/451 489/489/450
f 499/499/459 500/500/460 491/491/452
f 499/499/459 491/491/452 490/490/451
f 500/500/460 492/492/453 483/483/445
f 500/500/460 483/483/445 491/491/452
f 501/501/461 502/502/462 493/493/454
f 501/501/461 493/493/454 492/492/453
f 502/502/462 503/503/463 494/494/455
f 502/502/462 494/494/455 493/493/454
f 504/504/463 505/505/464 496/496/456
f 504/504/463 496/496/456 495/495/455
f 505/505/464 506/506/465 497/497/457
f 505/505/464 497/497/457 496/496/456
f 506/506/465 507/507/466 498/498/458
f 506/506/465 498/498/458 497/497/457
f 507/507/466 508/508/467 499/499/459
f 507/507/466 499/499/459 498/498/458
f 508/508/467 509/509/468 500/500/460
f 508/508/467 500/500/460 499/499/459
f 509/509/468 501/501/461 492/492/453
f 509/509/468 492/492/453 500/500/460
f 510/510/469 511/511/470 502/502/462
f 510/510/469 502/502/462 501/501/461
f 511/511/470 512/512/471 503/503/463
f 511/511/470 503/503/463 502/502/462
f 513/513/472 514/514/473 505/505/464
f 513/513/472 505/505/464 504/504/463
f 514/514/473 515/515/474 506/506/465
f 514/514/473 506/506/465 505/505/464
f 515/515/474 516/516/475 507/507/466
f 515/515/474 507/507/466 506/506/465
f 516/516/475 517/517/476 508/508/467
f 516/516/475 508/508/467 507/507/466
f 517/517/476 518/518/477 509/509/468
f 517/517/476 509/509/468 508/508/467
f 518/518/477 510/510/469 501/501/461
f 518/518/477 501/501/461 509/509/468
f 519/519/478 520/520/479 511/511/470
f 519/519/478 511/511/470 510/510/469
f 520/520/479 521/521/480 512/512/471
f 520/520/479 512/512/471 511/511/470
f 522/522/480 523/523/481 514/514/473
f 522/522/480 514/514/473 513/513/472
f 523/523/481 524/524/482 515/515/474
f 523/523/481 515/515/474 514/514/473
f 524/524/482 525/525/483 516/516/475
f 524/524/482 516/516/475 515/515/474
f 525/525/483 526/526/484 517/517/476
f 525/525/483 517/517/476 516/516/475
f 526/526/484 527/527/485 518/518/477
f 526/526/484 518/518/477 517/517/476
f 527/527/485 519/519/478 510/510/469
f 527/527/485 510/510/469 518/518/477
f 528/528/486 529/529/487 520/520/479
f 528/528/486 520/520/479 519/519/478
f 529/529/487 530/530/488 521/521/480
f 529/529/487 521/521/480 520/520/479
f 531/531/488 532/532/489 523/523/481
f 531/531/488 523/523/481 522/522/480
f 532/532/489 533/533/490 524/524/482
f 532/532/489 524/524/482 523/523/481
f 533/533/490 534/534/491 525/525/483
f 533/533/490 525/525/483 524/524/482
f 534/534/491 535/535/492 526/526/484
f 534/534/491 526/526/484 525/525/483
f 535/535/492 536/536/493 527/527/485
f 535/535/492 527/527/485 526/526/484
f 536/536/493 528/528/486 519/519/478
f 536/536/493 519/519/478 527/527/485
f 537/537/494 538/538/495 529/529/487
f 537/537/494 529/529/487 528/528/486
f 538/538/495 539/539/496 530/530/488
f 538/538/495 530/530/488 529/529/487
f 540/540/497 541/541/498 532/532/489
f 540/540/497 532/532/489 531/531/488
f 541/541/498 542/542/499 533/533/490
f 541/541/498 533/533/490 532/532/489
f 542/542/499 543/543/500 534/534/491
f 542/542/499 534/534/491 533/533/490
f 543/543/500 544/544/501 535/535/492
f 543/543/500 535/535/492 534/534/491
f 544/544/501 545/545/502 536/536/493
f 544/544/501 536/536/493 535/535/492
f 545/545/502 537/537/494 528/528/486
f 545/545/502 528/528/486 536/536/493
f 546/546/503 547/547/504 548/548/505
f 546/546/503 548/548/505 549/549/506
f 547/547/504 550/550/507 551/551/508
f 547/547/504 551/551/508 548/548/505
f 550/550/507 552/552/509 553/553/510
f 550/550/507 553/553/510 551/551/508
f 552/552/509 554/554/511 555/555/512
f 552/552/509 555/555/512 553/553/510
f 554/554/511 556/556/513 557/557/514
f 554/554/511 557/557/514 555/555/512
f 556/556/513 558/558/515 559/559/516
f 556/556/513 559/559/516 557/557/514
f 558/558/515 560/560/517 561/561/518
f 558/558/515 561/561/518 559/559/516
f 560/560/517 562/562/519 563/563/506
f 560/560/517 563/563/506 561/561/518
f 564/564/520 565/565/521 547/547/504
f 564/564/520 547/547/504 546/546/503
f 565/565/521 566/566/522 550/550/507
f 565/565/521 550/550/507 547/547/504
f 566/566/522 567/567/523 552/552/509
f 566/566/522 552/552/509 550/550/507
f 567/567/523 568/568/524 554/554/511
f 567/567/523 554/554/511 552/552/509
f 568/568/524 569/569/525 556/556/513
f 568/568/524 556/556/513 554/554/511
f 569/569/525 570/570/526 558/558/515
f 569/569/525 558/558/515 556/556/513
f 570/570/526 571/571/527 560/560/517
f 570/570/526 560/560/517 558/558/515
f 571/571/527 572/572/520 562/562/519
f 571/571/527 562/562/519 560/560/517
f 573/573/528 574/574/529 565/565/521
f 573/573/528 565/565/521 564/564/520
f 574/574/529 575/575/530 566/566/522
f 574/574/529 566/566/522 565/565/521
f 575/575/530 576/576/531 567/567/523
f 575/575/530 567/567/523 566/566/522
f 576/576/531 577/577/532 568/568/524
f 576/576/531 568/568/524 567/567/523
f 577/577/532 578/578/533 569/569/525
f 577/577/532 569/569/525 568/568/524
f 578/578/533 579/579/534 570/570/526
f 578/578/533 570/570/526 569/569/525
f 579/579/534 580/580/535 571/571/527
f 579/579/534 571/571/527 570/570/526
f 580/580/535 581/581/528 572/572/520
f 580/580/535 572/572/520 571/571/527
f 582/582/536 583/583/537 574/574/529
f 582/582/536 574/574/529 573/573/528
f 583/583/537 584/584/538 575/575/530
f 583/583/537 575/575/530 574/574/529
f 584/584/538 585/585/539 576/576/531
f 584/584/538 576/576/531 575/575/530
f 585/585/539 586/586/540 577/577/532
f 585/585/539 577/577/532 576/576/531
f 586/586/540 587/587/541 578/578/533
f 586/586/540 578/578/533 577/577/532
f 587/587/541 588/588/542 579/579/534
f 587/587/541 579/579/534 578/578/533
f 588/588/542 589/589/543 580/580/535
f 588/588/542 580/580/535 579/579/534
f 589/589/543 590/590/536 581/581/528
f 589/589/543 581/581/528 580/580/535
f 591/591/544 592/592/545 583/583/537
f 591/591/544 583/583/537 582/582/536
f 592/592/545 593/593/546 584/584/538
f 592/592/545 584/584/538 583/583/537
f 593/593/546 594/594/547 585/585/539
f 593/593/546 585/585/539 584/584/538
f 594/594/547 595/595/548 586/586/540
f 594/594/547 586/586/540 585/585/539
f 595/595/548 596/596/549 587/587/541
f 595/595/548 587/587/541 586/586/540
f 596/596/549 597/597/550 588/588/542
f 596/596/549 588/588/542 587/587/541
f 597/597/550 598/598/551 589/589/543
f 597/597/550 589/589/543 588/588/542
f 598/598/551 599/599/544 590/590/536
f 598/598/551 590/590/536 589/589/543
f 600/600/552 601/601/553 592/592/545
f 600/600/552 592/592/545 591/591/544
f 601/601/553 602/602/554 593/593/546
f 601/601/553 593/593/546 592/592/545
f 602/602/554 603/603/555 594/594/547
f 602/602/554 594/594/547 593/593/546
f 603/603/555 604/604/556 595/595/548
f 603/603/555 595/595/548 594/594/547
f 604/604/556 605/605/557 596/596/549
f 604/604/556 596/596/549 595/595/548
f 605/605/557 606/606/558 597/597/550
f 605/605/557 597/597/550 596/596/549
f 606/606/558 607/607/559 598/598/551
f 606/606/558 598/598/551 597/597/550
f 607/607/559 608/608/552 599/599/544
f 607/607/559 599/599/544 598/598/551
f 609/609/560 610/610/561 601/601/553
f 609/609/560 601/601/553 600/600/552
f 610/610/561 611/611/562 602/602/554
f 610/610/561 602/602/554 601/601/553
f 611/611/562 612/612/563 603/603/555
f 611/611/562 603/603/555 602/602/554
f 612/612/563 613/613/564 604/604/556
f 612/612/563 604/604/556 603/603/555
f 613/613/564 614/614/565 605/605/557
f 613/613/564 605/605/557 604/604/556
f 614/614/565 615/615/566 606/606/558
f 614/614/565 606/606/558 605/605/557
f 615/615/566 616/616/567 607/607/559
f 615/615/566 607/607/559 606/606/558
f 616/616/567 617/617/568 608/608/552
f 616/616/567 608/608/552 607/607/559
f 618/618/569 619/619/570 610/610/561
f 618/618/569 610/610/561 609/609/560
f 619/619/570 620/620/571 611/611/562
f 619/619/570 611/611/562 610/610/561
f 620/620/571 621/621/572 612/612/563
f 620/620/571 612/612/563 611/611/562
f 621/621/572 622/622/573 613/613/564
f 621/621/572 613/613/564 612/612/563
f 622/622/573 623/623/574 614/614/565
f 622/622/573 614/614/565 613/613/564
f 623/623/574 624/624/575 615/615/566
f 623/623/574 615/615/566 614/614/565
f 624/624/575 625/625/576 616/616/567
f 624/624/575 616/616/567 615/615/566
f 625/625/576 626/626/569 617/617/568
f 625/625/576 617/617/568 616/616/567
f 627/627/577 628/628/578 619/619/570
f 627/627/577 619/619/570 618/618/569
f 628/628/578 629/629/579 620/620/571
f 628/628/578 620/620/571 619/619/570
f 629/629/579 630/630/580 621/621/572
f 629/629/579 621/621/572 620/620/571
f 630/630/580 631/631/581 622/622/573
f 630/630/580 622/622/573 621/621/572
f 631/631/581 632/632/582 623/623/574
f 631/631/581 623/623/574 622/622/573
f 632/632/582 633/633/583 624/624/575
f 632/632/582 624/624/575 623/623/574
f 633/633/583 634/634/584 625/625/576
f 633/633/583 625/625/576 624/624/575
f 634/634/584 635/635/577 626/626/569
f 634/634/584 626/626/569 625/625/576
f 636/636/585 637/637/586 628/628/578
f 636/636/585 628/628/578 627/627/577
f 637/637/586 638/638/587 629/629/579
f 637/637/586 629/629/579 628/628/578
f 638/638/587 639/639/588 630/630/580
f 638/638/587 630/630/580 629/629/579
f 639/639/588 640/640/589 631/631/581
f 639/639/588 631/631/581 630/630/580
f 640/640/589 641/641/590 632/632/582
f 640/640/589 632/632/582 631/631/581
f 641/641/590 642/642/591 633/633/583
f 641/641/590 633/633/583 632/632/582
f 642/642/591 643/643/592 634/634/584
f 642/642/591 634/634/584 633/633/583
f 643/643/592 644/644/593 635/635/577
f 643/643/592 635/635/577 634/634/584
f 645/645/594 646/646/595 637/637/586
f 645/645/594 637/637/586 636/636/585
f 646/646/595 647/647/596 638/638/587
f 646/646/595 638/638/587 637/637/586
f 647/647/596 648/648/597 639/639/588
f 647/647/596 639/639/588 638/638/587
f 648/648/597 649/649/598 640/640/589
f 648/648/597 640/640/589 639/639/588
f 649/649/598 650/650/599 641/641/590
f 649/649/598 641/641/590 640/640/589
f 650/650/599 651/651/600 642/642/591
f 650/650/599 642/642/591 641/641/590
f 651/651/600 652/652/601 643/643/592
f 651/651/600 643/643/592 642/642/591
f 652/652/601 653/653/594 644/644/593
f 652/652/601 644/644/593 643/643/592
f 654/654/602 655/655/603 646/646/595
f 654/654/602 646/646/595 645/645/594
f 655/655/603 656/656/604 647/647/596
f 655/655/603 647/647/596 646/646/595
f 656/656/604 657/657/605 648/648/597
f 656/656/604 648/648/597 647/647/596
f 657/657/605 658/658/606 649/649/598
f 657/657/605 649/649/598 648/648/597
f 658/658/606 659/659/607 650/650/599
f 658/658/606 650/650/599 649/649/598
f 659/659/607 660/660/608 651/651/600
f 659/659/607 651/651/600 650/650/599
f 660/660/608 661/661/609 652/652/601
f 660/660/608 652/652/601 651/651/600
f 661/661/609 662/662/602 653/653/594
f 661/661/609 653/653/594 652/652/601
f 663/663/610 664/664/611 665/665/612
f 663/663/610 665/665/612 666/666/613
f 664/664/611 667/667/614 668/668/615
f 664/664/611 668/668/615 665/665/612
f 667/667/614 669/669/616 670/670/617
f 667/667/614 670/670/617 668/668/615
f 669/669/616 671/671/618 672/672/619
f 669/669/616 672/672/619 670/670/617
f 673/673/618 674/674/620 675/675/621
f 673/673/618 675/675/621 676/676/619
f 674/674/620 677/677/622 678/678/623
f 674/674/620 678/678/623 675/675/621
f 677/677/622 679/679/624 680/680/625
f 677/677/622 680/680/625 678/678/623
f 679/679/624 663/663/610 666/666/613
f 679/679/624 666/666/613 680/680/625
f 681/681/626 682/682/627 664/664/611
f 681/681/626 664/664/611 663/663/610
f 682/682/627 683/683/628 667/667/614
f 682/682/627 667/667/614 664/664/611
f 683/683/628 684/684/629 669/669/616
f 683/683/628 669/669/616 667/667/614
f 684/684/629 685/685/630 671/671/618
f 684/684/629 671/671/618 669/669/616
f 686/686/630 687/687/631 674/674/620
f 686/686/630 674/674/620 673/673/618
f 687/687/631 688/688/632 677/677/622
f 687/687/631 677/677/622 674/674/620
f 688/688/632 689/689/633 679/679/624
f 688/688/632 679/679/624 677/677/622
f 689/689/633 681/681/626 663/663/610
f 689/689/633 663/663/610 679/679/624
f 690/690/634 691/691/635 682/682/627
f 690/690/634 682/682/627 681/681/626
f 691/691/635 692/692/636 683/683/628
f 691/691/635 683/683/628 682/682/627
f 692/692/636 693/693/637 684/684/629
f 692/692/636 684/684/629 683/683/628
f 693/693/637 694/694/638 685/685/630
f 693/693/637 685/685/630 684/684/629
f 695/695/638 696/696/639 687/687/631
f 695/695/638 687/687/631 686/686/630
f 696/696/639 697/697/640 688/688/632
f 696/696/639 688/688/632 687/687/631
f 697/697/640 698/698/641 689/689/633
f 697/697/640 689/689/633 688/688/632
f 698/698/641 690/690/634 681/681/626
f 698/698/641 681/681/626 689/689/633
f 699/699/642 700/700/643 691/691/635
f 699/699/642 691/691/635 690/690/634
f 700/700/643 701/701/644 692/692/636
f 700/700/643 692/692/636 691/691/635
f 701/701/644 702/702/645 693/693/637
f 701/701/644 693/693/637 692/692/636
f 702/702/645 703/703/646 694/694/638
f 702/702/645 694/694/638 693/693/637
f 704/704/646 705/705/647 696/696/639
f 704/704/646 696/696/639 695/695/638
f 705/705/647 706/706/648 697/697/640
f 705/705/647 697/697/640 696/696/639
f 706/706/648 707/707/649 698/698/641
f 706/706/648 698/698/641 697/697/640
f 707/707/649 699/699/642 690/690/634
f 707/707/649 690/690/634 698/698/641
f 708/708/650 709/709/651 700/700/643
f 708/708/650 700/700/643 699/699/642
f 709/709/651 710/710/652 701/701/644
f 709/709/651 701/701/644 700/700/643
f 710/710/652 711/711/653 702/702/645
f 710/710/652 702/702/645 701/701/644
f 711/711/653 712/712/654 703/703/646
f 711/711/653 703/703/646 702/702/645
f 713/713/655 714/714/656 705/705/647
f 713/713/655 705/705/647 704/704/646
f 714/714/656 715/715/657 706/706/648
f 714/714/656 706/706/648 705/705/647
f 715/715/657 716/716/658 707/707/649
f 715/715/657 707/707/649 706/706/648
f 716/716/658 708/708/650 699/699/642
f 716/716/658 699/699/642 707/707/649
f 717/717/659 718/718/660 709/709/651
f 717/717/659 709/709/651 708/708/650
f 718/718/660 719/719/661 710/710/652
f 718/718/660 710/710/652 709/709/651
f 719/719/661 720/720/662 711/711/653
f 719/719/661 711/711/653 710/710/652
f 720/720/662 721/721/663 712/712/654
f 720/720/662 712/712/654 711/711/653
f 722/722/664 723/723/665 714/714/656
f 722/722/664 714/714/656 713/713/655
f 723/723/665 724/724/666 715/715/657
f 723/723/665 715/715/657 714/714/656
f 724/724/666 725/725/667 716/716/658
f 724/724/666 716/716/658 715/715/657
f 725/725/667 717/717/659 708/708/650
f 725/725/667 708/708/650 716/716/658
f 726/726/668 727/727/669 718/718/660
f 726/726/668 718/718/660 717/717/659
f 727/727/669 728/728/670 719/719/661
f 727/727/669 719/719/661 718/718/660
f 728/728/670 729/729/671 720/720/662
f 728/728/670 720/720/662 719/719/661
f 729/729/671 730/730/672 721/721/663
f 729/729/671 721/721/663 720/720/662
f 731/731/673 732/732/674 723/723/665
f 731/731/673 723/723/665 722/722/664
f 732/732/674 733/733/675 724/724/666
f 732/732/674 724/724/666 723/723/665
f 733/733/675 734/734/676 725/725/667
f 733/733/675 725/725/667 724/724/666
f 734/734/676 726/726/668 717/717/659
f 734/734/676 717/717/659 725/725/667
f 735/735/677 736/736/678 727/727/669
f 735/735/677 727/727/669 726/726/668
f 736/736/678 737/737/679 728/728/670
f 736/736/678 728/728/670 727/727/669
f 737/737/679 738/738/680 729/729/671
f 737/737/679 729/729/671 728/728/670
f 738/738/680 739/739/681 730/730/672
f 738/738/680 730/730/672 729/729/671
f 740/740/681 741/741/682 732/732/674
f 740/740/681 732/732/674 731/731/673
f 741/741/682 742/742/683 733/733/675
f 741/741/682 733/733/675 732/732/674
f 742/742/683 743/743/684 734/734/676
f 742/742/683 734/734/676 733/733/675
f 743/743/684 735/735/677 726/726/668
f 743/743/684 726/726/668 734/734/676
f 744/744/685 745/745/686 736/736/678
f 744/744/685 736/736/678 735/735/677
f 745/745/686 746/746/687 737/737/679
f 745/745/686 737/737/679 736/736/678
f 746/746/687 747/747/688 738/738/680
f 746/746/687 738/738/680 737/737/679
f 747/747/688 748/748/689 739/739/681
f 747/747/688 739/739/681 738/738/680
f 749/749/689 750/750/690 741/741/682
f 749/749/689 741/741/682 740/740/681
f 750/750/690 751/751/691 742/742/683
f 750/750/690 742/742/683 741/741/682
f 751/751/691 752/752/692 743/743/684
f 751/751/691 743/743/684 742/742/683
f 752/752/692 744/744/685 735/735/677
f 752/752/692 735/735/677 743/743/684
f 753/753/693 754/754/694 755/755/695
f 753/753/693 755/755/695 756/756/696
f 754/754/694 757/757/697 758/758/698
f 754/754/694 758/758/698 755/755/695
f 757/757/697 759/759/699 760/760/700
f 757/757/697 760/760/700 758/758/698
f 759/759/699 761/761/701 762/762/702
f 759/759/699 762/762/702 760/760/700
f 761/761/701 763/763/703 764/764/704
f 761/761/701 764/764/704 762/762/702
f 763/763/703 765/765/705 766/766/706
f 763/763/703 766/766/706 764/764/704
f 765/765/705 767/767/707 768/768/708
f 765/765/705 768/768/708 766/766/706
f 769/769/707 753/753/693 756/756/696
f 769/769/707 756/756/696 770/770/709
f 771/771/710 772/772/711 754/754/694
f 771/771/710 754/754/694 753/753/693
f 772/772/711 773/773/712 757/757/697
f 772/772/711 757/757/697 754/754/694
f 773/773/712 774/774/713 759/759/699
f 773/773/712 759/759/699 757/757/697
f 774/774/713 775/775/714 761/761/701
f 774/774/713 761/761/701 759/759/699
f 775/775/714 776/776/715 763/763/703
f 775/775/714 763/763/703 761/761/701
f 776/776/715 777/777/716 765/765/705
f 776/776/715 765/765/705 763/763/703
f 777/777/716 778/778/717 767/767/707
f 777/777/716 767/767/707 765/765/705
f 779/779/717 771/771/710 753/753/693
f 779/779/717 753/753/693 769/769/707
f 780/780/718 781/781/719 772/772/711
f 780/780/718 772/772/711 771/771/710
f 781/781/719 782/782/720 773/773/712
f 781/781/719 773/773/712 772/772/711
f 782/782/720 783/783/721 774/774/713
f 782/782/720 774/774/713 773/773/712
f 783/783/721 784/784/722 775/775/714
f 783/783/721 775/775/714 774/774/713
f 784/784/722 785/785/723 776/776/715
f 784/784/722 776/776/715 775/775/714
f 785/785/723 786/786/724 777/777/716
f 785/785/723 777/777/716 776/776/715
f 786/786/724 787/787/725 778/778/717
f 786/786/724 778/778/717 777/777/716
f 788/788/726 780/780/718 771/771/710
f 788/788/726 771/771/710 779/779/717
f 789/789/727 790/790/728 781/781/719
f 789/789/727 781/781/719 780/780/718
f 790/790/728 791/791/729 782/782/720
f 790/790/728 782/782/720 781/781/719
f 791/791/729 792/792/730 783/783/721
f 791/791/729 783/783/721 782/782/720
f 792/792/730 793/793/731 784/784/722
f 792/792/730 784/784/722 783/783/721
f 793/793/731 794/794/732 785/785/723
f 793/793/731 785/785/723 784/784/722
f 794/794/732 795/795/733 786/786/724
f 794/794/732 786/786/724 785/785/723
f 795/795/733 796/796/734 787/787/725
f 795/795/733 787/787/725 786/786/724
f 797/797/734 789/789/727 780/780/718
f 797/797/734 780/780/718 788/788/726
f 798/798/735 799/799/736 790/790/728
f 798/798/735 790/790/728 789/789/727
f 799/799/736 800/800/737 791/791/729
f 799/799/736 791/791/729 790/790/728
f 800/800/737 801/801/738 792/792/730
f 800/800/737 792/792/730 791/791/729
f 801/801/738 802/802/739 793/793/731
f 801/801/738 793/793/731 792/792/730
f 802/802/739 803/803/740 794/794/732
f 802/802/739 794/794/732 793/793/731
f 803/803/740 804/804/741 795/795/733
f 803/803/740 795/795/733 794/794/732
f 804/804/741 805/805/742 796/796/734
f 804/804/741 796/796/734 795/795/733
f 806/806/742 798/798/735 789/789/727
f 806/806/742 789/789/727 797/797/734
f 807/807/743 808/808/744 799/799/736
f 807/807/743 799/799/736 798/798/735
f 808/808/744 809/809/745 800/800/737
f 808/808/744 800/800/737 799/799/736
f 809/809/745 810/810/746 801/801/738
f 809/809/745 801/801/738 800/800/737
f 810/810/746 811/811/747 802/802/739
f 810/810/746 802/802/739 801/801/738
f 811/811/747 812/812/748 803/803/740
f 811/811/747 803/803/740 802/802/739
f 812/812/748 813/813/749 804/804/741
f 812/812/748 804/804/741 803/803/740
f 813/813/749 814/814/750 805/805/742
f 813/813/749 805/805/742 804/804/741
f 815/815/750 807/807/743 798/798/735
f 815/815/750 798/798/735 806/806/742
f 816/816/751 817/817/752 808/808/744
f 816/816/751 808/808/744 807/807/743
f 817/817/752 818/818/753 809/809/745
f 817/817/752 809/809/745 808/808/744
f 818/818/753 819/819/754 810/810/746
f 818/818/753 810/810/746 809/809/745
f 819/819/754 820/820/755 811/811/747
f 819/819/754 811/811/747 810/810/746
f 820/820/755 821/821/756 812/812/748
f 820/820/755 812/812/748 811/811/747
f 821/821/756 822/822/757 813/813/749
f 821/821/756 813/813/749 812/812/748
f 822/822/757 823/823/758 814/814/750
f 822/822/757 814/814/750 813/813/749
f 824/824/758 816/816/751 807/807/743
f 824/824/758 807/807/743 815/815/750
f 825/825/759 826/826/760 817/817/752
f 825/825/759 817/817/752 816/816/751
f 826/826/760 827/827/761 818/818/753
f 826/826/760 818/818/753 817/817/752
f 827/827/761 828/828/762 819/819/754
f 827/827/761 819/819/754 818/818/753
f 828/828/762 829/829/763 820/820/755
f 828/828/762 820/820/755 819/819/754
f 829/829/763 830/830/764 821/821/756
f 829/829/763 821/821/756 820/820/755
f 830/830/764 831/831/765 822/822/757
f 830/830/764 822/822/757 821/821/756
f 831/831/765 832/832/766 823/823/758
f 831/831/765 823/823/758 822/822/757
f 833/833/766 825/825/759 816/816/751
f 833/833/766 816/816/751 824/824/758
f 834/834/767 835/835/768 826/826/760
f 834/834/767 826/826/760 825/825/759
f 835/835/768 836/836/769 827/827/761
f 835/835/768 827/827/761 826/826/760
f 836/836/769 837/837/770 828/828/762
f 836/836/769 828/828/762 827/827/761
f 837/837/770 838/838/771 829/829/763
f 837/837/770 829/829/763 828/828/762
f 838/838/771 839/839/772 830/830/764
f 838/838/771 830/830/764 829/829/763
f 839/839/772 840/840/773 831/831/765
f 839/839/772 831/831/765 830/830/764
f 840/840/773 841/841/774 832/832/766
f 840/840/773 832/832/766 831/831/765
f 842/842/774 834/834/767 825/825/759
f 842/842/774 825/825/759 833/833/766
f 843/843/775 844/844/776 835/835/768
f 843/843/775 835/835/768 834/834/767
f 844/844/776 845/845/777 836/836/769
f 844/844/776 836/836/769 835/835/768
f 845/845/777 846/846/778 837/837/770
f 845/845/777 837/837/770 836/836/769
f 846/846/778 847/847/779 838/838/771
f 846/846/778 838/838/771 837/837/770
f 847/847/779 848/848/780 839/839/772
f 847/847/779 839/839/772 838/838/771
f 848/848/780 849/849/781 840/840/773
f 848/848/780 840/840/773 839/839/772
f 849/849/781 850/850/782 841/841/774
f 849/849/781 841/841/774 840/840/773
f 851/851/783 843/843/775 834/834/767
f 851/851/783 834/834/767 842/842/774
f 852/852/784 853/853/785 844/844/776
f 852/852/784 844/844/776 843/843/775
f 853/853/785 854/854/786 845/845/777
f 853/853/785 845/845/777 844/844/776
f 854/854/786 855/855/787 846/846/778
f 854/854/786 846/846/778 845/845/777
f 855/855/787 856/856/788 847/847/779
f 855/855/787 847/847/779 846/846/778
f 856/856/788 857/857/789 848/848/780
f 856/856/788 848/848/780 847/847/779
f 857/857/789 858/858/790 849/849/781
f 857/857/789 849/849/781 848/848/780
f 858/858/790 859/859/791 850/850/782
f 858/858/790 850/850/782 849/849/781
f 860/860/791 852/852/784 843/843/775
f 860/860/791 843/843/775 851/851/783
f 861/861/792 862/862/793 853/853/785
f 861/861/792 853/853/785 852/852/784
f 862/862/793 863/863/794 854/854/786
f 862/862/793 854/854/786 853/853/785
f 863/863/794 864/864/795 855/855/787
f 863/863/794 855/855/787 854/854/786
f 864/864/795 865/865/796 856/856/788
f 864/864/795 856/856/788 855/855/787
f 865/865/796 866/866/797 857/857/789
f 865/865/796 857/857/789 856/856/788
f 866/866/797 867/867/798 858/858/790
f 866/866/797 858/858/790 857/857/789
f 867/867/798 868/868/799 859/859/791
f 867/867/798 859/859/791 858/858/790
f 869/869/799 861/861/792 852/852/784
f 869/869/799 852/852/784 860/860/791
f 870/870/800 871/871/801 862/862/793
f 870/870/800 862/862/793 861/861/792
f 871/871/801 872/872/802 863/863/794
f 871/871/801 863/863/794 862/862/793
f 872/872/802 873/873/803 864/864/795
f 872/872/802 864/864/795 863/863/794
f 873/873/803 874/874/804 865/865/796
f 873/873/803 865/865/796 864/864/795
f 874/874/804 875/875/805 866/866/797
f 874/874/804 866/866/797 865/865/796
f 875/875/805 876/876/806 867/867/798
f 875/875/805 867/867/798 866/866/797
f 876/876/806 877/877/807 868/868/799
f 876/876/806 868/868/799 867/867/798
f 878/878/808 870/870/800 861/861/792
f 878/878/808 861/861/792 869/869/799
f 879/879/809 880/880/810 871/871/801
f 879/879/809 871/871/801 870/870/800
f 880/880/810 881/881/811 872/872/802
f 880/880/810 872/872/802 871/871/801
f 881/881/811 882/882/812 873/873/803
f 881/881/811 873/873/803 872/872/802
f 882/882/812 883/883/813 874/874/804
f 882/882/812 874/874/804 873/873/803
f 883/883/813 884/884/814 875/875/805
f 883/883/813 875/875/805 874/874/804
f 884/884/814 885/885/815 876/876/806
f 884/884/814 876/876/806 875/875/805
f 885/885/815 886/886/816 877/877/807
f 885/885/815 877/877/807 876/876/806
f 887/887/817 879/879/809 870/870/800
f 887/887/817 870/870/800 878/878/808
f 888/888/818 889/889/819 890/890/820
f 888/888/818 890/890/820 891/891/821
f 889/889/819 892/892/822 893/893/823
f 889/889/819 893/893/823 890/890/820
f 892/892/822 894/894/824 895/895/825
f 892/892/822 895/895/825 893/893/823
f 894/894/824 896/896/826 897/897/827
f 894/894/824 897/897/827 895/895/825
f 896/896/826 898/898/828 899/899/829
f 896/896/826 899/899/829 897/897/827
f 898/898/828 900/900/830 901/901/831
f 898/898/828 901/901/831 899/899/829
f 902/902/832 903/903/833 904/904/834
f 902/902/832 904/904/834 905/905/831
f 903/903/833 888/888/818 891/891/821
f 903/903/833 891/891/821 904/904/834
f 906/906/835 907/907/836 889/889/819
f 906/906/835 889/889/819 888/888/818
f 907/907/836 908/908/837 892/892/822
f 907/907/836 892/892/822 889/889/819
f 908/908/837 909/909/838 894/894/824
f 908/908/837 894/894/824 892/892/822
f 909/909/838 910/910/839 896/896/826
f 909/909/838 896/896/826 894/894/824
f 910/910/839 911/911/840 898/898/828
f 910/910/839 898/898/828 896/896/826
f 911/911/840 912/912/841 900/900/830
f 911/911/840 900/900/830 898/898/828
f 913/913/841 914/914/842 903/903/833
f 913/913/841 903/903/833 902/902/832
f 914/914/842 906/906/835 888/888/818
f 914/914/842 888/888/818 903/903/833
f 915/915/843 916/916/844 917/917/845
f 915/915/843 917/917/845 918/918/846
f 919/919/847 915/915/843 918/918/846
f 919/919/847 918/918/846 920/920/848
f 921/921/849 922/922/847 923/923/848
f 921/921/849 923/923/848 924/924/850
f 925/925/851 921/921/849 924/924/850
f 925/925/851 924/924/850 926/926/852
f 927/927/853 925/925/851 926/926/852
f 927/927/853 926/926/852 928/928/854
f 929/929/855 927/927/853 928/928/854
f 929/929/855 928/928/854 930/930/856
f 931/931/857 929/929/855 930/930/856
f 931/931/857 930/930/856 932/932/858
f 916/916/844 931/931/857 932/932/858
f 916/916/844 932/932/858 917/917/845
f 933/933/859 934/934/860 935/935/861
f 933/933/859 935/935/861 936/936/862
f 934/934/860 937/937/863 938/938/864
f 934/934/860 938/938/864 935/935/861
f 937/937/863 939/939/865 940/940/866
f 937/937/863 940/940/866 938/938/864
f 939/939/865 941/941/867 942/942/868
f 939/939/865 942/942/868 940/940/866
f 941/941/867 943/943/869 944/944/870
f 941/941/867 944/944/870 942/942/868
f 943/943/869 945/945/871 946/946/872
f 943/943/869 946/946/872 944/944/870
f 947/947/871 948/948/873 949/949/874
f 947/947/871 949/949/874 950/950/872
f 948/948/873 933/933/859 936/936/862
f 948/948/873 936/936/862 949/949/874
f 936/936/862 935/935/861 951/951/875
f 936/936/862 951/951/875 952/952/876
f 935/935/861 938/938/864 953/953/877
f 935/935/861 953/953/877 951/951/875
f 938/938/864 940/940/866 954/954/878
f 938/938/864 954/954/878 953/953/877
f 940/940/866 942/942/868 955/955/879
f 940/940/866 955/955/879 954/954/878
f 942/942/868 944/944/870 956/956/880
f 942/942/868 956/956/880 955/955/879
f 944/944/870 946/946/872 957/957/881
f 944/944/870 957/957/881 956/956/880
f 950/950/872 949/949/874 958/958/882
f 950/950/872 958/958/882 959/959/883
f 949/949/874 936/936/862 952/952/876
f 949/949/874 952/952/876 958/958/882
f 960/960/884 961/961/885 907/907/836
f 960/960/884 907/907/836 906/906/835
f 961/961/885 962/962/886 908/908/837
f 961/961/885 908/908/837 907/907/836
f 962/962/886 963/963/887 909/909/838
f 962/962/886 909/909/838 908/908/837
f 963/963/887 964/964/888 910/910/839
f 963/963/887 910/910/839 909/909/838
f 964/964/888 965/965/889 911/911/840
f 964/964/888 911/911/840 910/910/839
f 965/965/889 966/966/890 912/912/841
f 965/965/889 912/912/841 911/911/840
f 967/967/890 968/968/891 914/914/842
f 967/967/890 914/914/842 913/913/841
f 968/968/891 960/960/884 906/906/835
f 968/968/891 906/906/835 914/914/842
f 969/969/892 970/970/893 916/916/844
f 969/969/892 916/916/844 915/915/843
f 971/971/894 969/969/892 915/915/843
f 971/971/894 915/915/843 919/919/847
f 972/972/895 973/973/894 922/922/847
f 972/972/895 922/922/847 921/921/849
f 974/974/896 972/972/895 921/921/849
f 974/974/896 921/921/849 925/925/851
f 975/975/897 974/974/896 925/925/851
f 975/975/897 925/925/851 927/927/853
f 976/976/898 975/975/897 927/927/853
f 976/976/898 927/927/853 929/929/855
f 977/977/899 976/976/898 929/929/855
f 977/977/899 929/929/855 931/931/857
f 970/970/893 977/977/899 931/931/857
f 970/970/893 931/931/857 916/916/844
f 958/958/882 952/952/876 970/970/893
f 958/958/882 970/970/893 969/969/892
f 959/959/883 958/958/882 969/969/892
f 959/959/883 969/969/892 971/971/894
f 956/956/880 957/957/881 973/973/894
f 956/956/880 973/973/894 972/972/895
f 955/955/879 956/956/880 972/972/895
f 955/955/879 972/972/895 974/974/896
f 954/954/878 955/955/879 974/974/896
f 954/954/878 974/974/896 975/975/897
f 953/953/877 954/954/878 975/975/897
f 953/953/877 975/975/897 976/976/898
f 951/951/875 953/953/877 976/976/898
f 951/951/875 976/976/898 977/977/899
f 952/952/876 951/951/875 977/977/899
f 952/952/876 977/977/899 970/970/893
f 978/978/900 979/979/901 961/961/885
f 978/978/900 961/961/885 960/960/884
f 979/979/901 980/980/902 962/962/886
f 979/979/901 962/962/886 961/961/885
f 980/980/902 981/981/903 963/963/887
f 980/980/902 963/963/887 962/962/886
f 981/981/903 982/982/904 964/964/888
f 981/981/903 964/964/888 963/963/887
f 982/982/904 983/983/905 965/965/889
f 982/982/904 965/965/889 964/964/888
f 983/983/905 984/984/906 966/966/890
f 983/983/905 966/966/890 965/965/889
f 985/985/907 986/986/908 968/968/891
f 985/985/907 968/968/891 967/967/890
f 986/986/908 978/978/900 960/960/884
f 986/986/908 960/960/884 968/968/891
f 987/987/909 988/988/910 979/979/901
f 987/987/909 979/979/901 978/978/900
f 988/988/910 989/989/911 980/980/902
f 988/988/910 980/980/902 979/979/901
f 989/989/911 990/990/912 981/981/903
f 989/989/911 981/981/903 980/980/902
f 990/990/912 991/991/913 982/982/904
f 990/990/912 982/982/904 981/981/903
f 991/991/913 992/992/914 983/983/905
f 991/991/913 983/983/905 982/982/904
f 992/992/914 993/993/915 984/984/906
f 992/992/914 984/984/906 983/983/905
f 994/994/915 995/995/916 986/986/908
f 994/994/915 986/986/908 985/985/907
f 995/995/916 987/987/909 978/978/900
f 995/995/916 978/978/900 986/986/908
f 996/996/917 997/997/918 998/998/919
f 996/996/917 998/998/919 999/999/920
f 1000/1000/921 996/996/917 999/999/920
f 1000/1000/921 999/999/920 1001/1001/922
f 1002/1002/923 1003/1003/921 1004/1004/924
f 1002/1002/923 1004/1004/924 1005/1005/925
f 1006/1006/926 1002/1002/923 1005/1005/925
f 1006/1006/926 1005/1005/925 1007/1007/927
f 1008/1008/928 1006/1006/926 1007/1007/927
f 1008/1008/928 1007/1007/927 1009/1009/929
f 1010/1010/930 1008/1008/928 1009/1009/929
f 1010/1010/930 1009/1009/929 1011/1011/931
f 1012/1012/932 1010/1010/930 1011/1011/931
f 1012/1012/932 1011/1011/931 1013/1013/933
f 997/997/918 1012/1012/932 1013/1013/933
f 997/997/918 1013/1013/933 998/998/919
f 999/999/920 998/998/919 1014/1014/934
f 999/999/920 1014/1014/934 1015/1015/935
f 1001/1001/922 999/999/920 1015/1015/935
f 1001/1001/922 1015/1015/935 1016/1016/936
f 1005/1005/925 1004/1004/924 1017/1017/936
f 1005/1005/925 1017/1017/936 1018/1018/937
f 1007/1007/927 1005/1005/925 1018/1018/937
f 1007/1007/927 1018/1018/937 1019/1019/938
f 1009/1009/929 1007/1007/927 1019/1019/938
f 1009/1009/929 1019/1019/938 1020/1020/939
f 1011/1011/931 1009/1009/929 1020/1020/939
f 1011/1011/931 1020/1020/939 1021/1021/940
f 1013/1013/933 1011/1011/931 1021/1021/940
f 1013/1013/933 1021/1021/940 1022/1022/941
f 998/998/919 1013/1013/933 1022/1022/941
f 998/998/919 1022/1022/941 1014/1014/934
f 917/917/845 932/932/858 988/988/910
f 917/917/845 988/988/910 987/987/909
f 932/932/858 930/930/856 989/989/911
f 932/932/858 989/989/911 988/988/910
f 930/930/856 928/928/854 990/990/912
f 930/930/856 990/990/912 989/989/911
f 928/928/854 926/926/852 991/991/913
f 928/928/854 991/991/913 990/990/912
f 926/926/852 924/924/850 992/992/914
f 926/926/852 992/992/914 991/991/913
f 924/924/850 923/923/848 993/993/915
f 924/924/850 993/993/915 992/992/914
f 920/920/848 918/918/846 995/995/916
f 920/920/848 995/995/916 994/994/915
f 918/918/846 917/917/845 987/987/909
f 918/918/846 987/987/909 995/995/916
f 1015/1015/935 1014/1014/934 1023/1023/942
f 1015/1015/935 1023/1023/942 1024/1024/943
f 1016/1016/936 1015/1015/935 1024/1024/943
f 1016/1016/936 1024/1024/943 1025/1025/944
f 1018/1018/937 1017/1017/936 1026/1026/944
f 1018/1018/937 1026/1026/944 1027/1027/945
f 1019/1019/938 1018/1018/937 1027/1027/945
f 1019/1019/938 1027/1027/945 1028/1028/946
f 1020/1020/939 1019/1019/938 1028/1028/946
f 1020/1020/939 1028/1028/946 1029/1029/947
f 1021/1021/940 1020/1020/939 1029/1029/947
f 1021/1021/940 1029/1029/947 1030/1030/948
f 1022/1022/941 1021/1021/940 1030/1030/948
f 1022/1022/941 1030/1030/948 1031/1031/949
f 1014/1014/934 1022/1022/941 1031/1031/949
f 1014/1014/934 1031/1031/949 1023/1023/942
f 1032/1032/950 1033/1033/951 933/933/859
f 1032/1032/950 933/933/859 948/948/873
f 1034/1034/952 1032/1032/950 948/948/873
f 1034/1034/952 948/948/873 947/947/871
f 1035/1035/953 1036/1036/952 945/945/871
f 1035/1035/953 945/945/871 943/943/869
f 1037/1037/954 1035/1035/953 943/943/869
f 1037/1037/954 943/943/869 941/941/867
f 1038/1038/955 1037/1037/954 941/941/867
f 1038/1038/955 941/941/867 939/939/865
f 1039/1039/956 1038/1038/955 939/939/865
f 1039/1039/956 939/939/865 937/937/863
f 1040/1040/957 1039/1039/956 937/937/863
f 1040/1040/957 937/937/863 934/934/860
f 1033/1033/951 1040/1040/957 934/934/860
f 1033/1033/951 934/934/860 933/933/859
f 1024/1024/943 1023/1023/942 1033/1033/951
f 1024/1024/943 1033/1033/951 1032/1032/950
f 1025/1025/944 1024/1024/943 1032/1032/950
f 1025/1025/944 1032/1032/950 1034/1034/952
f 1027/1027/945 1026/1026/944 1036/1036/952
f 1027/1027/945 1036/1036/952 1035/1035/953
f 1028/1028/946 1027/1027/945 1035/1035/953
f 1028/1028/946 1035/1035/953 1037/1037/954
f 1029/1029/947 1028/1028/946 1037/1037/954
f 1029/1029/947 1037/1037/954 1038/1038/955
f 1030/1030/948 1029/1029/947 1038/1038/955
f 1030/1030/948 1038/1038/955 1039/1039/956
f 1031/1031/949 1030/1030/948 1039/1039/956
f 1031/1031/949 1039/1039/956 1040/1040/957
f 1023/1023/942 1031/1031/949 1040/1040/957
f 1023/1023/942 1040/1040/957 1033/1033/951
f 1041/1041/958 1042/1042/959 1043/1043/960
f 1041/1041/958 1043/1043/960 1044/1044/961
f 1042/1042/959 1045/1045/962 1046/1046/963
f 1042/1042/959 1046/1046/963 1043/1043/960
f 1045/1045/962 1047/1047/964 1048/1048/965
f 1045/1045/962 1048/1048/965 1046/1046/963
f 1047/1047/964 1049/1049/966 1050/1050/967
f 1047/1047/964 1050/1050/967 1048/1048/965
f 1049/1049/966 1051/1051/968 1052/1052/969
f 1049/1049/966 1052/1052/969 1050/1050/967
f 1051/1051/968 1053/1053/970 1054/1054/971
f 1051/1051/968 1054/1054/971 1052/1052/969
f 1055/1055/970 1056/1056/972 1057/1057/973
f 1055/1055/970 1057/1057/973 1058/1058/974
f 1056/1056/972 1041/1041/958 1044/1044/961
f 1056/1056/972 1044/1044/961 1057/1057/973
f 1059/1059/975 1060/1060/976 1061/1061/977
f 1059/1059/975 1061/1061/977 1062/1062/978
f 1063/1063/979 1059/1059/975 1062/1062/978
f 1063/1063/979 1062/1062/978 1064/1064/980
f 1065/1065/981 1066/1066/979 1067/1067/980
f 1065/1065/981 1067/1067/980 1068/1068/982
f 1069/1069/983 1065/1065/981 1068/1068/982
f 1069/1069/983 1068/1068/982 1070/1070/984
f 1071/1071/985 1069/1069/983 1070/1070/984
f 1071/1071/985 1070/1070/984 1072/1072/986
f 1073/1073/987 1071/1071/985 1072/1072/986
f 1073/1073/987 1072/1072/986 1074/1074/988
f 1075/1075/989 1073/1073/987 1074/1074/988
f 1075/1075/989 1074/1074/988 1076/1076/990
f 1060/1060/976 1075/1075/989 1076/1076/990
f 1060/1060/976 1076/1076/990 1061/1061/977
f 1077/1077/991 1078/1078/992 1079/1079/993
f 1077/1077/991 1079/1079/993 1080/1080/994
f 1081/1081/995 1077/1077/991 1080/1080/994
f 1081/1081/995 1080/1080/994 1082/1082/996
f 1083/1083/997 1081/1081/995 1082/1082/996
f 1083/1083/997 1082/1082/996 1084/1084/998
f 1085/1085/999 1083/1083/997 1084/1084/998
f 1085/1085/999 1084/1084/998 1086/1086/1000
f 1087/1087/1001 1085/1085/999 1086/1086/1000
f 1087/1087/1001 1086/1086/1000 1088/1088/1002
f 1089/1089/1003 1087/1087/1001 1088/1088/1002
f 1089/1089/1003 1088/1088/1002 1090/1090/1004
f 1091/1091/1005 1092/1092/1003 1093/1093/1004
f 1091/1091/1005 1093/1093/1004 1094/1094/1006
f 1078/1078/992 1091/1091/1005 1094/1094/1006
f 1078/1078/992 1094/1094/1006 1079/1079/993
f 1095/1095/1007 1096/1096/1008 1042/1042/959
f 1095/1095/1007 1042/1042/959 1041/1041/958
f 1096/1096/1008 1097/1097/1009 1045/1045/962
f 1096/1096/1008 1045/1045/962 1042/1042/959
f 1097/1097/1009 1098/1098/1010 1047/1047/964
f 1097/1097/1009 1047/1047/964 1045/1045/962
f 1098/1098/1010 1099/1099/1011 1049/1049/966
f 1098/1098/1010 1049/1049/966 1047/1047/964
f 1099/1099/1011 1100/1100/1012 1051/1051/968
f 1099/1099/1011 1051/1051/968 1049/1049/966
f 1100/1100/1012 1101/1101/1013 1053/1053/970
f 1100/1100/1012 1053/1053/970 1051/1051/968
f 1102/1102/1013 1103/1103/1014 1056/1056/972
f 1102/1102/1013 1056/1056/972 1055/1055/970
f 1103/1103/1014 1095/1095/1007 1041/1041/958
f 1103/1103/1014 1041/1041/958 1056/1056/972
f 1079/1079/993 1094/1094/1006 1104/1104/1015
f 1079/1079/993 1104/1104/1015 1105/1105/1016
f 1094/1094/1006 1093/1093/1004 1106/1106/1017
f 1094/1094/1006 1106/1106/1017 1104/1104/1015
f 1090/1090/1004 1088/1088/1002 1107/1107/1018
f 1090/1090/1004 1107/1107/1018 1108/1108/1017
f 1088/1088/1002 1086/1086/1000 1109/1109/1019
f 1088/1088/1002 1109/1109/1019 1107/1107/1018
f 1086/1086/1000 1084/1084/998 1110/1110/1020
f 1086/1086/1000 1110/1110/1020 1109/1109/1019
f 1084/1084/998 1082/1082/996 1111/1111/1021
f 1084/1084/998 1111/1111/1021 1110/1110/1020
f 1082/1082/996 1080/1080/994 1112/1112/1022
f 1082/1082/996 1112/1112/1022 1111/1111/1021
f 1080/1080/994 1079/1079/993 1105/1105/1016
f 1080/1080/994 1105/1105/1016 1112/1112/1022
f 1113/1113/1023 1114/1114/1024 1078/1078/992
f 1113/1113/1023 1078/1078/992 1077/1077/991
f 1115/1115/1025 1113/1113/1023 1077/1077/991
f 1115/1115/1025 1077/1077/991 1081/1081/995
f 1116/1116/1026 1115/1115/1025 1081/1081/995
f 1116/1116/1026 1081/1081/995 1083/1083/997
f 1117/1117/1027 1116/1116/1026 1083/1083/997
f 1117/1117/1027 1083/1083/997 1085/1085/999
f 1118/1118/1028 1117/1117/1027 1085/1085/999
f 1118/1118/1028 1085/1085/999 1087/1087/1001
f 1119/1119/1029 1118/1118/1028 1087/1087/1001
f 1119/1119/1029 1087/1087/1001 1089/1089/1003
f 1120/1120/1030 1121/1121/1029 1092/1092/1003
f 1120/1120/1030 1092/1092/1003 1091/1091/1005
f 1114/1114/1024 1120/1120/1030 1091/1091/1005
f 1114/1114/1024 1091/1091/1005 1078/1078/992
f 1061/1061/977 1076/1076/990 1096/1096/1008
f 1061/1061/977 1096/1096/1008 1095/1095/1007
f 1076/1076/990 1074/1074/988 1097/1097/1009
f 1076/1076/990 1097/1097/1009 1096/1096/1008
f 1074/1074/988 1072/1072/986 1098/1098/1010
f 1074/1074/988 1098/1098/1010 1097/1097/1009
f 1072/1072/986 1070/1070/984 1099/1099/1011
f 1072/1072/986 1099/1099/1011 1098/1098/1010
f 1070/1070/984 1068/1068/982 1100/1100/1012
f 1070/1070/984 1100/1100/1012 1099/1099/1011
f 1068/1068/982 1067/1067/980 1101/1101/1013
f 1068/1068/982 1101/1101/1013 1100/1100/1012
f 1064/1064/980 1062/1062/978 1103/1103/1014
f 1064/1064/980 1103/1103/1014 1102/1102/1013
f 1062/1062/978 1061/1061/977 1095/1095/1007
f 1062/1062/978 1095/1095/1007 1103/1103/1014
f 1120/1120/1030 1114/1114/1024 1122/1122/1031
f 1120/1120/1030 1122/1122/1031 1123/1123/1032
f 1121/1121/1029 1120/1120/1030 1123/1123/1032
f 1121/1121/1029 1123/1123/1032 1124/1124/1033
f 1118/1118/1028 1119/1119/1029 1125/1125/1033
f 1118/1118/1028 1125/1125/1033 1126/1126/1034
f 1117/1117/1027 1118/1118/1028 1126/1126/1034
f 1117/1117/1027 1126/1126/1034 1127/1127/1035
f 1116/1116/1026 1117/1117/1027 1127/1127/1035
f 1116/1116/1026 1127/1127/1035 1128/1128/1036
f 1115/1115/1025 1116/1116/1026 1128/1128/1036
f 1115/1115/1025 1128/1128/1036 1129/1129/1037
f 1113/1113/1023 1115/1115/1025 1129/1129/1037
f 1113/1113/1023 1129/1129/1037 1130/1130/1038
f 1114/1114/1024 1113/1113/1023 1130/1130/1038
f 1114/1114/1024 1130/1130/1038 1122/1122/1031
f 1123/1123/1032 1122/1122/1031 1060/1060/976
f 1123/1123/1032 1060/1060/976 1059/1059/975
f 1124/1124/1033 1123/1123/1032 1059/1059/975
f 1124/1124/1033 1059/1059/975 1063/1063/979
f 1126/1126/1034 1125/1125/1033 1066/1066/979
f 1126/1126/1034 1066/1066/979 1065/1065/981
f 1127/1127/1035 1126/1126/1034 1065/1065/981
f 1127/1127/1035 1065/1065/981 1069/1069/983
f 1128/1128/1036 1127/1127/1035 1069/1069/983
f 1128/1128/1036 1069/1069/983 1071/1071/985
f 1129/1129/1037 1128/1128/1036 1071/1071/985
f 1129/1129/1037 1071/1071/985 1073/1073/987
f 1130/1130/1038 1129/1129/1037 1073/1073/987
f 1130/1130/1038 1073/1073/987 1075/1075/989
f 1122/1122/1031 1130/1130/1038 1075/1075/989
f 1122/1122/1031 1075/1075/989 1060/1060/976
f 1131/1131/1039 1132/1132/1040 1133/1133/1041
f 1131/1131/1039 1133/1133/1041 1134/1134/1042
f 1132/1132/1040 1135/1135/1043 1136/1136/1044
f 1132/1132/1040 1136/1136/1044 1133/1133/1041
f 1135/1135/1043 1137/1137/1045 1138/1138/1046
f 1135/1135/1043 1138/1138/1046 1136/1136/1044
f 1137/1137/1045 1139/1139/1047 1140/1140/1048
f 1137/1137/1045 1140/1140/1048 1138/1138/1046
f 1141/1141/1047 1142/1142/1049 1143/1143/1050
f 1141/1141/1047 1143/1143/1050 1144/1144/1048
f 1142/1142/1049 1145/1145/1051 1146/1146/1052
f 1142/1142/1049 1146/1146/1052 1143/1143/1050
f 1145/1145/1051 1147/1147/1053 1148/1148/1054
f 1145/1145/1051 1148/1148/1054 1146/1146/1052
f 1147/1147/1053 1131/1131/1039 1134/1134/1042
f 1147/1147/1053 1134/1134/1042 1148/1148/1054
f 1149/1149/1055 1150/1150/1056 1132/1132/1040
f 1149/1149/1055 1132/1132/1040 1131/1131/1039
f 1150/1150/1056 1151/1151/1057 1135/1135/1043
f 1150/1150/1056 1135/1135/1043 1132/1132/1040
f 1151/1151/1057 1152/1152/1058 1137/1137/1045
f 1151/1151/1057 1137/1137/1045 1135/1135/1043
f 1152/1152/1058 1153/1153/1059 1139/1139/1047
f 1152/1152/1058 1139/1139/1047 1137/1137/1045
f 1154/1154/1060 1155/1155/1061 1142/1142/1049
f 1154/1154/1060 1142/1142/1049 1141/1141/1047
f 1155/1155/1061 1156/1156/1062 1145/1145/1051
f 1155/1155/1061 1145/1145/1051 1142/1142/1049
f 1156/1156/1062 1157/1157/1063 1147/1147/1053
f 1156/1156/1062 1147/1147/1053 1145/1145/1051
f 1157/1157/1063 1149/1149/1055 1131/1131/1039
f 1157/1157/1063 1131/1131/1039 1147/1147/1053
f 1158/1158/1064 1159/1159/1065 1150/1150/1056
f 1158/1158/1064 1150/1150/1056 1149/1149/1055
f 1159/1159/1065 1160/1160/1066 1151/1151/1057
f 1159/1159/1065 1151/1151/1057 1150/1150/1056
f 1160/1160/1066 1161/1161/1067 1152/1152/1058
f 1160/1160/1066 1152/1152/1058 1151/1151/1057
f 1161/1161/1067 1162/1162/1068 1153/1153/1059
f 1161/1161/1067 1153/1153/1059 1152/1152/1058
f 1163/1163/1068 1164/1164/1069 1155/1155/1061
f 1163/1163/1068 1155/1155/1061 1154/1154/1060
f 1164/1164/1069 1165/1165/1070 1156/1156/1062
f 1164/1164/1069 1156/1156/1062 1155/1155/1061
f 1165/1165/1070 1166/1166/1071 1157/1157/1063
f 1165/1165/1070 1157/1157/1063 1156/1156/1062
f 1166/1166/1071 1158/1158/1064 1149/1149/1055
f 1166/1166/1071 1149/1149/1055 1157/1157/1063
f 1167/1167/1072 1168/1168/1073 1159/1159/1065
f 1167/1167/1072 1159/1159/1065 1158/1158/1064
f 1168/1168/1073 1169/1169/1074 1160/1160/1066
f 1168/1168/1073 1160/1160/1066 1159/1159/1065
f 1169/1169/1074 1170/1170/1075 1161/1161/1067
f 1169/1169/1074 1161/1161/1067 1160/1160/1066
f 1170/1170/1075 1171/1171/1076 1162/1162/1068
f 1170/1170/1075 1162/1162/1068 1161/1161/1067
f 1172/1172/1076 1173/1173/1077 1164/1164/1069
f 1172/1172/1076 1164/1164/1069 1163/1163/1068
f 1173/1173/1077 1174/1174/1078 1165/1165/1070
f 1173/1173/1077 1165/1165/1070 1164/1164/1069
f 1174/1174/1078 1175/1175/1079 1166/1166/1071
f 1174/1174/1078 1166/1166/1071 1165/1165/1070
f 1175/1175/1079 1167/1167/1072 1158/1158/1064
f 1175/1175/1079 1158/1158/1064 1166/1166/1071
f 1176/1176/1080 1177/1177/1081 1168/1168/1073
f 1176/1176/1080 1168/1168/1073 1167/1167/1072
f 1177/1177/1081 1178/1178/1082 1169/1169/1074
f 1177/1177/1081 1169/1169/1074 1168/1168/1073
f 1178/1178/1082 1179/1179/1083 1170/1170/1075
f 1178/1178/1082 1170/1170/1075 1169/1169/1074
f 1179/1179/1083 1180/1180/1084 1171/1171/1076
f 1179/1179/1083 1171/1171/1076 1170/1170/1075
f 1181/1181/1084 1182/1182/1085 1173/1173/1077
f 1181/1181/1084 1173/1173/1077 1172/1172/1076
f 1182/1182/1085 1183/1183/1086 1174/1174/1078
f 1182/1182/1085 1174/1174/1078 1173/1173/1077
f 1183/1183/1086 1184/1184/1087 1175/1175/1079
f 1183/1183/1086 1175/1175/1079 1174/1174/1078
f 1184/1184/1087 1176/1176/1080 1167/1167/1072
f 1184/1184/1087 1167/1167/1072 1175/1175/1079
f 1185/1185/1088 1186/1186/1089 1177/1177/1081
f 1185/1185/1088 1177/1177/1081 1176/1176/1080
f 1186/1186/1089 1187/1187/1043 1178/1178/1082
f 1186/1186/1089 1178/1178/1082 1177/1177/1081
f 1187/1187/1043 1188/1188/1090 1179/1179/1083
f 1187/1187/1043 1179/1179/1083 1178/1178/1082
f 1188/1188/1090 1189/1189/1091 1180/1180/1084
f 1188/1188/1090 1180/1180/1084 1179/1179/1083
f 1190/1190/1092 1191/1191/1093 1182/1182/1085
f 1190/1190/1092 1182/1182/1085 1181/1181/1084
f 1191/1191/1093 1192/1192/1051 1183/1183/1086
f 1191/1191/1093 1183/1183/1086 1182/1182/1085
f 1192/1192/1051 1193/1193/1094 1184/1184/1087
f 1192/1192/1051 1184/1184/1087 1183/1183/1086
f 1193/1193/1094 1185/1185/1088 1176/1176/1080
f 1193/1193/1094 1176/1176/1080 1184/1184/1087
f 1194/1194/1095 1195/1195/1096 1186/1186/1089
f 1194/1194/1095 1186/1186/1089 1185/1185/1088
f 1195/1195/1096 1196/1196/1044 1187/1187/1043
f 1195/1195/1096 1187/1187/1043 1186/1186/1089
f 1196/1196/1044 1197/1197/1097 1188/1188/1090
f 1196/1196/1044 1188/1188/1090 1187/1187/1043
f 1197/1197/1097 1198/1198/1098 1189/1189/1091
f 1197/1197/1097 1189/1189/1091 1188/1188/1090
f 1199/1199/1099 1200/1200/1100 1191/1191/1093
f 1199/1199/1099 1191/1191/1093 1190/1190/1092
f 1200/1200/1100 1201/1201/1052 1192/1192/1051
f 1200/1200/1100 1192/1192/1051 1191/1191/1093
f 1201/1201/1052 1202/1202/1101 1193/1193/1094
f 1201/1201/1052 1193/1193/1094 1192/1192/1051
f 1202/1202/1101 1194/1194/1095 1185/1185/1088
f 1202/1202/1101 1185/1185/1088 1193/1193/1094
f 1203/1203/1102 1204/1204/1103 1205/1205/1104
f 1203/1203/1102 1205/1205/1104 1206/1206/1105
f 1204/1204/1103 1207/1207/1106 1208/1208/1107
f 1204/1204/1103 1208/1208/1107 1205/1205/1104
f 1207/1207/1106 1209/1209/1108 1210/1210/1109
f 1207/1207/1106 1210/1210/1109 1208/1208/1107
f 1209/1209/1108 1211/1211/1110 1212/1212/1111
f 1209/1209/1108 1212/1212/1111 1210/1210/1109
f 1211/1211/1110 1213/1213/1112 1214/1214/1113
f 1211/1211/1110 1214/1214/1113 1212/1212/1111
f 1213/1213/1112 1215/1215/1114 1216/1216/1115
f 1213/1213/1112 1216/1216/1115 1214/1214/1113
f 1215/1215/1114 1217/1217/1116 1218/1218/1117
f 1215/1215/1114 1218/1218/1117 1216/1216/1115
f 1217/1217/1116 1219/1219/1102 1220/1220/1118
f 1217/1217/1116 1220/1220/1118 1218/1218/1117
f 1221/1221/1119 1222/1222/1120 1204/1204/1103
f 1221/1221/1119 1204/1204/1103 1203/1203/1102
f 1222/1222/1120 1223/1223/1121 1207/1207/1106
f 1222/1222/1120 1207/1207/1106 1204/1204/1103
f 1223/1223/1121 1224/1224/1122 1209/1209/1108
f 1223/1223/1121 1209/1209/1108 1207/1207/1106
f 1224/1224/1122 1225/1225/1123 1211/1211/1110
f 1224/1224/1122 1211/1211/1110 1209/1209/1108
f 1225/1225/1123 1226/1226/1124 1213/1213/1112
f 1225/1225/1123 1213/1213/1112 1211/1211/1110
f 1226/1226/1124 1227/1227/1125 1215/1215/1114
f 1226/1226/1124 1215/1215/1114 1213/1213/1112
f 1227/1227/1125 1228/1228/1126 1217/1217/1116
f 1227/1227/1125 1217/1217/1116 1215/1215/1114
f 1228/1228/1126 1229/1229/1119 1219/1219/1102
f 1228/1228/1126 1219/1219/1102 1217/1217/1116
f 1230/1230/1127 1231/1231/1128 1222/1222/1120
f 1230/1230/1127 1222/1222/1120 1221/1221/1119
f 1231/1231/1128 1232/1232/1129 1223/1223/1121
f 1231/1231/1128 1223/1223/1121 1222/1222/1120
f 1232/1232/1129 1233/1233/1130 1224/1224/1122
f 1232/1232/1129 1224/1224/1122 1223/1223/1121
f 1233/1233/1130 1234/1234/1131 1225/1225/1123
f 1233/1233/1130 1225/1225/1123 1224/1224/1122
f 1234/1234/1131 1235/1235/1132 1226/1226/1124
f 1234/1234/1131 1226/1226/1124 1225/1225/1123
f 1235/1235/1132 1236/1236/1133 1227/1227/1125
f 1235/1235/1132 1227/1227/1125 1226/1226/1124
f 1236/1236/1133 1237/1237/1134 1228/1228/1126
f 1236/1236/1133 1228/1228/1126 1227/1227/1125
f 1237/1237/1134 1238/1238/1127 1229/1229/1119
f 1237/1237/1134 1229/1229/1119 1228/1228/1126
f 1239/1239/1135 1240/1240/1136 1231/1231/1128
f 1239/1239/1135 1231/1231/1128 1230/1230/1127
f 1240/1240/1136 1241/1241/1137 1232/1232/1129
f 1240/1240/1136 1232/1232/1129 1231/1231/1128
f 1241/1241/1137 1242/1242/1138 1233/1233/1130
f 1241/1241/1137 1233/1233/1130 1232/1232/1129
f 1242/1242/1138 1243/1243/1139 1234/1234/1131
f 1242/1242/1138 1234/1234/1131 1233/1233/1130
f 1243/1243/1139 1244/1244/1140 1235/1235/1132
f 1243/1243/1139 1235/1235/1132 1234/1234/1131
f 1244/1244/1140 1245/1245/1141 1236/1236/1133
f 1244/1244/1140 1236/1236/1133 1235/1235/1132
f 1245/1245/1141 1246/1246/1142 1237/1237/1134
f 1245/1245/1141 1237/1237/1134 1236/1236/1133
f 1246/1246/1142 1247/1247/1135 1238/1238/1127
f 1246/1246/1142 1238/1238/1127 1237/1237/1134
f 1248/1248/1143 1249/1249/1144 1240/1240/1136
f 1248/1248/1143 1240/1240/1136 1239/1239/1135
f 1249/1249/1144 1250/1250/1145 1241/1241/1137
f 1249/1249/1144 1241/1241/1137 1240/1240/1136
f 1250/1250/1145 1251/1251/1146 1242/1242/1138
f 1250/1250/1145 1242/1242/1138 1241/1241/1137
f 1251/1251/1146 1252/1252/1147 1243/1243/1139
f 1251/1251/1146 1243/1243/1139 1242/1242/1138
f 1252/1252/1147 1253/1253/1148 1244/1244/1140
f 1252/1252/1147 1244/1244/1140 1243/1243/1139
f 1253/1253/1148 1254/1254/1149 1245/1245/1141
f 1253/1253/1148 1245/1245/1141 1244/1244/1140
f 1254/1254/1149 1255/1255/1150 1246/1246/1142
f 1254/1254/1149 1246/1246/1142 1245/1245/1141
f 1255/1255/1150 1256/1256/1151 1247/1247/1135
f 1255/1255/1150 1247/1247/1135 1246/1246/1142
f 1257/1257/1152 1258/1258/1153 1249/1249/1144
f 1257/1257/1152 1249/1249/1144 1248/1248/1143
f 1258/1258/1153 1259/1259/1154 1250/1250/1145
f 1258/1258/1153 1250/1250/1145 1249/1249/1144
f 1259/1259/1154 1260/1260/1155 1251/1251/1146
f 1259/1259/1154 1251/1251/1146 1250/1250/1145
f 1260/1260/1155 1261/1261/1156 1252/1252/1147
f 1260/1260/1155 1252/1252/1147 1251/1251/1146
f 1261/1261/1156 1262/1262/1157 1253/1253/1148
f 1261/1261/1156 1253/1253/1148 1252/1252/1147
f 1262/1262/1157 1263/1263/1158 1254/1254/1149
f 1262/1262/1157 1254/1254/1149 1253/1253/1148
f 1263/1263/1158 1264/1264/1159 1255/1255/1150
f 1263/1263/1158 1255/1255/1150 1254/1254/1149
f 1264/1264/1159 1265/1265/1152 1256/1256/1151
f 1264/1264/1159 1256/1256/1151 1255/1255/1150
f 1266/1266/1160 1267/1267/1161 1258/1258/1153
f 1266/1266/1160 1258/1258/1153 1257/1257/1152
f 1267/1267/1161 1268/1268/1162 1259/1259/1154
f 1267/1267/1161 1259/1259/1154 1258/1258/1153
f 1268/1268/1162 1269/1269/1163 1260/1260/1155
f 1268/1268/1162 1260/1260/1155 1259/1259/1154
f 1269/1269/1163 1270/1270/1164 1261/1261/1156
f 1269/1269/1163 1261/1261/1156 1260/1260/1155
f 1270/1270/1164 1271/1271/1165 1262/1262/1157
f 1270/1270/1164 1262/1262/1157 1261/1261/1156
f 1271/1271/1165 1272/1272/1166 1263/1263/1158
f 1271/1271/1165 1263/1263/1158 1262/1262/1157
f 1272/1272/1166 1273/1273/1167 1264/1264/1159
f 1272/1272/1166 1264/1264/1159 1263/1263/1158
f 1273/1273/1167 1274/1274/1168 1265/1265/1152
f 1273/1273/1167 1265/1265/1152 1264/1264/1159
f 1275/1275/1169 1276/1276/1170 1274/1274/1168
f 1275/1275/1169 1274/1274/1168 1273/1273/1167
f 1277/1277/1171 1275/1275/1169 1273/1273/1167
f 1277/1277/1171 1273/1273/1167 1272/1272/1166
f 1278/1278/1172 1277/1277/1171 1272/1272/1166
f 1278/1278/1172 1272/1272/1166 1271/1271/1165
f 1279/1279/1173 1278/1278/1172 1271/1271/1165
f 1279/1279/1173 1271/1271/1165 1270/1270/1164
f 1280/1280/1174 1279/1279/1173 1270/1270/1164
f 1280/1280/1174 1270/1270/1164 1269/1269/1163
f 1281/1281/1175 1280/1280/1174 1269/1269/1163
f 1281/1281/1175 1269/1269/1163 1268/1268/1162
f 1282/1282/1176 1281/1281/1175 1268/1268/1162
f 1282/1282/1176 1268/1268/1162 1267/1267/1161
f 1283/1283/1177 1282/1282/1176 1267/1267/1161
f 1283/1283/1177 1267/1267/1161 1266/1266/1160
f 1284/1284/1178 1285/1285/1179 1286/1286/1180
f 1284/1284/1178 1286/1286/1180 1287/1287/1181
f 1288/1288/1179 1289/1289/1182 1290/1290/1183
f 1288/1288/1179 1290/1290/1183 1291/1291/1180
f 1289/1289/1182 1292/1292/1184 1293/1293/1185
f 1289/1289/1182 1293/1293/1185 1290/1290/1183
f 1292/1292/1184 1294/1294/1186 1295/1295/1187
f 1292/1292/1184 1295/1295/1187 1293/1293/1185
f 1294/1294/1186 1296/1296/1188 1297/1297/1189
f 1294/1294/1186 1297/1297/1189 1295/1295/1187
f 1296/1296/1188 1298/1298/1190 1299/1299/1191
f 1296/1296/1188 1299/1299/1191 1297/1297/1189
f 1298/1298/1190 1300/1300/1192 1301/1301/1193
f 1298/1298/1190 1301/1301/1193 1299/1299/1191
f 1300/1300/1192 1284/1284/1178 1287/1287/1181
f 1300/1300/1192 1287/1287/1181 1301/1301/1193
f 1302/1302/1194 1303/1303/1195 1285/1285/1179
f 1302/1302/1194 1285/1285/1179 1284/1284/1178
f 1304/1304/1195 1305/1305/1196 1289/1289/1182
f 1304/1304/1195 1289/1289/1182 1288/1288/1179
f 1305/1305/1196 1306/1306/1197 1292/1292/1184
f 1305/1305/1196 1292/1292/1184 1289/1289/1182
f 1306/1306/1197 1307/1307/1198 1294/1294/1186
f 1306/1306/1197 1294/1294/1186 1292/1292/1184
f 1307/1307/1198 1308/1308/1199 1296/1296/1188
f 1307/1307/1198 1296/1296/1188 1294/1294/1186
f 1308/1308/1199 1309/1309/1200 1298/1298/1190
f 1308/1308/1199 1298/1298/1190 1296/1296/1188
f 1309/1309/1200 1310/1310/1201 1300/1300/1192
f 1309/1309/1200 1300/1300/1192 1298/1298/1190
f 1310/1310/1201 1302/1302/1194 1284/1284/1178
f 1310/1310/1201 1284/1284/1178 1300/1300/1192
f 1311/1311/1202 1312/1312/1203 1303/1303/1195
f 1311/1311/1202 1303/1303/1195 1302/1302/1194
f 1313/1313/1204 1314/1314/1205 1305/1305/1196
f 1313/1313/1204 1305/1305/1196 1304/1304/1195
f 1314/1314/1205 1315/1315/1206 1306/1306/1197
f 1314/1314/1205 1306/1306/1197 1305/1305/1196
f 1315/1315/1206 1316/1316/1207 1307/1307/1198
f 1315/1315/1206 1307/1307/1198 1306/1306/1197
f 1316/1316/1207 1317/1317/1208 1308/1308/1199
f 1316/1316/1207 1308/1308/1199 1307/1307/1198
f 1317/1317/1208 1318/1318/1209 1309/1309/1200
f 1317/1317/1208 1309/1309/1200 1308/1308/1199
f 1318/1318/1209 1319/1319/1210 1310/1310/1201
f 1318/1318/1209 1310/1310/1201 1309/1309/1200
f 1319/1319/1210 1311/1311/1202 1302/1302/1194
f 1319/1319/1210 1302/1302/1194 1310/1310/1201
f 1320/1320/1211 1321/1321/1212 1312/1312/1203
f 1320/1320/1211 1312/1312/1203 1311/1311/1202
f 1322/1322/1212 1323/1323/1213 1314/1314/1205
f 1322/1322/1212 1314/1314/1205 1313/1313/1204
f 1323/1323/1213 1324/1324/1214 1315/1315/1206
f 1323/1323/1213 1315/1315/1206 1314/1314/1205
f 1324/1324/1214 1325/1325/1215 1316/1316/1207
f 1324/1324/1214 1316/1316/1207 1315/1315/1206
f 1325/1325/1215 1326/1326/1216 1317/1317/1208
f 1325/1325/1215 1317/1317/1208 1316/1316/1207
f 1326/1326/1216 1327/1327/1217 1318/1318/1209
f 1326/1326/1216 1318/1318/1209 1317/1317/1208
f 1327/1327/1217 1328/1328/1218 1319/1319/1210
f 1327/1327/1217 1319/1319/1210 1318/1318/1209
f 1328/1328/1218 1320/1320/1211 1311/1311/1202
f 1328/1328/1218 1311/1311/1202 1319/1319/1210
f 1329/1329/1219 1330/1330/1220 1331/1331/1221
f 1329/1329/1219 1331/1331/1221 1332/1332/1222
f 1330/1330/1220 1333/1333/1223 1334/1334/1224
f 1330/1330/1220 1334/1334/1224 1331/1331/1221
f 1333/1333/1223 1335/1335/1225 1336/1336/1226
f 1333/1333/1223 1336/1336/1226 1334/1334/1224
f 1335/1335/1225 1337/1337/1227 1338/1338/1228
f 1335/1335/1225 1338/1338/1228 1336/1336/1226
f 1337/1337/1227 1339/1339/1229 1340/1340/1230
f 1337/1337/1227 1340/1340/1230 1338/1338/1228
f 1339/1339/1229 1341/1341/1231 1342/1342/1232
f 1339/1339/1229 1342/1342/1232 1340/1340/1230
f 1343/1343/1231 1344/1344/1233 1345/1345/1234
f 1343/1343/1231 1345/1345/1234 1346/1346/1232
f 1344/1344/1233 1329/1329/1219 1332/1332/1222
f 1344/1344/1233 1332/1332/1222 1345/1345/1234
f 1347/1347/1235 1348/1348/1236 1349/1349/1237
f 1347/1347/1235 1349/1349/1237 1350/1350/1238
f 1348/1348/1236 1351/1351/1239 1352/1352/1240
f 1348/1348/1236 1352/1352/1240 1349/1349/1237
f 1353/1353/1239 1354/1354/1241 1355/1355/1242
f 1353/1353/1239 1355/1355/1242 1356/1356/1243
f 1354/1354/1241 1357/1357/1244 1358/1358/1245
f 1354/1354/1241 1358/1358/1245 1355/1355/1242
f 1357/1357/1244 1359/1359/1246 1360/1360/1247
f 1357/1357/1244 1360/1360/1247 1358/1358/1245
f 1359/1359/1246 1361/1361/1248 1362/1362/1249
f 1359/1359/1246 1362/1362/1249 1360/1360/1247
f 1361/1361/1248 1363/1363/1250 1364/1364/1251
f 1361/1361/1248 1364/1364/1251 1362/1362/1249
f 1363/1363/1250 1347/1347/1235 1350/1350/1238
f 1363/1363/1250 1350/1350/1238 1364/1364/1251
f 1365/1365/1252 1366/1366/1253 1350/1350/1238
f 1365/1365/1252 1350/1350/1238 1349/1349/1237
f 1367/1367/1254 1365/1365/1252 1349/1349/1237
f 1367/1367/1254 1349/1349/1237 1352/1352/1240
f 1368/1368/1255 1369/1369/1254 1356/1356/1243
f 1368/1368/1255 1356/1356/1243 1355/1355/1242
f 1370/1370/1256 1368/1368/1255 1355/1355/1242
f 1370/1370/1256 1355/1355/1242 1358/1358/1245
f 1371/1371/1257 1370/1370/1256 1358/1358/1245
f 1371/1371/1257 1358/1358/1245 1360/1360/1247
f 1372/1372/1258 1371/1371/1257 1360/1360/1247
f 1372/1372/1258 1360/1360/1247 1362/1362/1249
f 1373/1373/1259 1372/1372/1258 1362/1362/1249
f 1373/1373/1259 1362/1362/1249 1364/1364/1251
f 1366/1366/1253 1373/1373/1259 1364/1364/1251
f 1366/1366/1253 1364/1364/1251 1350/1350/1238
f 1374/1374/1260 1375/1375/1261 1376/1376/1262
f 1374/1374/1260 1376/1376/1262 1377/1377/1263
f 1375/1375/1261 1378/1378/1264 1379/1379/1265
f 1375/1375/1261 1379/1379/1265 1376/1376/1262
f 1378/1378/1264 1380/1380/1266 1381/1381/1267
f 1378/1378/1264 1381/1381/1267 1379/1379/1265
f 1380/1380/1266 1382/1382/1268 1383/1383/1269
f 1380/1380/1266 1383/1383/1269 1381/1381/1267
f 1382/1382/1268 1384/1384/1270 1385/1385/1271
f 1382/1382/1268 1385/1385/1271 1383/1383/1269
f 1384/1384/1270 1386/1386/1272 1387/1387/1273
f 1384/1384/1270 1387/1387/1273 1385/1385/1271
f 1388/1388/1272 1389/1389/1274 1390/1390/1275
f 1388/1388/1272 1390/1390/1275 1391/1391/1273
f 1389/1389/1274 1374/1374/1260 1377/1377/1263
f 1389/1389/1274 1377/1377/1263 1390/1390/1275
f 1392/1392/1276 1393/1393/1277 1330/1330/1220
f 1392/1392/1276 1330/1330/1220 1329/1329/1219
f 1393/1393/1277 1394/1394/1278 1333/1333/1223
f 1393/1393/1277 1333/1333/1223 1330/1330/1220
f 1394/1394/1278 1395/1395/1279 1335/1335/1225
f 1394/1394/1278 1335/1335/1225 1333/1333/1223
f 1395/1395/1279 1396/1396/1280 1337/1337/1227
f 1395/1395/1279 1337/1337/1227 1335/1335/1225
f 1396/1396/1280 1397/1397/1281 1339/1339/1229
f 1396/1396/1280 1339/1339/1229 1337/1337/1227
f 1397/1397/1281 1398/1398/1282 1341/1341/1231
f 1397/1397/1281 1341/1341/1231 1339/1339/1229
f 1399/1399/1282 1400/1400/1283 1344/1344/1233
f 1399/1399/1282 1344/1344/1233 1343/1343/1231
f 1400/1400/1283 1392/1392/1276 1329/1329/1219
f 1400/1400/1283 1329/1329/1219 1344/1344/1233
f 1401/1401/1284 1402/1402/1285 1366/1366/1253
f 1401/1401/1284 1366/1366/1253 1365/1365/1252
f 1403/1403/1286 1401/1401/1284 1365/1365/1252
f 1403/1403/1286 1365/1365/1252 1367/1367/1254
f 1404/1404/1287 1405/1405/1288 1369/1369/1254
f 1404/1404/1287 1369/1369/1254 1368/1368/1255
f 1406/1406/1289 1404/1404/1287 1368/1368/1255
f 1406/1406/1289 1368/1368/1255 1370/1370/1256
f 1407/1407/1290 1406/1406/1289 1370/1370/1256
f 1407/1407/1290 1370/1370/1256 1371/1371/1257
f 1408/1408/1291 1407/1407/1290 1371/1371/1257
f 1408/1408/1291 1371/1371/1257 1372/1372/1258
f 1409/1409/1292 1408/1408/1291 1372/1372/1258
f 1409/1409/1292 1372/1372/1258 1373/1373/1259
f 1402/1402/1285 1409/1409/1292 1373/1373/1259
f 1402/1402/1285 1373/1373/1259 1366/1366/1253
f 1410/1410/1293 1411/1411/1294 1402/1402/1285
f 1410/1410/1293 1402/1402/1285 1401/1401/1284
f 1412/1412/1295 1410/1410/1293 1401/1401/1284
f 1412/1412/1295 1401/1401/1284 1403/1403/1286
f 1413/1413/1296 1414/1414/1295 1405/1405/1288
f 1413/1413/1296 1405/1405/1288 1404/1404/1287
f 1415/1415/1297 1413/1413/1296 1404/1404/1287
f 1415/1415/1297 1404/1404/1287 1406/1406/1289
f 1416/1416/1298 1415/1415/1297 1406/1406/1289
f 1416/1416/1298 1406/1406/1289 1407/1407/1290
f 1417/1417/1299 1416/1416/1298 1407/1407/1290
f 1417/1417/1299 1407/1407/1290 1408/1408/1291
f 1418/1418/1300 1417/1417/1299 1408/1408/1291
f 1418/1418/1300 1408/1408/1291 1409/1409/1292
f 1411/1411/1294 1418/1418/1300 1409/1409/1292
f 1411/1411/1294 1409/1409/1292 1402/1402/1285
f 1419/1419/1301 1420/1420/1302 1393/1393/1277
f 1419/1419/1301 1393/1393/1277 1392/1392/1276
f 1420/1420/1302 1421/1421/1303 1394/1394/1278
f 1420/1420/1302 1394/1394/1278 1393/1393/1277
f 1421/1421/1303 1422/1422/1304 1395/1395/1279
f 1421/1421/1303 1395/1395/1279 1394/1394/1278
f 1422/1422/1304 1423/1423/1305 1396/1396/1280
f 1422/1422/1304 1396/1396/1280 1395/1395/1279
f 1423/1423/1305 1424/1424/1306 1397/1397/1281
f 1423/1423/1305 1397/1397/1281 1396/1396/1280
f 1424/1424/1306 1425/1425/1307 1398/1398/1282
f 1424/1424/1306 1398/1398/1282 1397/1397/1281
f 1426/1426/1308 1427/1427/1309 1400/1400/1283
f 1426/1426/1308 1400/1400/1283 1399/1399/1282
f 1427/1427/1309 1419/1419/1301 1392/1392/1276
f 1427/1427/1309 1392/1392/1276 1400/1400/1283
f 1428/1428/1310 1429/1429/1311 1411/1411/1294
f 1428/1428/1310 1411/1411/1294 1410/1410/1293
f 1430/1430/1312 1428/1428/1310 1410/1410/1293
f 1430/1430/1312 1410/1410/1293 1412/1412/1295
f 1431/1431/1313 1432/1432/1312 1414/1414/1295
f 1431/1431/1313 1414/1414/1295 1413/1413/1296
f 1433/1433/1314 1431/1431/1313 1413/1413/1296
f 1433/1433/1314 1413/1413/1296 1415/1415/1297
f 1434/1434/1315 1433/1433/1314 1415/1415/1297
f 1434/1434/1315 1415/1415/1297 1416/1416/1298
f 1435/1435/1316 1434/1434/1315 1416/1416/1298
f 1435/1435/1316 1416/1416/1298 1417/1417/1299
f 1436/1436/1317 1435/1435/1316 1417/1417/1299
f 1436/1436/1317 1417/1417/1299 1418/1418/1300
f 1429/1429/1311 1436/1436/1317 1418/1418/1300
f 1429/1429/1311 1418/1418/1300 1411/1411/1294
f 1437/1437/1318 1438/1438/1319 1420/1420/1302
f 1437/1437/1318 1420/1420/1302 1419/1419/1301
f 1438/1438/1319 1439/1439/1320 1421/1421/1303
f 1438/1438/1319 1421/1421/1303 1420/1420/1302
f 1439/1439/1320 1440/1440/1321 1422/1422/1304
f 1439/1439/1320 1422/1422/1304 1421/1421/1303
f 1440/1440/1321 1441/1441/1322 1423/1423/1305
f 1440/1440/1321 1423/1423/1305 1422/1422/1304
f 1441/1441/1322 1442/1442/1323 1424/1424/1306
f 1441/1441/1322 1424/1424/1306 1423/1423/1305
f 1442/1442/1323 1443/1443/1324 1425/1425/1307
f 1442/1442/1323 1425/1425/1307 1424/1424/1306
f 1444/1444/1324 1445/1445/1325 1427/1427/1309
f 1444/1444/1324 1427/1427/1309 1426/1426/1308
f 1445/1445/1325 1437/1437/1318 1419/1419/1301
f 1445/1445/1325 1419/1419/1301 1427/1427/1309
f 1446/1446/1326 1447/1447/1327 1438/1438/1319
f 1446/1446/1326 1438/1438/1319 1437/1437/1318
f 1447/1447/1327 1448/1448/1328 1439/1439/1320
f 1447/1447/1327 1439/1439/1320 1438/1438/1319
f 1448/1448/1328 1449/1449/1329 1440/1440/1321
f 1448/1448/1328 1440/1440/1321 1439/1439/1320
f 1449/1449/1329 1450/1450/1330 1441/1441/1322
f 1449/1449/1329 1441/1441/1322 1440/1440/1321
f 1450/1450/1330 1451/1451/1331 1442/1442/1323
f 1450/1450/1330 1442/1442/1323 1441/1441/1322
f 1451/1451/1331 1452/1452/1332 1443/1443/1324
f 1451/1451/1331 1443/1443/1324 1442/1442/1323
f 1453/1453/1333 1454/1454/1334 1445/1445/1325
f 1453/1453/1333 1445/1445/1325 1444/1444/1324
f 1454/1454/1334 1446/1446/1326 1437/1437/1318
f 1454/1454/1334 1437/1437/1318 1445/1445/1325
f 1455/1455/1335 1456/1456/1336 1429/1429/1311
f 1455/1455/1335 1429/1429/1311 1428/1428/1310
f 1457/1457/1337 1455/1455/1335 1428/1428/1310
f 1457/1457/1337 1428/1428/1310 1430/1430/1312
f 1458/1458/1338 1459/1459/1339 1432/1432/1312
f 1458/1458/1338 1432/1432/1312 1431/1431/1313
f 1460/1460/1340 1458/1458/1338 1431/1431/1313
f 1460/1460/1340 1431/1431/1313 1433/1433/1314
f 1461/1461/1341 1460/1460/1340 1433/1433/1314
f 1461/1461/1341 1433/1433/1314 1434/1434/1315
f 1462/1462/1342 1461/1461/1341 1434/1434/1315
f 1462/1462/1342 1434/1434/1315 1435/1435/1316
f 1463/1463/1343 1462/1462/1342 1435/1435/1316
f 1463/1463/1343 1435/1435/1316 1436/1436/1317
f 1456/1456/1336 1463/1463/1343 1436/1436/1317
f 1456/1456/1336 1436/1436/1317 1429/1429/1311
f 1347/1347/1235 1363/1363/1250 1447/1447/1327
f 1347/1347/1235 1447/1447/1327 1446/1446/1326
f 1363/1363/1250 1361/1361/1248 1448/1448/1328
f 1363/1363/1250 1448/1448/1328 1447/1447/1327
f 1361/1361/1248 1359/1359/1246 1449/1449/1329
f 1361/1361/1248 1449/1449/1329 1448/1448/1328
f 1357/1357/1244 1450/1450/1330 1449/1449/1329
f 1357/1357/1244 1449/1449/1329 1359/1359/1246
f 1357/1357/1244 1354/1354/1241 1451/1451/1331
f 1357/1357/1244 1451/1451/1331 1450/1450/1330
f 1354/1354/1241 1353/1353/1239 1452/1452/1332
f 1354/1354/1241 1452/1452/1332 1451/1451/1331
f 1351/1351/1239 1348/1348/1236 1454/1454/1334
f 1351/1351/1239 1454/1454/1334 1453/1453/1333
f 1347/1347/1235 1446/1446/1326 1454/1454/1334
f 1347/1347/1235 1454/1454/1334 1348/1348/1236
f 1464/1464/1344 1465/1465/1345 1456/1456/1336
f 1464/1464/1344 1456/1456/1336 1455/1455/1335
f 1466/1466/1346 1464/1464/1344 1455/1455/1335
f 1466/1466/1346 1455/1455/1335 1457/1457/1337
f 1467/1467/1347 1468/1468/1346 1459/1459/1339
f 1467/1467/1347 1459/1459/1339 1458/1458/1338
f 1469/1469/1348 1467/1467/1347 1458/1458/1338
f 1469/1469/1348 1458/1458/1338 1460/1460/1340
f 1470/1470/1349 1469/1469/1348 1460/1460/1340
f 1470/1470/1349 1460/1460/1340 1461/1461/1341
f 1471/1471/1350 1470/1470/1349 1461/1461/1341
f 1471/1471/1350 1461/1461/1341 1462/1462/1342
f 1472/1472/1351 1471/1471/1350 1462/1462/1342
f 1472/1472/1351 1462/1462/1342 1463/1463/1343
f 1465/1465/1345 1472/1472/1351 1463/1463/1343
f 1465/1465/1345 1463/1463/1343 1456/1456/1336
f 1473/1473/1352 1474/1474/1353 1465/1465/1345
f 1473/1473/1352 1465/1465/1345 1464/1464/1344
f 1475/1475/1354 1473/1473/1352 1464/1464/1344
f 1475/1475/1354 1464/1464/1344 1466/1466/1346
f 1476/1476/1355 1477/1477/1356 1468/1468/1346
f 1476/1476/1355 1468/1468/1346 1467/1467/1347
f 1478/1478/1357 1476/1476/1355 1467/1467/1347
f 1478/1478/1357 1467/1467/1347 1469/1469/1348
f 1479/1479/1358 1478/1478/1357 1469/1469/1348
f 1479/1479/1358 1469/1469/1348 1470/1470/1349
f 1480/1480/1359 1479/1479/1358 1470/1470/1349
f 1480/1480/1359 1470/1470/1349 1471/1471/1350
f 1481/1481/1360 1480/1480/1359 1471/1471/1350
f 1481/1481/1360 1471/1471/1350 1472/1472/1351
f 1474/1474/1353 1481/1481/1360 1472/1472/1351
f 1474/1474/1353 1472/1472/1351 1465/1465/1345
f 1390/1390/1275 1377/1377/1263 1474/1474/1353
f 1390/1390/1275 1474/1474/1353 1473/1473/1352
f 1391/1391/1273 1390/1390/1275 1473/1473/1352
f 1391/1391/1273 1473/1473/1352 1475/1475/1354
f 1385/1385/1271 1387/1387/1273 1477/1477/1356
f 1385/1385/1271 1477/1477/1356 1476/1476/1355
f 1383/1383/1269 1385/1385/1271 1476/1476/1355
f 1383/1383/1269 1476/1476/1355 1478/1478/1357
f 1381/1381/1267 1383/1383/1269 1478/1478/1357
f 1381/1381/1267 1478/1478/1357 1479/1479/1358
f 1379/1379/1265 1381/1381/1267 1479/1479/1358
f 1379/1379/1265 1479/1479/1358 1480/1480/1359
f 1376/1376/1262 1379/1379/1265 1480/1480/1359
f 1376/1376/1262 1480/1480/1359 1481/1481/1360
f 1377/1377/1263 1376/1376/1262 1481/1481/1360
f 1377/1377/1263 1481/1481/1360 1474/1474/1353
f 1482/1482/1361 1483/1483/1362 1484/1484/1363
f 1482/1482/1361 1484/1484/1363 1485/1485/1364
f 1483/1483/1362 1486/1486/1365 1487/1487/1366
f 1483/1483/1362 1487/1487/1366 1484/1484/1363
f 1486/1486/1365 1488/1488/1367 1489/1489/1368
f 1486/1486/1365 1489/1489/1368 1487/1487/1366
f 1488/1488/1367 1490/1490/1369 1491/1491/1370
f 1488/1488/1367 1491/1491/1370 1489/1489/1368
f 1490/1490/1369 1492/1492/1371 1493/1493/1372
f 1490/1490/1369 1493/1493/1372 1491/1491/1370
f 1492/1492/1371 1494/1494/1373 1495/1495/1374
f 1492/1492/1371 1495/1495/1374 1493/1493/1372
f 1494/1494/1373 1496/1496/1375 1497/1497/1376
f 1494/1494/1373 1497/1497/1376 1495/1495/1374
f 1496/1496/1375 1498/1498/1377 1499/1499/1364
f 1496/1496/1375 1499/1499/1364 1497/1497/1376
f 1500/1500/1378 1501/1501/1379 1483/1483/1362
f 1500/1500/1378 1483/1483/1362 1482/1482/1361
f 1501/1501/1379 1502/1502/1380 1486/1486/1365
f 1501/1501/1379 1486/1486/1365 1483/1483/1362
f 1502/1502/1380 1503/1503/1381 1488/1488/1367
f 1502/1502/1380 1488/1488/1367 1486/1486/1365
f 1503/1503/1381 1504/1504/1382 1490/1490/1369
f 1503/1503/1381 1490/1490/1369 1488/1488/1367
f 1504/1504/1382 1505/1505/1383 1492/1492/1371
f 1504/1504/1382 1492/1492/1371 1490/1490/1369
f 1505/1505/1383 1506/1506/1384 1494/1494/1373
f 1505/1505/1383 1494/1494/1373 1492/1492/1371
f 1506/1506/1384 1507/1507/1385 1496/1496/1375
f 1506/1506/1384 1496/1496/1375 1494/1494/1373
f 1507/1507/1385 1508/1508/1378 1498/1498/1377
f 1507/1507/1385 1498/1498/1377 1496/1496/1375
f 1509/1509/1386 1510/1510/1387 1511/1511/1388
f 1509/1509/1386 1511/1511/1388 1512/1512/1389
f 1510/1510/1387 1513/1513/1390 1514/1514/1391
f 1510/1510/1387 1514/1514/1391 1511/1511/1388
f 1513/1513/1390 1515/1515/1392 1516/1516/1393
f 1513/1513/1390 1516/1516/1393 1514/1514/1391
f 1515/1515/1392 1517/1517/1394 1518/1518/1395
f 1515/1515/1392 1518/1518/1395 1516/1516/1393
f 1517/1517/1394 1519/1519/1396 1520/1520/1397
f 1517/1517/1394 1520/1520/1397 1518/1518/1395
f 1519/1519/1396 1521/1521/1398 1522/1522/1399
f 1519/1519/1396 1522/1522/1399 1520/1520/1397
f 1521/1521/1398 1523/1523/1400 1524/1524/1401
f 1521/1521/1398 1524/1524/1401 1522/1522/1399
f 1523/1523/1400 1525/1525/1386 1526/1526/1389
f 1523/1523/1400 1526/1526/1389 1524/1524/1401
f 1527/1527/1402 1528/1528/1403 1529/1529/1404
f 1527/1527/1402 1529/1529/1404 1530/1530/1405
f 1531/1531/1406 1529/1529/1404 1528/1528/1403
f 1531/1531/1406 1528/1528/1403 1532/1532/1407
f 1533/1533/1408 1531/1531/1406 1532/1532/1407
f 1533/1533/1408 1532/1532/1407 1534/1534/1409
f 1535/1535/1410 1533/1533/1408 1534/1534/1409
f 1535/1535/1410 1534/1534/1409 1536/1536/1411
f 1536/1536/1411 1537/1537/1412 1538/1538/1413
f 1536/1536/1411 1538/1538/1413 1535/1535/1410
f 1539/1539/1414 1538/1538/1413 1537/1537/1412
f 1539/1539/1414 1537/1537/1412 1540/1540/1415
f 1541/1541/1416 1539/1539/1414 1540/1540/1415
f 1541/1541/1416 1540/1540/1415 1542/1542/1417
f 1543/1543/1405 1541/1541/1416 1542/1542/1417
f 1543/1543/1405 1542/1542/1417 1544/1544/1418
f 1545/1545/1419 1546/1546/1420 1547/1547/1421
f 1545/1545/1419 1547/1547/1421 1548/1548/1422
f 1549/1549/1423 1545/1545/1419 1548/1548/1422
f 1549/1549/1423 1548/1548/1422 1550/1550/1424
f 1551/1551/1425 1549/1549/1423 1550/1550/1424
f 1551/1551/1425 1550/1550/1424 1552/1552/1426
f 1553/1553/1427 1551/1551/1425 1552/1552/1426
f 1553/1553/1427 1552/1552/1426 1554/1554/1428
f 1555/1555/1429 1553/1553/1427 1554/1554/1428
f 1555/1555/1429 1554/1554/1428 1556/1556/1430
f 1557/1557/1431 1555/1555/1429 1556/1556/1430
f 1557/1557/1431 1556/1556/1430 1558/1558/1432
f 1559/1559/1433 1557/1557/1431 1558/1558/1432
f 1559/1559/1433 1558/1558/1432 1560/1560/1434
f 1561/1561/1420 1559/1559/1433 1560/1560/1434
f 1561/1561/1420 1560/1560/1434 1562/1562/1421
f 1528/1528/1403 1527/1527/1402 1563/1563/1435
f 1528/1528/1403 1563/1563/1435 1564/1564/1436
f 1532/1532/1407 1528/1528/1403 1564/1564/1436
f 1532/1532/1407 1564/1564/1436 1565/1565/1437
f 1534/1534/1409 1532/1532/1407 1565/1565/1437
f 1534/1534/1409 1565/1565/1437 1566/1566/1438
f 1536/1536/1411 1534/1534/1409 1566/1566/1438
f 1536/1536/1411 1566/1566/1438 1567/1567/1439
f 1537/1537/1412 1536/1536/1411 1567/1567/1439
f 1537/1537/1412 1567/1567/1439 1568/1568/1440
f 1540/1540/1415 1537/1537/1412 1568/1568/1440
f 1540/1540/1415 1568/1568/1440 1569/1569/1441
f 1542/1542/1417 1540/1540/1415 1569/1569/1441
f 1542/1542/1417 1569/1569/1441 1570/1570/1442
f 1544/1544/1418 1542/1542/1417 1570/1570/1442
f 1544/1544/1418 1570/1570/1442 1571/1571/1443
f 1572/1572/1444 1573/1573/1445 1574/1574/1446
f 1572/1572/1444 1574/1574/1446 1575/1575/1447
f 1576/1576/1448 1572/1572/1444 1575/1575/1447
f 1576/1576/1448 1575/1575/1447 1577/1577/1449
f 1578/1578/1450 1576/1576/1448 1577/1577/1449
f 1578/1578/1450 1577/1577/1449 1579/1579/1451
f 1580/1580/1452 1578/1578/1450 1579/1579/1451
f 1580/1580/1452 1579/1579/1451 1581/1581/1453
f 1582/1582/1454 1580/1580/1452 1581/1581/1453
f 1582/1582/1454 1581/1581/1453 1583/1583/1455
f 1584/1584/1456 1582/1582/1454 1583/1583/1455
f 1584/1584/1456 1583/1583/1455 1585/1585/1457
f 1586/1586/1458 1584/1584/1456 1585/1585/1457
f 1586/1586/1458 1585/1585/1457 1587/1587/1459
f 1588/1588/1445 1586/1586/1458 1587/1587/1459
f 1588/1588/1445 1587/1587/1459 1589/1589/1460
f 1590/1590/1461 1591/1591/1462 1573/1573/1445
f 1590/1590/1461 1573/1573/1445 1572/1572/1444
f 1592/1592/1463 1590/1590/1461 1572/1572/1444
f 1592/1592/1463 1572/1572/1444 1576/1576/1448
f 1593/1593/1464 1592/1592/1463 1576/1576/1448
f 1593/1593/1464 1576/1576/1448 1578/1578/1450
f 1594/1594/1465 1593/1593/1464 1578/1578/1450
f 1594/1594/1465 1578/1578/1450 1580/1580/1452
f 1595/1595/1466 1594/1594/1465 1580/1580/1452
f 1595/1595/1466 1580/1580/1452 1582/1582/1454
f 1596/1596/1467 1595/1595/1466 1582/1582/1454
f 1596/1596/1467 1582/1582/1454 1584/1584/1456
f 1597/1597/1468 1596/1596/1467 1584/1584/1456
f 1597/1597/1468 1584/1584/1456 1586/1586/1458
f 1598/1598/1462 1597/1597/1468 1586/1586/1458
f 1598/1598/1462 1586/1586/1458 1588/1588/1445
f 1562/1562/1421 1560/1560/1434 1510/1510/1387
f 1562/1562/1421 1510/1510/1387 1509/1509/1386
f 1560/1560/1434 1558/1558/1432 1513/1513/1390
f 1560/1560/1434 1513/1513/1390 1510/1510/1387
f 1558/1558/1432 1556/1556/1430 1515/1515/1392
f 1558/1558/1432 1515/1515/1392 1513/1513/1390
f 1556/1556/1430 1554/1554/1428 1517/1517/1394
f 1556/1556/1430 1517/1517/1394 1515/1515/1392
f 1554/1554/1428 1552/1552/1426 1519/1519/1396
f 1554/1554/1428 1519/1519/1396 1517/1517/1394
f 1552/1552/1426 1550/1550/1424 1521/1521/1398
f 1552/1552/1426 1521/1521/1398 1519/1519/1396
f 1550/1550/1424 1548/1548/1422 1523/1523/1400
f 1550/1550/1424 1523/1523/1400 1521/1521/1398
f 1548/1548/1422 1547/1547/1421 1525/1525/1386
f 1548/1548/1422 1525/1525/1386 1523/1523/1400
f 1599/1599/1469 1600/1600/1470 1601/1601/1471
f 1599/1599/1469 1601/1601/1471 1602/1602/1472
f 1600/1600/1470 1603/1603/1473 1604/1604/1474
f 1600/1600/1470 1604/1604/1474 1601/1601/1471
f 1603/1603/1473 1605/1605/1475 1606/1606/1476
f 1603/1603/1473 1606/1606/1476 1604/1604/1474
f 1605/1605/1475 1607/1607/1477 1608/1608/1478
f 1605/1605/1475 1608/1608/1478 1606/1606/1476
f 1607/1607/1477 1609/1609/1479 1610/1610/1480
f 1607/1607/1477 1610/1610/1480 1608/1608/1478
f 1609/1609/1479 1611/1611/1481 1612/1612/1482
f 1609/1609/1479 1612/1612/1482 1610/1610/1480
f 1611/1611/1481 1613/1613/1483 1614/1614/1484
f 1611/1611/1481 1614/1614/1484 1612/1612/1482
f 1613/1613/1483 1615/1615/1469 1616/1616/1472
f 1613/1613/1483 1616/1616/1472 1614/1614/1484
f 1617/1617/1485 1618/1618/1486 1559/1559/1433
f 1617/1617/1485 1559/1559/1433 1561/1561/1420
f 1618/1618/1486 1619/1619/1487 1557/1557/1431
f 1618/1618/1486 1557/1557/1431 1559/1559/1433
f 1619/1619/1487 1620/1620/1488 1555/1555/1429
f 1619/1619/1487 1555/1555/1429 1557/1557/1431
f 1620/1620/1488 1621/1621/1489 1553/1553/1427
f 1620/1620/1488 1553/1553/1427 1555/1555/1429
f 1621/1621/1489 1622/1622/1490 1551/1551/1425
f 1621/1621/1489 1551/1551/1425 1553/1553/1427
f 1622/1622/1490 1623/1623/1491 1549/1549/1423
f 1622/1622/1490 1549/1549/1423 1551/1551/1425
f 1623/1623/1491 1624/1624/1492 1545/1545/1419
f 1623/1623/1491 1545/1545/1419 1549/1549/1423
f 1624/1624/1492 1625/1625/1493 1546/1546/1420
f 1624/1624/1492 1546/1546/1420 1545/1545/1419
f 1614/1614/1484 1616/1616/1472 1530/1530/1405
f 1614/1614/1484 1530/1530/1405 1529/1529/1404
f 1612/1612/1482 1614/1614/1484 1529/1529/1404
f 1612/1612/1482 1529/1529/1404 1531/1531/1406
f 1610/1610/1480 1612/1612/1482 1531/1531/1406
f 1610/1610/1480 1531/1531/1406 1533/1533/1408
f 1608/1608/1478 1610/1610/1480 1533/1533/1408
f 1608/1608/1478 1533/1533/1408 1535/1535/1410
f 1606/1606/1476 1608/1608/1478 1535/1535/1410
f 1606/1606/1476 1535/1535/1410 1538/1538/1413
f 1604/1604/1474 1606/1606/1476 1538/1538/1413
f 1604/1604/1474 1538/1538/1413 1539/1539/1414
f 1601/1601/1471 1604/1604/1474 1539/1539/1414
f 1601/1601/1471 1539/1539/1414 1541/1541/1416
f 1602/1602/1472 1601/1601/1471 1541/1541/1416
f 1602/1602/1472 1541/1541/1416 1543/1543/1405
f 1524/1524/1401 1526/1526/1389 1626/1626/1494
f 1524/1524/1401 1626/1626/1494 1627/1627/1495
f 1522/1522/1399 1524/1524/1401 1627/1627/1495
f 1522/1522/1399 1627/1627/1495 1628/1628/1496
f 1520/1520/1397 1522/1522/1399 1628/1628/1496
f 1520/1520/1397 1628/1628/1496 1629/1629/1497
f 1518/1518/1395 1520/1520/1397 1629/1629/1497
f 1518/1518/1395 1629/1629/1497 1630/1630/1498
f 1516/1516/1393 1518/1518/1395 1630/1630/1498
f 1516/1516/1393 1630/1630/1498 1631/1631/1499
f 1514/1514/1391 1516/1516/1393 1631/1631/1499
f 1514/1514/1391 1631/1631/1499 1632/1632/1500
f 1511/1511/1388 1514/1514/1391 1632/1632/1500
f 1511/1511/1388 1632/1632/1500 1633/1633/1501
f 1512/1512/1389 1511/1511/1388 1633/1633/1501
f 1512/1512/1389 1633/1633/1501 1634/1634/1502
f 1635/1635/1503 1636/1636/1504 1637/1637/1505
f 1635/1635/1503 1637/1637/1505 1638/1638/1506
f 1639/1639/1507 1635/1635/1503 1638/1638/1506
f 1639/1639/1507 1638/1638/1506 1640/1640/1508
f 1641/1641/1509 1639/1639/1507 1640/1640/1508
f 1641/1641/1509 1640/1640/1508 1642/1642/1510
f 1643/1643/1511 1641/1641/1509 1642/1642/1510
f 1643/1643/1511 1642/1642/1510 1644/1644/1512
f 1645/1645/1513 1643/1643/1511 1644/1644/1512
f 1645/1645/1513 1644/1644/1512 1646/1646/1514
f 1647/1647/1515 1645/1645/1513 1646/1646/1514
f 1647/1647/1515 1646/1646/1514 1648/1648/1516
f 1649/1649/1517 1647/1647/1515 1648/1648/1516
f 1649/1649/1517 1648/1648/1516 1650/1650/1518
f 1651/1651/1504 1649/1649/1517 1650/1650/1518
f 1651/1651/1504 1650/1650/1518 1652/1652/1505
f 1571/1571/1443 1570/1570/1442 1653/1653/1519
f 1571/1571/1443 1653/1653/1519 1654/1654/1520
f 1570/1570/1442 1569/1569/1441 1655/1655/1521
f 1570/1570/1442 1655/1655/1521 1653/1653/1519
f 1569/1569/1441 1568/1568/1440 1656/1656/1522
f 1569/1569/1441 1656/1656/1522 1655/1655/1521
f 1568/1568/1440 1567/1567/1439 1657/1657/1523
f 1568/1568/1440 1657/1657/1523 1656/1656/1522
f 1567/1567/1439 1566/1566/1438 1658/1658/1524
f 1567/1567/1439 1658/1658/1524 1657/1657/1523
f 1566/1566/1438 1565/1565/1437 1659/1659/1525
f 1566/1566/1438 1659/1659/1525 1658/1658/1524
f 1565/1565/1437 1564/1564/1436 1660/1660/1526
f 1565/1565/1437 1660/1660/1526 1659/1659/1525
f 1564/1564/1436 1563/1563/1435 1661/1661/1520
f 1564/1564/1436 1661/1661/1520 1660/1660/1526
f 1654/1654/1520 1653/1653/1519 1649/1649/1517
f 1654/1654/1520 1649/1649/1517 1651/1651/1504
f 1653/1653/1519 1655/1655/1521 1647/1647/1515
f 1653/1653/1519 1647/1647/1515 1649/1649/1517
f 1655/1655/1521 1656/1656/1522 1645/1645/1513
f 1655/1655/1521 1645/1645/1513 1647/1647/1515
f 1656/1656/1522 1657/1657/1523 1643/1643/1511
f 1656/1656/1522 1643/1643/1511 1645/1645/1513
f 1657/1657/1523 1658/1658/1524 1641/1641/1509
f 1657/1657/1523 1641/1641/1509 1643/1643/1511
f 1658/1658/1524 1659/1659/1525 1639/1639/1507
f 1658/1658/1524 1639/1639/1507 1641/1641/1509
f 1659/1659/1525 1660/1660/1526 1635/1635/1503
f 1659/1659/1525 1635/1635/1503 1639/1639/1507
f 1660/1660/1526 1661/1661/1520 1636/1636/1504
f 1660/1660/1526 1636/1636/1504 1635/1635/1503
f 1652/1652/1505 1650/1650/1518 1618/1618/1486
f 1652/1652/1505 1618/1618/1486 1617/1617/1485
f 1650/1650/1518 1648/1648/1516 1619/1619/1487
f 1650/1650/1518 1619/1619/1487 1618/1618/1486
f 1648/1648/1516 1646/1646/1514 1620/1620/1488
f 1648/1648/1516 1620/1620/1488 1619/1619/1487
f 1646/1646/1514 1644/1644/1512 1621/1621/1489
f 1646/1646/1514 1621/1621/1489 1620/1620/1488
f 1644/1644/1512 1642/1642/1510 1622/1622/1490
f 1644/1644/1512 1622/1622/1490 1621/1621/1489
f 1642/1642/1510 1640/1640/1508 1623/1623/1491
f 1642/1642/1510 1623/1623/1491 1622/1622/1490
f 1640/1640/1508 1638/1638/1506 1624/1624/1492
f 1640/1640/1508 1624/1624/1492 1623/1623/1491
f 1638/1638/1506 1637/1637/1505 1625/1625/1493
f 1638/1638/1506 1625/1625/1493 1624/1624/1492
f 1634/1634/1502 1633/1633/1501 1501/1501/1379
f 1634/1634/1502 1501/1501/1379 1500/1500/1378
f 1633/1633/1501 1632/1632/1500 1502/1502/1380
f 1633/1633/1501 1502/1502/1380 1501/1501/1379
f 1632/1632/1500 1631/1631/1499 1503/1503/1381
f 1632/1632/1500 1503/1503/1381 1502/1502/1380
f 1631/1631/1499 1630/1630/1498 1504/1504/1382
f 1631/1631/1499 1504/1504/1382 1503/1503/1381
f 1630/1630/1498 1629/1629/1497 1505/1505/1383
f 1630/1630/1498 1505/1505/1383 1504/1504/1382
f 1629/1629/1497 1628/1628/1496 1506/1506/1384
f 1629/1629/1497 1506/1506/1384 1505/1505/1383
f 1628/1628/1496 1627/1627/1495 1507/1507/1385
f 1628/1628/1496 1507/1507/1385 1506/1506/1384
f 1627/1627/1495 1626/1626/1494 1508/1508/1378
f 1627/1627/1495 1508/1508/1378 1507/1507/1385
f 1575/1575/1447 1574/1574/1446 1615/1615/1469
f 1575/1575/1447 1615/1615/1469 1613/1613/1483
f 1577/1577/1449 1575/1575/1447 1613/1613/1483
f 1577/1577/1449 1613/1613/1483 1611/1611/1481
f 1579/1579/1451 1577/1577/1449 1611/1611/1481
f 1579/1579/1451 1611/1611/1481 1609/1609/1479
f 1581/1581/1453 1579/1579/1451 1609/1609/1479
f 1581/1581/1453 1609/1609/1479 1607/1607/1477
f 1583/1583/1455 1581/1581/1453 1607/1607/1477
f 1583/1583/1455 1607/1607/1477 1605/1605/1475
f 1585/1585/1457 1583/1583/1455 1605/1605/1475
f 1585/1585/1457 1605/1605/1475 1603/1603/1473
f 1587/1587/1459 1585/1585/1457 1603/1603/1473
f 1587/1587/1459 1603/1603/1473 1600/1600/1470
f 1589/1589/1460 1587/1587/1459 1600/1600/1470
f 1589/1589/1460 1600/1600/1470 1599/1599/1469
f 1662/1662/1527 1663/1663/1528 1664/1664/1529
f 1662/1662/1527 1664/1664/1529 1665/1665/1530
f 1666/1666/1531 1667/1667/1532 1668/1668/1533
f 1666/1666/1531 1668/1668/1533 1669/1669/1534
f 1670/1670/1535 1671/1671/1536 1672/1672/1536
f 1670/1670/1535 1672/1672/1536 1673/1673/1537
f 1671/1671/1536 1674/1674/1538 1675/1675/1539
f 1671/1671/1536 1675/1675/1539 1672/1672/1536
f 1676/1676/1540 1677/1677/1541 1678/1678/1541
f 1676/1676/1540 1678/1678/1541 1679/1679/1542
f 1680/1680/1543 1681/1681/1544 1682/1682/1545
f 1680/1680/1543 1682/1682/1545 1683/1683/1546
f 1681/1681/1544 1684/1684/1547 1685/1685/1548
f 1681/1681/1544 1685/1685/1548 1682/1682/1545
f 1684/1684/1547 1686/1686/1527 1687/1687/1530
f 1684/1684/1547 1687/1687/1530 1685/1685/1548
f 1688/1688/1549 1689/1689/1550 1663/1663/1528
f 1688/1688/1549 1663/1663/1528 1662/1662/1527
f 1689/1689/1550 1690/1690/1551 1691/1691/1552
f 1689/1689/1550 1691/1691/1552 1663/1663/1528
f 1690/1690/1551 1692/1692/1553 1693/1693/1554
f 1690/1690/1551 1693/1693/1554 1691/1691/1552
f 1692/1692/1553 1694/1694/1555 1695/1695/1556
f 1692/1692/1553 1695/1695/1556 1693/1693/1554
f 1694/1694/1555 1696/1696/1557 1680/1680/1543
f 1694/1694/1555 1680/1680/1543 1695/1695/1556
f 1696/1696/1557 1697/1697/1558 1681/1681/1544
f 1696/1696/1557 1681/1681/1544 1680/1680/1543
f 1697/1697/1558 1698/1698/1559 1684/1684/1547
f 1697/1697/1558 1684/1684/1547 1681/1681/1544
f 1698/1698/1559 1699/1699/1549 1686/1686/1527
f 1698/1698/1559 1686/1686/1527 1684/1684/1547
f 1700/1700/1560 1701/1701/1561 1689/1689/1550
f 1700/1700/1560 1689/1689/1550 1688/1688/1549
f 1701/1701/1561 1702/1702/1562 1690/1690/1551
f 1701/1701/1561 1690/1690/1551 1689/1689/1550
f 1702/1702/1562 1703/1703/1563 1692/1692/1553
f 1702/1702/1562 1692/1692/1553 1690/1690/1551
f 1703/1703/1563 1704/1704/1564 1694/1694/1555
f 1703/1703/1563 1694/1694/1555 1692/1692/1553
f 1704/1704/1564 1705/1705/1565 1696/1696/1557
f 1704/1704/1564 1696/1696/1557 1694/1694/1555
f 1705/1705/1565 1706/1706/1566 1697/1697/1558
f 1705/1705/1565 1697/1697/1558 1696/1696/1557
f 1706/1706/1566 1707/1707/1567 1698/1698/1559
f 1706/1706/1566 1698/1698/1559 1697/1697/1558
f 1707/1707/1567 1708/1708/1568 1699/1699/1549
f 1707/1707/1567 1699/1699/1549 1698/1698/1559
f 1709/1709/1569 1710/1710/1570 1701/1701/1561
f 1709/1709/1569 1701/1701/1561 1700/1700/1560
f 1710/1710/1570 1711/1711/1571 1702/1702/1562
f 1710/1710/1570 1702/1702/1562 1701/1701/1561
f 1711/1711/1571 1712/1712/1572 1703/1703/1563
f 1711/1711/1571 1703/1703/1563 1702/1702/1562
f 1712/1712/1572 1713/1713/1573 1704/1704/1564
f 1712/1712/1572 1704/1704/1564 1703/1703/1563
f 1713/1713/1573 1714/1714/1574 1705/1705/1565
f 1713/1713/1573 1705/1705/1565 1704/1704/1564
f 1714/1714/1574 1715/1715/1575 1706/1706/1566
f 1714/1714/1574 1706/1706/1566 1705/1705/1565
f 1715/1715/1575 1716/1716/1576 1707/1707/1567
f 1715/1715/1575 1707/1707/1567 1706/1706/1566
f 1716/1716/1576 1717/1717/1577 1708/1708/1568
f 1716/1716/1576 1708/1708/1568 1707/1707/1567
f 1718/1718/1578 1719/1719/1579 1710/1710/1570
f 1718/1718/1578 1710/1710/1570 1709/1709/1569
f 1719/1719/1579 1720/1720/1580 1711/1711/1571
f 1719/1719/1579 1711/1711/1571 1710/1710/1570
f 1720/1720/1580 1721/1721/1581 1712/1712/1572
f 1720/1720/1580 1712/1712/1572 1711/1711/1571
f 1721/1721/1581 1722/1722/1582 1713/1713/1573
f 1721/1721/1581 1713/1713/1573 1712/1712/1572
f 1722/1722/1582 1723/1723/1583 1714/1714/1574
f 1722/1722/1582 1714/1714/1574 1713/1713/1573
f 1723/1723/1583 1724/1724/1584 1715/1715/1575
f 1723/1723/1583 1715/1715/1575 1714/1714/1574
f 1724/1724/1584 1725/1725/1585 1716/1716/1576
f 1724/1724/1584 1716/1716/1576 1715/1715/1575
f 1725/1725/1585 1726/1726/1578 1717/1717/1577
f 1725/1725/1585 1717/1717/1577 1716/1716/1576
f 1727/1727/1586 1728/1728/1587 1719/1719/1579
f 1727/1727/1586 1719/1719/1579 1718/1718/1578
f 1728/1728/1587 1729/1729/1588 1720/1720/1580
f 1728/1728/1587 1720/1720/1580 1719/1719/1579
f 1729/1729/1588 1730/1730/1589 1721/1721/1581
f 1729/1729/1588 1721/1721/1581 1720/1720/1580
f 1730/1730/1589 1731/1731/1590 1722/1722/1582
f 1730/1730/1589 1722/1722/1582 1721/1721/1581
f 1731/1731/1590 1732/1732/1591 1723/1723/1583
f 1731/1731/1590 1723/1723/1583 1722/1722/1582
f 1732/1732/1591 1733/1733/1592 1724/1724/1584
f 1732/1732/1591 1724/1724/1584 1723/1723/1583
f 1733/1733/1592 1734/1734/1593 1725/1725/1585
f 1733/1733/1592 1725/1725/1585 1724/1724/1584
f 1734/1734/1593 1735/1735/1594 1726/1726/1578
f 1734/1734/1593 1726/1726/1578 1725/1725/1585
f 1736/1736/1595 1737/1737/1596 1728/1728/1587
f 1736/1736/1595 1728/1728/1587 1727/1727/1586
f 1737/1737/1596 1738/1738/1597 1729/1729/1588
f 1737/1737/1596 1729/1729/1588 1728/1728/1587
f 1738/1738/1597 1739/1739/1598 1730/1730/1589
f 1738/1738/1597 1730/1730/1589 1729/1729/1588
f 1739/1739/1598 1740/1740/1599 1731/1731/1590
f 1739/1739/1598 1731/1731/1590 1730/1730/1589
f 1740/1740/1599 1741/1741/1600 1732/1732/1591
f 1740/1740/1599 1732/1732/1591 1731/1731/1590
f 1741/1741/1600 1742/1742/1601 1733/1733/1592
f 1741/1741/1600 1733/1733/1592 1732/1732/1591
f 1742/1742/1601 1743/1743/1602 1734/1734/1593
f 1742/1742/1601 1734/1734/1593 1733/1733/1592
f 1743/1743/1602 1744/1744/1595 1735/1735/1594
f 1743/1743/1602 1735/1735/1594 1734/1734/1593
f 1745/1745/1603 1746/1746/1604 1737/1737/1596
f 1745/1745/1603 1737/1737/1596 1736/1736/1595
f 1746/1746/1604 1747/1747/1605 1738/1738/1597
f 1746/1746/1604 1738/1738/1597 1737/1737/1596
f 1747/1747/1605 1748/1748/1606 1739/1739/1598
f 1747/1747/1605 1739/1739/1598 1738/1738/1597
f 1748/1748/1606 1749/1749/1607 1740/1740/1599
f 1748/1748/1606 1740/1740/1599 1739/1739/1598
f 1749/1749/1607 1750/1750/1608 1741/1741/1600
f 1749/1749/1607 1741/1741/1600 1740/1740/1599
f 1750/1750/1608 1751/1751/1609 1742/1742/1601
f 1750/1750/1608 1742/1742/1601 1741/1741/1600
f 1751/1751/1609 1752/1752/1610 1743/1743/1602
f 1751/1751/1609 1743/1743/1602 1742/1742/1601
f 1752/1752/1610 1753/1753/1603 1744/1744/1595
f 1752/1752/1610 1744/1744/1595 1743/1743/1602
f 1754/1754/1611 1755/1755/1612 1756/1756/1613
f 1754/1754/1611 1756/1756/1613 1757/1757/1614
f 1755/1755/1612 1758/1758/1615 1759/1759/1616
f 1755/1755/1612 1759/1759/1616 1756/1756/1613
f 1758/1758/1615 1760/1760/1617 1761/1761/1618
f 1758/1758/1615 1761/1761/1618 1759/1759/1616
f 1762/1762/1617 1763/1763/1619 1764/1764/1620
f 1762/1762/1617 1764/1764/1620 1765/1765/1618
f 1763/1763/1619 1766/1766/1621 1767/1767/1622
f 1763/1763/1619 1767/1767/1622 1764/1764/1620
f 1766/1766/1621 1768/1768/1623 1769/1769/1624
f 1766/1766/1621 1769/1769/1624 1767/1767/1622
f 1768/1768/1623 1770/1770/1625 1771/1771/1626
f 1768/1768/1623 1771/1771/1626 1769/1769/1624
f 1770/1770/1625 1754/1754/1611 1757/1757/1614
f 1770/1770/1625 1757/1757/1614 1771/1771/1626
f 1772/1772/1627 1773/1773/1628 1755/1755/1612
f 1772/1772/1627 1755/1755/1612 1754/1754/1611
f 1773/1773/1628 1774/1774/1629 1758/1758/1615
f 1773/1773/1628 1758/1758/1615 1755/1755/1612
f 1774/1774/1629 1775/1775/1630 1760/1760/1617
f 1774/1774/1629 1760/1760/1617 1758/1758/1615
f 1776/1776/1630 1777/1777/1631 1763/1763/1619
f 1776/1776/1630 1763/1763/1619 1762/1762/1617
f 1777/1777/1631 1778/1778/1632 1766/1766/1621
f 1777/1777/1631 1766/1766/1621 1763/1763/1619
f 1778/1778/1632 1779/1779/1633 1768/1768/1623
f 1778/1778/1632 1768/1768/1623 1766/1766/1621
f 1779/1779/1633 1780/1780/1634 1770/1770/1625
f 1779/1779/1633 1770/1770/1625 1768/1768/1623
f 1780/1780/1634 1772/1772/1627 1754/1754/1611
f 1780/1780/1634 1754/1754/1611 1770/1770/1625
f 1781/1781/1635 1782/1782/1636 1773/1773/1628
f 1781/1781/1635 1773/1773/1628 1772/1772/1627
f 1782/1782/1636 1783/1783/1637 1774/1774/1629
f 1782/1782/1636 1774/1774/1629 1773/1773/1628
f 1783/1783/1637 1784/1784/1638 1775/1775/1630
f 1783/1783/1637 1775/1775/1630 1774/1774/1629
f 1785/1785/1639 1786/1786/1640 1777/1777/1631
f 1785/1785/1639 1777/1777/1631 1776/1776/1630
f 1786/1786/1640 1787/1787/1641 1778/1778/1632
f 1786/1786/1640 1778/1778/1632 1777/1777/1631
f 1787/1787/1641 1788/1788/1642 1779/1779/1633
f 1787/1787/1641 1779/1779/1633 1778/1778/1632
f 1788/1788/1642 1789/1789/1643 1780/1780/1634
f 1788/1788/1642 1780/1780/1634 1779/1779/1633
f 1789/1789/1643 1781/1781/1635 1772/1772/1627
f 1789/1789/1643 1772/1772/1627 1780/1780/1634
f 1790/1790/1644 1791/1791/1645 1782/1782/1636
f 1790/1790/1644 1782/1782/1636 1781/1781/1635
f 1791/1791/1645 1792/1792/1646 1783/1783/1637
f 1791/1791/1645 1783/1783/1637 1782/1782/1636
f 1792/1792/1646 1793/1793/1647 1784/1784/1638
f 1792/1792/1646 1784/1784/1638 1783/1783/1637
f 1794/1794/1647 1795/1795/1648 1786/1786/1640
f 1794/1794/1647 1786/1786/1640 1785/1785/1639
f 1795/1795/1648 1796/1796/1649 1787/1787/1641
f 1795/1795/1648 1787/1787/1641 1786/1786/1640
f 1796/1796/1649 1797/1797/1650 1788/1788/1642
f 1796/1796/1649 1788/1788/1642 1787/1787/1641
f 1797/1797/1650 1798/1798/1651 1789/1789/1643
f 1797/1797/1650 1789/1789/1643 1788/1788/1642
f 1798/1798/1651 1790/1790/1644 1781/1781/1635
f 1798/1798/1651 1781/1781/1635 1789/1789/1643
f 1799/1799/1652 1800/1800/1653 1791/1791/1645
f 1799/1799/1652 1791/1791/1645 1790/1790/1644
f 1800/1800/1653 1801/1801/1654 1792/1792/1646
f 1800/1800/1653 1792/1792/1646 1791/1791/1645
f 1801/1801/1654 1802/1802/1655 1793/1793/1647
f 1801/1801/1654 1793/1793/1647 1792/1792/1646
f 1803/1803/1656 1804/1804/1657 1795/1795/1648
f 1803/1803/1656 1795/1795/1648 1794/1794/1647
f 1804/1804/1657 1805/1805/1658 1796/1796/1649
f 1804/1804/1657 1796/1796/1649 1795/1795/1648
f 1805/1805/1658 1806/1806/1659 1797/1797/1650
f 1805/1805/1658 1797/1797/1650 1796/1796/1649
f 1806/1806/1659 1807/1807/1660 1798/1798/1651
f 1806/1806/1659 1798/1798/1651 1797/1797/1650
f 1807/1807/1660 1799/1799/1652 1790/1790/1644
f 1807/1807/1660 1790/1790/1644 1798/1798/1651
f 1808/1808/1661 1809/1809/1662 1800/1800/1653
f 1808/1808/1661 1800/1800/1653 1799/1799/1652
f 1809/1809/1662 1810/1810/1663 1801/1801/1654
f 1809/1809/1662 1801/1801/1654 1800/1800/1653
f 1810/1810/1663 1811/1811/1664 1802/1802/1655
f 1810/1810/1663 1802/1802/1655 1801/1801/1654
f 1812/1812/1664 1813/1813/1665 1804/1804/1657
f 1812/1812/1664 1804/1804/1657 1803/1803/1656
f 1813/1813/1665 1814/1814/1666 1805/1805/1658
f 1813/1813/1665 1805/1805/1658 1804/1804/1657
f 1814/1814/1666 1815/1815/1667 1806/1806/1659
f 1814/1814/1666 1806/1806/1659 1805/1805/1658
f 1815/1815/1667 1816/1816/1668 1807/1807/1660
f 1815/1815/1667 1807/1807/1660 1806/1806/1659
f 1816/1816/1668 1808/1808/1661 1799/1799/1652
f 1816/1816/1668 1799/1799/1652 1807/1807/1660
f 1817/1817/1669 1818/1818/1670 1809/1809/1662
f 1817/1817/1669 1809/1809/1662 1808/1808/1661
f 1818/1818/1670 1819/1819/1671 1810/1810/1663
f 1818/1818/1670 1810/1810/1663 1809/1809/1662
f 1819/1819/1671 1820/1820/1672 1811/1811/1664
f 1819/1819/1671 1811/1811/1664 1810/1810/1663
f 1821/1821/1672 1822/1822/1673 1813/1813/1665
f 1821/1821/1672 1813/1813/1665 1812/1812/1664
f 1822/1822/1673 1823/1823/1674 1814/1814/1666
f 1822/1822/1673 1814/1814/1666 1813/1813/1665
f 1823/1823/1674 1824/1824/1675 1815/1815/1667
f 1823/1823/1674 1815/1815/1667 1814/1814/1666
f 1824/1824/1675 1825/1825/1676 1816/1816/1668
f 1824/1824/1675 1816/1816/1668 1815/1815/1667
f 1825/1825/1676 1817/1817/1669 1808/1808/1661
f 1825/1825/1676 1808/1808/1661 1816/1816/1668
f 1826/1826/1677 1827/1827/1678 1818/1818/1670
f 1826/1826/1677 1818/1818/1670 1817/1817/1669
f 1827/1827/1678 1828/1828/1679 1819/1819/1671
f 1827/1827/1678 1819/1819/1671 1818/1818/1670
f 1828/1828/1679 1829/1829/1680 1820/1820/1672
f 1828/1828/1679 1820/1820/1672 1819/1819/1671
f 1830/1830/1680 1831/1831/1681 1822/1822/1673
f 1830/1830/1680 1822/1822/1673 1821/1821/1672
f 1831/1831/1681 1832/1832/1682 1823/1823/1674
f 1831/1831/1681 1823/1823/1674 1822/1822/1673
f 1832/1832/1682 1833/1833/1683 1824/1824/1675
f 1832/1832/1682 1824/1824/1675 1823/1823/1674
f 1833/1833/1683 1834/1834/1684 1825/1825/1676
f 1833/1833/1683 1825/1825/1676 1824/1824/1675
f 1834/1834/1684 1826/1826/1677 1817/1817/1669
f 1834/1834/1684 1817/1817/1669 1825/1825/1676
f 1835/1835/1685 1836/1836/1686 1827/1827/1678
f 1835/1835/1685 1827/1827/1678 1826/1826/1677
f 1836/1836/1686 1837/1837/1687 1828/1828/1679
f 1836/1836/1686 1828/1828/1679 1827/1827/1678
f 1837/1837/1687 1838/1838/1688 1829/1829/1680
f 1837/1837/1687 1829/1829/1680 1828/1828/1679
f 1839/1839/1688 1840/1840/1689 1831/1831/1681
f 1839/1839/1688 1831/1831/1681 1830/1830/1680
f 1840/1840/1689 1841/1841/1690 1832/1832/1682
f 1840/1840/1689 1832/1832/1682 1831/1831/1681
f 1841/1841/1690 1842/1842/1691 1833/1833/1683
f 1841/1841/1690 1833/1833/1683 1832/1832/1682
f 1842/1842/1691 1843/1843/1692 1834/1834/1684
f 1842/1842/1691 1834/1834/1684 1833/1833/1683
f 1843/1843/1692 1835/1835/1685 1826/1826/1677
f 1843/1843/1692 1826/1826/1677 1834/1834/1684
f 1844/1844/1693 1845/1845/1694 1836/1836/1686
f 1844/1844/1693 1836/1836/1686 1835/1835/1685
f 1845/1845/1694 1846/1846/1695 1837/1837/1687
f 1845/1845/1694 1837/1837/1687 1836/1836/1686
f 1846/1846/1695 1847/1847/1696 1838/1838/1688
f 1846/1846/1695 1838/1838/1688 1837/1837/1687
f 1848/1848/1697 1849/1849/1698 1840/1840/1689
f 1848/1848/1697 1840/1840/1689 1839/1839/1688
f 1849/1849/1698 1850/1850/1699 1841/1841/1690
f 1849/1849/1698 1841/1841/1690 1840/1840/1689
f 1850/1850/1699 1851/1851/1700 1842/1842/1691
f 1850/1850/1699 1842/1842/1691 1841/1841/1690
f 1851/1851/1700 1852/1852/1701 1843/1843/1692
f 1851/1851/1700 1843/1843/1692 1842/1842/1691
f 1852/1852/1701 1844/1844/1693 1835/1835/1685
f 1852/1852/1701 1835/1835/1685 1843/1843/1692
f 1853/1853/1702 1854/1854/1703 1845/1845/1694
f 1853/1853/1702 1845/1845/1694 1844/1844/1693
f 1854/1854/1703 1855/1855/1704 1846/1846/1695
f 1854/1854/1703 1846/1846/1695 1845/1845/1694
f 1855/1855/1704 1856/1856/1705 1847/1847/1696
f 1855/1855/1704 1847/1847/1696 1846/1846/1695
f 1857/1857/1706 1858/1858/1707 1849/1849/1698
f 1857/1857/1706 1849/1849/1698 1848/1848/1697
f 1858/1858/1707 1859/1859/1708 1850/1850/1699
f 1858/1858/1707 1850/1850/1699 1849/1849/1698
f 1859/1859/1708 1860/1860/1709 1851/1851/1700
f 1859/1859/1708 1851/1851/1700 1850/1850/1699
f 1860/1860/1709 1861/1861/1710 1852/1852/1701
f 1860/1860/1709 1852/1852/1701 1851/1851/1700
f 1861/1861/1710 1853/1853/1702 1844/1844/1693
f 1861/1861/1710 1844/1844/1693 1852/1852/1701
f 1862/1862/1711 1863/1863/1712 1854/1854/1703
f 1862/1862/1711 1854/1854/1703 1853/1853/1702
f 1863/1863/1712 1864/1864/1713 1855/1855/1704
f 1863/1863/1712 1855/1855/1704 1854/1854/1703
f 1864/1864/1713 1865/1865/1714 1856/1856/1705
f 1864/1864/1713 1856/1856/1705 1855/1855/1704
f 1866/1866/1714 1867/1867/1715 1858/1858/1707
f 1866/1866/1714 1858/1858/1707 1857/1857/1706
f 1867/1867/1715 1868/1868/1716 1859/1859/1708
f 1867/1867/1715 1859/1859/1708 1858/1858/1707
f 1868/1868/1716 1869/1869/1717 1860/1860/1709
f 1868/1868/1716 1860/1860/1709 1859/1859/1708
f 1869/1869/1717 1870/1870/1718 1861/1861/1710
f 1869/1869/1717 1861/1861/1710 1860/1860/1709
f 1870/1870/1718 1862/1862/1711 1853/1853/1702
f 1870/1870/1718 1853/1853/1702 1861/1861/1710
f 1871/1871/1719 1872/1872/1720 1863/1863/1712
f 1871/1871/1719 1863/1863/1712 1862/1862/1711
f 1872/1872/1720 1873/1873/1721 1864/1864/1713
f 1872/1872/1720 1864/1864/1713 1863/1863/1712
f 1873/1873/1721 1874/1874/1722 1865/1865/1714
f 1873/1873/1721 1865/1865/1714 1864/1864/1713
f 1875/1875/1722 1876/1876/1723 1867/1867/1715
f 1875/1875/1722 1867/1867/1715 1866/1866/1714
f 1876/1876/1723 1877/1877/1724 1868/1868/1716
f 1876/1876/1723 1868/1868/1716 1867/1867/1715
f 1877/1877/1724 1878/1878/1725 1869/1869/1717
f 1877/1877/1724 1869/1869/1717 1868/1868/1716
f 1878/1878/1725 1879/1879/1726 1870/1870/1718
f 1878/1878/1725 1870/1870/1718 1869/1869/1717
f 1879/1879/1726 1871/1871/1719 1862/1862/1711
f 1879/1879/1726 1862/1862/1711 1870/1870/1718
f 1880/1880/1727 1881/1881/1728 1882/1882/1729
f 1880/1880/1727 1882/1882/1729 1883/1883/1730
f 1881/1881/1728 1884/1884/1731 1885/1885/1732
f 1881/1881/1728 1885/1885/1732 1882/1882/1729
f 1884/1884/1731 1886/1886/1733 1887/1887/1734
f 1884/1884/1731 1887/1887/1734 1885/1885/1732
f 1886/1886/1733 1888/1888/1735 1889/1889/1736
f 1886/1886/1733 1889/1889/1736 1887/1887/1734
f 1888/1888/1735 1890/1890/1737 1891/1891/1738
f 1888/1888/1735 1891/1891/1738 1889/1889/1736
f 1890/1890/1737 1892/1892/1739 1893/1893/1740
f 1890/1890/1737 1893/1893/1740 1891/1891/1738
f 1892/1892/1739 1894/1894/1741 1895/1895/1742
f 1892/1892/1739 1895/1895/1742 1893/1893/1740
f 1894/1894/1741 1896/1896/1727 1897/1897/1730
f 1894/1894/1741 1897/1897/1730 1895/1895/1742
f 1898/1898/1743 1899/1899/1744 1881/1881/1728
f 1898/1898/1743 1881/1881/1728 1880/1880/1727
f 1899/1899/1744 1900/1900/1745 1884/1884/1731
f 1899/1899/1744 1884/1884/1731 1881/1881/1728
f 1900/1900/1745 1901/1901/1746 1886/1886/1733
f 1900/1900/1745 1886/1886/1733 1884/1884/1731
f 1901/1901/1746 1902/1902/1747 1888/1888/1735
f 1901/1901/1746 1888/1888/1735 1886/1886/1733
f 1902/1902/1747 1903/1903/1748 1890/1890/1737
f 1902/1902/1747 1890/1890/1737 1888/1888/1735
f 1903/1903/1748 1904/1904/1749 1892/1892/1739
f 1903/1903/1748 1892/1892/1739 1890/1890/1737
f 1904/1904/1749 1905/1905/1750 1894/1894/1741
f 1904/1904/1749 1894/1894/1741 1892/1892/1739
f 1905/1905/1750 1906/1906/1743 1896/1896/1727
f 1905/1905/1750 1896/1896/1727 1894/1894/1741
f 1907/1907/1751 1908/1908/1752 1899/1899/1744
f 1907/1907/1751 1899/1899/1744 1898/1898/1743
f 1908/1908/1752 1909/1909/1753 1900/1900/1745
f 1908/1908/1752 1900/1900/1745 1899/1899/1744
f 1909/1909/1753 1910/1910/1754 1901/1901/1746
f 1909/1909/1753 1901/1901/1746 1900/1900/1745
f 1910/1910/1754 1911/1911/1755 1902/1902/1747
f 1910/1910/1754 1902/1902/1747 1901/1901/1746
f 1911/1911/1755 1912/1912/1756 1903/1903/1748
f 1911/1911/1755 1903/1903/1748 1902/1902/1747
f 1912/1912/1756 1913/1913/1757 1904/1904/1749
f 1912/1912/1756 1904/1904/1749 1903/1903/1748
f 1913/1913/1757 1914/1914/1758 1905/1905/1750
f 1913/1913/1757 1905/1905/1750 1904/1904/1749
f 1914/1914/1758 1915/1915/1751 1906/1906/1743
f 1914/1914/1758 1906/1906/1743 1905/1905/1750
f 1916/1916/1759 1917/1917/1760 1908/1908/1752
f 1916/1916/1759 1908/1908/1752 1907/1907/1751
f 1917/1917/1760 1918/1918/1761 1909/1909/1753
f 1917/1917/1760 1909/1909/1753 1908/1908/1752
f 1918/1918/1761 1919/1919/1762 1910/1910/1754
f 1918/1918/1761 1910/1910/1754 1909/1909/1753
f 1919/1919/1762 1920/1920/1763 1911/1911/1755
f 1919/1919/1762 1911/1911/1755 1910/1910/1754
f 1920/1920/1763 1921/1921/1764 1912/1912/1756
f 1920/1920/1763 1912/1912/1756 1911/1911/1755
f 1921/1921/1764 1922/1922/1765 1913/1913/1757
f 1921/1921/1764 1913/1913/1757 1912/1912/1756
f 1922/1922/1765 1923/1923/1766 1914/1914/1758
f 1922/1922/1765 1914/1914/1758 1913/1913/1757
f 1923/1923/1766 1924/1924/1759 1915/1915/1751
f 1923/1923/1766 1915/1915/1751 1914/1914/1758
f 1925/1925/1767 1926/1926/1768 1917/1917/1760
f 1925/1925/1767 1917/1917/1760 1916/1916/1759
f 1926/1926/1768 1927/1927/1769 1918/1918/1761
f 1926/1926/1768 1918/1918/1761 1917/1917/1760
f 1927/1927/1769 1928/1928/1770 1919/1919/1762
f 1927/1927/1769 1919/1919/1762 1918/1918/1761
f 1928/1928/1770 1929/1929/1771 1920/1920/1763
f 1928/1928/1770 1920/1920/1763 1919/1919/1762
f 1929/1929/1771 1930/1930/1772 1921/1921/1764
f 1929/1929/1771 1921/1921/1764 1920/1920/1763
f 1930/1930/1772 1931/1931/1773 1922/1922/1765
f 1930/1930/1772 1922/1922/1765 1921/1921/1764
f 1931/1931/1773 1932/1932/1774 1923/1923/1766
f 1931/1931/1773 1923/1923/1766 1922/1922/1765
f 1932/1932/1774 1933/1933/1775 1924/1924/1759
f 1932/1932/1774 1924/1924/1759 1923/1923/1766
f 1934/1934/1776 1935/1935/1777 1936/1936/1778
f 1934/1934/1776 1936/1936/1778 1937/1937/1779
f 1935/1935/1777 1938/1938/1780 1939/1939/1781
f 1935/1935/1777 1939/1939/1781 1936/1936/1778
f 1938/1938/1780 1940/1940/1782 1941/1941/1783
f 1938/1938/1780 1941/1941/1783 1939/1939/1781
f 1940/1940/1782 1942/1942/1784 1943/1943/1785
f 1940/1940/1782 1943/1943/1785 1941/1941/1783
f 1942/1942/1784 1944/1944/1786 1945/1945/1787
f 1942/1942/1784 1945/1945/1787 1943/1943/1785
f 1944/1944/1786 1946/1946/1788 1947/1947/1789
f 1944/1944/1786 1947/1947/1789 1945/1945/1787
f 1946/1946/1788 1948/1948/1790 1949/1949/1791
f 1946/1946/1788 1949/1949/1791 1947/1947/1789
f 1948/1948/1790 1950/1950/1792 1951/1951/1779
f 1948/1948/1790 1951/1951/1779 1949/1949/1791
f 1952/1952/1793 1953/1953/1794 1935/1935/1777
f 1952/1952/1793 1935/1935/1777 1934/1934/1776
f 1953/1953/1794 1954/1954/1795 1938/1938/1780
f 1953/1953/1794 1938/1938/1780 1935/1935/1777
f 1954/1954/1795 1955/1955/1796 1940/1940/1782
f 1954/1954/1795 1940/1940/1782 1938/1938/1780
f 1955/1955/1796 1956/1956/1797 1942/1942/1784
f 1955/1955/1796 1942/1942/1784 1940/1940/1782
f 1956/1956/1797 1957/1957/1798 1944/1944/1786
f 1956/1956/1797 1944/1944/1786 1942/1942/1784
f 1957/1957/1798 1958/1958/1799 1946/1946/1788
f 1957/1957/1798 1946/1946/1788 1944/1944/1786
f 1958/1958/1799 1959/1959/1800 1948/1948/1790
f 1958/1958/1799 1948/1948/1790 1946/1946/1788
f 1959/1959/1800 1960/1960/1793 1950/1950/1792
f 1959/1959/1800 1950/1950/1792 1948/1948/1790
f 1961/1961/1801 1962/1962/1802 1953/1953/1794
f 1961/1961/1801 1953/1953/1794 1952/1952/1793
f 1962/1962/1802 1963/1963/1803 1954/1954/1795
f 1962/1962/1802 1954/1954/1795 1953/1953/1794
f 1963/1963/1803 1964/1964/1804 1955/1955/1796
f 1963/1963/1803 1955/1955/1796 1954/1954/1795
f 1964/1964/1804 1965/1965/1805 1956/1956/1797
f 1964/1964/1804 1956/1956/1797 1955/1955/1796
f 1965/1965/1805 1966/1966/1806 1957/1957/1798
f 1965/1965/1805 1957/1957/1798 1956/1956/1797
f 1966/1966/1806 1967/1967/1807 1958/1958/1799
f 1966/1966/1806 1958/1958/1799 1957/1957/1798
f 1967/1967/1807 1968/1968/1808 1959/1959/1800
f 1967/1967/1807 1959/1959/1800 1958/1958/1799
f 1968/1968/1808 1969/1969/1801 1960/1960/1793
f 1968/1968/1808 1960/1960/1793 1959/1959/1800
f 1970/1970/1809 1971/1971/1810 1962/1962/1802
f 1970/1970/1809 1962/1962/1802 1961/1961/1801
f 1971/1971/1810 1972/1972/1811 1963/1963/1803
f 1971/1971/1810 1963/1963/1803 1962/1962/1802
f 1972/1972/1811 1973/1973/1812 1964/1964/1804
f 1972/1972/1811 1964/1964/1804 1963/1963/1803
f 1973/1973/1812 1974/1974/1813 1965/1965/1805
f 1973/1973/1812 1965/1965/1805 1964/1964/1804
f 1974/1974/1813 1975/1975/1814 1966/1966/1806
f 1974/1974/1813 1966/1966/1806 1965/1965/1805
f 1975/1975/1814 1976/1976/1815 1967/1967/1807
f 1975/1975/1814 1967/1967/1807 1966/1966/1806
f 1976/1976/1815 1977/1977/1816 1968/1968/1808
f 1976/1976/1815 1968/1968/1808 1967/1967/1807
f 1977/1977/1816 1978/1978/1809 1969/1969/1801
f 1977/1977/1816 1969/1969/1801 1968/1968/1808
f 1979/1979/1817 1980/1980/1818 1981/1981/1819
f 1979/1979/1817 1981/1981/1819 1982/1982/1820
f 1980/1980/1818 1983/1983/1821 1984/1984/1822
f 1980/1980/1818 1984/1984/1822 1981/1981/1819
f 1983/1983/1821 1985/1985/1823 1986/1986/1824
f 1983/1983/1821 1986/1986/1824 1984/1984/1822
f 1985/1985/1823 1987/1987/1825 1988/1988/1826
f 1985/1985/1823 1988/1988/1826 1986/1986/1824
f 1987/1987/1825 1989/1989/1827 1990/1990/1828
f 1987/1987/1825 1990/1990/1828 1988/1988/1826
f 1989/1989/1827 1991/1991/1829 1992/1992/1830
f 1989/1989/1827 1992/1992/1830 1990/1990/1828
f 1991/1991/1829 1993/1993/1831 1994/1994/1832
f 1991/1991/1829 1994/1994/1832 1992/1992/1830
f 1995/1995/1831 1979/1979/1817 1982/1982/1820
f 1995/1995/1831 1982/1982/1820 1996/1996/1832
f 1997/1997/1833 1998/1998/1834 1980/1980/1818
f 1997/1997/1833 1980/1980/1818 1979/1979/1817
f 1998/1998/1834 1999/1999/1835 1983/1983/1821
f 1998/1998/1834 1983/1983/1821 1980/1980/1818
f 1999/1999/1835 2000/2000/1836 1985/1985/1823
f 1999/1999/1835 1985/1985/1823 1983/1983/1821
f 2000/2000/1836 2001/2001/1837 1987/1987/1825
f 2000/2000/1836 1987/1987/1825 1985/1985/1823
f 2001/2001/1837 2002/2002/1838 1989/1989/1827
f 2001/2001/1837 1989/1989/1827 1987/1987/1825
f 2002/2002/1838 2003/2003/1839 1991/1991/1829
f 2002/2002/1838 1991/1991/1829 1989/1989/1827
f 2003/2003/1839 2004/2004/1840 1993/1993/1831
f 2003/2003/1839 1993/1993/1831 1991/1991/1829
f 2005/2005/1840 1997/1997/1833 1979/1979/1817
f 2005/2005/1840 1979/1979/1817 1995/1995/1831
f 2006/2006/1841 2007/2007/1842 1998/1998/1834
f 2006/2006/1841 1998/1998/1834 1997/1997/1833
f 2007/2007/1842 2008/2008/1843 1999/1999/1835
f 2007/2007/1842 1999/1999/1835 1998/1998/1834
f 2008/2008/1843 2009/2009/1844 2000/2000/1836
f 2008/2008/1843 2000/2000/1836 1999/1999/1835
f 2009/2009/1844 2010/2010/1845 2001/2001/1837
f 2009/2009/1844 2001/2001/1837 2000/2000/1836
f 2010/2010/1845 2011/2011/1846 2002/2002/1838
f 2010/2010/1845 2002/2002/1838 2001/2001/1837
f 2011/2011/1846 2012/2012/1847 2003/2003/1839
f 2011/2011/1846 2003/2003/1839 2002/2002/1838
f 2012/2012/1847 2013/2013/1848 2004/2004/1840
f 2012/2012/1847 2004/2004/1840 2003/2003/1839
f 2014/2014/1848 2006/2006/1841 1997/1997/1833
f 2014/2014/1848 1997/1997/1833 2005/2005/1840
f 2015/2015/1849 2016/2016/1850 2007/2007/1842
f 2015/2015/1849 2007/2007/1842 2006/2006/1841
f 2016/2016/1850 2017/2017/1851 2008/2008/1843
f 2016/2016/1850 2008/2008/1843 2007/2007/1842
f 2017/2017/1851 2018/2018/1852 2009/2009/1844
f 2017/2017/1851 2009/2009/1844 2008/2008/1843
f 2018/2018/1852 2019/2019/1853 2010/2010/1845
f 2018/2018/1852 2010/2010/1845 2009/2009/1844
f 2019/2019/1853 2020/2020/1854 2011/2011/1846
f 2019/2019/1853 2011/2011/1846 2010/2010/1845
f 2020/2020/1854 2021/2021/1855 2012/2012/1847
f 2020/2020/1854 2012/2012/1847 2011/2011/1846
f 2021/2021/1855 2022/2022/1856 2013/2013/1848
f 2021/2021/1855 2013/2013/1848 2012/2012/1847
f 2023/2023/1857 2015/2015/1849 2006/2006/1841
f 2023/2023/1857 2006/2006/1841 2014/2014/1848
f 2024/2024/1858 2025/2025/1859 2026/2026/1860
f 2024/2024/1858 2026/2026/1860 2027/2027/1861
f 2025/2025/1859 2028/2028/1862 2029/2029/1863
f 2025/2025/1859 2029/2029/1863 2026/2026/1860
f 2028/2028/1862 2030/2030/1864 2031/2031/1865
f 2028/2028/1862 2031/2031/1865 2029/2029/1863
f 2030/2030/1864 2032/2032/1866 2033/2033/1867
f 2030/2030/1864 2033/2033/1867 2031/2031/1865
f 2032/2032/1866 2034/2034/1868 2035/2035/1869
f 2032/2032/1866 2035/2035/1869 2033/2033/1867
f 2034/2034/1868 2036/2036/1870 2037/2037/1871
f 2034/2034/1868 2037/2037/1871 2035/2035/1869
f 2036/2036/1870 2038/2038/1872 2039/2039/1873
f 2036/2036/1870 2039/2039/1873 2037/2037/1871
f 2038/2038/1872 2040/2040/1858 2041/2041/1874
f 2038/2038/1872 2041/2041/1874 2039/2039/1873
f 2042/2042/1875 2043/2043/1876 2025/2025/1859
f 2042/2042/1875 2025/2025/1859 2024/2024/1858
f 2043/2043/1876 2044/2044/1877 2028/2028/1862
f 2043/2043/1876 2028/2028/1862 2025/2025/1859
f 2044/2044/1877 2045/2045/1878 2030/2030/1864
f 2044/2044/1877 2030/2030/1864 2028/2028/1862
f 2045/2045/1878 2046/2046/1879 2032/2032/1866
f 2045/2045/1878 2032/2032/1866 2030/2030/1864
f 2046/2046/1879 2047/2047/1880 2034/2034/1868
f 2046/2046/1879 2034/2034/1868 2032/2032/1866
f 2047/2047/1880 2048/2048/1881 2036/2036/1870
f 2047/2047/1880 2036/2036/1870 2034/2034/1868
f 2048/2048/1881 2049/2049/1882 2038/2038/1872
f 2048/2048/1881 2038/2038/1872 2036/2036/1870
f 2049/2049/1882 2050/2050/1875 2040/2040/1858
f 2049/2049/1882 2040/2040/1858 2038/2038/1872
f 2051/2051/1883 2052/2052/1884 2043/2043/1876
f 2051/2051/1883 2043/2043/1876 2042/2042/1875
f 2052/2052/1884 2053/2053/1885 2044/2044/1877
f 2052/2052/1884 2044/2044/1877 2043/2043/1876
f 2053/2053/1885 2054/2054/1886 2045/2045/1878
f 2053/2053/1885 2045/2045/1878 2044/2044/1877
f 2054/2054/1886 2055/2055/1887 2046/2046/1879
f 2054/2054/1886 2046/2046/1879 2045/2045/1878
f 2055/2055/1887 2056/2056/1888 2047/2047/1880
f 2055/2055/1887 2047/2047/1880 2046/2046/1879
f 2056/2056/1888 2057/2057/1889 2048/2048/1881
f 2056/2056/1888 2048/2048/1881 2047/2047/1880
f 2057/2057/1889 2058/2058/1890 2049/2049/1882
f 2057/2057/1889 2049/2049/1882 2048/2048/1881
f 2058/2058/1890 2059/2059/1883 2050/2050/1875
f 2058/2058/1890 2050/2050/1875 2049/2049/1882
f 2060/2060/1891 2061/2061/1892 2052/2052/1884
f 2060/2060/1891 2052/2052/1884 2051/2051/1883
f 2061/2061/1892 2062/2062/1893 2053/2053/1885
f 2061/2061/1892 2053/2053/1885 2052/2052/1884
f 2062/2062/1893 2063/2063/1894 2054/2054/1886
f 2062/2062/1893 2054/2054/1886 2053/2053/1885
f 2063/2063/1894 2064/2064/1895 2055/2055/1887
f 2063/2063/1894 2055/2055/1887 2054/2054/1886
f 2064/2064/1895 2065/2065/1896 2056/2056/1888
f 2064/2064/1895 2056/2056/1888 2055/2055/1887
f 2065/2065/1896 2066/2066/1897 2057/2057/1889
f 2065/2065/1896 2057/2057/1889 2056/2056/1888
f 2066/2066/1897 2067/2067/1898 2058/2058/1890
f 2066/2066/1897 2058/2058/1890 2057/2057/1889
f 2067/2067/1898 2068/2068/1891 2059/2059/1883
f 2067/2067/1898 2059/2059/1883 2058/2058/1890
o Leaves_Mat.1_0
v 0.177572 0.239483 -0.010317
v 0.187687 0.232586 -0.002020
v 0.191776 0.227356 -0.022294
v 0.173042 0.231513 0.000532
v 0.198384 0.229483 0.007433
v 0.181301 0.239160 0.009096
v 0.241884 0.193551 0.000856
v 0.241346 0.186960 -0.004224
v 0.227810 0.205560 -0.000761
v 0.231934 0.210983 0.012823
v 0.219484 0.225092 0.014636
v 0.220224 0.196121 -0.008529
v 0.234672 0.168251 -0.012648
v 0.231688 0.198735 -0.033751
v 0.219705 0.206429 -0.020211
v 0.234018 0.190990 -0.020546
v 0.215366 0.215112 -0.033664
v 0.202362 0.223894 -0.024172
v 0.213458 0.219077 0.002304
v 0.361686 0.540251 0.126734
v 0.367148 0.533132 0.129633
v 0.381246 0.519181 0.118294
v 0.332807 0.557694 0.110307
v 0.330301 0.563143 0.107171
v 0.322936 0.572642 0.111832
v 0.389946 0.515833 0.104592
v 0.381778 0.512241 0.109316
v 0.396832 0.486347 0.109870
v 0.382111 0.518249 0.117921
v 0.333746 0.573446 0.091970
v 0.336046 0.558992 0.100664
v 0.348758 0.564371 0.084728
v 0.341443 0.553168 0.106242
v -0.236088 0.361369 -0.058642
v -0.244462 0.353717 -0.061492
v -0.240044 0.355811 -0.054076
v -0.199660 0.384157 -0.064511
v -0.191926 0.376095 -0.073405
v -0.206530 0.376653 -0.068499
v -0.180873 0.362481 -0.084096
v -0.177421 0.365962 -0.090671
v -0.186165 0.357730 -0.088453
v -0.264172 0.270639 -0.116324
v -0.247336 0.294045 -0.140532
v -0.261559 0.276249 -0.131587
v -0.241135 0.302202 -0.138009
v -0.246638 0.294089 -0.110777
v -0.273002 0.252435 -0.118059
v -0.275910 0.250282 -0.128048
v -0.282508 0.228253 -0.137604
v -0.300178 0.196119 -0.106948
v -0.299260 0.217263 -0.107307
v -0.294319 0.188757 -0.119707
v -0.288119 0.251131 -0.110905
v -0.295088 0.231657 -0.110385
v -0.299877 0.239260 -0.098604
v -0.280340 0.222888 -0.124637
v -0.184512 0.374361 -0.078277
v -0.279541 0.274711 -0.104419
v -0.278452 0.279207 -0.102146
v -0.277139 0.314647 -0.085003
v -0.269443 0.324010 -0.081233
v -0.274885 0.305483 -0.092351
v -0.168494 0.374297 -0.118854
v -0.162978 0.384127 -0.097848
v -0.227794 0.364662 -0.067073
v -0.156187 0.387434 -0.102644
v -0.142658 0.388602 -0.124635
v -0.160689 0.381535 -0.121764
v -0.288189 0.257076 -0.103504
v -0.281485 0.267395 -0.107732
v -0.276233 0.292818 -0.097953
v -0.283367 0.304650 -0.078935
v -0.280170 0.304019 -0.086960
v -0.284799 0.296770 -0.088665
v -0.283727 0.212800 -0.124876
v -0.282044 0.188529 -0.127327
v -0.292755 0.266112 -0.100933
v -0.274525 0.235580 -0.142789
v -0.255468 0.283832 -0.140619
v 0.260576 0.303394 0.123804
v 0.266293 0.295107 0.127712
v 0.281772 0.277558 0.116005
v 0.229073 0.324081 0.103152
v 0.226633 0.330260 0.099157
v 0.218718 0.341870 0.103690
v 0.291821 0.272305 0.100784
v 0.282141 0.269025 0.106190
v 0.297664 0.238543 0.108856
v 0.282709 0.276415 0.115660
v 0.231592 0.340828 0.081223
v 0.233084 0.324739 0.092133
v 0.248337 0.329052 0.073919
v 0.238747 0.318106 0.099021
v -0.093200 0.653704 0.113065
v -0.105494 0.645869 0.125690
v -0.098982 0.627487 0.168150
v -0.037520 0.657359 0.060378
v -0.027218 0.664387 0.054374
v -0.026972 0.677656 0.031591
v -0.079257 0.623626 0.195441
v -0.086119 0.612034 0.179791
v -0.109425 0.576315 0.223778
v -0.099238 0.626328 0.170586
v 0.005728 0.681092 0.064157
v -0.020114 0.659101 0.071947
v 0.006749 0.673853 0.102275
v -0.036732 0.654514 0.081780
v 0.020924 0.712751 -0.211333
v 0.049485 0.699979 -0.233723
v 0.002024 0.685312 -0.258458
v 0.047305 0.692039 -0.195835
v 0.080462 0.697333 -0.255569
v 0.072175 0.715980 -0.208553
v 0.098176 0.620513 -0.380541
v 0.086516 0.602676 -0.384594
v 0.082920 0.645841 -0.342336
v 0.118439 0.663191 -0.342293
v 0.112344 0.694999 -0.305290
v 0.060862 0.617657 -0.331402
v 0.065416 0.550923 -0.379452
v 0.003640 0.625260 -0.375081
v 0.028810 0.642360 -0.334011
v 0.040054 0.608040 -0.375188
v -0.009651 0.661200 -0.328722
v 0.004460 0.680155 -0.287281
v -0.069345 0.713721 -0.125262
v -0.099422 0.700647 -0.174731
v -0.096381 0.676553 -0.135047
v 0.078962 0.675580 -0.299986
v -0.142329 0.644557 -0.180827
v -0.158864 0.441751 0.120482
v -0.184154 0.429690 0.114026
v -0.176306 0.420457 0.153691
v -0.160238 0.425480 0.098214
v -0.210902 0.425047 0.105689
v -0.180627 0.441346 0.088804
v -0.287577 0.361689 0.153670
v -0.283490 0.348914 0.162777
v -0.259810 0.382991 0.144792
v -0.277028 0.393876 0.123394
v -0.254554 0.419427 0.109510
v -0.241460 0.363733 0.153434
v -0.267403 0.311825 0.173961
v -0.241899 0.370840 0.207065
v -0.230172 0.383833 0.173109
v -0.257272 0.355946 0.185896
v -0.210919 0.400265 0.193097
v -0.194094 0.415284 0.165483
v -0.067218 0.451196 0.134701
v -0.081961 0.441130 0.175309
v -0.058254 0.424678 0.155910
v -0.235002 0.407103 0.127247
v -0.062356 0.401591 0.204613
v 0.001284 0.406785 -0.062863
v 0.010487 0.408843 -0.059296
v 0.011003 0.410956 -0.073675
v 0.005630 0.400139 -0.057323
v 0.018181 0.412600 -0.054212
v 0.006621 0.406865 -0.050488
v 0.053010 0.422991 -0.067564
v 0.055240 0.420588 -0.072208
v 0.040836 0.420134 -0.065591
v 0.042260 0.423241 -0.055812
v 0.030302 0.421776 -0.051239
v 0.041193 0.412999 -0.072309
v 0.060631 0.410375 -0.081316
v 0.039688 0.422711 -0.088535
v 0.033449 0.417871 -0.077715
v 0.047124 0.419696 -0.081676
v 0.024674 0.420175 -0.084465
v 0.016697 0.415585 -0.076004
v -0.023502 0.390327 -0.076397
v -0.017236 0.397495 -0.088697
v -0.018984 0.385576 -0.086821
v 0.028655 0.417274 -0.060260
v -0.012036 0.388655 -0.104184
v 0.231284 0.408239 0.000422
v 0.241925 0.404575 0.008622
v 0.247798 0.401259 -0.010297
v 0.228900 0.399667 0.010405
v 0.252032 0.404472 0.017947
v 0.233977 0.408635 0.018835
v 0.301111 0.383713 0.013438
v 0.302582 0.377698 0.008611
v 0.285276 0.390834 0.011376
v 0.287020 0.396616 0.024346
v 0.271956 0.406012 0.025587
v 0.281253 0.380414 0.003715
v 0.301879 0.359161 0.000332
v 0.291881 0.386222 -0.019518
v 0.278492 0.389767 -0.007254
v 0.295533 0.379643 -0.007031
v 0.272787 0.396663 -0.020053
v 0.258344 0.400981 -0.011634
v 0.194328 0.404889 -0.025289
v 0.210084 0.403306 -0.039805
v 0.197656 0.392462 -0.036413
v 0.268605 0.399170 0.013712
v 0.211911 0.384097 -0.056712
v -0.163089 0.213755 0.062303
v -0.168073 0.212759 0.061881
v -0.176450 0.209030 0.070166
v -0.143214 0.210208 0.064406
v -0.139917 0.211306 0.065557
v -0.134608 0.213994 0.061921
v -0.178806 0.207893 0.078741
v -0.177503 0.204762 0.074459
v -0.192113 0.198129 0.076735
v -0.177041 0.208821 0.070514
v -0.135442 0.214244 0.074130
v -0.142521 0.210137 0.069909
v -0.143235 0.213528 0.080774
v -0.147484 0.210109 0.068201
v 0.159559 0.143372 0.235912
v 0.161209 0.138500 0.242249
v 0.176155 0.126030 0.245726
v 0.150454 0.151990 0.205952
v 0.150808 0.155709 0.201441
v 0.143811 0.163835 0.198358
v 0.189366 0.121461 0.242512
v 0.181161 0.118546 0.241775
v 0.189538 0.098437 0.255836
v 0.176889 0.125263 0.246160
v 0.162047 0.161775 0.191521
v 0.158023 0.151552 0.201338
v 0.175557 0.154266 0.197079
v 0.158204 0.148272 0.209068
v 0.177621 0.120307 -0.124477
v 0.182352 0.116416 -0.126706
v 0.182881 0.106455 -0.138950
v 0.155443 0.127190 -0.112917
v 0.151850 0.130160 -0.112530
v 0.150460 0.136650 -0.106583
v 0.178412 0.102806 -0.148847
v 0.179042 0.100478 -0.142298
v 0.188846 0.084417 -0.150946
v 0.183114 0.105843 -0.139590
v 0.142407 0.135005 -0.119891
v 0.150706 0.126840 -0.118179
v 0.144780 0.129008 -0.131316
v 0.156748 0.124220 -0.119459
v -0.152104 0.632684 0.013452
v -0.166977 0.644866 0.008942
v -0.165321 0.638367 0.022607
v -0.207631 0.643236 -0.067315
v -0.216857 0.640437 -0.073002
v -0.241696 0.633328 -0.064755
v -0.171393 0.638100 -0.041924
v -0.167131 0.637736 -0.036474
v -0.153591 0.641413 -0.038611
v -0.255140 0.632574 -0.050412
v -0.248238 0.624901 -0.056506
v -0.278967 0.609415 -0.065484
v -0.243202 0.632889 -0.064641
v -0.167975 0.644161 -0.016051
v -0.175745 0.639287 -0.030617
v -0.188313 0.649108 -0.011332
v -0.183586 0.638306 -0.038999
v -0.181222 0.638045 0.027928
v -0.247250 0.548759 0.034784
v -0.261685 0.548577 0.029232
v -0.263325 0.551519 0.051287
v -0.251336 0.537310 0.026248
v -0.274458 0.551469 0.021367
v -0.255140 0.547012 0.015753
v -0.330240 0.554612 0.041550
v -0.332756 0.550226 0.048656
v -0.311039 0.554666 0.038629
v -0.314183 0.558818 0.023614
v -0.295777 0.560877 0.016702
v -0.309101 0.543875 0.048932
v -0.337259 0.533053 0.062582
v -0.310432 0.558873 0.073837
v -0.299314 0.553881 0.057292
v -0.320404 0.551752 0.063250
v -0.287088 0.560416 0.067723
v -0.273485 0.556408 0.054811
v -0.204535 0.532948 0.055760
v -0.216530 0.541403 0.074575
v -0.209683 0.524234 0.071712
v -0.291799 0.554723 0.030555
v -0.221289 0.526335 0.098289
v 0.145505 0.647522 -0.107516
v 0.157620 0.651312 -0.110877
v 0.150745 0.645203 -0.114734
v 0.110040 0.634082 -0.076980
v 0.117842 0.627530 -0.064602
v 0.121802 0.637304 -0.078327
v 0.130190 0.615926 -0.048962
v 0.127947 0.618452 -0.040395
v 0.138776 0.619655 -0.048721
v 0.267243 0.646376 -0.080241
v 0.247064 0.658504 -0.045135
v 0.266772 0.655201 -0.063997
v 0.235553 0.656947 -0.042802
v 0.234954 0.642997 -0.072144
v 0.289186 0.643806 -0.085870
v 0.296470 0.649942 -0.078687
v 0.324172 0.647247 -0.076031
v 0.350496 0.627452 -0.118400
v 0.330059 0.639250 -0.115585
v 0.359983 0.624782 -0.103579
v 0.294259 0.651779 -0.102162
v 0.315704 0.645813 -0.108807
v 0.305902 0.648243 -0.122026
v 0.323210 0.635819 -0.087106
v 0.118157 0.622917 -0.055567
v 0.265419 0.655310 -0.100593
v 0.259751 0.655908 -0.101596
v 0.218581 0.666943 -0.113393
v 0.204769 0.664245 -0.111155
v 0.229239 0.663441 -0.106010
v 0.127205 0.630216 -0.007987
v 0.107092 0.620902 -0.022992
v 0.142042 0.646921 -0.094188
v 0.102842 0.619707 -0.013968
v 0.104462 0.620411 0.014996
v 0.118011 0.629544 0.000292
v 0.285692 0.651591 -0.108500
v 0.274566 0.654283 -0.099424
v 0.244131 0.659949 -0.102834
v 0.228465 0.663126 -0.123836
v 0.230831 0.664184 -0.114463
v 0.240460 0.664579 -0.116474
v 0.334422 0.632802 -0.089939
v 0.357807 0.618466 -0.088796
v 0.278066 0.659308 -0.112950
v 0.315715 0.647626 -0.065531
v 0.260426 0.659209 -0.051123
v 0.046387 0.514704 0.035376
v 0.024068 0.517247 0.055966
v 0.061034 0.530016 0.068916
v 0.026698 0.488143 0.041982
v -0.000364 0.527291 0.069254
v 0.006541 0.513664 0.032054
v -0.014705 0.542358 0.187049
v -0.005290 0.531296 0.201452
v -0.002720 0.539554 0.149690
v -0.030740 0.551793 0.137852
v -0.026054 0.554449 0.096669
v 0.015321 0.511694 0.163504
v 0.012467 0.488484 0.234634
v 0.058740 0.546225 0.180291
v 0.039571 0.533768 0.147455
v 0.030865 0.531489 0.192566
v 0.069100 0.546702 0.131374
v 0.058486 0.535875 0.096982
v 0.079830 0.533162 0.066008
v 0.092061 0.546380 0.092329
v 0.052970 0.510445 0.024833
v 0.000461 0.537271 0.107209
v 0.187179 0.496384 0.174230
v 0.192894 0.488520 0.183058
v 0.192981 0.489310 0.173117
v 0.151009 0.522756 0.155072
v 0.137710 0.515688 0.160566
v 0.154648 0.515290 0.164102
v 0.119612 0.502862 0.166868
v 0.112958 0.508056 0.170547
v 0.121805 0.498511 0.174864
v 0.172661 0.408076 0.261158
v 0.145274 0.438892 0.270485
v 0.162186 0.417406 0.273207
v 0.141531 0.447379 0.263114
v 0.161232 0.432827 0.241759
v 0.178340 0.388336 0.271051
v 0.175347 0.388010 0.282593
v 0.174096 0.365656 0.299339
v 0.204983 0.323881 0.285893
v 0.206101 0.347294 0.281971
v 0.191412 0.318379 0.296008
v 0.196838 0.385421 0.273067
v 0.201843 0.363817 0.279981
v 0.213857 0.369786 0.270145
v 0.178684 0.357071 0.286713
v 0.127628 0.514778 0.161295
v 0.194619 0.410120 0.257844
v 0.195305 0.414616 0.254265
v 0.207313 0.450213 0.230929
v 0.202946 0.459776 0.221309
v 0.200068 0.441608 0.238265
v 0.089434 0.523049 0.190822
v 0.096860 0.529586 0.165952
v 0.174781 0.501754 0.176956
v 0.087949 0.534224 0.166071
v 0.062682 0.540037 0.179103
v 0.081006 0.531639 0.187873
v 0.201663 0.390463 0.265010
v 0.193885 0.402724 0.263397
v 0.196919 0.428778 0.246604
v 0.215691 0.437929 0.230464
v 0.208044 0.438882 0.236397
v 0.210817 0.431229 0.241934
v 0.180778 0.345983 0.290651
v 0.175246 0.319697 0.296322
v 0.208462 0.399907 0.263561
v 0.164233 0.374811 0.298439
v 0.152032 0.427633 0.276999
v -0.022218 0.351284 0.214688
v -0.025960 0.350925 0.226813
v -0.010415 0.346099 0.252909
v -0.006315 0.334328 0.169840
v -0.001721 0.335720 0.162096
v -0.007650 0.339722 0.146283
v 0.009122 0.345090 0.263635
v -0.000581 0.336476 0.259586
v -0.003034 0.326643 0.298621
v -0.009893 0.345870 0.254599
v 0.021547 0.341792 0.154719
v 0.007426 0.334356 0.171165
v 0.033439 0.343954 0.177227
v 0.000578 0.336246 0.182129
v 0.278371 0.653776 0.123714
v 0.285410 0.654568 0.146293
v 0.313652 0.655677 0.127155
v 0.270769 0.637723 0.137891
v 0.288450 0.660371 0.168729
v 0.262916 0.654162 0.151312
v 0.365841 0.662881 0.216316
v 0.376231 0.655149 0.213106
v 0.344141 0.663126 0.196018
v 0.329642 0.671803 0.213503
v 0.304148 0.675727 0.197707
v 0.353412 0.645087 0.185134
v 0.395231 0.626934 0.207222
v 0.386111 0.664103 0.161647
v 0.355234 0.658884 0.164435
v 0.382125 0.655042 0.184360
v 0.356831 0.667045 0.139228
v 0.328047 0.662727 0.135502
v 0.316245 0.664169 0.180532
v 0.020655 0.177562 -0.246373
v 0.023909 0.173688 -0.255886
v 0.010860 0.162203 -0.275359
v 0.006759 0.177345 -0.205813
v 0.002817 0.180751 -0.200099
v 0.007767 0.188580 -0.188645
v -0.005655 0.158299 -0.283760
v 0.002502 0.152607 -0.277917
v 0.004785 0.133261 -0.306064
v 0.010427 0.161523 -0.276641
v -0.016944 0.187835 -0.196211
v -0.004894 0.177021 -0.206990
v -0.026874 0.182956 -0.214860
v 0.001001 0.175269 -0.216216
v -0.115236 0.213330 -0.265239
v -0.111715 0.211421 -0.280634
v -0.134534 0.209825 -0.278832
v -0.104316 0.210179 -0.268191
v -0.106327 0.213322 -0.295270
v -0.097034 0.213696 -0.276228
v -0.134990 0.201834 -0.347989
v -0.141458 0.195645 -0.348540
v -0.129378 0.206149 -0.329310
v -0.115790 0.212519 -0.335786
v -0.106757 0.219430 -0.318932
v -0.136999 0.193856 -0.323811
v -0.152201 0.175088 -0.347817
v -0.165243 0.203739 -0.323129
v -0.146117 0.204081 -0.314143
v -0.154565 0.196765 -0.333841
v -0.156194 0.210938 -0.301112
v -0.140546 0.212044 -0.289153
v -0.126531 0.203036 -0.216127
v -0.150525 0.207085 -0.228873
v -0.143544 0.196278 -0.214672
v -0.118634 0.211456 -0.311507
v -0.172482 0.185404 -0.222522
v -0.152099 0.349990 0.057070
v -0.159459 0.345837 0.061034
v -0.161637 0.334302 0.080364
v -0.119733 0.353272 0.039144
v -0.114097 0.356701 0.037984
v -0.111126 0.364415 0.028261
v -0.155633 0.330251 0.095083
v -0.157178 0.325826 0.086256
v -0.173769 0.306752 0.101758
v -0.162059 0.333608 0.081394
v -0.099551 0.363172 0.047397
v -0.112897 0.352913 0.046639
v -0.103643 0.357398 0.064798
v -0.121913 0.350609 0.049018
v -0.181940 0.570981 -0.173750
v -0.189683 0.569681 -0.184276
v -0.190130 0.566868 -0.174719
v -0.139687 0.572349 -0.149593
v -0.129932 0.563063 -0.158289
v -0.145358 0.570641 -0.160338
v -0.118009 0.547288 -0.170153
v -0.109607 0.550380 -0.172309
v -0.121193 0.547288 -0.178959
v -0.197670 0.521095 -0.287017
v -0.159749 0.539768 -0.287151
v -0.183558 0.529154 -0.295842
v -0.153465 0.542889 -0.277604
v -0.178730 0.530737 -0.261174
v -0.210010 0.510080 -0.302707
v -0.206609 0.512711 -0.313834
v -0.213170 0.499175 -0.337402
v -0.258918 0.471123 -0.336985
v -0.250938 0.490042 -0.325018
v -0.247978 0.464694 -0.349465
v -0.227965 0.515599 -0.304093
v -0.240631 0.501682 -0.317713
v -0.249942 0.507994 -0.305458
v -0.221636 0.489228 -0.328261
v -0.121011 0.558582 -0.160116
v -0.217194 0.530296 -0.281407
v -0.216286 0.533115 -0.276435
v -0.214781 0.559788 -0.241190
v -0.207653 0.562780 -0.229219
v -0.211052 0.552231 -0.251647
v -0.080741 0.561020 -0.187890
v -0.086654 0.560689 -0.161788
v -0.168274 0.571625 -0.175426
v -0.076650 0.561161 -0.161002
v -0.050320 0.560762 -0.173192
v -0.069823 0.563949 -0.182816
v -0.230938 0.518924 -0.294412
v -0.219071 0.525697 -0.289243
v -0.212680 0.543057 -0.264186
v -0.227349 0.552496 -0.244380
v -0.219564 0.552396 -0.250206
v -0.224754 0.548952 -0.257830
v -0.227675 0.482037 -0.335653
v -0.232631 0.459563 -0.350622
v -0.233523 0.529100 -0.289188
v -0.200575 0.502745 -0.334158
v -0.169950 0.535178 -0.296624
v -0.175252 0.790116 -0.069041
v -0.183379 0.796222 -0.097178
v -0.218249 0.802491 -0.072542
v -0.169990 0.770395 -0.089261
v -0.185213 0.807370 -0.124480
v -0.155635 0.790352 -0.103889
v -0.279357 0.838204 -0.182689
v -0.294329 0.831074 -0.179601
v -0.252810 0.829728 -0.157497
v -0.232286 0.838946 -0.178442
v -0.199989 0.834598 -0.158437
v -0.269311 0.808555 -0.146261
v -0.325520 0.800767 -0.175950
v -0.304905 0.837373 -0.113534
v -0.268146 0.823012 -0.118262
v -0.302083 0.828428 -0.143419
v -0.268301 0.829849 -0.085410
v -0.233986 0.816229 -0.081795
v -0.162632 0.741279 0.013803
v -0.202931 0.762549 0.021129
v -0.195361 0.727180 0.021881
v -0.218322 0.821241 -0.138329
v -0.248838 0.736318 0.036702
v 0.135671 0.411603 -0.220937
v 0.145088 0.404936 -0.230498
v 0.139290 0.386418 -0.261183
v 0.094490 0.416873 -0.178132
v 0.086391 0.422378 -0.173686
v 0.086430 0.434762 -0.157365
v 0.123120 0.379915 -0.280928
v 0.129662 0.372811 -0.268116
v 0.147788 0.342189 -0.299743
v 0.139450 0.385304 -0.262963
v 0.059624 0.432767 -0.181250
v 0.080458 0.416296 -0.186398
v 0.057675 0.423497 -0.209882
v 0.093166 0.412597 -0.194311
v 0.207330 0.213825 -0.005857
v 0.198503 0.233668 0.014911
v 0.249493 0.176749 0.018434
v 0.246175 0.186773 0.025281
v 0.254721 0.166418 0.036540
v 0.258310 0.156739 0.027808
v 0.241969 0.191979 0.031530
v 0.243568 0.174552 0.044924
v 0.241577 0.197467 0.014372
v 0.235921 0.201372 0.023251
v 0.242611 0.188324 0.011364
v 0.229354 0.213965 0.032592
v 0.234261 0.206602 0.027465
v 0.238076 0.200786 0.044412
v 0.241900 0.195373 0.037045
v 0.242478 0.190607 0.052627
v 0.248934 0.181298 0.046308
v 0.226214 0.207567 0.051483
v 0.225476 0.194238 0.061482
v 0.223436 0.220316 0.036449
v 0.215324 0.230169 0.022217
v 0.217398 0.215957 0.045441
v 0.207973 0.223299 0.047907
v 0.216369 0.207118 0.065788
v 0.227508 0.198648 0.062450
v 0.212135 0.227645 0.030310
v 0.204340 0.233930 0.032161
v 0.201049 0.237706 0.020905
v 0.196606 0.237566 0.034499
v 0.200095 0.232681 0.043704
v 0.200343 0.226923 0.050883
v 0.202671 0.214321 0.066810
v 0.174733 0.249158 0.029563
v 0.180220 0.242131 0.049178
v 0.192512 0.236197 0.043846
v 0.188603 0.228609 0.061310
v 0.195004 0.229917 0.052773
v 0.191696 0.221334 0.066199
v 0.201147 0.216654 0.065512
v 0.174779 0.231808 0.059495
v 0.179222 0.225092 0.066428
v 0.159611 0.248910 0.046618
v 0.155886 0.255453 0.032421
v 0.175344 0.248444 0.019940
v 0.154153 0.248767 0.015615
v 0.177210 0.244249 0.014988
v 0.163037 0.237504 0.005974
v 0.250505 0.157082 0.001016
v 0.255464 0.164121 0.006896
v 0.259685 0.150193 0.011769
v 0.254265 0.142903 0.003197
v 0.252125 0.172932 0.011340
v 0.255497 0.156464 0.021021
v 0.248050 0.176549 0.001066
v 0.245465 0.182248 0.005616
v 0.243598 0.167860 -0.004869
v 0.250614 0.155132 -0.003297
v 0.244509 0.147793 -0.015989
v 0.254356 0.141555 -0.000478
v 0.247090 0.130821 -0.016856
v 0.181874 0.205862 -0.086708
v 0.181277 0.221949 -0.066703
v 0.193468 0.219619 -0.067504
v 0.196665 0.201975 -0.086969
v 0.184701 0.229395 -0.050646
v 0.195050 0.228663 -0.050525
v 0.188068 0.231438 -0.030821
v 0.201446 0.231712 -0.040652
v 0.170393 0.218480 -0.083247
v 0.170715 0.226864 -0.067970
v 0.176516 0.236707 -0.051022
v 0.178530 0.242003 -0.037784
v 0.211661 0.195161 -0.084887
v 0.212067 0.205365 -0.073915
v 0.218223 0.198472 -0.070983
v 0.222371 0.185630 -0.078955
v 0.209113 0.221256 -0.049210
v 0.213095 0.212618 -0.048400
v 0.214629 0.204246 -0.061363
v 0.210739 0.214052 -0.062615
v 0.198945 0.202669 -0.081266
v 0.198011 0.210875 -0.073987
v 0.200911 0.225779 -0.050662
v 0.197670 0.215370 -0.066903
v 0.225637 0.201336 -0.049981
v 0.217213 0.205113 -0.054509
v 0.225143 0.191462 -0.059650
v 0.216940 0.194727 -0.065984
v 0.225414 0.181937 -0.065869
v 0.215268 0.184941 -0.073429
v 0.229868 0.168857 -0.076075
v 0.218325 0.177056 -0.077543
v 0.229927 0.175520 -0.063151
v 0.232058 0.162446 -0.068570
v 0.227289 0.185079 -0.052315
v 0.228566 0.193461 -0.042311
v 0.240397 0.152798 -0.060119
v 0.241509 0.169273 -0.051091
v 0.238924 0.163076 -0.039767
v 0.245516 0.145422 -0.047956
v 0.237517 0.182592 -0.034733
v 0.233831 0.174797 -0.029783
v 0.234339 0.177005 -0.024465
v 0.236071 0.167532 -0.027049
v 0.242922 0.155007 -0.034091
v 0.244699 0.141637 -0.041200
v 0.231874 0.160982 -0.067433
v 0.232689 0.174560 -0.062009
v 0.235687 0.191255 -0.042953
v 0.171757 0.241653 -0.011995
v 0.151590 0.231745 -0.072993
v 0.158520 0.247392 -0.052895
v 0.166076 0.235399 -0.060856
v 0.165429 0.222251 -0.077821
v 0.156215 0.250570 -0.032930
v 0.170034 0.242272 -0.045233
v 0.163394 0.244758 -0.014870
v 0.142451 0.249598 -0.051150
v 0.140383 0.253962 -0.036158
v 0.141900 0.253168 -0.019962
v 0.148643 0.242755 -0.001606
v 0.165429 0.236336 -0.001120
v 0.327990 0.569554 0.126940
v 0.338636 0.557423 0.135603
v 0.397874 0.506919 0.041694
v 0.385920 0.536000 0.058185
v 0.385768 0.527444 0.064032
v 0.403867 0.492505 0.046636
v 0.372346 0.546888 0.074190
v 0.370391 0.538886 0.082565
v 0.388195 0.513893 0.037587
v 0.382660 0.537504 0.048128
v 0.371212 0.546281 0.064396
v 0.360773 0.550163 0.091285
v 0.368905 0.542583 0.087320
v 0.358098 0.555465 0.085064
v 0.369081 0.518454 0.032996
v 0.363967 0.543768 0.044710
v 0.369352 0.535818 0.048773
v 0.377878 0.507004 0.036525
v 0.358120 0.562438 0.064945
v 0.362610 0.555573 0.068810
v 0.355779 0.558790 0.082504
v 0.360026 0.529620 0.030620
v 0.358032 0.551608 0.042096
v 0.354141 0.568035 0.062503
v 0.348549 0.566648 0.076222
v 0.338614 0.571871 0.053057
v 0.332069 0.578200 0.071451
v 0.342270 0.566350 0.061354
v 0.352508 0.556029 0.044139
v 0.325864 0.572197 0.058078
v 0.314796 0.573866 0.067005
v 0.331781 0.578709 0.085271
v 0.340712 0.567953 0.075387
v 0.317847 0.578921 0.083471
v 0.327201 0.577353 0.096927
v 0.342382 0.568832 0.076521
v 0.415031 0.493301 0.059211
v 0.398998 0.519347 0.070604
v 0.398132 0.511533 0.078656
v 0.417949 0.483679 0.066675
v 0.386761 0.530420 0.080480
v 0.386836 0.524406 0.089575
v 0.371157 0.536508 0.097403
v 0.381118 0.527834 0.096798
v 0.408659 0.499502 0.050841
v 0.396657 0.520975 0.060721
v 0.384927 0.533126 0.071145
v 0.371044 0.540542 0.087400
v 0.406254 0.505992 0.077014
v 0.405168 0.502722 0.086553
v 0.410031 0.471105 0.073965
v 0.407866 0.477172 0.064982
v 0.406709 0.498587 0.092541
v 0.412394 0.464195 0.084415
v 0.399842 0.511629 0.091675
v 0.400769 0.507911 0.097436
v 0.398902 0.516128 0.083625
v 0.399213 0.507203 0.099864
v 0.384015 0.522992 0.099398
v 0.401425 0.463116 0.083032
v 0.401777 0.489866 0.093932
v 0.402509 0.460427 0.105099
v 0.399944 0.429911 0.093103
v 0.400396 0.502979 0.099755
v 0.402680 0.477242 0.142590
v 0.393386 0.483993 0.150444
v 0.396337 0.450559 0.142948
v 0.405875 0.451954 0.132047
v 0.387192 0.481861 0.157942
v 0.387964 0.451180 0.151887
v 0.389736 0.499857 0.146548
v 0.382340 0.503369 0.153433
v 0.384488 0.513932 0.134531
v 0.377408 0.520909 0.139888
v 0.372483 0.525640 0.130774
v 0.390965 0.506963 0.131361
v 0.387902 0.512700 0.122992
v 0.396192 0.497122 0.140425
v 0.369708 0.529243 0.153706
v 0.374291 0.525167 0.148354
v 0.377463 0.513454 0.166799
v 0.382482 0.508655 0.162145
v 0.384496 0.484167 0.176689
v 0.393453 0.477429 0.168136
v 0.370627 0.514805 0.173186
v 0.374553 0.488742 0.182382
v 0.363124 0.530647 0.159448
v 0.354095 0.531816 0.142166
v 0.360513 0.505184 0.162882
v 0.354677 0.509490 0.167198
v 0.355846 0.476312 0.172440
v 0.365496 0.467204 0.166124
v 0.345941 0.513379 0.169975
v 0.344468 0.484733 0.176354
v 0.357104 0.519839 0.156120
v 0.352710 0.523069 0.160006
v 0.345166 0.525582 0.162931
v 0.348590 0.532334 0.148745
v 0.342973 0.537207 0.153363
v 0.353035 0.530745 0.146756
v 0.352259 0.548791 0.131096
v 0.342096 0.545121 0.141456
v 0.353142 0.532517 0.142592
v 0.336655 0.523118 0.168394
v 0.330390 0.528929 0.168528
v 0.331130 0.503148 0.177327
v 0.339819 0.498809 0.177665
v 0.325528 0.533539 0.168409
v 0.320506 0.509426 0.171957
v 0.333240 0.546332 0.159446
v 0.328481 0.550761 0.159518
v 0.338335 0.541627 0.159290
v 0.338891 0.547619 0.142581
v 0.329750 0.554211 0.143107
v 0.319114 0.541461 0.164160
v 0.311735 0.549852 0.160878
v 0.307883 0.524001 0.166647
v 0.316437 0.513371 0.172461
v 0.324734 0.558985 0.149032
v 0.316204 0.568318 0.146055
v 0.326717 0.557357 0.142431
v 0.312916 0.582877 0.122065
v 0.304478 0.578311 0.138257
v 0.302223 0.563576 0.150177
v 0.299351 0.537897 0.153518
v 0.397165 0.487580 0.134311
v 0.393675 0.455605 0.129438
v 0.391380 0.505743 0.125351
v 0.331135 0.564095 0.103314
v 0.363182 0.530277 0.107967
v 0.353297 0.541788 0.106840
v -0.268828 0.259680 -0.117368
v -0.270674 0.254851 -0.133572
v -0.268917 0.265271 -0.141069
v -0.220430 0.369847 -0.067983
v -0.198274 0.348032 -0.093772
v -0.208292 0.338664 -0.097741
v -0.212542 0.384986 -0.049039
v -0.201758 0.388626 -0.054686
v -0.202506 0.345920 -0.133208
v -0.213388 0.335748 -0.137509
v -0.219554 0.328154 -0.102149
v -0.186922 0.358828 -0.131401
v -0.158544 0.373002 -0.126743
v -0.175758 0.362248 -0.135709
v -0.143500 0.364764 -0.142638
v -0.166591 0.352614 -0.150703
v -0.133702 0.351774 -0.153399
v -0.153525 0.335948 -0.163525
v -0.203808 0.333284 -0.149196
v -0.196764 0.345216 -0.145806
v -0.183735 0.353441 -0.137601
v -0.226450 0.322491 -0.104653
v -0.262672 0.332744 -0.076855
v -0.255784 0.346323 -0.068037
v -0.156408 0.336274 -0.174358
v -0.181214 0.315694 -0.194562
v -0.186389 0.339264 -0.166748
v -0.166262 0.344851 -0.159955
v -0.191909 0.299017 -0.199089
v -0.198309 0.324250 -0.168190
v -0.229722 0.320534 -0.133682
v -0.236084 0.311633 -0.107523
v -0.219965 0.331452 -0.130945
v -0.218577 0.331988 -0.139779
v -0.232077 0.322828 -0.142219
v -0.208567 0.328417 -0.155401
v -0.197444 0.312154 -0.180824
v -0.220570 0.301359 -0.187205
v -0.225789 0.315641 -0.164754
v -0.192644 0.286506 -0.191131
v -0.216189 0.263970 -0.195478
v -0.233344 0.249785 -0.195013
v -0.229607 0.287719 -0.183437
v -0.232037 0.300192 -0.166192
v -0.238107 0.308790 -0.141097
v -0.235294 0.288492 -0.169106
v -0.250702 0.283202 -0.165741
v -0.231436 0.277417 -0.183363
v -0.250817 0.272266 -0.177249
v -0.231515 0.260917 -0.190790
v -0.250752 0.249561 -0.192101
v -0.257672 0.237985 -0.188482
v -0.258124 0.258726 -0.172407
v -0.260224 0.268281 -0.163327
v -0.262260 0.272264 -0.145672
v -0.259907 0.263514 -0.166078
v -0.275772 0.253074 -0.159421
v -0.260179 0.245767 -0.181996
v -0.279500 0.237229 -0.169200
v -0.262347 0.225616 -0.177912
v -0.277118 0.219980 -0.172291
v -0.278508 0.211637 -0.161484
v -0.281207 0.227720 -0.158903
v -0.273984 0.243867 -0.149144
v -0.280957 0.224012 -0.152914
v -0.286758 0.219505 -0.144205
v -0.284169 0.205895 -0.155427
v -0.290449 0.200321 -0.146470
v -0.291465 0.194642 -0.136481
v -0.287817 0.213831 -0.134115
v -0.284712 0.221790 -0.130461
v -0.299714 0.206099 -0.088571
v -0.303640 0.226602 -0.092504
v -0.188561 0.388495 -0.065923
v -0.195857 0.388609 -0.058119
v -0.304054 0.247454 -0.095134
v -0.309038 0.257368 -0.089149
v -0.315635 0.232820 -0.089868
v -0.319366 0.243475 -0.080530
v -0.322321 0.220609 -0.087666
v -0.325651 0.233648 -0.076728
v -0.322446 0.245663 -0.062864
v -0.318548 0.255219 -0.070043
v -0.308912 0.266022 -0.080349
v -0.292645 0.272320 -0.094665
v -0.192533 0.393626 -0.048996
v -0.184827 0.395648 -0.058037
v -0.180884 0.401629 -0.047121
v -0.188646 0.396509 -0.036742
v -0.285287 0.283041 -0.095675
v -0.307721 0.278859 -0.080172
v -0.300143 0.290946 -0.075175
v -0.320792 0.267899 -0.070074
v -0.316917 0.275262 -0.056052
v -0.329752 0.252591 -0.061379
v -0.319619 0.264337 -0.046763
v -0.296623 0.266413 -0.029285
v -0.295665 0.297963 -0.054807
v -0.296147 0.292489 -0.072823
v -0.310904 0.262179 -0.042488
v -0.179799 0.384042 -0.072973
v -0.284343 0.312732 -0.073856
v -0.279287 0.327011 -0.067324
v -0.277705 0.328467 -0.038797
v -0.290948 0.323307 -0.049053
v -0.297138 0.310276 -0.033642
v -0.283979 0.314827 -0.020885
v -0.287267 0.293378 -0.008972
v -0.300604 0.289642 -0.019608
v -0.269436 0.330214 -0.057926
v -0.263174 0.336074 -0.015213
v -0.273032 0.332834 -0.023918
v -0.282310 0.321884 -0.013071
v -0.271966 0.322428 -0.004484
v -0.266988 0.346221 -0.044117
v -0.270584 0.338948 -0.049706
v -0.275886 0.325041 -0.028237
v -0.278685 0.313256 -0.002179
v -0.288682 0.309100 -0.005061
v -0.253370 0.345670 -0.034773
v -0.257048 0.337243 0.007687
v -0.251959 0.352365 -0.013095
v -0.262233 0.332772 -0.009723
v -0.271687 0.316577 0.006514
v -0.244791 0.365048 -0.037092
v -0.250387 0.353966 -0.037105
v -0.233138 0.350729 0.011430
v -0.230574 0.362795 -0.012177
v -0.232199 0.369291 -0.034316
v -0.213566 0.380266 -0.009295
v -0.194117 0.389957 -0.024705
v -0.198834 0.391134 -0.039296
v -0.213349 0.383720 -0.033318
v -0.224513 0.374282 -0.042107
v -0.296816 0.308892 -0.057124
v -0.299846 0.298090 -0.045539
v -0.298981 0.274098 -0.030830
v -0.285340 0.315523 -0.017575
v -0.295949 0.304116 -0.010762
v -0.225535 0.370051 -0.024626
v -0.224577 0.361285 -0.012733
v -0.168763 0.398606 -0.058317
v -0.174171 0.392911 -0.065409
v 0.223944 0.338995 0.121292
v 0.235128 0.325028 0.132246
v 0.301776 0.257586 0.029650
v 0.289605 0.292605 0.046355
v 0.288742 0.283221 0.053572
v 0.307580 0.241068 0.036367
v 0.274418 0.306922 0.063603
v 0.271470 0.298448 0.073628
v 0.291258 0.265898 0.024256
v 0.286211 0.293883 0.034674
v 0.273311 0.305672 0.052414
v 0.261001 0.312491 0.082630
v 0.269899 0.303068 0.078791
v 0.258431 0.318315 0.075113
v 0.269809 0.272020 0.018207
v 0.265325 0.301997 0.029871
v 0.270873 0.292840 0.035160
v 0.279043 0.258617 0.023197
v 0.259376 0.324983 0.051675
v 0.263975 0.317109 0.056645
v 0.256054 0.322093 0.071915
v 0.260234 0.285188 0.014546
v 0.259108 0.311156 0.026231
v 0.255246 0.331468 0.048424
v 0.248443 0.331120 0.064046
v 0.237963 0.336223 0.036967
v 0.230461 0.345045 0.057422
v 0.241593 0.330221 0.046898
v 0.253031 0.316685 0.028140
v 0.223291 0.337725 0.042344
v 0.210538 0.340904 0.052147
v 0.229843 0.346532 0.073182
v 0.239588 0.333052 0.062798
v 0.213969 0.347539 0.070736
v 0.224246 0.346021 0.086470
v 0.241527 0.334022 0.064084
v 0.320102 0.242078 0.050993
v 0.303190 0.273562 0.061951
v 0.301507 0.265212 0.071623
v 0.322641 0.231388 0.060208
v 0.289686 0.287612 0.072216
v 0.289171 0.281326 0.082994
v 0.271846 0.296637 0.090761
v 0.282687 0.286065 0.090883
v 0.313413 0.249024 0.040862
v 0.300850 0.274934 0.050486
v 0.287982 0.290218 0.061325
v 0.272211 0.300607 0.079069
v 0.310472 0.258266 0.070313
v 0.308797 0.255215 0.081393
v 0.312606 0.218001 0.069120
v 0.310733 0.224487 0.058411
v 0.310151 0.250781 0.088541
v 0.314616 0.210633 0.081564
v 0.303164 0.266050 0.086547
v 0.303849 0.262116 0.093392
v 0.302568 0.270729 0.077036
v 0.301969 0.261562 0.096170
v 0.285625 0.280521 0.094237
v 0.302039 0.210006 0.079756
v 0.303917 0.241225 0.090547
v 0.302590 0.208284 0.105182
v 0.297964 0.172835 0.093316
v 0.303050 0.256658 0.096342
v 0.302998 0.229879 0.146992
v 0.292626 0.238680 0.155297
v 0.294012 0.199839 0.148906
v 0.305261 0.200128 0.136612
v 0.285232 0.237118 0.163836
v 0.284272 0.201651 0.158862
v 0.289569 0.256773 0.149748
v 0.281180 0.261692 0.157200
v 0.284760 0.272403 0.134984
v 0.276993 0.281161 0.140480
v 0.271880 0.286288 0.129631
v 0.291788 0.263833 0.131972
v 0.288852 0.270040 0.121962
v 0.296916 0.252849 0.143093
v 0.268406 0.292051 0.155547
v 0.273507 0.286763 0.149807
v 0.275945 0.274374 0.171715
v 0.281481 0.268279 0.166832
v 0.281861 0.241126 0.185052
v 0.291865 0.232317 0.175937
v 0.268069 0.276758 0.178748
v 0.270657 0.247344 0.191005
v 0.260836 0.294439 0.161846
v 0.250992 0.295234 0.141772
v 0.256125 0.265752 0.167302
v 0.249630 0.271315 0.171808
v 0.248699 0.233698 0.179916
v 0.259290 0.222282 0.173528
v 0.239829 0.276486 0.174504
v 0.236145 0.244283 0.183556
v 0.253333 0.282266 0.158559
v 0.248428 0.286482 0.162680
v 0.239897 0.290016 0.165663
v 0.244580 0.296597 0.149113
v 0.238365 0.302813 0.153936
v 0.249605 0.294374 0.147059
v 0.250250 0.314020 0.128001
v 0.238152 0.311139 0.139803
v 0.249938 0.296123 0.142190
v 0.229880 0.288091 0.171834
v 0.223091 0.295131 0.171454
v 0.222065 0.266214 0.183154
v 0.231709 0.260732 0.184046
v 0.217834 0.300695 0.170898
v 0.210450 0.273710 0.176334
v 0.227686 0.314237 0.160056
v 0.222530 0.319599 0.159731
v 0.233210 0.308533 0.160310
v 0.234623 0.314266 0.140846
v 0.224586 0.322404 0.140786
v 0.211112 0.309872 0.165370
v 0.203295 0.319709 0.160892
v 0.197085 0.290808 0.169009
v 0.206042 0.278503 0.176553
v 0.219023 0.328553 0.147126
v 0.209944 0.339557 0.142907
v 0.221338 0.326144 0.139735
v 0.207686 0.354846 0.114477
v 0.197367 0.351208 0.133048
v 0.193559 0.335292 0.147541
v 0.188537 0.306370 0.152897
v 0.297555 0.241500 0.136729
v 0.291610 0.204901 0.133072
v 0.292324 0.262028 0.125189
v 0.227738 0.331046 0.094710
v 0.262079 0.290706 0.103015
v 0.251549 0.304402 0.100739
v -0.059970 0.681078 0.032522
v -0.088669 0.670054 0.053931
v 0.031147 0.592242 0.258436
v 0.022309 0.642093 0.206384
v 0.006450 0.628100 0.207777
v 0.010583 0.572014 0.275445
v 0.004940 0.656795 0.163723
v -0.014495 0.643238 0.159762
v 0.047789 0.596029 0.239084
v 0.043912 0.638878 0.206318
v 0.023772 0.651460 0.168724
v -0.019816 0.659368 0.128967
v -0.020685 0.650499 0.151400
v -0.003650 0.664949 0.124850
v 0.068767 0.587635 0.204547
v 0.063410 0.634370 0.170624
v 0.048475 0.625327 0.182868
v 0.051142 0.574661 0.225645
v 0.038488 0.671090 0.133964
v 0.024996 0.663275 0.144005
v 0.004264 0.668386 0.120194
v 0.084174 0.600266 0.182386
v 0.075810 0.643258 0.156474
v 0.048303 0.677447 0.124722
v 0.024296 0.675035 0.106175
v 0.076274 0.668942 0.100464
v 0.048231 0.681633 0.071927
v 0.055546 0.664443 0.105095
v 0.077226 0.647714 0.142157
v 0.073382 0.661041 0.073724
v 0.062978 0.658288 0.046495
v 0.022418 0.687007 0.061677
v 0.030589 0.670900 0.091676
v 0.033015 0.675644 0.037503
v 0.001834 0.684763 0.046346
v 0.028086 0.674245 0.093352
v -0.018505 0.586661 0.286612
v -0.017309 0.625908 0.232632
v -0.036575 0.613462 0.230741
v -0.039593 0.573696 0.293172
v -0.023611 0.639955 0.196436
v -0.044320 0.631948 0.194357
v -0.044407 0.644454 0.152635
v -0.053205 0.636156 0.176823
v 0.004123 0.590222 0.276661
v 0.003568 0.623717 0.234031
v -0.003425 0.640349 0.197672
v -0.023074 0.648458 0.156569
v -0.040701 0.609145 0.250233
v -0.060114 0.605440 0.243939
v -0.056530 0.546539 0.282155
v -0.034946 0.553010 0.280335
v -0.074604 0.601036 0.245388
v -0.081475 0.539158 0.283892
v -0.062113 0.619401 0.224929
v -0.075624 0.615201 0.225147
v -0.043807 0.624263 0.225731
v -0.079848 0.613464 0.221143
v -0.062344 0.630386 0.183499
v -0.073903 0.527919 0.265658
v -0.079673 0.581411 0.241253
v -0.117881 0.531250 0.254400
v -0.111036 0.468645 0.278024
v -0.082624 0.606552 0.226146
v -0.179672 0.575172 0.218145
v -0.186067 0.582888 0.191509
v -0.192210 0.520809 0.223996
v -0.175550 0.527345 0.247775
v -0.198373 0.576514 0.176591
v -0.204595 0.518276 0.202333
v -0.167857 0.608029 0.177079
v -0.175203 0.610938 0.156677
v -0.134426 0.625840 0.166453
v -0.137073 0.634903 0.145379
v -0.114596 0.636647 0.139525
v -0.135623 0.617047 0.184943
v -0.114937 0.622397 0.181295
v -0.161044 0.606064 0.194747
v -0.154707 0.648837 0.116534
v -0.149167 0.643149 0.131168
v -0.192420 0.630221 0.132103
v -0.188835 0.623779 0.147528
v -0.231310 0.584952 0.157441
v -0.223409 0.576755 0.183935
v -0.200324 0.629407 0.114481
v -0.234500 0.587389 0.132532
v -0.161485 0.648107 0.099772
v -0.123428 0.637216 0.094378
v -0.181068 0.600025 0.109493
v -0.183874 0.604786 0.093141
v -0.213162 0.546053 0.113573
v -0.211202 0.534777 0.141364
v -0.182527 0.605935 0.072853
v -0.210075 0.553865 0.084736
v -0.158220 0.622154 0.098246
v -0.161549 0.625932 0.085511
v -0.161863 0.625537 0.068190
v -0.132842 0.635993 0.079587
v -0.136015 0.642081 0.063052
v -0.132214 0.635936 0.090044
v -0.091887 0.663447 0.087382
v -0.108487 0.652017 0.064336
v -0.123359 0.637897 0.091898
v -0.169318 0.616007 0.050674
v -0.163117 0.621802 0.035394
v -0.194767 0.577622 0.047755
v -0.202260 0.576652 0.066136
v -0.157825 0.626409 0.023622
v -0.175639 0.578938 0.028005
v -0.137483 0.653244 0.035258
v -0.132706 0.657661 0.023663
v -0.142425 0.648554 0.047703
v -0.107589 0.654458 0.056115
v -0.100232 0.659527 0.034841
v -0.142031 0.634513 0.009660
v -0.127319 0.643041 -0.007019
v -0.150927 0.594037 -0.000878
v -0.172306 0.583157 0.017686
v -0.106248 0.666355 0.018574
v -0.091002 0.675808 -0.001019
v -0.095635 0.662699 0.027728
v -0.035550 0.692044 -0.000274
v -0.064606 0.682302 -0.023564
v -0.094426 0.657234 -0.026036
v -0.113822 0.608515 -0.016583
v -0.155315 0.587111 0.206958
v -0.162353 0.523466 0.225024
v -0.125108 0.613093 0.190585
v -0.019777 0.665515 0.057879
v -0.063950 0.630099 0.135108
v -0.050301 0.643128 0.110364
v 0.055861 0.658654 -0.291547
v 0.098449 0.709155 -0.249763
v 0.150815 0.582604 -0.394127
v 0.163834 0.608049 -0.378169
v 0.201906 0.560500 -0.399264
v 0.184225 0.535786 -0.416971
v 0.175883 0.620694 -0.361975
v 0.214484 0.578336 -0.363367
v 0.131182 0.632308 -0.369958
v 0.149272 0.641419 -0.348916
v 0.126260 0.608790 -0.377493
v 0.166039 0.672579 -0.322401
v 0.157725 0.654809 -0.340364
v 0.204036 0.643617 -0.341184
v 0.188983 0.630144 -0.357196
v 0.229664 0.620240 -0.350427
v 0.219714 0.597890 -0.373668
v 0.213178 0.657530 -0.304794
v 0.240900 0.624360 -0.301108
v 0.170771 0.687194 -0.303046
v 0.127805 0.707511 -0.288415
v 0.190755 0.674941 -0.283738
v 0.189638 0.690587 -0.256153
v 0.243381 0.654613 -0.271311
v 0.243584 0.636594 -0.304108
v 0.146838 0.700925 -0.276189
v 0.145393 0.714388 -0.253423
v 0.114194 0.721313 -0.251011
v 0.145803 0.721130 -0.231388
v 0.172197 0.711149 -0.235954
v 0.191721 0.697425 -0.233981
v 0.236074 0.668093 -0.233992
v 0.117562 0.741990 -0.175899
v 0.171877 0.728680 -0.179629
v 0.167190 0.717342 -0.215720
v 0.201983 0.692365 -0.196394
v 0.184046 0.696978 -0.217342
v 0.217871 0.667266 -0.201524
v 0.214345 0.652326 -0.226075
v 0.187739 0.698011 -0.149702
v 0.207336 0.666088 -0.167594
v 0.151462 0.737969 -0.127419
v 0.111975 0.751441 -0.124849
v 0.093840 0.739071 -0.183723
v 0.070062 0.731308 -0.133324
v 0.083421 0.728318 -0.192910
v 0.053641 0.704401 -0.165379
v 0.111909 0.530062 -0.414192
v 0.128158 0.550828 -0.420545
v 0.146090 0.517292 -0.432693
v 0.122834 0.495339 -0.426966
v 0.135375 0.572820 -0.406452
v 0.165479 0.533091 -0.414297
v 0.106215 0.579175 -0.401516
v 0.114853 0.593467 -0.390281
v 0.090502 0.554352 -0.397018
v 0.101537 0.524503 -0.417831
v 0.067496 0.501605 -0.412999
v 0.113928 0.491407 -0.429955
v 0.070649 0.458842 -0.425672
v -0.150376 0.607964 -0.278583
v -0.127891 0.662600 -0.262874
v -0.109172 0.659895 -0.293731
v -0.141230 0.603523 -0.317048
v -0.078910 0.690603 -0.259722
v -0.067439 0.686054 -0.283982
v -0.022617 0.693240 -0.253186
v -0.039005 0.685328 -0.289806
v -0.150876 0.612031 -0.232674
v -0.125707 0.669859 -0.234681
v -0.081681 0.699661 -0.235239
v -0.048280 0.715839 -0.230176
v -0.136540 0.601531 -0.358357
v -0.110917 0.629408 -0.349058
v -0.098272 0.614418 -0.364915
v -0.112996 0.581890 -0.384602
v -0.053977 0.672507 -0.320810
v -0.047605 0.651920 -0.333149
v -0.077484 0.629213 -0.347940
v -0.085174 0.652775 -0.335722
v -0.136770 0.616521 -0.321758
v -0.120818 0.638251 -0.312099
v -0.063600 0.680836 -0.299693
v -0.104172 0.650643 -0.305285
v -0.041499 0.627446 -0.369290
v -0.058841 0.633354 -0.349802
v -0.063966 0.600561 -0.377437
v -0.085613 0.604992 -0.359812
v -0.077354 0.575335 -0.385213
v -0.103210 0.578193 -0.363584
v -0.097474 0.542006 -0.407148
v -0.109974 0.558519 -0.376456
v -0.066350 0.560919 -0.396937
v -0.075808 0.527383 -0.410048
v -0.042762 0.585970 -0.380323
v -0.018644 0.609359 -0.374422
v -0.047321 0.506889 -0.428812
v -0.027566 0.550883 -0.420409
v 0.000791 0.535528 -0.408886
v -0.011931 0.491527 -0.436428
v 0.008284 0.585840 -0.395675
v 0.020266 0.565092 -0.385945
v 0.033484 0.571683 -0.383129
v 0.030130 0.547637 -0.392254
v 0.019310 0.517073 -0.418012
v 0.005445 0.482411 -0.431397
v -0.072726 0.523705 -0.409360
v -0.061589 0.559651 -0.403449
v -0.015467 0.606290 -0.393376
v 0.012699 0.715903 -0.197118
v -0.109363 0.683829 -0.210597
v -0.144020 0.624723 -0.221660
v -0.051439 0.730093 -0.168432
v -0.072248 0.712306 -0.213519
v -0.000292 0.720332 -0.176967
v -0.027973 0.732741 -0.123496
v 0.024670 0.711425 -0.132385
v 0.037466 0.701333 -0.176221
v -0.218417 0.396177 0.137420
v -0.216408 0.433058 0.092157
v -0.316858 0.329917 0.129447
v -0.315039 0.348769 0.113960
v -0.341514 0.310343 0.101976
v -0.342307 0.292228 0.121006
v -0.311776 0.358163 0.099194
v -0.327197 0.324387 0.077818
v -0.297054 0.369022 0.129069
v -0.293420 0.375643 0.108589
v -0.297689 0.351491 0.135885
v -0.287444 0.398972 0.085958
v -0.293096 0.385479 0.099420
v -0.313776 0.374476 0.072595
v -0.315518 0.364645 0.089072
v -0.329253 0.355237 0.062097
v -0.336974 0.338210 0.079024
v -0.297348 0.385818 0.050325
v -0.305467 0.359710 0.032892
v -0.279135 0.410381 0.074047
v -0.252423 0.428556 0.092417
v -0.275936 0.400925 0.053661
v -0.260187 0.413776 0.041443
v -0.291027 0.383315 0.017244
v -0.309282 0.368535 0.032425
v -0.253363 0.423077 0.075708
v -0.240165 0.434123 0.065923
v -0.225092 0.441155 0.083160
v -0.227784 0.440030 0.055507
v -0.241749 0.430909 0.042158
v -0.248488 0.419666 0.029972
v -0.266577 0.395311 0.004300
v -0.183623 0.459467 0.046532
v -0.209502 0.446311 0.016336
v -0.227944 0.436643 0.035780
v -0.230574 0.416877 0.006872
v -0.235151 0.420463 0.026945
v -0.239096 0.397082 0.000303
v -0.251000 0.385148 0.013874
v -0.196916 0.423829 -0.006079
v -0.214197 0.398216 -0.008894
v -0.170037 0.456555 0.004452
v -0.151564 0.468937 0.026394
v -0.177317 0.458323 0.064202
v -0.136247 0.455996 0.055475
v -0.177305 0.450535 0.074771
v -0.145942 0.435581 0.080340
v -0.307558 0.292209 0.162675
v -0.320070 0.306469 0.155533
v -0.333094 0.279989 0.151119
v -0.317701 0.265219 0.162719
v -0.316495 0.323006 0.144400
v -0.332063 0.291403 0.130942
v -0.300814 0.329602 0.159291
v -0.299049 0.340210 0.148772
v -0.289366 0.312216 0.167041
v -0.304640 0.288513 0.170585
v -0.284833 0.273618 0.188997
v -0.315172 0.262678 0.169433
v -0.290856 0.241094 0.193758
v -0.114013 0.370763 0.254645
v -0.118600 0.410784 0.233083
v -0.145122 0.406423 0.236111
v -0.140584 0.365340 0.266842
v -0.140793 0.428958 0.202085
v -0.160013 0.423911 0.206436
v -0.162578 0.427980 0.165721
v -0.176271 0.421507 0.192267
v -0.086929 0.375724 0.233944
v -0.103416 0.417232 0.218801
v -0.125683 0.436872 0.192390
v -0.138897 0.447214 0.169983
v -0.166986 0.361875 0.282925
v -0.174969 0.381541 0.262960
v -0.189048 0.369008 0.262996
v -0.191820 0.344828 0.281333
v -0.186953 0.411534 0.215514
v -0.195735 0.395341 0.217773
v -0.189422 0.379535 0.242658
v -0.180316 0.398013 0.241174
v -0.146265 0.374561 0.266088
v -0.149245 0.390220 0.251807
v -0.170683 0.419157 0.211424
v -0.153587 0.398774 0.238599
v -0.218202 0.375282 0.231112
v -0.199237 0.381476 0.232384
v -0.211033 0.356221 0.248664
v -0.191121 0.361484 0.253363
v -0.207863 0.337893 0.260637
v -0.183575 0.342392 0.266036
v -0.209469 0.313331 0.283210
v -0.186791 0.327605 0.276299
v -0.218795 0.326052 0.259751
v -0.219995 0.301095 0.271994
v -0.221345 0.344035 0.237714
v -0.230351 0.360307 0.220278
v -0.242588 0.283442 0.264084
v -0.249537 0.315397 0.247679
v -0.254518 0.302834 0.225945
v -0.262061 0.269677 0.246904
v -0.253504 0.340390 0.214485
v -0.251771 0.324672 0.203371
v -0.256533 0.328940 0.194130
v -0.258781 0.310861 0.200754
v -0.267041 0.287667 0.219505
v -0.266333 0.262112 0.234506
v -0.220735 0.298210 0.269929
v -0.224713 0.324566 0.259924
v -0.242783 0.357056 0.227093
v -0.146954 0.445156 0.118813
v -0.097523 0.427694 0.197871
v -0.084381 0.385234 0.224613
v -0.101941 0.460564 0.143439
v -0.117969 0.446644 0.176657
v -0.129466 0.450030 0.117237
v -0.086180 0.463062 0.109019
v -0.113809 0.443830 0.082322
v -0.144823 0.433771 0.094918
v 0.027361 0.412621 -0.066415
v 0.017479 0.413600 -0.048499
v 0.068076 0.418901 -0.059952
v 0.062855 0.420368 -0.053305
v 0.078941 0.415997 -0.050563
v 0.083736 0.414993 -0.058369
v 0.059654 0.419512 -0.048016
v 0.071834 0.412274 -0.043024
v 0.053417 0.423079 -0.057978
v 0.050802 0.420666 -0.051202
v 0.057989 0.420341 -0.061870
v 0.043417 0.421121 -0.042285
v 0.048228 0.421409 -0.047321
v 0.055970 0.419612 -0.037690
v 0.058914 0.420284 -0.043733
v 0.064554 0.417251 -0.034649
v 0.070769 0.417739 -0.040921
v 0.049030 0.415093 -0.031258
v 0.057510 0.408504 -0.027525
v 0.038482 0.420001 -0.038244
v 0.027436 0.420767 -0.045116
v 0.040005 0.414122 -0.033100
v 0.032884 0.411597 -0.029625
v 0.048004 0.408155 -0.021717
v 0.056232 0.411260 -0.026055
v 0.028988 0.417258 -0.040278
v 0.022953 0.415272 -0.037482
v 0.017550 0.416016 -0.043868
v 0.018404 0.412232 -0.034923
v 0.024072 0.411356 -0.030104
v 0.028503 0.408550 -0.026660
v 0.038962 0.403368 -0.019048
v 0.002679 0.405246 -0.034900
v 0.012225 0.403638 -0.023854
v 0.019230 0.408561 -0.029000
v 0.024739 0.400426 -0.021577
v 0.025025 0.405263 -0.027073
v 0.031770 0.396960 -0.020596
v 0.037722 0.399022 -0.024826
v 0.014705 0.392435 -0.020428
v 0.025353 0.390213 -0.020280
v -0.000054 0.395229 -0.023340
v -0.007617 0.397100 -0.031040
v 0.001475 0.406213 -0.041307
v -0.008035 0.395116 -0.043258
v 0.003458 0.406059 -0.045458
v -0.000463 0.396484 -0.052179
v 0.075355 0.413383 -0.075371
v 0.074824 0.418313 -0.070279
v 0.084641 0.414698 -0.070177
v 0.084608 0.409672 -0.077049
v 0.069767 0.419520 -0.065442
v 0.081464 0.413984 -0.062721
v 0.064317 0.419678 -0.071196
v 0.061192 0.420066 -0.066965
v 0.065894 0.414384 -0.076686
v 0.075592 0.413086 -0.078577
v 0.074529 0.408056 -0.088103
v 0.084647 0.409540 -0.079714
v 0.084174 0.402888 -0.092294
v 0.008512 0.400947 -0.117576
v -0.000466 0.407663 -0.106132
v 0.007138 0.413133 -0.104646
v 0.016423 0.407565 -0.119101
v 0.000320 0.412077 -0.092018
v 0.006310 0.415944 -0.091819
v 0.005790 0.411332 -0.078214
v 0.010853 0.416958 -0.085801
v 0.000564 0.392837 -0.113457
v -0.005849 0.403532 -0.102598
v -0.005398 0.408976 -0.089780
v -0.004823 0.410906 -0.080174
v 0.023813 0.415162 -0.121676
v 0.020777 0.418353 -0.112457
v 0.027370 0.418746 -0.112219
v 0.034169 0.416735 -0.120212
v 0.016045 0.420630 -0.093029
v 0.022265 0.419346 -0.094450
v 0.024758 0.418129 -0.104650
v 0.017889 0.419964 -0.103276
v 0.015501 0.410787 -0.117296
v 0.012260 0.412807 -0.110836
v 0.010133 0.418042 -0.092725
v 0.011139 0.413714 -0.105297
v 0.032842 0.421951 -0.098287
v 0.026645 0.419238 -0.100123
v 0.035919 0.418717 -0.106590
v 0.029734 0.416097 -0.109712
v 0.039775 0.415715 -0.112613
v 0.032711 0.412041 -0.116512
v 0.046398 0.413989 -0.122115
v 0.037239 0.411012 -0.120933
v 0.045420 0.415414 -0.112355
v 0.052010 0.411963 -0.118667
v 0.041467 0.416693 -0.103245
v 0.039540 0.419738 -0.095064
v 0.061948 0.411949 -0.115507
v 0.055588 0.418175 -0.106269
v 0.059891 0.413248 -0.100125
v 0.070118 0.410709 -0.109350
v 0.050191 0.419663 -0.092747
v 0.053671 0.414109 -0.091026
v 0.053739 0.414751 -0.087139
v 0.058844 0.412225 -0.090849
v 0.066742 0.411735 -0.098274
v 0.073023 0.408132 -0.105730
v 0.052908 0.411178 -0.118228
v 0.047244 0.416445 -0.111917
v 0.043424 0.422841 -0.096203
v -0.002494 0.404605 -0.063284
v -0.009982 0.401396 -0.095531
v -0.002474 0.392982 -0.109801
v -0.017312 0.401560 -0.074419
v -0.009788 0.407054 -0.084630
v -0.008007 0.401505 -0.064191
v -0.021910 0.393404 -0.064969
v -0.010401 0.391363 -0.055466
v -0.000237 0.398011 -0.057109
v 0.264796 0.392925 0.005759
v 0.250732 0.408165 0.025002
v 0.311770 0.370292 0.030221
v 0.305837 0.378352 0.036562
v 0.318535 0.362072 0.047427
v 0.324694 0.354425 0.039326
v 0.300411 0.381835 0.042285
v 0.305978 0.366314 0.054879
v 0.299263 0.386955 0.026153
v 0.292774 0.388835 0.034283
v 0.302751 0.379022 0.023330
v 0.283127 0.398310 0.042844
v 0.289717 0.393049 0.038198
v 0.294048 0.388548 0.054273
v 0.299229 0.384794 0.047482
v 0.300413 0.380400 0.062142
v 0.308966 0.373813 0.056432
v 0.281264 0.391401 0.060455
v 0.283763 0.379013 0.069775
v 0.275945 0.402409 0.046249
v 0.266554 0.409369 0.032563
v 0.271310 0.396725 0.054437
v 0.260753 0.400806 0.056391
v 0.271945 0.388150 0.073495
v 0.284382 0.383520 0.070787
v 0.264036 0.406114 0.040032
v 0.255256 0.409685 0.041472
v 0.251718 0.412395 0.030762
v 0.247218 0.410872 0.043362
v 0.251309 0.407245 0.052146
v 0.252788 0.402000 0.058885
v 0.257628 0.390991 0.073912
v 0.224587 0.415593 0.037850
v 0.230646 0.410401 0.056500
v 0.243525 0.408399 0.051976
v 0.240650 0.397991 0.065116
v 0.246408 0.401010 0.057360
v 0.244935 0.389115 0.069795
v 0.254044 0.385173 0.066433
v 0.222936 0.397595 0.063575
v 0.232321 0.386941 0.068490
v 0.210348 0.411075 0.053257
v 0.205797 0.416214 0.039775
v 0.225705 0.415262 0.028823
v 0.206672 0.409979 0.023870
v 0.228700 0.412048 0.024227
v 0.218065 0.402327 0.015129
v 0.318607 0.353077 0.013802
v 0.320974 0.360660 0.019569
v 0.328306 0.349132 0.024272
v 0.325695 0.341241 0.015953
v 0.315439 0.367658 0.023643
v 0.322494 0.353534 0.032823
v 0.311199 0.370000 0.013824
v 0.307170 0.374386 0.018019
v 0.309732 0.361063 0.008021
v 0.319393 0.351413 0.009742
v 0.316338 0.343361 -0.002480
v 0.326280 0.340106 0.012496
v 0.323226 0.328738 -0.003256
v 0.247448 0.376517 -0.067455
v 0.240801 0.394915 -0.057114
v 0.253151 0.395434 -0.052779
v 0.261837 0.376949 -0.067097
v 0.241912 0.404175 -0.038912
v 0.251504 0.403755 -0.036708
v 0.243697 0.404092 -0.018456
v 0.255710 0.403482 -0.027081
v 0.231117 0.375438 -0.064224
v 0.230712 0.395925 -0.054140
v 0.232659 0.406091 -0.037918
v 0.232548 0.411201 -0.025361
v 0.276762 0.378467 -0.068465
v 0.273980 0.387616 -0.058088
v 0.281256 0.382985 -0.055100
v 0.288734 0.372619 -0.062476
v 0.266114 0.400790 -0.034912
v 0.271978 0.394038 -0.034018
v 0.276099 0.387090 -0.046180
v 0.270025 0.394929 -0.047481
v 0.263148 0.381804 -0.065561
v 0.259834 0.388850 -0.058722
v 0.257565 0.402713 -0.036602
v 0.258051 0.392707 -0.052056
v 0.286362 0.387216 -0.035026
v 0.277932 0.388454 -0.039621
v 0.288926 0.378320 -0.044180
v 0.280903 0.379184 -0.050467
v 0.291953 0.369890 -0.050056
v 0.282294 0.370020 -0.057579
v 0.299857 0.359425 -0.059522
v 0.287315 0.363778 -0.061352
v 0.297629 0.365255 -0.047337
v 0.303250 0.354103 -0.052397
v 0.292278 0.373013 -0.037217
v 0.290805 0.380764 -0.027721
v 0.313015 0.347478 -0.044138
v 0.309273 0.362508 -0.035534
v 0.308152 0.356047 -0.025017
v 0.319125 0.341991 -0.032513
v 0.301482 0.373214 -0.020262
v 0.300043 0.365118 -0.015792
v 0.299704 0.367163 -0.010761
v 0.303894 0.359110 -0.013156
v 0.313689 0.349736 -0.019543
v 0.319134 0.338249 -0.026209
v 0.303430 0.352713 -0.051341
v 0.300333 0.365106 -0.046151
v 0.297842 0.380678 -0.028035
v 0.225526 0.408677 -0.001391
v 0.222775 0.399395 -0.046297
v 0.227115 0.379285 -0.060712
v 0.209944 0.412919 -0.021695
v 0.225102 0.409299 -0.032722
v 0.217265 0.409299 -0.004433
v 0.195820 0.411104 -0.010085
v 0.203975 0.403355 0.007418
v 0.220811 0.402020 0.008551
v -0.140068 0.216582 0.055553
v -0.149694 0.215875 0.053311
v -0.174766 0.196181 0.111079
v -0.163084 0.207834 0.101251
v -0.166786 0.205079 0.098068
v -0.182696 0.192550 0.109534
v -0.156677 0.211161 0.090695
v -0.159886 0.208531 0.085882
v -0.167959 0.195701 0.111135
v -0.159673 0.205906 0.105496
v -0.154849 0.208987 0.095221
v -0.153750 0.211987 0.079805
v -0.158842 0.210453 0.083337
v -0.149937 0.212474 0.082426
v -0.158118 0.191385 0.109216
v -0.149627 0.202629 0.103153
v -0.155043 0.201444 0.102115
v -0.165957 0.189602 0.109097
v -0.144407 0.212202 0.092526
v -0.149077 0.211190 0.091420
v -0.147507 0.212810 0.083267
v -0.150455 0.193158 0.108704
v -0.144262 0.203844 0.103352
v -0.140587 0.213050 0.093009
v -0.141031 0.213064 0.084972
v -0.131629 0.208673 0.094258
v -0.129904 0.212468 0.083968
v -0.136239 0.208713 0.090834
v -0.140938 0.204469 0.101248
v -0.127262 0.205941 0.088925
v -0.123750 0.204903 0.082101
v -0.131847 0.214842 0.077144
v -0.137351 0.211222 0.083653
v -0.125948 0.210614 0.074884
v -0.132350 0.214826 0.070348
v -0.137907 0.212264 0.083504
v -0.188897 0.198154 0.105918
v -0.175772 0.206505 0.097568
v -0.179300 0.204217 0.093166
v -0.194430 0.196092 0.102600
v -0.168848 0.209303 0.090325
v -0.172325 0.208227 0.085684
v -0.163364 0.210139 0.078702
v -0.170086 0.209211 0.080963
v -0.182972 0.197608 0.108787
v -0.172713 0.204923 0.101939
v -0.165724 0.208418 0.094577
v -0.160378 0.210211 0.083714
v -0.184091 0.203929 0.095624
v -0.186273 0.203762 0.090594
v -0.196601 0.189608 0.096821
v -0.192294 0.190122 0.100936
v -0.189213 0.203409 0.087869
v -0.201501 0.189029 0.092003
v -0.182045 0.206862 0.087172
v -0.184567 0.206473 0.084434
v -0.178892 0.207210 0.091055
v -0.184573 0.206114 0.082868
v -0.173251 0.208399 0.080183
v -0.197274 0.185174 0.090165
v -0.190351 0.198480 0.085784
v -0.202145 0.187912 0.079501
v -0.209253 0.172179 0.083796
v -0.186417 0.204632 0.083050
v -0.202708 0.201226 0.061713
v -0.198053 0.202700 0.055984
v -0.209039 0.188041 0.059222
v -0.210615 0.189628 0.066769
v -0.197501 0.201213 0.050837
v -0.206946 0.187335 0.052967
v -0.190745 0.207798 0.057593
v -0.187756 0.208278 0.052661
v -0.182084 0.210353 0.062764
v -0.177833 0.212159 0.058768
v -0.172847 0.211282 0.062279
v -0.186445 0.208731 0.065552
v -0.181989 0.208943 0.069153
v -0.193226 0.207502 0.061964
v -0.174250 0.215736 0.050527
v -0.176553 0.214450 0.054053
v -0.184645 0.213347 0.045338
v -0.187473 0.211991 0.048596
v -0.198688 0.204457 0.041111
v -0.203092 0.202779 0.047107
v -0.182511 0.212983 0.040706
v -0.194144 0.204463 0.036224
v -0.172095 0.215364 0.046270
v -0.165337 0.210455 0.052741
v -0.180003 0.204277 0.043154
v -0.176959 0.205132 0.039862
v -0.189204 0.192131 0.036460
v -0.195026 0.190002 0.041437
v -0.172651 0.204720 0.036653
v -0.182536 0.193078 0.032247
v -0.172728 0.208464 0.046184
v -0.170543 0.209205 0.043392
v -0.167186 0.208573 0.040335
v -0.164037 0.210152 0.048288
v -0.160942 0.211361 0.044915
v -0.166008 0.210435 0.050216
v -0.157229 0.215390 0.058315
v -0.156067 0.212562 0.050816
v -0.164795 0.210548 0.052340
v -0.165495 0.205945 0.035652
v -0.161111 0.206642 0.034362
v -0.171321 0.197256 0.029363
v -0.176259 0.197966 0.031018
v -0.157639 0.207189 0.033473
v -0.164163 0.196001 0.029802
v -0.155045 0.213436 0.040034
v -0.151705 0.213966 0.039069
v -0.158596 0.212871 0.041106
v -0.154151 0.212887 0.049623
v -0.148429 0.213149 0.047517
v -0.151794 0.208034 0.034369
v -0.145566 0.208958 0.034587
v -0.153486 0.197726 0.030034
v -0.161326 0.196594 0.028766
v -0.145815 0.214701 0.043635
v -0.138869 0.215745 0.043475
v -0.146077 0.213508 0.047267
v -0.128899 0.217133 0.054976
v -0.129658 0.215366 0.044979
v -0.135538 0.210345 0.038138
v -0.143399 0.199076 0.035002
v -0.195774 0.202712 0.064867
v -0.204142 0.187241 0.065411
v -0.186045 0.207356 0.068553
v -0.139313 0.211329 0.067668
v -0.163949 0.206882 0.071513
v -0.156044 0.208766 0.070211
v 0.138598 0.164640 0.211375
v 0.140225 0.157184 0.225271
v 0.229157 0.102729 0.208810
v 0.213504 0.129080 0.206606
v 0.209733 0.123013 0.212030
v 0.229665 0.092186 0.218267
v 0.196160 0.139928 0.207021
v 0.189816 0.134631 0.212943
v 0.225383 0.106830 0.199420
v 0.217017 0.128093 0.198114
v 0.200828 0.137432 0.200308
v 0.179159 0.144801 0.210826
v 0.186370 0.138493 0.214369
v 0.181110 0.147791 0.204294
v 0.215521 0.107883 0.185044
v 0.206863 0.130839 0.184356
v 0.207775 0.125486 0.191564
v 0.218814 0.099832 0.194522
v 0.192657 0.149785 0.190070
v 0.193140 0.145215 0.196432
v 0.181163 0.149857 0.200697
v 0.211402 0.115891 0.176216
v 0.204777 0.136323 0.177790
v 0.191659 0.153615 0.185158
v 0.180261 0.154526 0.191086
v 0.186833 0.153485 0.169824
v 0.172584 0.161665 0.176576
v 0.184365 0.150807 0.178259
v 0.200205 0.139873 0.175123
v 0.175625 0.153458 0.165936
v 0.163423 0.155471 0.165170
v 0.164731 0.164709 0.185084
v 0.175608 0.154685 0.185975
v 0.156529 0.163163 0.176239
v 0.155152 0.165351 0.190251
v 0.176124 0.155804 0.187428
v 0.230092 0.096366 0.232218
v 0.214429 0.118794 0.225172
v 0.208994 0.113700 0.231448
v 0.227398 0.090019 0.240579
v 0.201386 0.128755 0.222393
v 0.196082 0.125464 0.229470
v 0.181953 0.135555 0.223283
v 0.188451 0.129154 0.230194
v 0.230838 0.099331 0.222101
v 0.218458 0.118034 0.217270
v 0.205498 0.129055 0.214891
v 0.187640 0.137009 0.216024
v 0.215007 0.109544 0.236032
v 0.208823 0.108523 0.242177
v 0.217491 0.080092 0.243495
v 0.221353 0.083243 0.235329
v 0.206308 0.106356 0.247694
v 0.212902 0.076535 0.252877
v 0.202888 0.116443 0.240632
v 0.200115 0.114521 0.245580
v 0.206965 0.118579 0.234061
v 0.197701 0.114239 0.246415
v 0.188683 0.125880 0.234452
v 0.206365 0.074280 0.246198
v 0.201846 0.098824 0.247697
v 0.194676 0.076358 0.261368
v 0.198157 0.048229 0.258748
v 0.198336 0.110794 0.247882
v 0.174759 0.097649 0.281732
v 0.164576 0.103893 0.280194
v 0.169058 0.074724 0.284074
v 0.181497 0.074750 0.282103
v 0.156205 0.102928 0.281997
v 0.158579 0.076128 0.285018
v 0.165107 0.116083 0.272384
v 0.156558 0.119613 0.271954
v 0.169010 0.125061 0.258917
v 0.161691 0.131234 0.256963
v 0.163735 0.132966 0.247477
v 0.174715 0.119253 0.261927
v 0.177625 0.122156 0.253727
v 0.172647 0.113257 0.272619
v 0.149321 0.140104 0.259754
v 0.155129 0.136115 0.259731
v 0.146393 0.130144 0.275641
v 0.152065 0.125727 0.276453
v 0.144107 0.108184 0.291933
v 0.154458 0.101785 0.292840
v 0.138386 0.131822 0.275656
v 0.134590 0.112125 0.289122
v 0.141843 0.141729 0.259487
v 0.145542 0.138505 0.243308
v 0.136958 0.120784 0.265577
v 0.130909 0.124642 0.264205
v 0.127140 0.097951 0.275139
v 0.136588 0.090062 0.278345
v 0.123778 0.127569 0.260351
v 0.117852 0.104634 0.269604
v 0.139183 0.131436 0.256334
v 0.134275 0.134453 0.255708
v 0.127782 0.136373 0.252892
v 0.138268 0.139655 0.244351
v 0.132223 0.144068 0.243173
v 0.142236 0.138382 0.245864
v 0.151317 0.150433 0.231709
v 0.138654 0.148335 0.233470
v 0.144709 0.139081 0.242907
v 0.118994 0.134511 0.252199
v 0.115062 0.138788 0.247622
v 0.109393 0.118936 0.259027
v 0.114738 0.116223 0.264926
v 0.112139 0.142149 0.243907
v 0.105662 0.122119 0.248461
v 0.122851 0.151919 0.239770
v 0.119881 0.155173 0.236271
v 0.126076 0.148449 0.243459
v 0.136031 0.150327 0.231899
v 0.130017 0.155048 0.225825
v 0.110649 0.147340 0.236022
v 0.108006 0.153015 0.228122
v 0.100983 0.132070 0.235094
v 0.102885 0.125119 0.245717
v 0.123639 0.159689 0.225828
v 0.120111 0.166097 0.217292
v 0.128542 0.157256 0.223069
v 0.131995 0.173382 0.197199
v 0.117185 0.171820 0.203800
v 0.108341 0.161528 0.213221
v 0.103325 0.140360 0.219154
v 0.176224 0.104184 0.271276
v 0.175060 0.076104 0.272976
v 0.178273 0.117121 0.258596
v 0.153552 0.155851 0.199251
v 0.170498 0.131566 0.226914
v 0.165152 0.140021 0.218351
v 0.161446 0.137293 -0.104408
v 0.172116 0.131338 -0.107732
v 0.146095 0.087844 -0.175120
v 0.146670 0.108892 -0.162508
v 0.151483 0.104045 -0.160346
v 0.153444 0.079424 -0.176912
v 0.149550 0.117556 -0.148954
v 0.155133 0.113325 -0.144846
v 0.139279 0.091120 -0.170775
v 0.139486 0.108103 -0.164015
v 0.143593 0.115562 -0.151629
v 0.155042 0.121448 -0.136168
v 0.156760 0.116410 -0.142351
v 0.149626 0.123836 -0.136738
v 0.129447 0.091961 -0.160915
v 0.130182 0.110296 -0.154018
v 0.135706 0.106021 -0.155795
v 0.136402 0.085531 -0.164896
v 0.136760 0.125428 -0.143707
v 0.141683 0.121778 -0.145024
v 0.146794 0.125486 -0.136250
v 0.123123 0.098358 -0.156381
v 0.125334 0.114676 -0.151413
v 0.133051 0.128487 -0.142200
v 0.139383 0.129216 -0.134126
v 0.121724 0.128384 -0.136153
v 0.129123 0.134917 -0.125962
v 0.128709 0.126245 -0.135458
v 0.123914 0.117512 -0.147431
v 0.120323 0.128362 -0.126782
v 0.121519 0.129970 -0.117090
v 0.136958 0.137349 -0.121051
v 0.136056 0.129342 -0.129720
v 0.131223 0.136114 -0.113309
v 0.142426 0.137862 -0.114292
v 0.137121 0.130236 -0.130339
v 0.164332 0.082762 -0.179302
v 0.161108 0.100675 -0.165968
v 0.166835 0.096607 -0.162627
v 0.171292 0.077693 -0.178419
v 0.160847 0.108632 -0.155320
v 0.167185 0.106003 -0.152199
v 0.164408 0.114063 -0.140196
v 0.168876 0.108950 -0.146315
v 0.156280 0.085130 -0.178397
v 0.154311 0.100069 -0.167967
v 0.154353 0.108871 -0.157444
v 0.157872 0.115225 -0.143591
v 0.169548 0.093288 -0.168022
v 0.175283 0.092472 -0.164073
v 0.175041 0.069764 -0.171071
v 0.168062 0.072281 -0.172900
v 0.179984 0.090742 -0.162911
v 0.183082 0.066923 -0.168851
v 0.174944 0.098798 -0.159186
v 0.179237 0.097263 -0.157737
v 0.169186 0.100504 -0.161418
v 0.180248 0.097037 -0.155965
v 0.172185 0.106336 -0.147125
v 0.178802 0.065122 -0.162735
v 0.180644 0.084726 -0.159408
v 0.192432 0.066782 -0.155793
v 0.189863 0.044315 -0.158140
v 0.181306 0.094286 -0.156681
v 0.211352 0.083788 -0.143158
v 0.211644 0.088774 -0.134938
v 0.214030 0.065477 -0.139028
v 0.210650 0.065498 -0.148502
v 0.214292 0.088004 -0.128632
v 0.216314 0.066598 -0.130941
v 0.205435 0.098511 -0.134204
v 0.206356 0.101330 -0.127430
v 0.194288 0.105681 -0.135285
v 0.193832 0.110612 -0.129251
v 0.186085 0.111996 -0.129459
v 0.195811 0.101042 -0.140206
v 0.188945 0.103361 -0.141283
v 0.204509 0.096253 -0.140158
v 0.197845 0.117696 -0.119952
v 0.196971 0.114511 -0.124508
v 0.210748 0.109741 -0.119993
v 0.210550 0.106213 -0.124565
v 0.223874 0.092202 -0.120598
v 0.223061 0.087091 -0.128857
v 0.211939 0.111082 -0.113710
v 0.223069 0.095349 -0.112713
v 0.198737 0.118994 -0.114042
v 0.185491 0.116419 -0.114562
v 0.204237 0.102265 -0.111104
v 0.204051 0.105347 -0.106154
v 0.213190 0.084029 -0.104806
v 0.214315 0.077728 -0.112695
v 0.202076 0.107685 -0.099988
v 0.210212 0.089366 -0.096699
v 0.196654 0.110773 -0.111489
v 0.196885 0.113183 -0.107544
v 0.195631 0.114717 -0.102032
v 0.187381 0.117338 -0.109006
v 0.187347 0.120863 -0.104087
v 0.187985 0.116321 -0.112344
v 0.175535 0.125946 -0.117388
v 0.178784 0.124271 -0.107707
v 0.185300 0.116879 -0.113849
v 0.196382 0.113229 -0.095032
v 0.193368 0.116645 -0.091271
v 0.203155 0.100789 -0.088501
v 0.206999 0.098622 -0.093566
v 0.190882 0.119329 -0.088429
v 0.195411 0.103332 -0.084016
v 0.186057 0.127133 -0.096229
v 0.183747 0.129732 -0.093382
v 0.188477 0.124361 -0.099304
v 0.177936 0.125862 -0.105416
v 0.174054 0.129632 -0.099801
v 0.184911 0.123476 -0.086098
v 0.179099 0.128009 -0.082860
v 0.185606 0.111280 -0.078374
v 0.193665 0.105728 -0.081431
v 0.174996 0.133339 -0.094794
v 0.168814 0.138457 -0.090767
v 0.172108 0.131396 -0.098236
v 0.151291 0.144275 -0.097136
v 0.158654 0.143028 -0.086483
v 0.167352 0.134808 -0.080928
v 0.172748 0.117901 -0.077864
v 0.202927 0.089007 -0.142768
v 0.204433 0.066579 -0.142104
v 0.192672 0.099339 -0.142509
v 0.149726 0.130273 -0.114361
v 0.168946 0.110877 -0.131739
v 0.163011 0.117630 -0.126281
v -0.157154 0.651391 -0.052984
v -0.172375 0.647207 -0.071350
v -0.280946 0.614929 0.018857
v -0.247996 0.639307 0.009039
v -0.251909 0.632173 -0.000190
v -0.294750 0.605815 0.008649
v -0.224627 0.644806 -0.005497
v -0.225900 0.637622 -0.017382
v -0.267836 0.614619 0.026091
v -0.245812 0.636444 0.021194
v -0.225803 0.641304 0.005632
v -0.207687 0.644407 -0.023623
v -0.221218 0.641336 -0.021686
v -0.203010 0.646477 -0.014786
v -0.246869 0.605814 0.033623
v -0.223995 0.629829 0.027858
v -0.233422 0.626431 0.020593
v -0.261945 0.601067 0.025778
v -0.202758 0.648801 0.010382
v -0.210667 0.645844 0.003707
v -0.199171 0.647663 -0.010755
v -0.231481 0.610375 0.040073
v -0.213801 0.633092 0.033454
v -0.195852 0.651166 0.015026
v -0.188397 0.649297 -0.000879
v -0.185251 0.641673 0.016418
v -0.205181 0.634323 0.032672
v -0.164794 0.646695 -0.004324
v -0.179939 0.645369 0.000840
v -0.152347 0.636940 -0.004411
v -0.159301 0.640501 -0.020123
v -0.180845 0.647547 -0.000284
v -0.302926 0.616537 -0.006100
v -0.268763 0.634210 -0.010758
v -0.271073 0.627835 -0.022268
v -0.310235 0.610690 -0.017647
v -0.247829 0.639378 -0.018261
v -0.249774 0.635593 -0.030486
v -0.225180 0.639104 -0.035168
v -0.240542 0.636886 -0.037502
v -0.294434 0.616639 0.005648
v -0.267387 0.632096 0.001190
v -0.246194 0.638760 -0.006651
v -0.224585 0.640733 -0.022482
v -0.282891 0.627263 -0.022401
v -0.281915 0.625509 -0.034271
v -0.308557 0.594994 -0.029345
v -0.304470 0.597519 -0.017134
v -0.284792 0.623800 -0.042443
v -0.313065 0.592100 -0.043499
v -0.270146 0.631926 -0.037281
v -0.272201 0.630180 -0.045039
v -0.268055 0.633915 -0.026662
v -0.270599 0.629036 -0.047963
v -0.245875 0.634600 -0.042053
v -0.303041 0.583723 -0.041703
v -0.284913 0.612454 -0.046372
v -0.301399 0.586716 -0.067902
v -0.319833 0.552654 -0.062977
v -0.274379 0.625651 -0.049137
v -0.283889 0.611578 -0.106040
v -0.268933 0.613965 -0.112632
v -0.293766 0.581590 -0.114000
v -0.304598 0.586621 -0.101520
v -0.262563 0.609596 -0.121578
v -0.283255 0.578833 -0.123688
v -0.256376 0.626225 -0.103312
v -0.245483 0.626452 -0.109836
v -0.244924 0.633907 -0.085111
v -0.232535 0.637374 -0.088874
v -0.226532 0.636801 -0.076774
v -0.256273 0.630550 -0.083829
v -0.251369 0.632317 -0.072378
v -0.265705 0.626323 -0.097390
v -0.217023 0.643653 -0.101930
v -0.225148 0.641418 -0.097199
v -0.231813 0.636144 -0.121992
v -0.240675 0.633638 -0.118297
v -0.254753 0.614300 -0.142312
v -0.269504 0.611555 -0.134896
v -0.222898 0.634511 -0.128606
v -0.240903 0.613668 -0.147031
v -0.208455 0.642090 -0.107800
v -0.202143 0.633598 -0.087166
v -0.220706 0.616365 -0.119115
v -0.211394 0.617791 -0.122526
v -0.231771 0.587368 -0.138370
v -0.248218 0.583254 -0.134256
v -0.199746 0.616612 -0.124156
v -0.214494 0.589170 -0.139844
v -0.209696 0.626961 -0.106869
v -0.202567 0.628166 -0.110172
v -0.192919 0.626441 -0.112433
v -0.195027 0.632050 -0.094310
v -0.185528 0.634236 -0.097913
v -0.200830 0.632901 -0.092705
v -0.192141 0.646502 -0.069363
v -0.182179 0.638734 -0.081861
v -0.200678 0.633767 -0.087404
v -0.184841 0.619813 -0.119028
v -0.175011 0.621499 -0.117172
v -0.189742 0.598804 -0.134906
v -0.201001 0.600208 -0.136986
v -0.167365 0.622856 -0.115446
v -0.176361 0.596930 -0.126379
v -0.169035 0.638261 -0.101752
v -0.161565 0.639549 -0.100303
v -0.177026 0.636899 -0.103201
v -0.177231 0.639369 -0.082265
v -0.165531 0.650098 -0.082130
v -0.152707 0.679831 -0.075934
v -0.140977 0.681612 -0.064686
v -0.142488 0.712974 -0.067780
v -0.156477 0.705579 -0.077579
v -0.156021 0.660371 -0.073915
v -0.144168 0.661661 -0.060193
v -0.162319 0.655635 -0.076408
v -0.133831 0.652544 -0.047072
v -0.125924 0.658519 -0.053546
v -0.122980 0.682935 -0.062915
v -0.122605 0.712059 -0.066994
v -0.273711 0.616281 -0.093220
v -0.290701 0.581793 -0.096864
v -0.258622 0.628287 -0.077303
v -0.168146 0.638337 -0.031802
v -0.218926 0.630284 -0.048758
v -0.202251 0.634930 -0.043603
v -0.288270 0.548224 0.040009
v -0.273718 0.553222 0.012609
v -0.351216 0.543185 0.029743
v -0.343886 0.547238 0.019591
v -0.366324 0.535019 0.015245
v -0.373192 0.531806 0.027180
v -0.338760 0.547104 0.011505
v -0.354334 0.531994 0.003741
v -0.330798 0.554618 0.026841
v -0.325982 0.551956 0.016469
v -0.336685 0.548903 0.032772
v -0.315046 0.555271 0.002852
v -0.322371 0.553986 0.010537
v -0.333211 0.548579 -0.004305
v -0.337893 0.548527 0.004941
v -0.345161 0.542020 -0.009044
v -0.354663 0.540533 0.000524
v -0.321196 0.544306 -0.014113
v -0.331489 0.531473 -0.019912
v -0.307250 0.555355 -0.003305
v -0.291091 0.560399 0.007332
v -0.307396 0.546050 -0.011209
v -0.295844 0.544812 -0.016479
v -0.317126 0.534333 -0.028742
v -0.330544 0.536043 -0.022156
v -0.292123 0.554621 -0.000103
v -0.282388 0.553800 -0.004341
v -0.274640 0.556812 0.005504
v -0.274500 0.550879 -0.008226
v -0.282608 0.547573 -0.015668
v -0.288200 0.541821 -0.020990
v -0.301912 0.530395 -0.032758
v -0.248551 0.546022 -0.008127
v -0.262138 0.540262 -0.025155
v -0.274382 0.545118 -0.017321
v -0.279661 0.531038 -0.028756
v -0.281848 0.538146 -0.020326
v -0.288918 0.523375 -0.030321
v -0.298570 0.524337 -0.023884
v -0.261843 0.522669 -0.030432
v -0.276948 0.515579 -0.030751
v -0.240826 0.532062 -0.025838
v -0.230265 0.537520 -0.013960
v -0.247152 0.547880 0.001712
v -0.229040 0.534682 0.004788
v -0.250092 0.546939 0.008064
v -0.240903 0.534022 0.018409
v -0.360254 0.532339 0.053335
v -0.361166 0.539895 0.045528
v -0.374537 0.531021 0.045286
v -0.372764 0.523517 0.055830
v -0.354004 0.543498 0.038150
v -0.369479 0.531097 0.033875
v -0.345973 0.545654 0.047025
v -0.341411 0.547349 0.040561
v -0.346498 0.537181 0.055434
v -0.360529 0.531805 0.058251
v -0.357240 0.524654 0.072875
v -0.372798 0.523302 0.059918
v -0.369841 0.513515 0.079221
v -0.256428 0.537375 0.118657
v -0.245312 0.550603 0.101178
v -0.258587 0.556077 0.098834
v -0.270594 0.544447 0.120930
v -0.247930 0.556941 0.079520
v -0.258240 0.560592 0.079163
v -0.255716 0.553919 0.058295
v -0.265330 0.560507 0.069891
v -0.241657 0.528094 0.112408
v -0.235783 0.546351 0.095803
v -0.238277 0.554343 0.076136
v -0.239740 0.557039 0.061393
v -0.284339 0.553163 0.124816
v -0.280860 0.559020 0.110699
v -0.290838 0.557272 0.110278
v -0.300342 0.551846 0.122482
v -0.274441 0.564135 0.080935
v -0.283281 0.560012 0.083061
v -0.286657 0.557291 0.098688
v -0.277043 0.562467 0.096640
v -0.270344 0.549587 0.118168
v -0.266169 0.553763 0.108286
v -0.264696 0.562366 0.080520
v -0.264769 0.555525 0.099798
v -0.300025 0.560144 0.088857
v -0.289829 0.558288 0.091727
v -0.303541 0.554211 0.101568
v -0.293407 0.552486 0.106410
v -0.308284 0.548351 0.110775
v -0.296470 0.545363 0.116817
v -0.317637 0.543410 0.125296
v -0.302901 0.542214 0.123560
v -0.316602 0.545902 0.110331
v -0.325267 0.538403 0.119958
v -0.311078 0.549230 0.096389
v -0.309212 0.554474 0.083855
v -0.340071 0.534868 0.115024
v -0.332706 0.546433 0.100906
v -0.337330 0.537567 0.091443
v -0.351774 0.530134 0.105508
v -0.325063 0.550594 0.080208
v -0.328276 0.541074 0.077538
v -0.328572 0.542015 0.071574
v -0.335328 0.536430 0.077222
v -0.347006 0.532884 0.088545
v -0.355166 0.525267 0.099929
v -0.326326 0.536915 0.119276
v -0.319685 0.546796 0.109643
v -0.316118 0.557728 0.085569
v -0.240842 0.546842 0.035462
v -0.228797 0.544642 0.084998
v -0.237143 0.529393 0.106825
v -0.217738 0.547525 0.052672
v -0.231000 0.553040 0.068273
v -0.231522 0.544167 0.036901
v -0.207906 0.536999 0.038215
v -0.224282 0.529893 0.023536
v -0.241822 0.536213 0.025970
v 0.280163 0.644290 -0.083212
v 0.291988 0.651120 -0.069863
v 0.284236 0.659552 -0.060895
v 0.134213 0.644403 -0.088218
v 0.155465 0.626537 -0.052354
v 0.170383 0.631227 -0.055879
v 0.108806 0.637296 -0.099341
v 0.102816 0.633466 -0.086972
v 0.174932 0.648586 -0.018835
v 0.191129 0.653678 -0.022673
v 0.187113 0.636485 -0.059889
v 0.155038 0.642513 -0.009472
v 0.127177 0.625308 0.005477
v 0.148562 0.637572 0.001881
v 0.134694 0.616210 0.028930
v 0.159643 0.631998 0.020655
v 0.147029 0.606030 0.043895
v 0.174860 0.618038 0.039261
v 0.193882 0.650298 -0.006044
v 0.178055 0.649825 -0.003637
v 0.161226 0.639880 -0.002217
v 0.196543 0.640059 -0.062455
v 0.191723 0.661627 -0.110121
v 0.172247 0.659516 -0.112673
v 0.180101 0.626029 0.047461
v 0.218647 0.644391 0.048542
v 0.187443 0.648411 0.021721
v 0.170563 0.631842 0.028701
v 0.241060 0.645638 0.044446
v 0.207587 0.650080 0.014152
v 0.211326 0.656182 -0.037917
v 0.212280 0.643011 -0.066885
v 0.195531 0.653230 -0.033281
v 0.197899 0.656854 -0.024203
v 0.213550 0.663738 -0.031325
v 0.203074 0.654454 -0.003770
v 0.223742 0.648653 0.025269
v 0.246748 0.664416 0.015540
v 0.226545 0.665736 -0.007195
v 0.250175 0.634918 0.035512
v 0.283764 0.643133 0.022583
v 0.304670 0.648599 0.010015
v 0.262253 0.661915 0.005113
v 0.244605 0.662521 -0.011216
v 0.229155 0.659882 -0.037442
v 0.258355 0.659801 -0.011643
v 0.268857 0.667585 -0.024981
v 0.272859 0.657345 0.002959
v 0.283892 0.667070 -0.015419
v 0.291573 0.651494 0.008278
v 0.311398 0.661206 -0.003717
v 0.324060 0.658261 -0.012480
v 0.298115 0.662677 -0.025732
v 0.286333 0.665413 -0.034581
v 0.276451 0.660525 -0.051803
v 0.291829 0.663750 -0.032271
v 0.306147 0.667239 -0.049400
v 0.315175 0.661597 -0.019353
v 0.326772 0.665931 -0.044163
v 0.333742 0.649527 -0.026307
v 0.343403 0.655454 -0.041356
v 0.347703 0.646273 -0.052959
v 0.332526 0.656584 -0.055602
v 0.310082 0.655227 -0.058579
v 0.333587 0.651200 -0.061303
v 0.336999 0.648917 -0.073419
v 0.353281 0.644488 -0.062649
v 0.357824 0.641847 -0.075392
v 0.359742 0.634331 -0.085765
v 0.338891 0.641388 -0.083911
v 0.328485 0.641673 -0.084599
v 0.333505 0.623669 -0.134166
v 0.317225 0.640842 -0.131177
v 0.101571 0.628275 -0.068258
v 0.101590 0.630369 -0.080070
v 0.298552 0.654698 -0.127136
v 0.288921 0.661552 -0.134923
v 0.315533 0.652939 -0.140646
v 0.303318 0.657519 -0.150666
v 0.329258 0.650145 -0.148011
v 0.313959 0.654987 -0.159039
v 0.295604 0.652428 -0.168722
v 0.287607 0.658447 -0.158768
v 0.277129 0.662086 -0.142184
v 0.269616 0.659697 -0.118105
v 0.091733 0.626003 -0.085931
v 0.089984 0.625445 -0.072527
v 0.078227 0.620237 -0.079564
v 0.082427 0.618356 -0.094517
v 0.256546 0.660473 -0.111550
v 0.264288 0.668534 -0.140438
v 0.247441 0.666907 -0.139162
v 0.276509 0.667709 -0.159019
v 0.262234 0.661802 -0.168842
v 0.291624 0.661693 -0.174095
v 0.270177 0.652946 -0.180108
v 0.251160 0.626610 -0.181486
v 0.230723 0.657116 -0.154489
v 0.243280 0.663367 -0.138663
v 0.266708 0.642424 -0.178727
v 0.104748 0.622066 -0.056606
v 0.219175 0.666096 -0.128413
v 0.200742 0.667037 -0.129953
v 0.187381 0.652252 -0.155143
v 0.202190 0.665196 -0.154531
v 0.211257 0.654876 -0.173843
v 0.196078 0.640386 -0.176872
v 0.213282 0.624533 -0.191877
v 0.226924 0.638578 -0.190845
v 0.189633 0.656147 -0.132099
v 0.164401 0.632987 -0.167019
v 0.175275 0.643512 -0.165520
v 0.185521 0.639222 -0.182390
v 0.177052 0.626783 -0.183714
v 0.167824 0.656569 -0.141850
v 0.178556 0.658059 -0.139624
v 0.185674 0.643454 -0.164043
v 0.187851 0.625741 -0.190922
v 0.197358 0.632916 -0.194967
v 0.158659 0.640437 -0.141897
v 0.151536 0.617156 -0.184165
v 0.143081 0.632300 -0.160404
v 0.164967 0.627527 -0.171786
v 0.178164 0.617603 -0.194213
v 0.137308 0.645938 -0.132581
v 0.150352 0.644028 -0.137110
v 0.126659 0.603655 -0.171262
v 0.123349 0.620492 -0.146771
v 0.126618 0.636750 -0.126787
v 0.098050 0.615385 -0.137086
v 0.086330 0.612934 -0.109679
v 0.093051 0.624809 -0.099096
v 0.104155 0.629308 -0.114472
v 0.121550 0.637316 -0.114280
v 0.221718 0.665612 -0.152096
v 0.228780 0.655940 -0.165677
v 0.245477 0.633805 -0.180861
v 0.194704 0.640239 -0.180725
v 0.207567 0.638797 -0.194758
v 0.119128 0.626884 -0.131439
v 0.122368 0.614996 -0.142596
v 0.080199 0.614211 -0.061830
v 0.090818 0.618858 -0.059223
v 0.018988 0.519766 0.114475
v -0.014514 0.532354 0.058175
v -0.054947 0.519024 0.220749
v -0.065370 0.528766 0.194944
v -0.094206 0.502982 0.239107
v -0.080213 0.495044 0.265270
v -0.074724 0.528392 0.177909
v -0.103711 0.494700 0.208333
v -0.040430 0.543953 0.173635
v -0.054296 0.537654 0.156604
v -0.036181 0.530313 0.193823
v -0.067564 0.545326 0.121423
v -0.061023 0.542628 0.142956
v -0.096749 0.532676 0.151476
v -0.085039 0.532403 0.168973
v -0.116274 0.519062 0.172655
v -0.108453 0.516045 0.200075
v -0.103479 0.521153 0.123151
v -0.124138 0.491964 0.144502
v -0.071217 0.544843 0.101342
v -0.038041 0.553433 0.079399
v -0.086068 0.522820 0.100066
v -0.085041 0.518367 0.074995
v -0.126219 0.497460 0.108166
v -0.126580 0.503251 0.137560
v -0.052430 0.540170 0.077820
v -0.051189 0.536945 0.056742
v -0.027069 0.542041 0.050474
v -0.051240 0.528839 0.040726
v -0.071594 0.522837 0.050193
v -0.086391 0.510193 0.058852
v -0.120138 0.485637 0.079551
v -0.028718 0.512537 -0.002508
v -0.070669 0.502400 0.009035
v -0.067458 0.515592 0.035447
v -0.100322 0.488407 0.039290
v -0.086908 0.505375 0.046734
v -0.112337 0.478943 0.054765
v -0.116531 0.487619 0.073935
v -0.089115 0.470133 0.019532
v -0.105760 0.463350 0.034480
v -0.054010 0.478750 -0.024415
v -0.023607 0.489173 -0.035372
v -0.010368 0.515868 0.003382
v 0.009284 0.480107 -0.017308
v -0.002191 0.513413 0.015510
v 0.022070 0.479108 0.017769
v -0.023830 0.491534 0.267322
v -0.037086 0.511029 0.256268
v -0.050440 0.491515 0.285949
v -0.031723 0.471728 0.298103
v -0.042954 0.519414 0.233783
v -0.065530 0.492002 0.265639
v -0.020355 0.522459 0.226626
v -0.027194 0.526505 0.210973
v -0.007453 0.500897 0.241459
v -0.015707 0.489774 0.272987
v 0.011395 0.470186 0.286183
v -0.024766 0.470793 0.302312
v 0.009740 0.444318 0.322447
v 0.188828 0.529100 0.111874
v 0.152197 0.524308 0.087484
v 0.147053 0.542199 0.104909
v 0.181769 0.524343 0.139688
v 0.120009 0.530851 0.074414
v 0.114227 0.548006 0.086444
v 0.189731 0.512769 0.084691
v 0.160815 0.514787 0.067498
v 0.125916 0.529610 0.051818
v 0.099714 0.531082 0.042445
v 0.168596 0.518014 0.190089
v 0.148190 0.533234 0.166107
v 0.138389 0.535318 0.181898
v 0.150237 0.522361 0.214532
v 0.103451 0.547717 0.122012
v 0.098730 0.543521 0.139841
v 0.122209 0.535831 0.163026
v 0.127880 0.542474 0.143183
v 0.168954 0.533931 0.144569
v 0.156290 0.533636 0.131297
v 0.111108 0.546430 0.102424
v 0.143188 0.538583 0.119293
v 0.093873 0.546077 0.175483
v 0.107586 0.539514 0.161234
v 0.111826 0.530819 0.198206
v 0.128883 0.524388 0.185912
v 0.122691 0.516299 0.219647
v 0.143135 0.506366 0.206358
v 0.138706 0.504278 0.253957
v 0.148618 0.499036 0.226607
v 0.114263 0.511733 0.235773
v 0.122172 0.493808 0.265761
v 0.095649 0.520382 0.209978
v 0.076456 0.534208 0.190852
v 0.100169 0.488118 0.289854
v 0.083912 0.516698 0.255089
v 0.062479 0.496664 0.260030
v 0.072896 0.479426 0.304692
v 0.055689 0.527719 0.218316
v 0.047076 0.505155 0.227815
v 0.036700 0.508117 0.221876
v 0.039714 0.494971 0.243261
v 0.048360 0.487088 0.277679
v 0.059717 0.468610 0.308561
v 0.119880 0.490401 0.267986
v 0.110467 0.514516 0.240037
v 0.073691 0.543186 0.202756
v 0.181363 0.477165 0.048971
v 0.140360 0.510593 0.017368
v 0.150487 0.505273 0.051838
v 0.182361 0.486480 0.083748
v 0.103032 0.504901 0.000758
v 0.118750 0.519097 0.036168
v 0.063361 0.500569 0.012285
v 0.145698 0.485189 -0.004180
v 0.118076 0.483901 -0.020876
v 0.085612 0.479228 -0.024260
v 0.045056 0.465654 -0.004283
v 0.034501 0.483876 0.025366
v 0.175441 0.396192 0.266738
v 0.167668 0.394191 0.284065
v 0.162864 0.407233 0.288359
v 0.167683 0.507666 0.172718
v 0.129543 0.488893 0.188528
v 0.136046 0.479365 0.199660
v 0.169509 0.514653 0.145089
v 0.158083 0.523698 0.145299
v 0.111379 0.494663 0.228844
v 0.118448 0.484315 0.240925
v 0.143389 0.468666 0.212118
v 0.098648 0.508546 0.215980
v 0.075256 0.523244 0.192903
v 0.085789 0.513210 0.213127
v 0.050947 0.517423 0.200936
v 0.067528 0.505660 0.223891
v 0.034092 0.505298 0.207908
v 0.045972 0.489903 0.231617
v 0.102385 0.483999 0.247039
v 0.098704 0.496476 0.237696
v 0.091535 0.503874 0.221023
v 0.148074 0.462927 0.219425
v 0.199749 0.468519 0.211746
v 0.199426 0.481699 0.197034
v 0.042743 0.492487 0.243510
v 0.053319 0.473913 0.280486
v 0.076335 0.494213 0.252783
v 0.061229 0.498991 0.233885
v 0.059403 0.456430 0.293827
v 0.085502 0.477933 0.263591
v 0.134813 0.466730 0.249263
v 0.154665 0.451528 0.229556
v 0.128036 0.478221 0.239178
v 0.121811 0.480629 0.246702
v 0.132561 0.471014 0.258322
v 0.103016 0.479900 0.256512
v 0.076341 0.467176 0.277265
v 0.094037 0.456564 0.298397
v 0.113128 0.467713 0.277468
v 0.063256 0.440985 0.288884
v 0.081270 0.416995 0.310397
v 0.096658 0.401235 0.322219
v 0.103469 0.440730 0.302362
v 0.116762 0.450954 0.285122
v 0.137561 0.455286 0.263166
v 0.117065 0.438637 0.291818
v 0.133310 0.432101 0.298312
v 0.104206 0.429342 0.305155
v 0.125849 0.422394 0.311267
v 0.098410 0.412656 0.315189
v 0.115116 0.400383 0.329384
v 0.122630 0.386859 0.331923
v 0.134216 0.406451 0.313209
v 0.142322 0.415132 0.304068
v 0.154576 0.415900 0.287718
v 0.139979 0.410435 0.307351
v 0.157971 0.397537 0.311882
v 0.129495 0.394116 0.325797
v 0.154460 0.382056 0.326114
v 0.131773 0.371034 0.326709
v 0.148627 0.363652 0.330754
v 0.155142 0.352222 0.322734
v 0.160877 0.369443 0.318966
v 0.161022 0.385264 0.302713
v 0.163594 0.364120 0.313780
v 0.173608 0.357354 0.309586
v 0.163409 0.344638 0.321204
v 0.173913 0.336643 0.317236
v 0.179888 0.328321 0.309310
v 0.179681 0.349018 0.301588
v 0.179547 0.357054 0.294936
v 0.215847 0.331122 0.266370
v 0.219590 0.354560 0.268718
v 0.139927 0.527840 0.149338
v 0.151364 0.526359 0.146037
v 0.220696 0.378117 0.267767
v 0.229901 0.387828 0.263149
v 0.233324 0.360877 0.271929
v 0.243268 0.370719 0.263277
v 0.239753 0.346944 0.275796
v 0.250451 0.359088 0.264970
v 0.256352 0.369503 0.247825
v 0.249562 0.381527 0.250751
v 0.235601 0.395573 0.253170
v 0.212507 0.405471 0.256433
v 0.153769 0.530024 0.134576
v 0.141466 0.534116 0.138442
v 0.144374 0.538476 0.124752
v 0.157155 0.530690 0.120192
v 0.205938 0.417515 0.251314
v 0.235886 0.409706 0.250054
v 0.232604 0.422024 0.238849
v 0.253040 0.395529 0.249813
v 0.257895 0.400777 0.232959
v 0.264978 0.376842 0.249340
v 0.264563 0.386808 0.227588
v 0.252285 0.385518 0.197509
v 0.240385 0.425587 0.215674
v 0.230210 0.423245 0.234065
v 0.258289 0.383552 0.218946
v 0.127039 0.524375 0.151854
v 0.220318 0.445807 0.224755
v 0.220563 0.460228 0.213136
v 0.235128 0.455974 0.184826
v 0.241679 0.452380 0.203030
v 0.254925 0.434829 0.194188
v 0.249790 0.437236 0.173757
v 0.257394 0.411113 0.168083
v 0.263971 0.409169 0.186452
v 0.216613 0.461836 0.198022
v 0.235035 0.459531 0.152770
v 0.239375 0.457739 0.167234
v 0.253278 0.443421 0.164122
v 0.248120 0.442261 0.149971
v 0.223632 0.476668 0.180654
v 0.223231 0.469788 0.189306
v 0.238911 0.450024 0.174346
v 0.254956 0.431661 0.153220
v 0.262589 0.427662 0.162383
v 0.215613 0.474146 0.164116
v 0.242026 0.456119 0.127283
v 0.227061 0.477082 0.141494
v 0.236848 0.454759 0.147593
v 0.253386 0.433544 0.140379
v 0.208033 0.496015 0.158015
v 0.212287 0.483783 0.163171
v 0.222376 0.470245 0.107739
v 0.207960 0.488414 0.126616
v 0.197837 0.500132 0.147463
v 0.216754 0.525765 0.110567
v 0.197546 0.526007 0.106713
v 0.171087 0.524342 0.124877
v 0.187878 0.515291 0.128905
v 0.186561 0.507245 0.149625
v 0.241345 0.438126 0.216601
v 0.249625 0.423821 0.209207
v 0.254505 0.394317 0.198961
v 0.253030 0.437324 0.171258
v 0.265920 0.423330 0.172824
v 0.208456 0.509951 0.134790
v 0.230238 0.520020 0.129506
v 0.126067 0.537445 0.129052
v 0.126744 0.532613 0.139885
v -0.026072 0.347809 0.154797
v -0.036758 0.349967 0.176917
v 0.089796 0.317600 0.276419
v 0.072342 0.340297 0.238148
v 0.062583 0.334831 0.246488
v 0.081713 0.311935 0.296129
v 0.050209 0.344768 0.215719
v 0.036762 0.339253 0.221953
v 0.093635 0.313533 0.260381
v 0.084496 0.334505 0.233107
v 0.062184 0.339073 0.214722
v 0.025358 0.344561 0.202520
v 0.031158 0.343288 0.217257
v 0.033800 0.344370 0.194597
v 0.094308 0.298597 0.237700
v 0.084256 0.321991 0.209255
v 0.078785 0.321296 0.222163
v 0.089744 0.297552 0.257154
v 0.061335 0.342265 0.186912
v 0.056102 0.341672 0.197925
v 0.037165 0.344237 0.189092
v 0.097240 0.299636 0.218332
v 0.087665 0.322702 0.196009
v 0.064591 0.342762 0.177670
v 0.044832 0.342258 0.174412
v 0.072475 0.328340 0.158825
v 0.048445 0.335976 0.147528
v 0.061652 0.330089 0.167992
v 0.084366 0.322630 0.186660
v 0.061886 0.319307 0.146709
v 0.047222 0.314652 0.135103
v 0.030825 0.342001 0.147481
v 0.043622 0.336060 0.165707
v 0.028526 0.328928 0.134004
v 0.014048 0.341563 0.145045
v 0.042961 0.338836 0.166504
v 0.069586 0.327976 0.306577
v 0.056487 0.342101 0.267087
v 0.043867 0.337599 0.274155
v 0.058508 0.324977 0.318923
v 0.042679 0.345360 0.245429
v 0.029511 0.343781 0.251720
v 0.017439 0.344024 0.225717
v 0.019270 0.344812 0.243405
v 0.079773 0.324379 0.294187
v 0.068759 0.337320 0.262805
v 0.054700 0.342246 0.240625
v 0.031236 0.343383 0.221237
v 0.047228 0.339152 0.287053
v 0.033824 0.339217 0.289645
v 0.043260 0.309491 0.323834
v 0.055600 0.309288 0.315520
v 0.025606 0.339356 0.295366
v 0.028891 0.309719 0.333216
v 0.027830 0.344704 0.276351
v 0.019807 0.344577 0.281082
v 0.038978 0.344567 0.270745
v 0.016000 0.343558 0.280412
v 0.015649 0.344098 0.250909
v 0.026711 0.298309 0.323799
v 0.019900 0.327574 0.299112
v -0.001824 0.306126 0.328534
v 0.004663 0.270983 0.354674
v 0.015430 0.340727 0.285564
v -0.045266 0.337380 0.314547
v -0.056638 0.338494 0.299703
v -0.054822 0.307539 0.334082
v -0.037343 0.312780 0.341210
v -0.068844 0.334150 0.296269
v -0.068877 0.304354 0.326028
v -0.048730 0.348022 0.280876
v -0.059079 0.347481 0.270876
v -0.031449 0.351068 0.261832
v -0.038832 0.353323 0.248738
v -0.027596 0.349371 0.239084
v -0.027058 0.349200 0.274461
v -0.015889 0.348151 0.265645
v -0.039466 0.348748 0.289284
v -0.056878 0.359819 0.234195
v -0.049576 0.357967 0.242154
v -0.075145 0.357916 0.257305
v -0.068779 0.356091 0.266404
v -0.093094 0.341725 0.292478
v -0.080936 0.340027 0.306956
v -0.085235 0.355699 0.249877
v -0.102491 0.339363 0.278990
v -0.066046 0.357606 0.226920
v -0.046677 0.343287 0.216369
v -0.077967 0.333521 0.248979
v -0.084303 0.334021 0.239561
v -0.099289 0.307066 0.272667
v -0.090380 0.304774 0.290182
v -0.089753 0.330891 0.227721
v -0.105887 0.306170 0.254051
v -0.066633 0.340959 0.231389
v -0.072220 0.341593 0.224343
v -0.077820 0.338342 0.214953
v -0.056785 0.341589 0.211005
v -0.063288 0.342930 0.201268
v -0.053175 0.343295 0.216627
v -0.028707 0.352436 0.197828
v -0.046298 0.344335 0.192256
v -0.047357 0.343250 0.214819
v -0.088286 0.330758 0.209540
v -0.089030 0.330483 0.198062
v -0.106769 0.311376 0.223873
v -0.105433 0.315366 0.236259
v -0.089297 0.330268 0.189048
v -0.101815 0.305296 0.207540
v -0.071923 0.345065 0.183647
v -0.072446 0.344856 0.174914
v -0.071253 0.345288 0.192959
v -0.048153 0.344207 0.186893
v -0.050153 0.342224 0.171969
v -0.083938 0.329934 0.175185
v -0.080015 0.329570 0.160009
v -0.095435 0.305001 0.181386
v -0.102785 0.305448 0.199944
v -0.058149 0.344566 0.162963
v -0.054754 0.344154 0.145814
v -0.049479 0.342083 0.166056
v -0.021394 0.344357 0.127544
v -0.046093 0.339445 0.124762
v -0.065930 0.329023 0.137336
v -0.077876 0.304469 0.159348
v -0.033826 0.338358 0.299016
v -0.037131 0.304055 0.326042
v -0.019560 0.345932 0.275711
v 0.003734 0.335711 0.161775
v -0.000351 0.335640 0.224676
v 0.000797 0.336776 0.204257
v 0.323471 0.652769 0.168080
v 0.277476 0.664375 0.175909
v 0.370355 0.647617 0.253846
v 0.351721 0.655238 0.254186
v 0.366451 0.637643 0.286521
v 0.386871 0.631018 0.283858
v 0.337178 0.656203 0.255671
v 0.340989 0.634631 0.283300
v 0.348793 0.665162 0.230852
v 0.331530 0.662635 0.235136
v 0.360827 0.655638 0.232939
v 0.305251 0.669612 0.234492
v 0.321241 0.666583 0.236176
v 0.313184 0.660798 0.263757
v 0.328670 0.659366 0.260666
v 0.318125 0.651722 0.283271
v 0.338409 0.648128 0.285813
v 0.289586 0.655624 0.259041
v 0.290989 0.637136 0.278235
v 0.290506 0.670572 0.230930
v 0.288452 0.676371 0.200968
v 0.280160 0.657626 0.239553
v 0.262765 0.656380 0.230788
v 0.267130 0.642634 0.269015
v 0.287921 0.644423 0.278728
v 0.279900 0.668735 0.209834
v 0.265509 0.667993 0.202232
v 0.270260 0.670947 0.183330
v 0.253056 0.664028 0.196740
v 0.251486 0.660260 0.213843
v 0.249788 0.652407 0.226188
v 0.247458 0.637031 0.254962
v 0.228016 0.656232 0.166023
v 0.219913 0.650287 0.199000
v 0.241432 0.656655 0.205791
v 0.227545 0.640658 0.228561
v 0.240488 0.650213 0.222478
v 0.231993 0.634272 0.241234
v 0.245292 0.638485 0.250794
v 0.214120 0.630527 0.213038
v 0.217267 0.625890 0.229090
v 0.197963 0.637593 0.174943
v 0.202748 0.643915 0.150485
v 0.238655 0.657525 0.154869
v 0.223677 0.636693 0.131644
v 0.248931 0.655160 0.152510
v 0.251136 0.633770 0.133112
v 0.405916 0.627612 0.243615
v 0.398293 0.640329 0.251260
v 0.409700 0.627058 0.268487
v 0.419782 0.613987 0.257222
v 0.383083 0.646842 0.249234
v 0.391272 0.628853 0.273165
v 0.386311 0.648638 0.230998
v 0.374446 0.652144 0.231434
v 0.395914 0.634455 0.224607
v 0.411992 0.626048 0.239367
v 0.425552 0.612864 0.222399
v 0.424676 0.613031 0.253431
v 0.443849 0.595120 0.232733
v 0.387269 0.629629 0.049969
v 0.352729 0.645317 0.065743
v 0.366491 0.655228 0.076155
v 0.404212 0.640255 0.064072
v 0.333370 0.655327 0.084639
v 0.343155 0.665122 0.093800
v 0.315077 0.658139 0.111158
v 0.336451 0.673860 0.109824
v 0.362353 0.632488 0.037858
v 0.340150 0.640550 0.052684
v 0.319902 0.655778 0.073363
v 0.303970 0.662173 0.088728
v 0.421648 0.647179 0.082881
v 0.402129 0.658214 0.091387
v 0.410897 0.655768 0.103948
v 0.433892 0.645771 0.104430
v 0.361038 0.670484 0.111195
v 0.371506 0.664013 0.120242
v 0.393082 0.657517 0.109854
v 0.382090 0.665568 0.099691
v 0.400027 0.642550 0.072735
v 0.384722 0.650365 0.076592
v 0.351100 0.667711 0.100080
v 0.373446 0.654332 0.082726
v 0.394332 0.663572 0.134861
v 0.387882 0.660152 0.120116
v 0.412198 0.652637 0.127733
v 0.408178 0.649115 0.111189
v 0.427046 0.642371 0.125372
v 0.422728 0.636718 0.105817
v 0.452723 0.632757 0.123439
v 0.436536 0.630983 0.107517
v 0.434133 0.638837 0.136037
v 0.453024 0.626070 0.138165
v 0.412601 0.645965 0.142194
v 0.396437 0.655848 0.151209
v 0.460777 0.621669 0.160962
v 0.438207 0.641335 0.164194
v 0.430295 0.629364 0.179615
v 0.459979 0.616102 0.184487
v 0.406684 0.650740 0.174088
v 0.405478 0.636708 0.181481
v 0.398737 0.639062 0.187358
v 0.411273 0.629792 0.190739
v 0.435488 0.622827 0.194461
v 0.455986 0.609603 0.194339
v 0.453048 0.623926 0.140237
v 0.436336 0.640349 0.140290
v 0.405399 0.660640 0.157535
v 0.272888 0.650658 0.115589
v 0.323639 0.627483 0.027812
v 0.296128 0.650407 0.050205
v 0.321401 0.644959 0.053072
v 0.349221 0.631061 0.038465
v 0.271614 0.648705 0.071561
v 0.303456 0.654896 0.072180
v 0.265468 0.646226 0.103333
v 0.278083 0.636187 0.037816
v 0.257610 0.636956 0.052492
v 0.243759 0.634996 0.074477
v 0.241035 0.626447 0.108771
v 0.261288 0.635954 0.126853
v 0.023506 0.192446 -0.197653
v 0.032735 0.187605 -0.215804
v -0.074201 0.132913 -0.286498
v -0.059508 0.162206 -0.262588
v -0.051203 0.155365 -0.267533
v -0.067244 0.122566 -0.300446
v -0.040846 0.172307 -0.245872
v -0.029425 0.166035 -0.249096
v -0.077590 0.134418 -0.272567
v -0.069891 0.159122 -0.256969
v -0.051050 0.168107 -0.243499
v -0.019844 0.175955 -0.235101
v -0.024676 0.170614 -0.246502
v -0.027063 0.178166 -0.228809
v -0.078401 0.129222 -0.250118
v -0.069920 0.156196 -0.234295
v -0.065195 0.151819 -0.244317
v -0.074404 0.122639 -0.265254
v -0.050495 0.178846 -0.222301
v -0.045984 0.175110 -0.230847
v -0.029956 0.179694 -0.224417
v -0.081012 0.135770 -0.235035
v -0.072897 0.160680 -0.223991
v -0.053317 0.181978 -0.215119
v -0.036572 0.182473 -0.212214
v -0.060219 0.176083 -0.195935
v -0.039854 0.185413 -0.188996
v -0.050962 0.174736 -0.203656
v -0.070160 0.163368 -0.216502
v -0.051367 0.172433 -0.183541
v -0.039025 0.172103 -0.172810
v -0.024865 0.190165 -0.190589
v -0.035640 0.180104 -0.203449
v -0.023081 0.183728 -0.175990
v -0.010645 0.190480 -0.188383
v -0.035057 0.182076 -0.204897
v -0.056786 0.132212 -0.313391
v -0.045849 0.155057 -0.286019
v -0.035118 0.149348 -0.290212
v -0.047320 0.126148 -0.322240
v -0.034254 0.163992 -0.269629
v -0.023046 0.160838 -0.274062
v -0.012972 0.168660 -0.253338
v -0.014404 0.164077 -0.267663
v -0.065536 0.133036 -0.302554
v -0.056320 0.152554 -0.281304
v -0.044507 0.162970 -0.264988
v -0.024715 0.169516 -0.249698
v -0.037875 0.146791 -0.300963
v -0.026482 0.146035 -0.302933
v -0.034438 0.112325 -0.321455
v -0.044968 0.114656 -0.314882
v -0.019468 0.144432 -0.307459
v -0.022180 0.109694 -0.328870
v -0.021451 0.154303 -0.293922
v -0.014611 0.152781 -0.297583
v -0.030950 0.155883 -0.289513
v -0.011390 0.152155 -0.296718
v -0.011285 0.161284 -0.273394
v -0.020459 0.103383 -0.317993
v -0.014670 0.133932 -0.306919
v 0.003835 0.108115 -0.323830
v -0.001704 0.072459 -0.334325
v -0.010889 0.148381 -0.299979
v 0.040797 0.136973 -0.321554
v 0.050357 0.142200 -0.309974
v 0.048860 0.107432 -0.328223
v 0.034105 0.109558 -0.335586
v 0.060667 0.139716 -0.305859
v 0.060716 0.107226 -0.320757
v 0.043576 0.155361 -0.297867
v 0.052289 0.157846 -0.289662
v 0.028801 0.163458 -0.283752
v 0.034994 0.169089 -0.273935
v 0.025370 0.168827 -0.265180
v 0.025148 0.158261 -0.293288
v 0.015603 0.160062 -0.286055
v 0.035774 0.153489 -0.304849
v 0.050251 0.178490 -0.264127
v 0.044095 0.174692 -0.269975
v 0.065897 0.170101 -0.281806
v 0.060543 0.165986 -0.288561
v 0.081267 0.146784 -0.304875
v 0.071036 0.141203 -0.315997
v 0.074397 0.170495 -0.275157
v 0.089139 0.148851 -0.293366
v 0.057970 0.178844 -0.257608
v 0.041377 0.170622 -0.245150
v 0.068092 0.153132 -0.267963
v 0.073409 0.156287 -0.260563
v 0.086188 0.125022 -0.278837
v 0.078730 0.118062 -0.292175
v 0.077937 0.157269 -0.250171
v 0.091659 0.129778 -0.263703
v 0.058399 0.164275 -0.256252
v 0.063098 0.166840 -0.250785
v 0.067769 0.167003 -0.242307
v 0.049910 0.170820 -0.240297
v 0.055372 0.174738 -0.232889
v 0.046894 0.170532 -0.245304
v 0.026056 0.183430 -0.233241
v 0.040901 0.178568 -0.226272
v 0.041943 0.171048 -0.243899
v 0.076571 0.162530 -0.235676
v 0.077124 0.165694 -0.226454
v 0.092238 0.142818 -0.241214
v 0.091210 0.142345 -0.252259
v 0.077289 0.168180 -0.219214
v 0.087889 0.142812 -0.226464
v 0.062596 0.181605 -0.219423
v 0.062980 0.184012 -0.212407
v 0.062090 0.179038 -0.226906
v 0.042438 0.180042 -0.221951
v 0.044025 0.182859 -0.209472
v 0.072647 0.172020 -0.208128
v 0.069214 0.176218 -0.195975
v 0.082298 0.150311 -0.205615
v 0.088663 0.145169 -0.220456
v 0.050766 0.187352 -0.202929
v 0.047768 0.192093 -0.189188
v 0.043413 0.184492 -0.204730
v 0.019335 0.197751 -0.174984
v 0.040249 0.194582 -0.171117
v 0.057107 0.182515 -0.177886
v 0.067246 0.156443 -0.188066
v 0.030990 0.142369 -0.309577
v 0.033772 0.107088 -0.320943
v 0.018773 0.155315 -0.293381
v -0.001816 0.180856 -0.199886
v 0.002070 0.162237 -0.249890
v 0.000966 0.169166 -0.233984
v -0.126122 0.203889 -0.305257
v -0.097891 0.216871 -0.296365
v -0.123714 0.188697 -0.369232
v -0.113460 0.196064 -0.364352
v -0.109642 0.180439 -0.385606
v -0.121787 0.173654 -0.389843
v -0.104659 0.198460 -0.360638
v -0.095838 0.181942 -0.375169
v -0.120434 0.204533 -0.351159
v -0.108850 0.204795 -0.347755
v -0.125920 0.196598 -0.355078
v -0.094478 0.212785 -0.339765
v -0.102880 0.208635 -0.345522
v -0.088466 0.204003 -0.358130
v -0.098316 0.201288 -0.361165
v -0.084008 0.196092 -0.369872
v -0.094548 0.190962 -0.377440
v -0.076072 0.203949 -0.347167
v -0.068956 0.190335 -0.356432
v -0.087267 0.215546 -0.333073
v -0.096666 0.221643 -0.315832
v -0.077391 0.207790 -0.333128
v -0.070242 0.209794 -0.322309
v -0.069123 0.190688 -0.338596
v -0.077947 0.188542 -0.351123
v -0.087932 0.220308 -0.316907
v -0.082158 0.222179 -0.307790
v -0.091736 0.221607 -0.299125
v -0.076759 0.218362 -0.300469
v -0.069558 0.218114 -0.309021
v -0.064018 0.209160 -0.314985
v -0.062114 0.190481 -0.323459
v -0.072125 0.218531 -0.273717
v -0.055847 0.213435 -0.289404
v -0.066434 0.214399 -0.301041
v -0.049498 0.204136 -0.307744
v -0.059748 0.209162 -0.309577
v -0.047278 0.198517 -0.315709
v -0.052029 0.198932 -0.326029
v -0.046232 0.200256 -0.293218
v -0.042257 0.195723 -0.302927
v -0.050360 0.209543 -0.266892
v -0.061877 0.214735 -0.255096
v -0.082123 0.218771 -0.270869
v -0.079321 0.214606 -0.249429
v -0.088654 0.216062 -0.272531
v -0.094316 0.210392 -0.258626
v -0.146098 0.171701 -0.372345
v -0.140109 0.180509 -0.375855
v -0.139823 0.169170 -0.387849
v -0.148424 0.160060 -0.382999
v -0.132542 0.186869 -0.370579
v -0.127769 0.172393 -0.384826
v -0.140707 0.188869 -0.361317
v -0.133999 0.192661 -0.358172
v -0.147298 0.178761 -0.358990
v -0.150912 0.170183 -0.371661
v -0.163436 0.160940 -0.364628
v -0.152450 0.159062 -0.382273
v -0.169100 0.146249 -0.374319
v -0.201004 0.188518 -0.254842
v -0.176999 0.202174 -0.254728
v -0.182170 0.206212 -0.266386
v -0.206814 0.192368 -0.269744
v -0.160238 0.209946 -0.260614
v -0.163533 0.214502 -0.270254
v -0.140955 0.212341 -0.270362
v -0.154931 0.220013 -0.278409
v -0.190975 0.194407 -0.240170
v -0.173803 0.201540 -0.242553
v -0.156332 0.212731 -0.249821
v -0.142458 0.217930 -0.254333
v -0.211029 0.193407 -0.287066
v -0.197770 0.202576 -0.287031
v -0.198381 0.198996 -0.296807
v -0.210683 0.189456 -0.303275
v -0.168363 0.214554 -0.286714
v -0.170829 0.208353 -0.294518
v -0.186261 0.202028 -0.294685
v -0.183993 0.209408 -0.286262
v -0.201653 0.193824 -0.273674
v -0.192142 0.200655 -0.271921
v -0.166184 0.214759 -0.276757
v -0.183883 0.204288 -0.272310
v -0.178994 0.204150 -0.310258
v -0.180002 0.203729 -0.299253
v -0.190844 0.195165 -0.310567
v -0.193851 0.194488 -0.299294
v -0.199396 0.186684 -0.312736
v -0.203084 0.184849 -0.299368
v -0.214088 0.177214 -0.318722
v -0.210015 0.179201 -0.304099
v -0.199596 0.182734 -0.320742
v -0.208763 0.171790 -0.326498
v -0.185668 0.189756 -0.318225
v -0.174078 0.197703 -0.319425
v -0.205177 0.166365 -0.341614
v -0.192612 0.181947 -0.338609
v -0.181914 0.174059 -0.343491
v -0.196330 0.161221 -0.354250
v -0.171845 0.191490 -0.335305
v -0.167564 0.181933 -0.337464
v -0.161877 0.183944 -0.338970
v -0.167233 0.176024 -0.343829
v -0.179377 0.168098 -0.352932
v -0.190196 0.156799 -0.357851
v -0.207910 0.170239 -0.327439
v -0.199543 0.183157 -0.324092
v -0.177471 0.199273 -0.326552
v -0.114585 0.212536 -0.258401
v -0.163685 0.200077 -0.238009
v -0.183886 0.183755 -0.237356
v -0.128590 0.214397 -0.232346
v -0.147194 0.214339 -0.243728
v -0.114114 0.211407 -0.248394
v -0.110502 0.208769 -0.223369
v -0.096256 0.207204 -0.240573
v -0.102540 0.209626 -0.258701
v -0.126676 0.366956 0.025138
v -0.142810 0.361225 0.031108
v -0.111636 0.308249 0.135031
v -0.108991 0.335510 0.113010
v -0.116791 0.329178 0.110934
v -0.123562 0.298131 0.139286
v -0.111936 0.345607 0.092104
v -0.120781 0.339907 0.087154
v -0.101502 0.310736 0.128170
v -0.098888 0.333347 0.115244
v -0.103757 0.342205 0.096244
v -0.119443 0.349631 0.073248
v -0.122605 0.344066 0.083022
v -0.111295 0.352084 0.073544
v -0.087720 0.308165 0.113942
v -0.085611 0.332750 0.100560
v -0.094182 0.328116 0.103966
v -0.098646 0.301196 0.120908
v -0.092502 0.353264 0.083013
v -0.100120 0.349309 0.085637
v -0.106987 0.353780 0.072504
v -0.077714 0.315096 0.106203
v -0.078009 0.337496 0.095966
v -0.086723 0.356579 0.080245
v -0.095849 0.357224 0.068700
v -0.070866 0.353138 0.071598
v -0.080505 0.361737 0.055918
v -0.081200 0.351305 0.071089
v -0.075603 0.340446 0.089749
v -0.069195 0.351028 0.058300
v -0.070921 0.351635 0.044247
v -0.091345 0.365672 0.048537
v -0.091251 0.355924 0.062400
v -0.083691 0.361360 0.037754
v -0.099238 0.366108 0.038893
v -0.092576 0.357500 0.063111
v -0.138324 0.305330 0.142107
v -0.130889 0.327332 0.119648
v -0.139881 0.322036 0.115753
v -0.149170 0.299334 0.141906
v -0.129407 0.336408 0.102979
v -0.138993 0.333294 0.099119
v -0.133967 0.341781 0.080488
v -0.141049 0.336615 0.090208
v -0.126487 0.306976 0.140294
v -0.121284 0.325593 0.122548
v -0.120072 0.335939 0.105892
v -0.124361 0.342848 0.085023
v -0.144164 0.318923 0.124079
v -0.152588 0.318085 0.118684
v -0.156200 0.287462 0.133073
v -0.145767 0.290047 0.135117
v -0.159620 0.316306 0.117414
v -0.168214 0.284542 0.130547
v -0.151104 0.325970 0.110507
v -0.157529 0.324335 0.108789
v -0.142539 0.327723 0.113292
v -0.159066 0.323863 0.106328
v -0.146201 0.333715 0.091896
v -0.162676 0.280022 0.122192
v -0.161784 0.307291 0.113634
v -0.181951 0.283565 0.112128
v -0.182371 0.251942 0.119854
v -0.161051 0.320331 0.107891
v -0.206095 0.308575 0.091015
v -0.205866 0.314049 0.078377
v -0.213415 0.282526 0.088777
v -0.208295 0.283758 0.102185
v -0.209979 0.312239 0.069606
v -0.216721 0.282962 0.077105
v -0.195279 0.326436 0.075373
v -0.196294 0.329260 0.065218
v -0.178096 0.334641 0.075407
v -0.176742 0.340319 0.065877
v -0.165481 0.340854 0.065837
v -0.180949 0.329356 0.083312
v -0.170738 0.331540 0.084329
v -0.194181 0.324242 0.084254
v -0.181443 0.349231 0.051326
v -0.180637 0.345471 0.058408
v -0.201226 0.340470 0.053051
v -0.201442 0.336357 0.060228
v -0.223076 0.318381 0.057462
v -0.222589 0.312642 0.070175
v -0.202880 0.341360 0.043886
v -0.221617 0.321128 0.045653
v -0.182667 0.350078 0.042696
v -0.164322 0.344076 0.043835
v -0.193661 0.327013 0.041862
v -0.192994 0.330352 0.034233
v -0.209946 0.301823 0.036585
v -0.212442 0.294702 0.049022
v -0.189966 0.332074 0.025012
v -0.205007 0.307199 0.024014
v -0.181313 0.337631 0.040675
v -0.181329 0.340299 0.034607
v -0.179450 0.341152 0.026478
v -0.167022 0.344644 0.035789
v -0.166487 0.348641 0.028119
v -0.167955 0.343975 0.040727
v -0.148335 0.356155 0.045890
v -0.153580 0.352531 0.032514
v -0.163989 0.344548 0.042732
v -0.181025 0.337844 0.016848
v -0.176242 0.341354 0.010818
v -0.193156 0.320352 0.010084
v -0.198843 0.319007 0.017724
v -0.172314 0.344112 0.006240
v -0.181843 0.321607 0.003161
v -0.163762 0.355694 0.015730
v -0.160099 0.358365 0.011163
v -0.167606 0.352846 0.020656
v -0.152161 0.354166 0.028946
v -0.146142 0.357652 0.020209
v -0.163151 0.348372 0.002071
v -0.154171 0.353030 -0.003460
v -0.166647 0.329853 -0.006482
v -0.179009 0.324149 -0.000989
v -0.146963 0.362070 0.012386
v -0.137379 0.367330 0.005620
v -0.143106 0.359464 0.017628
v -0.111215 0.373463 0.013370
v -0.122255 0.371023 -0.001437
v -0.136306 0.360016 -0.007629
v -0.147190 0.336656 -0.008608
v -0.193186 0.314261 0.089369
v -0.199485 0.282873 0.092848
v -0.176730 0.326820 0.086887
v -0.111000 0.356818 0.040541
v -0.141281 0.336511 0.069155
v -0.131793 0.343838 0.060039
v -0.204540 0.514080 -0.296165
v -0.197029 0.515454 -0.313668
v -0.187171 0.526150 -0.313490
v -0.159724 0.572349 -0.169980
v -0.131152 0.547008 -0.194445
v -0.140118 0.545420 -0.207639
v -0.160519 0.576097 -0.141606
v -0.146460 0.574798 -0.139566
v -0.109475 0.559021 -0.231518
v -0.119219 0.557297 -0.245838
v -0.150226 0.543638 -0.222413
v -0.093200 0.561241 -0.215690
v -0.067539 0.556344 -0.190926
v -0.079773 0.559130 -0.212448
v -0.047036 0.544682 -0.202457
v -0.065305 0.549347 -0.226637
v -0.035926 0.530229 -0.214597
v -0.051279 0.530229 -0.241141
v -0.104217 0.552872 -0.252970
v -0.096545 0.558705 -0.240178
v -0.088192 0.556262 -0.222618
v -0.156289 0.543198 -0.230858
v -0.201917 0.565557 -0.217492
v -0.197409 0.571408 -0.199170
v -0.046484 0.535360 -0.251593
v -0.060994 0.536843 -0.291735
v -0.075925 0.553322 -0.256882
v -0.061494 0.544746 -0.238815
v -0.072575 0.529123 -0.309816
v -0.090028 0.546938 -0.271924
v -0.140598 0.551764 -0.258444
v -0.166145 0.539703 -0.243767
v -0.130532 0.555281 -0.245560
v -0.123363 0.557537 -0.252245
v -0.136219 0.557719 -0.265576
v -0.105770 0.552994 -0.263194
v -0.084962 0.539045 -0.289205
v -0.103924 0.544480 -0.311190
v -0.118421 0.554047 -0.286188
v -0.082559 0.515784 -0.310309
v -0.107083 0.510127 -0.337316
v -0.126605 0.506993 -0.352612
v -0.118559 0.536159 -0.319671
v -0.127862 0.543964 -0.298911
v -0.146695 0.548055 -0.275203
v -0.132560 0.536001 -0.309455
v -0.149579 0.539145 -0.316473
v -0.123553 0.527774 -0.326212
v -0.145705 0.532556 -0.332576
v -0.124167 0.514885 -0.341903
v -0.143354 0.516067 -0.358080
v -0.155416 0.508446 -0.364578
v -0.159548 0.523007 -0.339296
v -0.164157 0.530328 -0.327058
v -0.176194 0.530016 -0.310531
v -0.163648 0.526583 -0.331960
v -0.184920 0.524321 -0.339237
v -0.159248 0.515137 -0.355754
v -0.186863 0.514839 -0.358233
v -0.170413 0.496771 -0.364518
v -0.188493 0.498570 -0.369499
v -0.199534 0.488597 -0.365494
v -0.198222 0.504133 -0.355465
v -0.193203 0.511863 -0.334741
v -0.203174 0.498850 -0.352273
v -0.215310 0.495565 -0.349914
v -0.210212 0.484873 -0.366050
v -0.223268 0.480817 -0.364292
v -0.232577 0.473303 -0.359330
v -0.224720 0.488051 -0.344880
v -0.221870 0.492463 -0.335866
v -0.267335 0.474634 -0.315342
v -0.261318 0.496825 -0.309000
v -0.127919 0.570274 -0.143369
v -0.139204 0.572349 -0.139871
v -0.253067 0.516912 -0.299755
v -0.257966 0.527140 -0.291284
v -0.271173 0.508725 -0.308651
v -0.276973 0.517927 -0.296311
v -0.282314 0.500800 -0.316620
v -0.288041 0.511484 -0.301382
v -0.290493 0.516577 -0.281250
v -0.279313 0.525143 -0.280317
v -0.260801 0.532424 -0.278790
v -0.235511 0.532891 -0.280255
v -0.140739 0.572349 -0.127697
v -0.127588 0.572349 -0.130877
v -0.129460 0.572349 -0.116338
v -0.144560 0.569158 -0.113768
v -0.225077 0.538715 -0.271793
v -0.255678 0.543425 -0.270900
v -0.248561 0.548622 -0.256395
v -0.277017 0.538061 -0.274243
v -0.280537 0.538460 -0.256282
v -0.295381 0.526733 -0.279380
v -0.292543 0.527330 -0.255626
v -0.283870 0.510762 -0.229029
v -0.255861 0.546507 -0.232889
v -0.246213 0.547024 -0.251701
v -0.288679 0.519041 -0.249223
v -0.117317 0.563154 -0.147989
v -0.228857 0.558981 -0.235910
v -0.224165 0.567203 -0.219991
v -0.241124 0.559307 -0.193881
v -0.247300 0.565277 -0.211586
v -0.266986 0.552467 -0.208410
v -0.262729 0.545260 -0.188929
v -0.280426 0.524078 -0.192180
v -0.285961 0.531516 -0.209456
v -0.220946 0.561666 -0.205652
v -0.241825 0.550947 -0.162738
v -0.245519 0.556252 -0.176503
v -0.264133 0.548472 -0.177485
v -0.260837 0.540451 -0.165114
v -0.222688 0.570868 -0.183671
v -0.224453 0.567933 -0.194189
v -0.247662 0.552040 -0.185883
v -0.271073 0.535295 -0.171305
v -0.279019 0.538148 -0.180629
v -0.217476 0.559720 -0.169787
v -0.251322 0.541784 -0.139588
v -0.228344 0.558712 -0.146715
v -0.245730 0.545780 -0.159436
v -0.269769 0.531732 -0.158795
v -0.202292 0.573136 -0.157044
v -0.210678 0.566255 -0.165797
v -0.229073 0.539124 -0.118012
v -0.207384 0.555548 -0.130428
v -0.192047 0.568884 -0.146592
v -0.189106 0.560800 -0.110472
v -0.159281 0.562840 -0.109541
v -0.153286 0.570911 -0.123579
v -0.171970 0.570830 -0.129135
v -0.178757 0.571248 -0.147038
v -0.251711 0.557852 -0.229274
v -0.265464 0.546355 -0.226718
v -0.282319 0.519615 -0.227113
v -0.265832 0.545726 -0.186301
v -0.283070 0.539476 -0.191614
v -0.192525 0.562880 -0.134811
v -0.202432 0.550839 -0.129048
v -0.112812 0.565792 -0.122213
v -0.114603 0.565792 -0.133958
v -0.230525 0.807433 -0.124207
v -0.170466 0.810338 -0.133097
v -0.288479 0.826069 -0.231939
v -0.263402 0.830421 -0.231566
v -0.285851 0.817450 -0.274467
v -0.312900 0.814471 -0.271752
v -0.245159 0.827880 -0.233519
v -0.255276 0.806402 -0.271248
v -0.257462 0.838465 -0.200885
v -0.236763 0.831304 -0.206895
v -0.274868 0.830339 -0.204681
v -0.202435 0.832656 -0.205498
v -0.222973 0.833510 -0.207797
v -0.214162 0.828177 -0.243391
v -0.233720 0.830171 -0.239474
v -0.222418 0.821172 -0.269122
v -0.248397 0.822618 -0.272514
v -0.186498 0.814768 -0.238574
v -0.192936 0.795216 -0.265305
v -0.184023 0.829333 -0.201116
v -0.180383 0.831606 -0.162685
v -0.174619 0.811886 -0.213957
v -0.153613 0.804395 -0.203397
v -0.162130 0.794181 -0.253308
v -0.187167 0.803393 -0.264929
v -0.171753 0.821192 -0.175045
v -0.154301 0.815300 -0.165827
v -0.159661 0.817506 -0.141590
v -0.140082 0.806279 -0.159690
v -0.138898 0.803678 -0.181734
v -0.138736 0.795351 -0.198389
v -0.139574 0.779975 -0.236764
v -0.111751 0.785547 -0.122613
v -0.102842 0.780776 -0.165008
v -0.127585 0.795384 -0.172292
v -0.119968 0.771245 -0.198643
v -0.133458 0.785598 -0.189436
v -0.130296 0.760959 -0.217002
v -0.150982 0.767080 -0.223449
v -0.099216 0.747535 -0.177023
v -0.118012 0.740941 -0.202425
v -0.079549 0.755824 -0.136948
v -0.084126 0.761377 -0.105250
v -0.124712 0.788418 -0.108252
v -0.112217 0.755490 -0.082293
v -0.138077 0.787961 -0.105468
v -0.146892 0.759548 -0.084128
v -0.337965 0.809695 -0.221396
v -0.324989 0.824323 -0.229300
v -0.342400 0.813595 -0.252656
v -0.358563 0.798681 -0.240220
v -0.304478 0.827904 -0.226060
v -0.319086 0.811478 -0.258562
v -0.308260 0.828373 -0.202847
v -0.292654 0.829524 -0.203079
v -0.324057 0.812663 -0.196699
v -0.345956 0.808813 -0.216190
v -0.366533 0.793887 -0.196552
v -0.364923 0.798291 -0.235519
v -0.393769 0.778553 -0.211785
v -0.317398 0.772791 0.012277
v -0.274242 0.792720 0.012891
v -0.284409 0.808952 -0.007729
v -0.335224 0.792429 -0.003654
v -0.242340 0.805818 -0.014341
v -0.252641 0.817293 -0.028839
v -0.219590 0.803609 -0.052075
v -0.246603 0.820301 -0.050384
v -0.293386 0.748727 0.023633
v -0.256221 0.780461 0.019244
v -0.226775 0.796616 -0.004867
v -0.205133 0.802344 -0.023499
v -0.354590 0.814972 -0.016470
v -0.327369 0.824440 -0.025879
v -0.338663 0.825609 -0.041869
v -0.369757 0.819641 -0.043547
v -0.273001 0.831199 -0.049642
v -0.287538 0.827389 -0.061769
v -0.316099 0.823777 -0.049314
v -0.300506 0.829223 -0.035570
v -0.329305 0.801990 -0.004724
v -0.308229 0.807985 -0.008690
v -0.261652 0.823517 -0.036234
v -0.293137 0.810676 -0.016001
v -0.315616 0.835117 -0.079838
v -0.308807 0.827069 -0.061908
v -0.340747 0.825522 -0.072171
v -0.336994 0.817748 -0.051958
v -0.361898 0.816612 -0.070444
v -0.358400 0.805713 -0.046758
v -0.396236 0.811493 -0.068990
v -0.376976 0.802659 -0.049497
v -0.371440 0.815720 -0.084234
v -0.398189 0.805479 -0.088439
v -0.342827 0.819516 -0.091283
v -0.320052 0.828550 -0.101444
v -0.408600 0.805439 -0.117580
v -0.375356 0.823913 -0.119179
v -0.368588 0.809293 -0.140382
v -0.408755 0.801758 -0.147937
v -0.333732 0.828330 -0.130751
v -0.335927 0.811849 -0.142061
v -0.326874 0.813752 -0.149211
v -0.344811 0.806259 -0.154589
v -0.376539 0.804803 -0.159884
v -0.405432 0.794114 -0.161302
v -0.398767 0.803151 -0.091348
v -0.373685 0.818780 -0.089325
v -0.329723 0.837759 -0.108565
v -0.169451 0.783646 -0.059367
v -0.232108 0.774124 0.016295
v -0.279292 0.749155 0.024230
v -0.169092 0.774611 -0.004366
v -0.206725 0.790913 -0.003763
v -0.161680 0.774449 -0.044721
v -0.138518 0.750408 -0.010503
v -0.136780 0.744351 -0.054759
v -0.158934 0.764080 -0.075796
v 0.111764 0.438842 -0.159925
v 0.133695 0.429641 -0.176713
v 0.036730 0.344591 -0.321414
v 0.043085 0.388357 -0.286378
v 0.056033 0.378191 -0.286882
v 0.053016 0.328349 -0.333581
v 0.057488 0.404567 -0.255697
v 0.073397 0.395416 -0.252285
v 0.024427 0.348585 -0.306095
v 0.026528 0.384884 -0.285029
v 0.042982 0.399106 -0.258181
v 0.077919 0.411027 -0.230317
v 0.078149 0.402093 -0.246807
v 0.065280 0.414965 -0.226918
v 0.010009 0.344457 -0.277750
v 0.013101 0.383926 -0.256223
v 0.024640 0.376488 -0.265500
v 0.023478 0.333269 -0.293604
v 0.031970 0.416860 -0.232560
v 0.042417 0.410510 -0.240188
v 0.059161 0.417688 -0.223286
v -0.001683 0.355584 -0.261147
v 0.003609 0.391546 -0.245580
v 0.024413 0.422181 -0.225581
v 0.043871 0.423217 -0.212184
v 0.004172 0.416657 -0.204817
v 0.026375 0.430462 -0.185319
v 0.020268 0.413715 -0.208922
v 0.002858 0.396281 -0.234904
v 0.007896 0.413271 -0.183624
v 0.017189 0.414244 -0.162881
v 0.046495 0.436781 -0.179119
v 0.039796 0.421130 -0.200343
v 0.039851 0.429857 -0.158956
v 0.063165 0.437479 -0.168056
v 0.041493 0.423661 -0.202061
v 0.074329 0.339906 -0.344888
v 0.073542 0.375229 -0.306916
v 0.089179 0.366726 -0.305193
v 0.091064 0.330280 -0.349708
v 0.079150 0.389800 -0.280641
v 0.095682 0.384799 -0.279252
v 0.096780 0.398425 -0.248292
v 0.103048 0.390131 -0.266552
v 0.057026 0.342548 -0.336510
v 0.057435 0.372437 -0.306824
v 0.063451 0.389046 -0.280696
v 0.079897 0.400138 -0.250708
v 0.091814 0.361728 -0.319992
v 0.107289 0.360383 -0.315698
v 0.106027 0.311220 -0.339481
v 0.089054 0.315371 -0.337684
v 0.118678 0.357527 -0.317073
v 0.125654 0.306533 -0.341285
v 0.108878 0.373041 -0.302450
v 0.119548 0.370416 -0.302852
v 0.094421 0.375856 -0.302674
v 0.123069 0.369660 -0.299802
v 0.110155 0.385475 -0.271579
v 0.121106 0.299276 -0.325849
v 0.123785 0.343054 -0.312298
v 0.155437 0.304963 -0.319523
v 0.152429 0.254195 -0.331574
v 0.125376 0.363989 -0.303140
v 0.202463 0.345116 -0.298546
v 0.208085 0.353903 -0.279048
v 0.214750 0.303295 -0.298574
v 0.200556 0.305274 -0.316723
v 0.218544 0.350998 -0.267537
v 0.225342 0.303996 -0.282230
v 0.193265 0.373789 -0.269433
v 0.199623 0.378324 -0.254333
v 0.166886 0.386961 -0.261362
v 0.169313 0.396078 -0.246099
v 0.152056 0.396936 -0.240715
v 0.167524 0.378478 -0.274838
v 0.151377 0.381983 -0.271570
v 0.187381 0.370268 -0.282541
v 0.183406 0.410386 -0.225999
v 0.178822 0.404349 -0.236482
v 0.212942 0.396320 -0.237999
v 0.209880 0.389718 -0.249112
v 0.244379 0.360858 -0.255097
v 0.237620 0.351645 -0.274371
v 0.219814 0.397749 -0.224719
v 0.247724 0.365268 -0.236291
v 0.189365 0.411744 -0.213336
v 0.160681 0.402109 -0.206410
v 0.206626 0.374716 -0.217255
v 0.209210 0.380077 -0.205235
v 0.234107 0.334276 -0.216860
v 0.232055 0.322843 -0.237121
v 0.208924 0.382842 -0.189657
v 0.232472 0.342907 -0.195237
v 0.188243 0.391763 -0.209596
v 0.191137 0.396045 -0.200295
v 0.192097 0.397415 -0.186935
v 0.168627 0.403021 -0.195342
v 0.171434 0.409438 -0.183322
v 0.167724 0.401947 -0.203360
v 0.135182 0.421502 -0.202005
v 0.149554 0.415683 -0.183963
v 0.160691 0.402867 -0.204561
v 0.199067 0.392104 -0.172904
v 0.194580 0.397739 -0.161391
v 0.220876 0.364022 -0.168262
v 0.225989 0.361863 -0.182673
v 0.190718 0.402166 -0.152510
v 0.206793 0.366037 -0.152292
v 0.173110 0.420761 -0.163026
v 0.169650 0.425049 -0.154287
v 0.176679 0.416189 -0.172401
v 0.149063 0.418307 -0.177818
v 0.143960 0.423905 -0.161567
v 0.178631 0.409006 -0.141782
v 0.167470 0.416484 -0.129051
v 0.188039 0.379275 -0.130313
v 0.204409 0.370117 -0.144585
v 0.148919 0.430997 -0.149954
v 0.137413 0.439441 -0.135041
v 0.140523 0.426813 -0.156173
v 0.093608 0.449287 -0.134561
v 0.117546 0.445371 -0.117064
v 0.142032 0.427700 -0.114207
v 0.159192 0.390197 -0.117851
v 0.183436 0.354244 -0.289916
v 0.191454 0.303853 -0.298233
v 0.159361 0.374405 -0.278329
v 0.080431 0.422565 -0.176145
v 0.113359 0.389964 -0.234363
v 0.103112 0.401727 -0.215890
vt 0.247078 0.584010
vt 0.219474 0.614861
vt 0.285487 0.633439
vt 0.213102 0.580001
vt 0.189235 0.650067
vt 0.184694 0.596358
vt 0.209843 0.800813
vt 0.229560 0.818684
vt 0.215580 0.753314
vt 0.168580 0.747577
vt 0.163619 0.705308
vt 0.247329 0.767247
vt 0.269196 0.867686
vt 0.320485 0.762605
vt 0.279427 0.733632
vt 0.282102 0.793737
vt 0.319222 0.698685
vt 0.291003 0.664995
vt 0.206352 0.704634
vt 0.711012 0.712701
vt 0.709558 0.736597
vt 0.744638 0.788077
vt 0.727086 0.587969
vt 0.734451 0.570584
vt 0.719679 0.540916
vt 0.788893 0.793552
vt 0.769896 0.790595
vt 0.777071 0.873653
vt 0.746126 0.791411
vt 0.782349 0.553160
vt 0.756747 0.586570
vt 0.815454 0.601668
vt 0.746079 0.614803
vt 0.554807 0.132550
vt 0.561407 0.156095
vt 0.568613 0.140306
vt 0.498261 0.067311
vt 0.475553 0.076048
vt 0.501078 0.089756
vt 0.446987 0.088878
vt 0.430935 0.087109
vt 0.446744 0.106309
vt 0.510945 0.352733
vt 0.446010 0.315546
vt 0.478678 0.351445
vt 0.436132 0.291567
vt 0.492648 0.286258
vt 0.523332 0.392985
vt 0.508662 0.404632
vt 0.506045 0.456296
vt 0.591146 0.507033
vt 0.581382 0.465567
vt 0.565218 0.527020
vt 0.551173 0.397069
vt 0.566222 0.437673
vt 0.589296 0.417413
vt 0.529796 0.457783
vt 0.458813 0.073367
vt 0.545974 0.345354
vt 0.547297 0.334659
vt 0.566620 0.267468
vt 0.561928 0.241355
vt 0.556063 0.276897
vt 0.370410 0.095276
vt 0.397869 0.053695
vt 0.529885 0.126430
vt 0.380958 0.045749
vt 0.327081 0.049676
vt 0.354729 0.079260
vt 0.563006 0.382748
vt 0.544713 0.362584
vt 0.547554 0.305002
vt 0.584954 0.275551
vt 0.567569 0.280618
vt 0.571902 0.298424
vt 0.536467 0.479004
vt 0.531827 0.529296
vt 0.568595 0.366469
vt 0.486209 0.442030
vt 0.459777 0.343382
vt 0.711012 0.712701
vt 0.709558 0.736597
vt 0.744638 0.788077
vt 0.727086 0.587969
vt 0.734451 0.570584
vt 0.719679 0.540916
vt 0.788893 0.793552
vt 0.769896 0.790595
vt 0.777071 0.873653
vt 0.746126 0.791411
vt 0.782349 0.553160
vt 0.756747 0.586570
vt 0.815454 0.601668
vt 0.746079 0.614803
vt 0.711012 0.712701
vt 0.709558 0.736597
vt 0.744638 0.788077
vt 0.727086 0.587969
vt 0.734451 0.570584
vt 0.719679 0.540916
vt 0.788893 0.793552
vt 0.769896 0.790595
vt 0.777071 0.873653
vt 0.746126 0.791411
vt 0.782349 0.553160
vt 0.756747 0.586570
vt 0.815454 0.601668
vt 0.746079 0.614803
vt 0.247078 0.584010
vt 0.219474 0.614861
vt 0.285487 0.633439
vt 0.213102 0.580001
vt 0.189235 0.650067
vt 0.184694 0.596358
vt 0.209843 0.800813
vt 0.229560 0.818684
vt 0.215580 0.753314
vt 0.168580 0.747577
vt 0.163619 0.705308
vt 0.247329 0.767247
vt 0.269196 0.867686
vt 0.320485 0.762605
vt 0.279427 0.733632
vt 0.282102 0.793737
vt 0.319222 0.698685
vt 0.291003 0.664995
vt 0.328552 0.454599
vt 0.383096 0.515982
vt 0.377250 0.465237
vt 0.206352 0.704634
vt 0.449497 0.512362
vt 0.247078 0.584010
vt 0.219474 0.614861
vt 0.285487 0.633439
vt 0.213102 0.580001
vt 0.189235 0.650067
vt 0.184694 0.596358
vt 0.209843 0.800813
vt 0.229560 0.818684
vt 0.215580 0.753314
vt 0.168580 0.747577
vt 0.163619 0.705308
vt 0.247329 0.767247
vt 0.269196 0.867686
vt 0.320485 0.762605
vt 0.279427 0.733632
vt 0.282102 0.793737
vt 0.319222 0.698685
vt 0.291003 0.664995
vt 0.328552 0.454599
vt 0.383096 0.515982
vt 0.377250 0.465237
vt 0.206352 0.704634
vt 0.449497 0.512362
vt 0.247078 0.584010
vt 0.219474 0.614861
vt 0.285487 0.633439
vt 0.213102 0.580001
vt 0.189235 0.650067
vt 0.184694 0.596358
vt 0.209843 0.800813
vt 0.229560 0.818684
vt 0.215580 0.753314
vt 0.168580 0.747577
vt 0.163619 0.705308
vt 0.247329 0.767247
vt 0.269196 0.867686
vt 0.320485 0.762605
vt 0.279427 0.733632
vt 0.282102 0.793737
vt 0.319222 0.698685
vt 0.291003 0.664995
vt 0.328552 0.454599
vt 0.383096 0.515982
vt 0.377250 0.465237
vt 0.206352 0.704634
vt 0.449497 0.512362
vt 0.247078 0.584010
vt 0.219474 0.614861
vt 0.285487 0.633439
vt 0.213102 0.580001
vt 0.189235 0.650067
vt 0.184694 0.596358
vt 0.209843 0.800813
vt 0.229560 0.818684
vt 0.215580 0.753314
vt 0.168580 0.747577
vt 0.163619 0.705308
vt 0.247329 0.767247
vt 0.269196 0.867686
vt 0.320485 0.762605
vt 0.279427 0.733632
vt 0.282102 0.793737
vt 0.319222 0.698685
vt 0.291003 0.664995
vt 0.328552 0.454599
vt 0.383096 0.515982
vt 0.377250 0.465237
vt 0.206352 0.704634
vt 0.449497 0.512362
vt 0.711012 0.712701
vt 0.709558 0.736597
vt 0.744638 0.788077
vt 0.727086 0.587969
vt 0.734451 0.570584
vt 0.719679 0.540916
vt 0.788893 0.793552
vt 0.769896 0.790595
vt 0.777071 0.873653
vt 0.746126 0.791411
vt 0.782349 0.553160
vt 0.756747 0.586570
vt 0.815454 0.601668
vt 0.746079 0.614803
vt 0.711012 0.712701
vt 0.709558 0.736597
vt 0.744638 0.788077
vt 0.727086 0.587969
vt 0.734451 0.570584
vt 0.719679 0.540916
vt 0.788893 0.793552
vt 0.769896 0.790595
vt 0.777071 0.873653
vt 0.746126 0.791411
vt 0.782349 0.553160
vt 0.756747 0.586570
vt 0.815454 0.601668
vt 0.746079 0.614803
vt 0.711012 0.712701
vt 0.709558 0.736597
vt 0.744638 0.788077
vt 0.727086 0.587969
vt 0.734451 0.570584
vt 0.719679 0.540916
vt 0.788893 0.793552
vt 0.769896 0.790595
vt 0.777071 0.873653
vt 0.746126 0.791411
vt 0.782349 0.553160
vt 0.756747 0.586570
vt 0.815454 0.601668
vt 0.746079 0.614803
vt 0.826154 0.470928
vt 0.843736 0.520886
vt 0.888379 0.482091
vt 0.711012 0.712701
vt 0.709558 0.736597
vt 0.744638 0.788077
vt 0.727086 0.587969
vt 0.734451 0.570584
vt 0.719679 0.540916
vt 0.788893 0.793552
vt 0.769896 0.790595
vt 0.777071 0.873653
vt 0.746126 0.791411
vt 0.782349 0.553160
vt 0.756747 0.586570
vt 0.815454 0.601668
vt 0.746079 0.614803
vt 0.930177 0.525663
vt 0.247078 0.584010
vt 0.219474 0.614861
vt 0.285487 0.633439
vt 0.213102 0.580001
vt 0.189235 0.650067
vt 0.184694 0.596358
vt 0.209843 0.800813
vt 0.229560 0.818684
vt 0.215580 0.753314
vt 0.168580 0.747577
vt 0.163619 0.705308
vt 0.247329 0.767247
vt 0.269196 0.867686
vt 0.320485 0.762605
vt 0.279427 0.733632
vt 0.282102 0.793737
vt 0.319222 0.698685
vt 0.291003 0.664995
vt 0.328552 0.454599
vt 0.383096 0.515982
vt 0.377250 0.465237
vt 0.206352 0.704634
vt 0.449497 0.512362
vt 0.554807 0.132550
vt 0.561407 0.156095
vt 0.568613 0.140306
vt 0.498261 0.067311
vt 0.475553 0.076048
vt 0.501078 0.089756
vt 0.446987 0.088878
vt 0.430935 0.087109
vt 0.446744 0.106309
vt 0.510945 0.352733
vt 0.446010 0.315546
vt 0.478678 0.351445
vt 0.436132 0.291567
vt 0.492648 0.286258
vt 0.523332 0.392985
vt 0.508662 0.404632
vt 0.506045 0.456296
vt 0.591146 0.507033
vt 0.581382 0.465567
vt 0.565218 0.527020
vt 0.551173 0.397069
vt 0.566222 0.437673
vt 0.589296 0.417413
vt 0.529796 0.457783
vt 0.458813 0.073367
vt 0.545974 0.345354
vt 0.547297 0.334659
vt 0.566620 0.267468
vt 0.561928 0.241355
vt 0.556063 0.276897
vt 0.370410 0.095276
vt 0.397869 0.053695
vt 0.529885 0.126430
vt 0.380958 0.045749
vt 0.327081 0.049676
vt 0.354729 0.079260
vt 0.563006 0.382748
vt 0.544713 0.362584
vt 0.547554 0.305002
vt 0.584954 0.275551
vt 0.567569 0.280618
vt 0.571902 0.298424
vt 0.536467 0.479004
vt 0.531827 0.529296
vt 0.568595 0.366469
vt 0.486209 0.442030
vt 0.459777 0.343382
vt 0.247078 0.584010
vt 0.219474 0.614861
vt 0.285487 0.633439
vt 0.213102 0.580001
vt 0.189235 0.650067
vt 0.184694 0.596358
vt 0.209843 0.800813
vt 0.229560 0.818684
vt 0.215580 0.753314
vt 0.168580 0.747577
vt 0.163619 0.705308
vt 0.247329 0.767247
vt 0.269196 0.867686
vt 0.320485 0.762605
vt 0.279427 0.733632
vt 0.282102 0.793737
vt 0.319222 0.698685
vt 0.291003 0.664995
vt 0.312127 0.615802
vt 0.340757 0.641801
vt 0.252232 0.563979
vt 0.206352 0.704634
vt 0.554807 0.132550
vt 0.561407 0.156095
vt 0.568613 0.140306
vt 0.498261 0.067311
vt 0.475553 0.076048
vt 0.501078 0.089756
vt 0.446987 0.088878
vt 0.430935 0.087109
vt 0.446744 0.106309
vt 0.510945 0.352733
vt 0.446010 0.315546
vt 0.478678 0.351445
vt 0.436132 0.291567
vt 0.492648 0.286258
vt 0.523332 0.392985
vt 0.508662 0.404632
vt 0.506045 0.456296
vt 0.591146 0.507033
vt 0.581382 0.465567
vt 0.565218 0.527020
vt 0.551173 0.397069
vt 0.566222 0.437673
vt 0.589296 0.417413
vt 0.529796 0.457783
vt 0.458813 0.073367
vt 0.545974 0.345354
vt 0.547297 0.334659
vt 0.566620 0.267468
vt 0.561928 0.241355
vt 0.556063 0.276897
vt 0.370410 0.095276
vt 0.397869 0.053695
vt 0.529885 0.126430
vt 0.380958 0.045749
vt 0.327081 0.049676
vt 0.354729 0.079260
vt 0.563006 0.382748
vt 0.544713 0.362584
vt 0.547554 0.305002
vt 0.584954 0.275551
vt 0.567569 0.280618
vt 0.571902 0.298424
vt 0.536467 0.479004
vt 0.531827 0.529296
vt 0.568595 0.366469
vt 0.486209 0.442030
vt 0.459777 0.343382
vt 0.711012 0.712701
vt 0.709558 0.736597
vt 0.744638 0.788077
vt 0.727086 0.587969
vt 0.734451 0.570584
vt 0.719679 0.540916
vt 0.788893 0.793552
vt 0.769896 0.790595
vt 0.777071 0.873653
vt 0.746126 0.791411
vt 0.782349 0.553160
vt 0.756747 0.586570
vt 0.815454 0.601668
vt 0.746079 0.614803
vt 0.247078 0.584010
vt 0.219474 0.614861
vt 0.285487 0.633439
vt 0.213102 0.580001
vt 0.189235 0.650067
vt 0.184694 0.596358
vt 0.209843 0.800813
vt 0.229560 0.818684
vt 0.215580 0.753314
vt 0.168580 0.747577
vt 0.163619 0.705308
vt 0.247329 0.767247
vt 0.269196 0.867686
vt 0.320485 0.762605
vt 0.279427 0.733632
vt 0.282102 0.793737
vt 0.319222 0.698685
vt 0.291003 0.664995
vt 0.206352 0.704634
vt 0.711012 0.712701
vt 0.709558 0.736597
vt 0.744638 0.788077
vt 0.727086 0.587969
vt 0.734451 0.570584
vt 0.719679 0.540916
vt 0.788893 0.793552
vt 0.769896 0.790595
vt 0.777071 0.873653
vt 0.746126 0.791411
vt 0.782349 0.553160
vt 0.756747 0.586570
vt 0.815454 0.601668
vt 0.746079 0.614803
vt 0.247078 0.584010
vt 0.219474 0.614861
vt 0.285487 0.633439
vt 0.213102 0.580001
vt 0.189235 0.650067
vt 0.184694 0.596358
vt 0.209843 0.800813
vt 0.229560 0.818684
vt 0.215580 0.753314
vt 0.168580 0.747577
vt 0.163619 0.705308
vt 0.247329 0.767247
vt 0.269196 0.867686
vt 0.320485 0.762605
vt 0.279427 0.733632
vt 0.282102 0.793737
vt 0.319222 0.698685
vt 0.291003 0.664995
vt 0.328552 0.454599
vt 0.383096 0.515982
vt 0.377250 0.465237
vt 0.206352 0.704634
vt 0.449497 0.512362
vt 0.711012 0.712701
vt 0.709558 0.736597
vt 0.744638 0.788077
vt 0.727086 0.587969
vt 0.734451 0.570584
vt 0.719679 0.540916
vt 0.788893 0.793552
vt 0.769896 0.790595
vt 0.777071 0.873653
vt 0.746126 0.791411
vt 0.782349 0.553160
vt 0.756747 0.586570
vt 0.815454 0.601668
vt 0.746079 0.614803
vt 0.554807 0.132550
vt 0.561407 0.156095
vt 0.568613 0.140306
vt 0.498261 0.067311
vt 0.475553 0.076048
vt 0.501078 0.089756
vt 0.446987 0.088878
vt 0.430935 0.087109
vt 0.446744 0.106309
vt 0.510945 0.352733
vt 0.446010 0.315546
vt 0.478678 0.351445
vt 0.436132 0.291567
vt 0.492648 0.286258
vt 0.523332 0.392985
vt 0.508662 0.404632
vt 0.506045 0.456296
vt 0.591146 0.507033
vt 0.581382 0.465567
vt 0.565218 0.527020
vt 0.551173 0.397069
vt 0.566222 0.437673
vt 0.589296 0.417413
vt 0.529796 0.457783
vt 0.458813 0.073367
vt 0.545974 0.345354
vt 0.547297 0.334659
vt 0.566620 0.267468
vt 0.561928 0.241355
vt 0.556063 0.276897
vt 0.370410 0.095276
vt 0.397869 0.053695
vt 0.529885 0.126430
vt 0.380958 0.045749
vt 0.327081 0.049676
vt 0.354729 0.079260
vt 0.563006 0.382748
vt 0.544713 0.362584
vt 0.547554 0.305002
vt 0.584954 0.275551
vt 0.567569 0.280618
vt 0.571902 0.298424
vt 0.536467 0.479004
vt 0.531827 0.529296
vt 0.568595 0.366469
vt 0.486209 0.442030
vt 0.459777 0.343382
vt 0.247078 0.584010
vt 0.219474 0.614861
vt 0.285487 0.633439
vt 0.213102 0.580001
vt 0.189235 0.650067
vt 0.184694 0.596358
vt 0.209843 0.800813
vt 0.229560 0.818684
vt 0.215580 0.753314
vt 0.168580 0.747577
vt 0.163619 0.705308
vt 0.247329 0.767247
vt 0.269196 0.867686
vt 0.320485 0.762605
vt 0.279427 0.733632
vt 0.282102 0.793737
vt 0.319222 0.698685
vt 0.291003 0.664995
vt 0.328552 0.454599
vt 0.383096 0.515982
vt 0.377250 0.465237
vt 0.206352 0.704634
vt 0.449497 0.512362
vt 0.711012 0.712701
vt 0.709558 0.736597
vt 0.744638 0.788077
vt 0.727086 0.587969
vt 0.734451 0.570584
vt 0.719679 0.540916
vt 0.788893 0.793552
vt 0.769896 0.790595
vt 0.777071 0.873653
vt 0.746126 0.791411
vt 0.782349 0.553160
vt 0.756747 0.586570
vt 0.815454 0.601668
vt 0.746079 0.614803
vt 0.235510 0.702588
vt 0.164274 0.643877
vt 0.161488 0.872468
vt 0.136097 0.840941
vt 0.107481 0.914741
vt 0.138569 0.945131
vt 0.115244 0.821772
vt 0.080833 0.877820
vt 0.166957 0.800587
vt 0.138920 0.783816
vt 0.180564 0.827405
vt 0.108768 0.755955
vt 0.127016 0.783255
vt 0.074477 0.808023
vt 0.099330 0.827989
vt 0.051343 0.843050
vt 0.073849 0.878138
vt 0.051532 0.767391
vt 0.024854 0.799089
vt 0.095139 0.728676
vt 0.138276 0.685448
vt 0.069281 0.727641
vt 0.060234 0.689622
vt 0.006086 0.741142
vt 0.018093 0.785694
vt 0.115453 0.692468
vt 0.108526 0.660653
vt 0.143967 0.644478
vt 0.100640 0.633502
vt 0.072024 0.651938
vt 0.050298 0.662820
vt 0.001953 0.691545
vt 0.117759 0.565936
vt 0.064411 0.589342
vt 0.073289 0.634831
vt 0.023562 0.631302
vt 0.045297 0.649897
vt 0.003105 0.650367
vt 0.005839 0.684120
vt 0.015132 0.589049
vt 0.001953 0.608579
vt 0.062964 0.521473
vt 0.107871 0.502190
vt 0.148778 0.568212
vt 0.162666 0.504007
vt 0.165174 0.578447
vt 0.194933 0.543269
vt 0.224731 0.920456
vt 0.200145 0.905086
vt 0.190297 0.953471
vt 0.223682 0.968158
vt 0.183096 0.876978
vt 0.159936 0.934468
vt 0.215331 0.858373
vt 0.199250 0.840529
vt 0.240730 0.879226
vt 0.239251 0.924823
vt 0.286814 0.941606
vt 0.235883 0.970909
vt 0.297882 0.998047
vt 0.502690 0.636835
vt 0.434845 0.609526
vt 0.432223 0.647907
vt 0.498540 0.685001
vt 0.376398 0.608612
vt 0.375578 0.638216
vt 0.312127 0.615802
vt 0.340757 0.641801
vt 0.484342 0.585475
vt 0.433379 0.573320
vt 0.376404 0.573843
vt 0.332596 0.571381
vt 0.493867 0.743774
vt 0.454917 0.722126
vt 0.447053 0.752286
vt 0.476603 0.790527
vt 0.370618 0.681874
vt 0.370589 0.711153
vt 0.414837 0.732317
vt 0.415814 0.700392
vt 0.481807 0.699018
vt 0.455640 0.678640
vt 0.375039 0.653163
vt 0.431400 0.668336
vt 0.374000 0.748240
vt 0.389361 0.724031
vt 0.409545 0.773059
vt 0.430790 0.750117
vt 0.433750 0.798960
vt 0.459667 0.773626
vt 0.470863 0.839914
vt 0.475465 0.799432
vt 0.426738 0.824599
vt 0.449504 0.863567
vt 0.388725 0.796520
vt 0.352579 0.777198
vt 0.423588 0.900840
vt 0.385925 0.854502
vt 0.354971 0.876133
vt 0.386939 0.932658
vt 0.329409 0.816760
vt 0.319828 0.839865
vt 0.301726 0.835604
vt 0.314069 0.865215
vt 0.350495 0.904193
vt 0.379094 0.944044
vt 0.446230 0.865745
vt 0.421563 0.826656
vt 0.351426 0.785211
vt 0.252232 0.563979
vt 0.449497 0.512362
vt 0.383096 0.515982
vt 0.410046 0.552162
vt 0.466087 0.564669
vt 0.318544 0.506194
vt 0.359031 0.556766
vt 0.261131 0.535166
vt 0.377250 0.465237
vt 0.328552 0.454599
vt 0.276566 0.460715
vt 0.218722 0.493682
vt 0.217875 0.551519
vt 0.682073 0.575246
vt 0.667052 0.630131
vt 0.964806 0.778731
vt 0.918256 0.723078
vt 0.899492 0.738995
vt 0.953411 0.819495
vt 0.864322 0.684590
vt 0.836999 0.696894
vt 0.973553 0.746806
vt 0.941505 0.701460
vt 0.888569 0.672242
vt 0.806908 0.661891
vt 0.824118 0.692551
vt 0.822149 0.641126
vt 0.974795 0.666936
vt 0.931031 0.634080
vt 0.923651 0.664144
vt 0.971499 0.711067
vt 0.877867 0.613393
vt 0.870369 0.639224
vt 0.827424 0.627501
vt 0.974649 0.623519
vt 0.933914 0.603934
vt 0.881744 0.592079
vt 0.838565 0.590539
vt 0.930177 0.525663
vt 0.843736 0.520886
vt 0.871454 0.565656
vt 0.957613 0.587649
vt 0.888379 0.482091
vt 0.826154 0.470928
vt 0.807188 0.533059
vt 0.833270 0.572863
vt 0.788226 0.490139
vt 0.763109 0.533533
vt 0.832558 0.577919
vt 0.933611 0.864539
vt 0.894599 0.795326
vt 0.869470 0.810355
vt 0.913771 0.892608
vt 0.858435 0.754568
vt 0.832325 0.771235
vt 0.797924 0.716820
vt 0.807906 0.756931
vt 0.950534 0.829411
vt 0.918508 0.776490
vt 0.881891 0.736468
vt 0.825642 0.701593
vt 0.881205 0.840027
vt 0.853597 0.850243
vt 0.886238 0.923732
vt 0.909632 0.900822
vt 0.838079 0.865920
vt 0.858895 0.949728
vt 0.837208 0.828258
vt 0.822464 0.846618
vt 0.858992 0.811900
vt 0.813379 0.839929
vt 0.802634 0.774210
vt 0.850900 0.935883
vt 0.827147 0.875701
vt 0.788705 0.933184
vt 0.812442 0.998047
vt 0.813295 0.848224
vt 0.690287 0.913512
vt 0.667016 0.879426
vt 0.655212 0.949831
vt 0.693826 0.969150
vt 0.639770 0.869189
vt 0.624582 0.929399
vt 0.686962 0.841286
vt 0.665149 0.817662
vt 0.710244 0.804926
vt 0.695762 0.775510
vt 0.710039 0.756302
vt 0.717766 0.834750
vt 0.736939 0.815241
vt 0.706587 0.861285
vt 0.644646 0.772982
vt 0.662572 0.786524
vt 0.612639 0.823888
vt 0.628964 0.840327
vt 0.584892 0.898337
vt 0.615362 0.925170
vt 0.588344 0.807967
vt 0.560002 0.868388
vt 0.622363 0.757114
vt 0.658364 0.715564
vt 0.595254 0.778517
vt 0.579523 0.759987
vt 0.540020 0.819683
vt 0.557692 0.857867
vt 0.563268 0.731967
vt 0.526278 0.775373
vt 0.617470 0.746334
vt 0.604065 0.733059
vt 0.588181 0.710565
vt 0.634806 0.704868
vt 0.617903 0.686501
vt 0.644639 0.718242
vt 0.691602 0.677348
vt 0.651089 0.661556
vt 0.656390 0.712250
vt 0.564429 0.690718
vt 0.558931 0.664808
vt 0.510355 0.712650
vt 0.516808 0.743683
vt 0.555289 0.644356
vt 0.516147 0.669268
vt 0.593345 0.647779
vt 0.589255 0.628049
vt 0.597948 0.668779
vt 0.645317 0.649935
vt 0.635826 0.615523
vt 0.561950 0.611049
vt 0.565112 0.575211
vt 0.519647 0.608589
vt 0.510355 0.653235
vt 0.615566 0.596223
vt 0.616933 0.556061
vt 0.635240 0.601835
vt 0.682307 0.508575
vt 0.627516 0.500695
vt 0.587314 0.519022
vt 0.549453 0.552733
vt 0.712011 0.886308
vt 0.697027 0.963465
vt 0.733056 0.837319
vt 0.745938 0.568098
vt 0.758473 0.710985
vt 0.754093 0.665147
vt 0.517808 0.376767
vt 0.492177 0.398324
vt 0.472954 0.382980
vt 0.519763 0.115995
vt 0.453857 0.139610
vt 0.460840 0.168628
vt 0.539800 0.067093
vt 0.516650 0.054298
vt 0.391140 0.187631
vt 0.398741 0.219135
vt 0.468776 0.201167
vt 0.373144 0.149164
vt 0.345419 0.091886
vt 0.352582 0.137417
vt 0.302124 0.098494
vt 0.318054 0.152622
vt 0.268070 0.114054
vt 0.277365 0.170383
vt 0.368128 0.222512
vt 0.362940 0.194277
vt 0.360088 0.158804
vt 0.473570 0.219019
vt 0.559510 0.216625
vt 0.564957 0.186665
vt 0.269344 0.185595
vt 0.268070 0.264426
vt 0.316284 0.210763
vt 0.303465 0.171544
vt 0.276661 0.304724
vt 0.331206 0.247195
vt 0.427134 0.252950
vt 0.482424 0.248656
vt 0.417896 0.223217
vt 0.400783 0.229234
vt 0.414207 0.260098
vt 0.363392 0.238510
vt 0.311302 0.275057
vt 0.329052 0.322585
vt 0.369941 0.285425
vt 0.282097 0.321804
vt 0.307234 0.385655
vt 0.331243 0.425364
vt 0.349617 0.349521
vt 0.378834 0.316983
vt 0.426918 0.286862
vt 0.379436 0.335887
vt 0.403665 0.356177
vt 0.353703 0.362985
vt 0.387015 0.384383
vt 0.345988 0.396745
vt 0.368050 0.434735
vt 0.385594 0.457157
vt 0.407761 0.409333
vt 0.422965 0.387616
vt 0.455448 0.369273
vt 0.419611 0.398807
vt 0.451176 0.422784
vt 0.397878 0.443625
vt 0.443197 0.461649
vt 0.415040 0.479952
vt 0.441834 0.494985
vt 0.465886 0.503879
vt 0.467085 0.473281
vt 0.471480 0.431879
vt 0.478297 0.473551
vt 0.501415 0.479226
vt 0.483844 0.511805
vt 0.508282 0.519601
vt 0.529711 0.524844
vt 0.523065 0.484413
vt 0.523693 0.465330
vt 0.620397 0.475888
vt 0.608894 0.439857
vt 0.481853 0.048736
vt 0.503810 0.050060
vt 0.597480 0.403780
vt 0.609294 0.383634
vt 0.624098 0.434058
vt 0.640430 0.409415
vt 0.639428 0.459218
vt 0.657314 0.428718
vt 0.674439 0.394386
vt 0.653926 0.379348
vt 0.621640 0.360980
vt 0.577361 0.350240
vt 0.514485 0.029862
vt 0.489488 0.026757
vt 0.502306 0.002663
vt 0.534996 0.005586
vt 0.564463 0.327649
vt 0.617377 0.342108
vt 0.614157 0.310673
vt 0.652681 0.363659
vt 0.670869 0.335601
vt 0.682556 0.389718
vt 0.693646 0.348018
vt 0.699029 0.307396
vt 0.642871 0.276947
vt 0.613428 0.302240
vt 0.693677 0.343811
vt 0.460350 0.049815
vt 0.594651 0.267678
vt 0.596309 0.234378
vt 0.643897 0.203514
vt 0.642253 0.235417
vt 0.679783 0.247337
vt 0.686061 0.214087
vt 0.716671 0.238908
vt 0.714058 0.269115
vt 0.600803 0.209938
vt 0.667219 0.156100
vt 0.664331 0.181438
vt 0.696438 0.196673
vt 0.699223 0.174499
vt 0.616714 0.173506
vt 0.613003 0.194254
vt 0.662070 0.199860
vt 0.717716 0.191680
vt 0.720747 0.213682
vt 0.619790 0.150875
vt 0.699424 0.123746
vt 0.653957 0.118102
vt 0.676427 0.153815
vt 0.721790 0.180506
vt 0.601144 0.116455
vt 0.610288 0.138336
vt 0.675034 0.072286
vt 0.628350 0.076746
vt 0.590393 0.092403
vt 0.610059 0.031649
vt 0.558719 0.010423
vt 0.539049 0.030937
vt 0.567943 0.052896
vt 0.567998 0.088542
vt 0.638853 0.271259
vt 0.665546 0.279979
vt 0.697134 0.301498
vt 0.693709 0.213564
vt 0.720494 0.235143
vt 0.600018 0.076292
vt 0.647812 0.065941
vt 0.469443 0.001953
vt 0.464845 0.023590
vt 0.682073 0.575246
vt 0.667052 0.630131
vt 0.964806 0.778731
vt 0.918256 0.723078
vt 0.899492 0.738995
vt 0.953411 0.819495
vt 0.864322 0.684590
vt 0.836999 0.696894
vt 0.973553 0.746806
vt 0.941505 0.701460
vt 0.888569 0.672242
vt 0.806908 0.661891
vt 0.824118 0.692551
vt 0.822149 0.641126
vt 0.974795 0.666936
vt 0.931031 0.634080
vt 0.923651 0.664144
vt 0.971499 0.711067
vt 0.877867 0.613393
vt 0.870369 0.639224
vt 0.827424 0.627501
vt 0.974649 0.623519
vt 0.933914 0.603934
vt 0.881744 0.592079
vt 0.838565 0.590539
vt 0.930177 0.525663
vt 0.843736 0.520886
vt 0.871454 0.565656
vt 0.957613 0.587649
vt 0.888379 0.482091
vt 0.826154 0.470928
vt 0.807188 0.533059
vt 0.833270 0.572863
vt 0.788226 0.490139
vt 0.763109 0.533533
vt 0.832558 0.577919
vt 0.933611 0.864539
vt 0.894599 0.795326
vt 0.869470 0.810355
vt 0.913771 0.892608
vt 0.858435 0.754568
vt 0.832325 0.771235
vt 0.797924 0.716820
vt 0.807906 0.756931
vt 0.950534 0.829411
vt 0.918508 0.776490
vt 0.881891 0.736468
vt 0.825642 0.701593
vt 0.881205 0.840027
vt 0.853597 0.850243
vt 0.886238 0.923732
vt 0.909632 0.900822
vt 0.838079 0.865920
vt 0.858895 0.949728
vt 0.837208 0.828258
vt 0.822464 0.846618
vt 0.858992 0.811900
vt 0.813379 0.839929
vt 0.802634 0.774210
vt 0.850900 0.935883
vt 0.827147 0.875701
vt 0.788705 0.933184
vt 0.812442 0.998047
vt 0.813295 0.848224
vt 0.690287 0.913512
vt 0.667016 0.879426
vt 0.655212 0.949831
vt 0.693826 0.969150
vt 0.639770 0.869189
vt 0.624582 0.929399
vt 0.686962 0.841286
vt 0.665149 0.817662
vt 0.710244 0.804926
vt 0.695762 0.775510
vt 0.710039 0.756302
vt 0.717766 0.834750
vt 0.736939 0.815241
vt 0.706587 0.861285
vt 0.644646 0.772982
vt 0.662572 0.786524
vt 0.612639 0.823888
vt 0.628964 0.840327
vt 0.584892 0.898337
vt 0.615362 0.925170
vt 0.588344 0.807967
vt 0.560002 0.868388
vt 0.622363 0.757114
vt 0.658364 0.715564
vt 0.595254 0.778517
vt 0.579523 0.759987
vt 0.540020 0.819683
vt 0.557692 0.857867
vt 0.563268 0.731967
vt 0.526278 0.775373
vt 0.617470 0.746334
vt 0.604065 0.733059
vt 0.588181 0.710565
vt 0.634806 0.704868
vt 0.617903 0.686501
vt 0.644639 0.718242
vt 0.691602 0.677348
vt 0.651089 0.661556
vt 0.656390 0.712250
vt 0.564429 0.690718
vt 0.558931 0.664808
vt 0.510355 0.712650
vt 0.516808 0.743683
vt 0.555289 0.644356
vt 0.516147 0.669268
vt 0.593345 0.647779
vt 0.589255 0.628049
vt 0.597948 0.668779
vt 0.645317 0.649935
vt 0.635826 0.615523
vt 0.561950 0.611049
vt 0.565112 0.575211
vt 0.519647 0.608589
vt 0.510355 0.653235
vt 0.615566 0.596223
vt 0.616933 0.556061
vt 0.635240 0.601835
vt 0.682307 0.508575
vt 0.627516 0.500695
vt 0.587314 0.519022
vt 0.549453 0.552733
vt 0.712011 0.886308
vt 0.697027 0.963465
vt 0.733056 0.837319
vt 0.745938 0.568098
vt 0.758473 0.710985
vt 0.754093 0.665147
vt 0.682073 0.575246
vt 0.667052 0.630131
vt 0.964806 0.778731
vt 0.918256 0.723078
vt 0.899492 0.738995
vt 0.953411 0.819495
vt 0.864322 0.684590
vt 0.836999 0.696894
vt 0.973553 0.746806
vt 0.941505 0.701460
vt 0.888569 0.672242
vt 0.806908 0.661891
vt 0.824118 0.692551
vt 0.822149 0.641126
vt 0.974795 0.666936
vt 0.931031 0.634080
vt 0.923651 0.664144
vt 0.971499 0.711067
vt 0.877867 0.613393
vt 0.870369 0.639224
vt 0.827424 0.627501
vt 0.974649 0.623519
vt 0.933914 0.603934
vt 0.881744 0.592079
vt 0.838565 0.590539
vt 0.930177 0.525663
vt 0.843736 0.520886
vt 0.871454 0.565656
vt 0.957613 0.587649
vt 0.888379 0.482091
vt 0.826154 0.470928
vt 0.807188 0.533059
vt 0.833270 0.572863
vt 0.788226 0.490139
vt 0.763109 0.533533
vt 0.832558 0.577919
vt 0.933611 0.864539
vt 0.894599 0.795326
vt 0.869470 0.810355
vt 0.913771 0.892608
vt 0.858435 0.754568
vt 0.832325 0.771235
vt 0.797924 0.716820
vt 0.807906 0.756931
vt 0.950534 0.829411
vt 0.918508 0.776490
vt 0.881891 0.736468
vt 0.825642 0.701593
vt 0.881205 0.840027
vt 0.853597 0.850243
vt 0.886238 0.923732
vt 0.909632 0.900822
vt 0.838079 0.865920
vt 0.858895 0.949728
vt 0.837208 0.828258
vt 0.822464 0.846618
vt 0.858992 0.811900
vt 0.813379 0.839929
vt 0.802634 0.774210
vt 0.850900 0.935883
vt 0.827147 0.875701
vt 0.788705 0.933184
vt 0.812442 0.998047
vt 0.813295 0.848224
vt 0.690287 0.913512
vt 0.667016 0.879426
vt 0.655212 0.949831
vt 0.693826 0.969150
vt 0.639770 0.869189
vt 0.624582 0.929399
vt 0.686962 0.841286
vt 0.665149 0.817662
vt 0.710244 0.804926
vt 0.695762 0.775510
vt 0.710039 0.756302
vt 0.717766 0.834750
vt 0.736939 0.815241
vt 0.706587 0.861285
vt 0.644646 0.772982
vt 0.662572 0.786524
vt 0.612639 0.823888
vt 0.628964 0.840327
vt 0.584892 0.898337
vt 0.615362 0.925170
vt 0.588344 0.807967
vt 0.560002 0.868388
vt 0.622363 0.757114
vt 0.658364 0.715564
vt 0.595254 0.778517
vt 0.579523 0.759987
vt 0.540020 0.819683
vt 0.557692 0.857867
vt 0.563268 0.731967
vt 0.526278 0.775373
vt 0.617470 0.746334
vt 0.604065 0.733059
vt 0.588181 0.710565
vt 0.634806 0.704868
vt 0.617903 0.686501
vt 0.644639 0.718242
vt 0.691602 0.677348
vt 0.651089 0.661556
vt 0.656390 0.712250
vt 0.564429 0.690718
vt 0.558931 0.664808
vt 0.510355 0.712650
vt 0.516808 0.743683
vt 0.555289 0.644356
vt 0.516147 0.669268
vt 0.593345 0.647779
vt 0.589255 0.628049
vt 0.597948 0.668779
vt 0.645317 0.649935
vt 0.635826 0.615523
vt 0.561950 0.611049
vt 0.565112 0.575211
vt 0.519647 0.608589
vt 0.510355 0.653235
vt 0.615566 0.596223
vt 0.616933 0.556061
vt 0.635240 0.601835
vt 0.682307 0.508575
vt 0.627516 0.500695
vt 0.587314 0.519022
vt 0.549453 0.552733
vt 0.712011 0.886308
vt 0.697027 0.963465
vt 0.733056 0.837319
vt 0.745938 0.568098
vt 0.758473 0.710985
vt 0.754093 0.665147
vt 0.235510 0.702588
vt 0.164274 0.643877
vt 0.161488 0.872468
vt 0.136097 0.840941
vt 0.107481 0.914741
vt 0.138569 0.945131
vt 0.115244 0.821772
vt 0.080833 0.877820
vt 0.166957 0.800587
vt 0.138920 0.783816
vt 0.180564 0.827405
vt 0.108768 0.755955
vt 0.127016 0.783255
vt 0.074477 0.808023
vt 0.099330 0.827989
vt 0.051343 0.843050
vt 0.073849 0.878138
vt 0.051532 0.767391
vt 0.024854 0.799089
vt 0.095139 0.728676
vt 0.138276 0.685448
vt 0.069281 0.727641
vt 0.060234 0.689622
vt 0.006086 0.741142
vt 0.018093 0.785694
vt 0.115453 0.692468
vt 0.108526 0.660653
vt 0.143967 0.644478
vt 0.100640 0.633502
vt 0.072024 0.651938
vt 0.050298 0.662820
vt 0.001953 0.691545
vt 0.117759 0.565936
vt 0.064411 0.589342
vt 0.073289 0.634831
vt 0.023562 0.631302
vt 0.045297 0.649897
vt 0.003105 0.650367
vt 0.005839 0.684120
vt 0.015132 0.589049
vt 0.001953 0.608579
vt 0.062964 0.521473
vt 0.107871 0.502190
vt 0.148778 0.568212
vt 0.162666 0.504007
vt 0.165174 0.578447
vt 0.194933 0.543269
vt 0.224731 0.920456
vt 0.200145 0.905086
vt 0.190297 0.953471
vt 0.223682 0.968158
vt 0.183096 0.876978
vt 0.159936 0.934468
vt 0.215331 0.858373
vt 0.199250 0.840529
vt 0.240730 0.879226
vt 0.239251 0.924823
vt 0.286814 0.941606
vt 0.235883 0.970909
vt 0.297882 0.998047
vt 0.502690 0.636835
vt 0.434845 0.609526
vt 0.432223 0.647907
vt 0.498540 0.685001
vt 0.376398 0.608612
vt 0.375578 0.638216
vt 0.312127 0.615802
vt 0.340757 0.641801
vt 0.484342 0.585475
vt 0.433379 0.573320
vt 0.376404 0.573843
vt 0.332596 0.571381
vt 0.493867 0.743774
vt 0.454917 0.722126
vt 0.447053 0.752286
vt 0.476603 0.790527
vt 0.370618 0.681874
vt 0.370589 0.711153
vt 0.414837 0.732317
vt 0.415814 0.700392
vt 0.481807 0.699018
vt 0.455640 0.678640
vt 0.375039 0.653163
vt 0.431400 0.668336
vt 0.374000 0.748240
vt 0.389361 0.724031
vt 0.409545 0.773059
vt 0.430790 0.750117
vt 0.433750 0.798960
vt 0.459667 0.773626
vt 0.470863 0.839914
vt 0.475465 0.799432
vt 0.426738 0.824599
vt 0.449504 0.863567
vt 0.388725 0.796520
vt 0.352579 0.777198
vt 0.423588 0.900840
vt 0.385925 0.854502
vt 0.354971 0.876133
vt 0.386939 0.932658
vt 0.329409 0.816760
vt 0.319828 0.839865
vt 0.301726 0.835604
vt 0.314068 0.865215
vt 0.350495 0.904193
vt 0.379094 0.944044
vt 0.446230 0.865745
vt 0.421563 0.826656
vt 0.351426 0.785211
vt 0.252232 0.563979
vt 0.410046 0.552162
vt 0.466087 0.564669
vt 0.318544 0.506194
vt 0.359031 0.556766
vt 0.261131 0.535166
vt 0.276566 0.460715
vt 0.218722 0.493682
vt 0.217875 0.551519
vt 0.235510 0.702588
vt 0.164274 0.643877
vt 0.161488 0.872468
vt 0.136097 0.840941
vt 0.107481 0.914741
vt 0.138569 0.945131
vt 0.115244 0.821772
vt 0.080833 0.877820
vt 0.166957 0.800587
vt 0.138920 0.783816
vt 0.180564 0.827405
vt 0.108768 0.755955
vt 0.127016 0.783255
vt 0.074477 0.808023
vt 0.099330 0.827989
vt 0.051343 0.843050
vt 0.073849 0.878138
vt 0.051532 0.767391
vt 0.024854 0.799089
vt 0.095139 0.728676
vt 0.138276 0.685448
vt 0.069281 0.727641
vt 0.060234 0.689622
vt 0.006086 0.741142
vt 0.018093 0.785694
vt 0.115453 0.692468
vt 0.108526 0.660653
vt 0.143967 0.644478
vt 0.100640 0.633502
vt 0.072024 0.651938
vt 0.050298 0.662820
vt 0.001953 0.691545
vt 0.117759 0.565936
vt 0.064411 0.589342
vt 0.073289 0.634831
vt 0.023562 0.631302
vt 0.045297 0.649897
vt 0.003105 0.650367
vt 0.005839 0.684120
vt 0.015132 0.589049
vt 0.001953 0.608579
vt 0.062964 0.521473
vt 0.107871 0.502190
vt 0.148778 0.568212
vt 0.162666 0.504007
vt 0.165174 0.578447
vt 0.194933 0.543269
vt 0.224731 0.920456
vt 0.200145 0.905086
vt 0.190297 0.953471
vt 0.223682 0.968158
vt 0.183096 0.876978
vt 0.159936 0.934468
vt 0.215331 0.858373
vt 0.199250 0.840529
vt 0.240730 0.879226
vt 0.239251 0.924823
vt 0.286814 0.941606
vt 0.235883 0.970909
vt 0.297882 0.998047
vt 0.502690 0.636835
vt 0.434845 0.609526
vt 0.432223 0.647907
vt 0.498540 0.685001
vt 0.376398 0.608612
vt 0.375578 0.638216
vt 0.312127 0.615802
vt 0.340757 0.641801
vt 0.484342 0.585475
vt 0.433379 0.573320
vt 0.376404 0.573843
vt 0.332596 0.571381
vt 0.493867 0.743774
vt 0.454917 0.722126
vt 0.447053 0.752286
vt 0.476603 0.790527
vt 0.370618 0.681874
vt 0.370589 0.711153
vt 0.414837 0.732317
vt 0.415814 0.700392
vt 0.481807 0.699018
vt 0.455640 0.678640
vt 0.375039 0.653163
vt 0.431400 0.668336
vt 0.374000 0.748240
vt 0.389361 0.724031
vt 0.409545 0.773059
vt 0.430790 0.750117
vt 0.433750 0.798960
vt 0.459667 0.773626
vt 0.470863 0.839914
vt 0.475465 0.799432
vt 0.426738 0.824599
vt 0.449504 0.863567
vt 0.388725 0.796520
vt 0.352579 0.777198
vt 0.423588 0.900840
vt 0.385925 0.854502
vt 0.354971 0.876133
vt 0.386939 0.932658
vt 0.329409 0.816760
vt 0.319828 0.839865
vt 0.301726 0.835604
vt 0.314068 0.865215
vt 0.350495 0.904193
vt 0.379094 0.944044
vt 0.446230 0.865745
vt 0.421563 0.826656
vt 0.351426 0.785211
vt 0.252232 0.563979
vt 0.410046 0.552162
vt 0.466087 0.564669
vt 0.318544 0.506194
vt 0.359031 0.556766
vt 0.261131 0.535166
vt 0.276566 0.460715
vt 0.218722 0.493682
vt 0.217875 0.551519
vt 0.235510 0.702588
vt 0.164274 0.643877
vt 0.161488 0.872468
vt 0.136097 0.840941
vt 0.107481 0.914741
vt 0.138569 0.945131
vt 0.115244 0.821772
vt 0.080833 0.877820
vt 0.166957 0.800587
vt 0.138920 0.783816
vt 0.180564 0.827405
vt 0.108768 0.755955
vt 0.127016 0.783255
vt 0.074477 0.808023
vt 0.099330 0.827989
vt 0.051343 0.843050
vt 0.073849 0.878138
vt 0.051532 0.767391
vt 0.024854 0.799089
vt 0.095139 0.728676
vt 0.138276 0.685448
vt 0.069281 0.727641
vt 0.060234 0.689622
vt 0.006086 0.741142
vt 0.018093 0.785694
vt 0.115453 0.692468
vt 0.108526 0.660653
vt 0.143967 0.644478
vt 0.100640 0.633502
vt 0.072024 0.651938
vt 0.050298 0.662820
vt 0.001953 0.691545
vt 0.117759 0.565936
vt 0.064411 0.589342
vt 0.073289 0.634831
vt 0.023562 0.631302
vt 0.045297 0.649897
vt 0.003105 0.650367
vt 0.005839 0.684120
vt 0.015132 0.589049
vt 0.001953 0.608579
vt 0.062964 0.521473
vt 0.107871 0.502190
vt 0.148778 0.568212
vt 0.162666 0.504007
vt 0.165174 0.578447
vt 0.194933 0.543269
vt 0.224731 0.920456
vt 0.200145 0.905086
vt 0.190297 0.953471
vt 0.223682 0.968158
vt 0.183096 0.876978
vt 0.159936 0.934468
vt 0.215331 0.858373
vt 0.199250 0.840529
vt 0.240730 0.879226
vt 0.239251 0.924823
vt 0.286814 0.941606
vt 0.235883 0.970909
vt 0.297882 0.998047
vt 0.502690 0.636835
vt 0.434845 0.609526
vt 0.432223 0.647907
vt 0.498540 0.685001
vt 0.376398 0.608612
vt 0.375578 0.638216
vt 0.312127 0.615802
vt 0.340757 0.641801
vt 0.484342 0.585475
vt 0.433379 0.573320
vt 0.376404 0.573843
vt 0.332596 0.571381
vt 0.493867 0.743774
vt 0.454917 0.722126
vt 0.447053 0.752286
vt 0.476603 0.790527
vt 0.370618 0.681874
vt 0.370589 0.711153
vt 0.414837 0.732317
vt 0.415814 0.700392
vt 0.481807 0.699018
vt 0.455640 0.678640
vt 0.375039 0.653163
vt 0.431400 0.668336
vt 0.374000 0.748240
vt 0.389361 0.724031
vt 0.409545 0.773059
vt 0.430790 0.750117
vt 0.433750 0.798960
vt 0.459667 0.773626
vt 0.470863 0.839914
vt 0.475465 0.799432
vt 0.426738 0.824599
vt 0.449504 0.863567
vt 0.388725 0.796520
vt 0.352579 0.777198
vt 0.423588 0.900840
vt 0.385925 0.854502
vt 0.354971 0.876133
vt 0.386939 0.932658
vt 0.329409 0.816760
vt 0.319828 0.839865
vt 0.301726 0.835604
vt 0.314068 0.865215
vt 0.350495 0.904193
vt 0.379094 0.944044
vt 0.446230 0.865745
vt 0.421563 0.826656
vt 0.351426 0.785211
vt 0.252232 0.563979
vt 0.410046 0.552162
vt 0.466087 0.564669
vt 0.318544 0.506194
vt 0.359031 0.556766
vt 0.261131 0.535166
vt 0.276566 0.460715
vt 0.218722 0.493682
vt 0.217875 0.551519
vt 0.235510 0.702588
vt 0.164274 0.643877
vt 0.161488 0.872468
vt 0.136097 0.840941
vt 0.107481 0.914741
vt 0.138569 0.945131
vt 0.115244 0.821772
vt 0.080833 0.877820
vt 0.166957 0.800587
vt 0.138920 0.783816
vt 0.180564 0.827405
vt 0.108768 0.755955
vt 0.127016 0.783255
vt 0.074477 0.808023
vt 0.099330 0.827989
vt 0.051343 0.843050
vt 0.073849 0.878138
vt 0.051532 0.767391
vt 0.024854 0.799089
vt 0.095139 0.728676
vt 0.138276 0.685448
vt 0.069281 0.727641
vt 0.060234 0.689622
vt 0.006086 0.741142
vt 0.018093 0.785694
vt 0.115453 0.692468
vt 0.108526 0.660653
vt 0.143967 0.644478
vt 0.100640 0.633502
vt 0.072024 0.651938
vt 0.050298 0.662820
vt 0.001953 0.691545
vt 0.117759 0.565936
vt 0.064411 0.589342
vt 0.073289 0.634831
vt 0.023562 0.631302
vt 0.045297 0.649897
vt 0.003105 0.650367
vt 0.005839 0.684120
vt 0.015132 0.589049
vt 0.001953 0.608579
vt 0.062964 0.521473
vt 0.107871 0.502190
vt 0.148778 0.568212
vt 0.162666 0.504007
vt 0.165174 0.578447
vt 0.194933 0.543269
vt 0.224731 0.920456
vt 0.200145 0.905086
vt 0.190297 0.953471
vt 0.223682 0.968158
vt 0.183096 0.876978
vt 0.159936 0.934468
vt 0.215331 0.858373
vt 0.199250 0.840529
vt 0.240730 0.879226
vt 0.239251 0.924823
vt 0.286814 0.941606
vt 0.235883 0.970909
vt 0.297882 0.998047
vt 0.502690 0.636835
vt 0.434845 0.609526
vt 0.432223 0.647907
vt 0.498540 0.685001
vt 0.376398 0.608612
vt 0.375578 0.638216
vt 0.312127 0.615802
vt 0.340757 0.641801
vt 0.484342 0.585475
vt 0.433379 0.573320
vt 0.376404 0.573843
vt 0.332596 0.571381
vt 0.493867 0.743774
vt 0.454917 0.722126
vt 0.447053 0.752286
vt 0.476603 0.790527
vt 0.370618 0.681874
vt 0.370589 0.711153
vt 0.414837 0.732317
vt 0.415814 0.700392
vt 0.481807 0.699018
vt 0.455640 0.678640
vt 0.375039 0.653163
vt 0.431400 0.668336
vt 0.374000 0.748240
vt 0.389361 0.724031
vt 0.409545 0.773059
vt 0.430790 0.750117
vt 0.433750 0.798960
vt 0.459667 0.773626
vt 0.470863 0.839914
vt 0.475465 0.799432
vt 0.426738 0.824599
vt 0.449504 0.863567
vt 0.388725 0.796520
vt 0.352579 0.777198
vt 0.423588 0.900840
vt 0.385925 0.854502
vt 0.354971 0.876133
vt 0.386939 0.932658
vt 0.329409 0.816760
vt 0.319828 0.839865
vt 0.301726 0.835604
vt 0.314068 0.865215
vt 0.350495 0.904193
vt 0.379094 0.944044
vt 0.446230 0.865745
vt 0.421563 0.826656
vt 0.351426 0.785211
vt 0.252232 0.563979
vt 0.410046 0.552162
vt 0.466087 0.564669
vt 0.318544 0.506194
vt 0.359031 0.556766
vt 0.261131 0.535166
vt 0.276566 0.460715
vt 0.218722 0.493682
vt 0.217875 0.551519
vt 0.682073 0.575246
vt 0.667052 0.630131
vt 0.964806 0.778731
vt 0.918256 0.723078
vt 0.899492 0.738995
vt 0.953411 0.819495
vt 0.864322 0.684590
vt 0.836999 0.696894
vt 0.973553 0.746806
vt 0.941505 0.701460
vt 0.888569 0.672242
vt 0.806908 0.661891
vt 0.824118 0.692551
vt 0.822149 0.641126
vt 0.974795 0.666936
vt 0.931031 0.634080
vt 0.923651 0.664144
vt 0.971499 0.711067
vt 0.877867 0.613393
vt 0.870369 0.639224
vt 0.827424 0.627501
vt 0.974649 0.623519
vt 0.933914 0.603934
vt 0.881744 0.592079
vt 0.838565 0.590539
vt 0.930177 0.525663
vt 0.843736 0.520886
vt 0.871454 0.565656
vt 0.957613 0.587649
vt 0.888379 0.482091
vt 0.826154 0.470928
vt 0.807188 0.533059
vt 0.833270 0.572863
vt 0.788226 0.490139
vt 0.763109 0.533533
vt 0.832558 0.577919
vt 0.933611 0.864539
vt 0.894599 0.795326
vt 0.869470 0.810355
vt 0.913771 0.892608
vt 0.858435 0.754568
vt 0.832325 0.771235
vt 0.797924 0.716820
vt 0.807906 0.756931
vt 0.950534 0.829411
vt 0.918508 0.776490
vt 0.881891 0.736468
vt 0.825642 0.701593
vt 0.881205 0.840027
vt 0.853597 0.850243
vt 0.886238 0.923732
vt 0.909632 0.900822
vt 0.838079 0.865920
vt 0.858895 0.949728
vt 0.837208 0.828258
vt 0.822464 0.846618
vt 0.858992 0.811900
vt 0.813379 0.839929
vt 0.802634 0.774210
vt 0.850900 0.935883
vt 0.827147 0.875701
vt 0.788705 0.933184
vt 0.812442 0.998047
vt 0.813295 0.848224
vt 0.690287 0.913512
vt 0.667016 0.879426
vt 0.655212 0.949831
vt 0.693826 0.969150
vt 0.639770 0.869189
vt 0.624582 0.929399
vt 0.686962 0.841286
vt 0.665149 0.817662
vt 0.710244 0.804926
vt 0.695762 0.775510
vt 0.710039 0.756302
vt 0.717766 0.834750
vt 0.736939 0.815241
vt 0.706587 0.861285
vt 0.644646 0.772982
vt 0.662572 0.786524
vt 0.612639 0.823888
vt 0.628964 0.840327
vt 0.584892 0.898337
vt 0.615362 0.925170
vt 0.588344 0.807967
vt 0.560002 0.868388
vt 0.622363 0.757114
vt 0.658364 0.715564
vt 0.595254 0.778517
vt 0.579523 0.759987
vt 0.540020 0.819683
vt 0.557692 0.857867
vt 0.563268 0.731967
vt 0.526278 0.775373
vt 0.617470 0.746334
vt 0.604065 0.733059
vt 0.588181 0.710565
vt 0.634806 0.704868
vt 0.617903 0.686501
vt 0.644639 0.718242
vt 0.691602 0.677348
vt 0.651089 0.661556
vt 0.656390 0.712250
vt 0.564429 0.690718
vt 0.558931 0.664808
vt 0.510355 0.712650
vt 0.516808 0.743683
vt 0.555289 0.644356
vt 0.516147 0.669268
vt 0.593345 0.647779
vt 0.589255 0.628049
vt 0.597948 0.668779
vt 0.645317 0.649935
vt 0.635826 0.615523
vt 0.561950 0.611049
vt 0.565112 0.575211
vt 0.519647 0.608589
vt 0.510355 0.653235
vt 0.615566 0.596223
vt 0.616933 0.556061
vt 0.635240 0.601835
vt 0.682307 0.508575
vt 0.627516 0.500695
vt 0.587314 0.519022
vt 0.549453 0.552733
vt 0.712011 0.886308
vt 0.697027 0.963465
vt 0.733056 0.837319
vt 0.745938 0.568098
vt 0.758473 0.710985
vt 0.754093 0.665147
vt 0.682073 0.575246
vt 0.667052 0.630131
vt 0.964806 0.778731
vt 0.918256 0.723078
vt 0.899492 0.738995
vt 0.953411 0.819495
vt 0.864322 0.684590
vt 0.836999 0.696894
vt 0.973553 0.746806
vt 0.941505 0.701460
vt 0.888569 0.672242
vt 0.806908 0.661891
vt 0.824118 0.692551
vt 0.822149 0.641126
vt 0.974795 0.666936
vt 0.931031 0.634080
vt 0.923651 0.664144
vt 0.971499 0.711067
vt 0.877867 0.613393
vt 0.870369 0.639224
vt 0.827424 0.627501
vt 0.974649 0.623519
vt 0.933914 0.603934
vt 0.881744 0.592079
vt 0.838565 0.590539
vt 0.930177 0.525663
vt 0.843736 0.520886
vt 0.871454 0.565656
vt 0.957613 0.587649
vt 0.888379 0.482091
vt 0.826154 0.470928
vt 0.807188 0.533059
vt 0.833270 0.572863
vt 0.788226 0.490139
vt 0.763109 0.533533
vt 0.832558 0.577919
vt 0.933611 0.864539
vt 0.894599 0.795326
vt 0.869470 0.810355
vt 0.913771 0.892608
vt 0.858435 0.754568
vt 0.832325 0.771235
vt 0.797924 0.716820
vt 0.807906 0.756931
vt 0.950534 0.829411
vt 0.918508 0.776490
vt 0.881891 0.736468
vt 0.825642 0.701593
vt 0.881205 0.840027
vt 0.853597 0.850243
vt 0.886238 0.923732
vt 0.909632 0.900822
vt 0.838079 0.865920
vt 0.858895 0.949728
vt 0.837208 0.828258
vt 0.822464 0.846618
vt 0.858992 0.811900
vt 0.813379 0.839929
vt 0.802634 0.774210
vt 0.850900 0.935883
vt 0.827147 0.875701
vt 0.788705 0.933184
vt 0.812442 0.998047
vt 0.813295 0.848224
vt 0.690287 0.913512
vt 0.667016 0.879426
vt 0.655212 0.949831
vt 0.693826 0.969150
vt 0.639770 0.869189
vt 0.624582 0.929399
vt 0.686962 0.841286
vt 0.665149 0.817662
vt 0.710244 0.804926
vt 0.695762 0.775510
vt 0.710039 0.756302
vt 0.717766 0.834750
vt 0.736939 0.815241
vt 0.706587 0.861285
vt 0.644646 0.772982
vt 0.662572 0.786524
vt 0.612639 0.823888
vt 0.628964 0.840327
vt 0.584892 0.898337
vt 0.615362 0.925170
vt 0.588344 0.807967
vt 0.560002 0.868388
vt 0.622363 0.757114
vt 0.658364 0.715564
vt 0.595254 0.778517
vt 0.579523 0.759987
vt 0.540020 0.819683
vt 0.557692 0.857867
vt 0.563268 0.731967
vt 0.526278 0.775373
vt 0.617470 0.746334
vt 0.604065 0.733059
vt 0.588181 0.710565
vt 0.634806 0.704868
vt 0.617903 0.686501
vt 0.644639 0.718242
vt 0.691602 0.677348
vt 0.651089 0.661556
vt 0.656390 0.712250
vt 0.564429 0.690718
vt 0.558931 0.664808
vt 0.510355 0.712650
vt 0.516808 0.743683
vt 0.555289 0.644356
vt 0.516147 0.669268
vt 0.593345 0.647779
vt 0.589255 0.628049
vt 0.597948 0.668779
vt 0.645317 0.649935
vt 0.635826 0.615523
vt 0.561950 0.611049
vt 0.565112 0.575211
vt 0.519647 0.608589
vt 0.510355 0.653235
vt 0.615566 0.596223
vt 0.616933 0.556061
vt 0.635240 0.601835
vt 0.682307 0.508575
vt 0.627516 0.500695
vt 0.587314 0.519022
vt 0.549453 0.552733
vt 0.712011 0.886308
vt 0.697027 0.963465
vt 0.733056 0.837319
vt 0.745938 0.568098
vt 0.758473 0.710985
vt 0.754093 0.665147
vt 0.682073 0.575246
vt 0.667052 0.630131
vt 0.964806 0.778731
vt 0.918256 0.723078
vt 0.899492 0.738995
vt 0.953411 0.819495
vt 0.864322 0.684590
vt 0.836999 0.696894
vt 0.973553 0.746806
vt 0.941505 0.701460
vt 0.888569 0.672242
vt 0.806908 0.661891
vt 0.824118 0.692551
vt 0.822149 0.641126
vt 0.974795 0.666936
vt 0.931031 0.634080
vt 0.923651 0.664144
vt 0.971499 0.711067
vt 0.877867 0.613393
vt 0.870369 0.639224
vt 0.827424 0.627501
vt 0.974649 0.623519
vt 0.933914 0.603934
vt 0.881744 0.592079
vt 0.838565 0.590539
vt 0.930177 0.525663
vt 0.843736 0.520886
vt 0.871454 0.565656
vt 0.957613 0.587649
vt 0.888379 0.482091
vt 0.826154 0.470928
vt 0.807188 0.533059
vt 0.833270 0.572863
vt 0.788226 0.490139
vt 0.763109 0.533533
vt 0.832558 0.577919
vt 0.933611 0.864539
vt 0.894599 0.795326
vt 0.869470 0.810355
vt 0.913771 0.892608
vt 0.858435 0.754568
vt 0.832325 0.771235
vt 0.797924 0.716820
vt 0.807906 0.756931
vt 0.950534 0.829411
vt 0.918508 0.776490
vt 0.881891 0.736468
vt 0.825642 0.701593
vt 0.881205 0.840027
vt 0.853597 0.850243
vt 0.886238 0.923732
vt 0.909632 0.900822
vt 0.838079 0.865920
vt 0.858895 0.949728
vt 0.837208 0.828258
vt 0.822464 0.846618
vt 0.858992 0.811900
vt 0.813379 0.839929
vt 0.802634 0.774210
vt 0.850900 0.935883
vt 0.827147 0.875701
vt 0.788705 0.933184
vt 0.812442 0.998047
vt 0.813295 0.848224
vt 0.690287 0.913512
vt 0.667016 0.879426
vt 0.655212 0.949831
vt 0.693826 0.969150
vt 0.639770 0.869189
vt 0.624582 0.929399
vt 0.686962 0.841286
vt 0.665149 0.817662
vt 0.710244 0.804926
vt 0.695762 0.775510
vt 0.710039 0.756302
vt 0.717766 0.834750
vt 0.736939 0.815241
vt 0.706587 0.861285
vt 0.644646 0.772982
vt 0.662572 0.786524
vt 0.612639 0.823888
vt 0.628964 0.840327
vt 0.584892 0.898337
vt 0.615362 0.925170
vt 0.588344 0.807967
vt 0.560002 0.868388
vt 0.622363 0.757114
vt 0.658364 0.715564
vt 0.595254 0.778517
vt 0.579523 0.759987
vt 0.540020 0.819683
vt 0.557692 0.857867
vt 0.563268 0.731967
vt 0.526278 0.775373
vt 0.617470 0.746334
vt 0.604065 0.733059
vt 0.588181 0.710565
vt 0.634806 0.704868
vt 0.617903 0.686501
vt 0.644639 0.718242
vt 0.691602 0.677348
vt 0.651089 0.661556
vt 0.656390 0.712250
vt 0.564429 0.690718
vt 0.558931 0.664808
vt 0.510355 0.712650
vt 0.516808 0.743683
vt 0.555289 0.644356
vt 0.516147 0.669268
vt 0.593345 0.647779
vt 0.589255 0.628049
vt 0.597948 0.668779
vt 0.645317 0.649935
vt 0.635826 0.615523
vt 0.561950 0.611049
vt 0.565112 0.575211
vt 0.519647 0.608589
vt 0.510355 0.653235
vt 0.615566 0.596223
vt 0.616933 0.556061
vt 0.635240 0.601835
vt 0.682307 0.508575
vt 0.627516 0.500695
vt 0.587314 0.519022
vt 0.549453 0.552733
vt 0.712011 0.886308
vt 0.697027 0.963465
vt 0.733056 0.837319
vt 0.745938 0.568098
vt 0.758473 0.710985
vt 0.754093 0.665147
vt 0.682073 0.575246
vt 0.667052 0.630131
vt 0.964806 0.778731
vt 0.918256 0.723078
vt 0.899492 0.738995
vt 0.953411 0.819495
vt 0.864322 0.684590
vt 0.836999 0.696894
vt 0.973553 0.746806
vt 0.941505 0.701460
vt 0.888569 0.672242
vt 0.806908 0.661891
vt 0.824118 0.692551
vt 0.822149 0.641126
vt 0.974795 0.666936
vt 0.931031 0.634080
vt 0.923651 0.664144
vt 0.971499 0.711067
vt 0.877867 0.613393
vt 0.870369 0.639224
vt 0.827424 0.627501
vt 0.974649 0.623519
vt 0.933914 0.603934
vt 0.881744 0.592079
vt 0.838565 0.590539
vt 0.871454 0.565656
vt 0.957613 0.587649
vt 0.807188 0.533059
vt 0.833270 0.572863
vt 0.788226 0.490139
vt 0.763109 0.533533
vt 0.832558 0.577919
vt 0.933611 0.864539
vt 0.894599 0.795326
vt 0.869470 0.810355
vt 0.913771 0.892608
vt 0.858435 0.754568
vt 0.832325 0.771235
vt 0.797924 0.716820
vt 0.807906 0.756931
vt 0.950534 0.829411
vt 0.918508 0.776490
vt 0.881891 0.736468
vt 0.825642 0.701593
vt 0.881205 0.840027
vt 0.853597 0.850243
vt 0.886238 0.923732
vt 0.909632 0.900822
vt 0.838079 0.865920
vt 0.858895 0.949728
vt 0.837208 0.828258
vt 0.822464 0.846618
vt 0.858992 0.811900
vt 0.813379 0.839929
vt 0.802634 0.774210
vt 0.850900 0.935883
vt 0.827147 0.875701
vt 0.788705 0.933184
vt 0.812442 0.998047
vt 0.813295 0.848224
vt 0.690287 0.913512
vt 0.667016 0.879426
vt 0.655212 0.949831
vt 0.693826 0.969150
vt 0.639770 0.869189
vt 0.624582 0.929399
vt 0.686962 0.841286
vt 0.665149 0.817662
vt 0.710244 0.804926
vt 0.695762 0.775510
vt 0.710039 0.756302
vt 0.717766 0.834750
vt 0.736939 0.815241
vt 0.706587 0.861285
vt 0.644646 0.772982
vt 0.662572 0.786524
vt 0.612639 0.823888
vt 0.628964 0.840327
vt 0.584892 0.898337
vt 0.615362 0.925170
vt 0.588344 0.807967
vt 0.560002 0.868388
vt 0.622363 0.757114
vt 0.658364 0.715564
vt 0.595254 0.778517
vt 0.579523 0.759987
vt 0.540020 0.819683
vt 0.557692 0.857867
vt 0.563268 0.731967
vt 0.526278 0.775373
vt 0.617470 0.746334
vt 0.604065 0.733059
vt 0.588181 0.710565
vt 0.634806 0.704868
vt 0.617903 0.686501
vt 0.644639 0.718242
vt 0.691602 0.677348
vt 0.651089 0.661556
vt 0.656390 0.712250
vt 0.564429 0.690718
vt 0.558931 0.664808
vt 0.510355 0.712650
vt 0.516808 0.743683
vt 0.555289 0.644356
vt 0.516147 0.669268
vt 0.593345 0.647779
vt 0.589255 0.628049
vt 0.597948 0.668779
vt 0.645317 0.649935
vt 0.635826 0.615523
vt 0.561950 0.611049
vt 0.565112 0.575211
vt 0.519647 0.608589
vt 0.510355 0.653235
vt 0.615566 0.596223
vt 0.616933 0.556061
vt 0.635240 0.601835
vt 0.682307 0.508575
vt 0.627516 0.500695
vt 0.587314 0.519022
vt 0.549453 0.552733
vt 0.712011 0.886308
vt 0.697027 0.963465
vt 0.733056 0.837319
vt 0.745938 0.568098
vt 0.758473 0.710985
vt 0.754093 0.665147
vt 0.235510 0.702588
vt 0.164274 0.643877
vt 0.161488 0.872468
vt 0.136097 0.840941
vt 0.107481 0.914741
vt 0.138569 0.945131
vt 0.115244 0.821772
vt 0.080833 0.877820
vt 0.166957 0.800587
vt 0.138920 0.783816
vt 0.180564 0.827405
vt 0.108768 0.755955
vt 0.127016 0.783255
vt 0.074477 0.808023
vt 0.099330 0.827989
vt 0.051343 0.843050
vt 0.073849 0.878138
vt 0.051532 0.767391
vt 0.024854 0.799089
vt 0.095139 0.728676
vt 0.138276 0.685448
vt 0.069281 0.727641
vt 0.060234 0.689622
vt 0.006086 0.741142
vt 0.018093 0.785694
vt 0.115453 0.692468
vt 0.108526 0.660653
vt 0.143967 0.644478
vt 0.100640 0.633502
vt 0.072024 0.651938
vt 0.050298 0.662820
vt 0.001953 0.691545
vt 0.117759 0.565936
vt 0.064411 0.589342
vt 0.073289 0.634831
vt 0.023562 0.631302
vt 0.045297 0.649897
vt 0.003105 0.650367
vt 0.005839 0.684120
vt 0.015132 0.589049
vt 0.001953 0.608579
vt 0.062964 0.521473
vt 0.107871 0.502190
vt 0.148778 0.568212
vt 0.162666 0.504007
vt 0.165174 0.578447
vt 0.194933 0.543269
vt 0.224731 0.920456
vt 0.200145 0.905086
vt 0.190297 0.953471
vt 0.223682 0.968158
vt 0.183096 0.876978
vt 0.159936 0.934468
vt 0.215331 0.858373
vt 0.199250 0.840529
vt 0.240730 0.879226
vt 0.239251 0.924823
vt 0.286814 0.941606
vt 0.235883 0.970909
vt 0.297882 0.998047
vt 0.502690 0.636835
vt 0.434845 0.609526
vt 0.432223 0.647907
vt 0.498540 0.685001
vt 0.376398 0.608612
vt 0.375578 0.638216
vt 0.312127 0.615802
vt 0.340757 0.641801
vt 0.484342 0.585475
vt 0.433379 0.573320
vt 0.376404 0.573843
vt 0.332596 0.571381
vt 0.493867 0.743774
vt 0.454917 0.722126
vt 0.447053 0.752286
vt 0.476603 0.790527
vt 0.370618 0.681874
vt 0.370589 0.711153
vt 0.414837 0.732317
vt 0.415814 0.700392
vt 0.481807 0.699018
vt 0.455640 0.678640
vt 0.375039 0.653163
vt 0.431400 0.668336
vt 0.374000 0.748240
vt 0.389361 0.724031
vt 0.409545 0.773059
vt 0.430790 0.750117
vt 0.433750 0.798960
vt 0.459667 0.773626
vt 0.470863 0.839914
vt 0.475465 0.799432
vt 0.426738 0.824599
vt 0.449504 0.863567
vt 0.388725 0.796520
vt 0.352579 0.777198
vt 0.423588 0.900840
vt 0.385925 0.854502
vt 0.354971 0.876133
vt 0.386939 0.932658
vt 0.329409 0.816760
vt 0.319828 0.839865
vt 0.301726 0.835604
vt 0.314068 0.865215
vt 0.350495 0.904193
vt 0.379094 0.944044
vt 0.446230 0.865745
vt 0.421563 0.826656
vt 0.351426 0.785211
vt 0.252232 0.563979
vt 0.410046 0.552162
vt 0.466087 0.564669
vt 0.318544 0.506194
vt 0.359031 0.556766
vt 0.261131 0.535166
vt 0.276566 0.460715
vt 0.218722 0.493682
vt 0.217875 0.551519
vt 0.517808 0.376767
vt 0.492177 0.398324
vt 0.472954 0.382980
vt 0.519763 0.115995
vt 0.453857 0.139610
vt 0.460840 0.168628
vt 0.539800 0.067093
vt 0.516650 0.054298
vt 0.391140 0.187631
vt 0.398741 0.219135
vt 0.468776 0.201167
vt 0.373144 0.149164
vt 0.345419 0.091886
vt 0.352582 0.137417
vt 0.302124 0.098494
vt 0.318054 0.152622
vt 0.268070 0.114054
vt 0.277365 0.170383
vt 0.368128 0.222512
vt 0.362940 0.194277
vt 0.360088 0.158804
vt 0.473570 0.219019
vt 0.559510 0.216625
vt 0.564957 0.186665
vt 0.269344 0.185595
vt 0.268070 0.264426
vt 0.316284 0.210763
vt 0.303465 0.171544
vt 0.276661 0.304724
vt 0.331206 0.247195
vt 0.427134 0.252950
vt 0.482424 0.248656
vt 0.417896 0.223217
vt 0.400783 0.229234
vt 0.414207 0.260098
vt 0.363392 0.238510
vt 0.311302 0.275057
vt 0.329052 0.322585
vt 0.369941 0.285425
vt 0.282097 0.321804
vt 0.307234 0.385655
vt 0.331243 0.425364
vt 0.349617 0.349521
vt 0.378834 0.316983
vt 0.426918 0.286862
vt 0.379436 0.335887
vt 0.403665 0.356177
vt 0.353703 0.362985
vt 0.387015 0.384383
vt 0.345988 0.396745
vt 0.368050 0.434735
vt 0.385594 0.457157
vt 0.407761 0.409333
vt 0.422965 0.387616
vt 0.455448 0.369273
vt 0.419611 0.398807
vt 0.451176 0.422784
vt 0.397878 0.443625
vt 0.443197 0.461649
vt 0.415040 0.479952
vt 0.441834 0.494985
vt 0.465886 0.503879
vt 0.467085 0.473281
vt 0.471480 0.431879
vt 0.478297 0.473551
vt 0.501415 0.479226
vt 0.483844 0.511805
vt 0.508282 0.519601
vt 0.529711 0.524844
vt 0.523065 0.484413
vt 0.523693 0.465330
vt 0.620397 0.475888
vt 0.608894 0.439857
vt 0.481853 0.048736
vt 0.503810 0.050060
vt 0.597480 0.403780
vt 0.609294 0.383634
vt 0.624098 0.434058
vt 0.640430 0.409415
vt 0.639428 0.459218
vt 0.657314 0.428718
vt 0.674439 0.394386
vt 0.653926 0.379348
vt 0.621640 0.360980
vt 0.577361 0.350240
vt 0.514485 0.029862
vt 0.489488 0.026757
vt 0.502306 0.002663
vt 0.534996 0.005586
vt 0.564463 0.327649
vt 0.617377 0.342108
vt 0.614157 0.310673
vt 0.652681 0.363659
vt 0.670869 0.335601
vt 0.682556 0.389718
vt 0.693646 0.348018
vt 0.699029 0.307396
vt 0.642871 0.276947
vt 0.613428 0.302240
vt 0.693677 0.343811
vt 0.460350 0.049815
vt 0.594651 0.267678
vt 0.596309 0.234378
vt 0.643897 0.203514
vt 0.642253 0.235417
vt 0.679783 0.247337
vt 0.686061 0.214087
vt 0.716671 0.238908
vt 0.714058 0.269115
vt 0.600803 0.209938
vt 0.667219 0.156100
vt 0.664331 0.181438
vt 0.696438 0.196673
vt 0.699223 0.174499
vt 0.616714 0.173506
vt 0.613003 0.194254
vt 0.662070 0.199860
vt 0.717716 0.191680
vt 0.720747 0.213682
vt 0.619790 0.150875
vt 0.699424 0.123746
vt 0.653957 0.118102
vt 0.676427 0.153815
vt 0.721790 0.180506
vt 0.601144 0.116455
vt 0.610288 0.138336
vt 0.675034 0.072286
vt 0.628350 0.076746
vt 0.590393 0.092403
vt 0.610059 0.031649
vt 0.558719 0.010423
vt 0.539049 0.030937
vt 0.567943 0.052896
vt 0.567998 0.088542
vt 0.638853 0.271259
vt 0.665546 0.279979
vt 0.697134 0.301498
vt 0.693709 0.213564
vt 0.720494 0.235143
vt 0.600018 0.076292
vt 0.647812 0.065941
vt 0.469443 0.001953
vt 0.464845 0.023590
vt 0.235510 0.702588
vt 0.164274 0.643877
vt 0.161488 0.872468
vt 0.136097 0.840941
vt 0.107481 0.914741
vt 0.138569 0.945131
vt 0.115244 0.821772
vt 0.080833 0.877820
vt 0.166957 0.800587
vt 0.138920 0.783816
vt 0.180564 0.827405
vt 0.108768 0.755955
vt 0.127016 0.783255
vt 0.074477 0.808023
vt 0.099330 0.827989
vt 0.051343 0.843050
vt 0.073849 0.878138
vt 0.051532 0.767391
vt 0.024854 0.799089
vt 0.095139 0.728676
vt 0.138276 0.685448
vt 0.069281 0.727641
vt 0.060234 0.689622
vt 0.006086 0.741142
vt 0.018093 0.785694
vt 0.115453 0.692468
vt 0.108526 0.660653
vt 0.143967 0.644478
vt 0.100640 0.633502
vt 0.072024 0.651938
vt 0.050298 0.662820
vt 0.001953 0.691545
vt 0.117759 0.565936
vt 0.064411 0.589342
vt 0.073289 0.634831
vt 0.023562 0.631302
vt 0.045297 0.649897
vt 0.003105 0.650367
vt 0.005839 0.684120
vt 0.015132 0.589049
vt 0.001953 0.608579
vt 0.062964 0.521473
vt 0.107871 0.502190
vt 0.148778 0.568212
vt 0.162666 0.504007
vt 0.165174 0.578447
vt 0.194933 0.543269
vt 0.224731 0.920456
vt 0.200145 0.905086
vt 0.190297 0.953471
vt 0.223682 0.968158
vt 0.183096 0.876978
vt 0.159936 0.934468
vt 0.215331 0.858373
vt 0.199250 0.840529
vt 0.240730 0.879226
vt 0.239251 0.924823
vt 0.286814 0.941606
vt 0.235883 0.970909
vt 0.297882 0.998047
vt 0.502690 0.636835
vt 0.434845 0.609526
vt 0.432223 0.647907
vt 0.498540 0.685001
vt 0.376398 0.608612
vt 0.375578 0.638216
vt 0.484342 0.585475
vt 0.433379 0.573320
vt 0.376404 0.573843
vt 0.332596 0.571381
vt 0.493867 0.743774
vt 0.454917 0.722126
vt 0.447053 0.752286
vt 0.476603 0.790527
vt 0.370618 0.681874
vt 0.370589 0.711153
vt 0.414837 0.732317
vt 0.415814 0.700392
vt 0.481807 0.699018
vt 0.455640 0.678640
vt 0.375039 0.653163
vt 0.431400 0.668336
vt 0.374000 0.748240
vt 0.389361 0.724031
vt 0.409545 0.773059
vt 0.430790 0.750117
vt 0.433750 0.798960
vt 0.459667 0.773626
vt 0.470863 0.839914
vt 0.475465 0.799432
vt 0.426738 0.824599
vt 0.449504 0.863567
vt 0.388725 0.796520
vt 0.352579 0.777198
vt 0.423588 0.900840
vt 0.385925 0.854502
vt 0.354971 0.876133
vt 0.386939 0.932658
vt 0.329409 0.816760
vt 0.319828 0.839865
vt 0.301726 0.835604
vt 0.314068 0.865215
vt 0.350495 0.904193
vt 0.379094 0.944044
vt 0.446230 0.865745
vt 0.421563 0.826656
vt 0.351426 0.785211
vt 0.449497 0.512362
vt 0.383096 0.515982
vt 0.410046 0.552162
vt 0.466087 0.564669
vt 0.318544 0.506194
vt 0.359031 0.556766
vt 0.261131 0.535166
vt 0.377250 0.465237
vt 0.328552 0.454599
vt 0.276566 0.460715
vt 0.218722 0.493682
vt 0.217875 0.551519
vt 0.517808 0.376767
vt 0.492177 0.398324
vt 0.472954 0.382980
vt 0.519763 0.115995
vt 0.453857 0.139610
vt 0.460840 0.168628
vt 0.539800 0.067093
vt 0.516650 0.054298
vt 0.391140 0.187631
vt 0.398741 0.219135
vt 0.468776 0.201167
vt 0.373144 0.149164
vt 0.345419 0.091886
vt 0.352582 0.137417
vt 0.302124 0.098494
vt 0.318054 0.152622
vt 0.268070 0.114054
vt 0.277365 0.170383
vt 0.368128 0.222512
vt 0.362940 0.194277
vt 0.360088 0.158804
vt 0.473570 0.219019
vt 0.559510 0.216625
vt 0.564957 0.186665
vt 0.269344 0.185595
vt 0.268070 0.264426
vt 0.316284 0.210763
vt 0.303465 0.171544
vt 0.276661 0.304724
vt 0.331206 0.247195
vt 0.427134 0.252950
vt 0.482424 0.248656
vt 0.417896 0.223217
vt 0.400783 0.229234
vt 0.414207 0.260098
vt 0.363392 0.238510
vt 0.311302 0.275057
vt 0.329052 0.322585
vt 0.369941 0.285425
vt 0.282097 0.321804
vt 0.307234 0.385655
vt 0.331243 0.425364
vt 0.349617 0.349521
vt 0.378834 0.316983
vt 0.426918 0.286862
vt 0.379436 0.335887
vt 0.403665 0.356177
vt 0.353703 0.362985
vt 0.387015 0.384383
vt 0.345988 0.396745
vt 0.368050 0.434735
vt 0.385594 0.457157
vt 0.407761 0.409333
vt 0.422965 0.387616
vt 0.455448 0.369273
vt 0.419611 0.398807
vt 0.451176 0.422784
vt 0.397878 0.443625
vt 0.443197 0.461649
vt 0.415040 0.479952
vt 0.441834 0.494985
vt 0.465886 0.503879
vt 0.467085 0.473281
vt 0.471480 0.431879
vt 0.478297 0.473551
vt 0.501415 0.479226
vt 0.483844 0.511805
vt 0.508282 0.519601
vt 0.529711 0.524844
vt 0.523065 0.484413
vt 0.523693 0.465330
vt 0.620397 0.475888
vt 0.608894 0.439857
vt 0.481853 0.048736
vt 0.503810 0.050060
vt 0.597480 0.403780
vt 0.609294 0.383634
vt 0.624098 0.434058
vt 0.640430 0.409415
vt 0.639428 0.459218
vt 0.657314 0.428718
vt 0.674439 0.394386
vt 0.653926 0.379348
vt 0.621640 0.360980
vt 0.577361 0.350240
vt 0.514485 0.029862
vt 0.489488 0.026757
vt 0.502306 0.002663
vt 0.534996 0.005586
vt 0.564463 0.327649
vt 0.617377 0.342108
vt 0.614157 0.310673
vt 0.652681 0.363659
vt 0.670869 0.335601
vt 0.682556 0.389718
vt 0.693646 0.348018
vt 0.699029 0.307396
vt 0.642871 0.276947
vt 0.613428 0.302240
vt 0.693677 0.343811
vt 0.460350 0.049815
vt 0.594651 0.267678
vt 0.596309 0.234378
vt 0.643897 0.203514
vt 0.642253 0.235417
vt 0.679783 0.247337
vt 0.686061 0.214087
vt 0.716671 0.238908
vt 0.714058 0.269115
vt 0.600803 0.209938
vt 0.667219 0.156100
vt 0.664331 0.181438
vt 0.696438 0.196673
vt 0.699223 0.174499
vt 0.616714 0.173506
vt 0.613003 0.194254
vt 0.662070 0.199860
vt 0.717716 0.191680
vt 0.720747 0.213682
vt 0.619790 0.150875
vt 0.699424 0.123746
vt 0.653957 0.118102
vt 0.676427 0.153815
vt 0.721790 0.180506
vt 0.601144 0.116455
vt 0.610288 0.138336
vt 0.675034 0.072286
vt 0.628350 0.076746
vt 0.590393 0.092403
vt 0.610059 0.031649
vt 0.558719 0.010423
vt 0.539049 0.030937
vt 0.567943 0.052896
vt 0.567998 0.088542
vt 0.638853 0.271259
vt 0.665546 0.279979
vt 0.697134 0.301498
vt 0.693709 0.213564
vt 0.720494 0.235143
vt 0.600018 0.076292
vt 0.647812 0.065941
vt 0.469443 0.001953
vt 0.464845 0.023590
vt 0.682073 0.575246
vt 0.667052 0.630131
vt 0.964806 0.778731
vt 0.918256 0.723078
vt 0.899492 0.738995
vt 0.953411 0.819495
vt 0.864322 0.684590
vt 0.836999 0.696894
vt 0.973553 0.746806
vt 0.941505 0.701460
vt 0.888569 0.672242
vt 0.806908 0.661891
vt 0.824118 0.692551
vt 0.822149 0.641126
vt 0.974795 0.666936
vt 0.931031 0.634080
vt 0.923651 0.664144
vt 0.971499 0.711067
vt 0.877867 0.613393
vt 0.870369 0.639224
vt 0.827424 0.627501
vt 0.974649 0.623519
vt 0.933914 0.603934
vt 0.881744 0.592079
vt 0.838565 0.590539
vt 0.930177 0.525663
vt 0.843736 0.520886
vt 0.871454 0.565656
vt 0.957613 0.587649
vt 0.888379 0.482091
vt 0.826154 0.470928
vt 0.807188 0.533059
vt 0.833270 0.572863
vt 0.788226 0.490139
vt 0.763109 0.533533
vt 0.832558 0.577919
vt 0.933611 0.864539
vt 0.894599 0.795326
vt 0.869470 0.810355
vt 0.913771 0.892608
vt 0.858435 0.754568
vt 0.832325 0.771235
vt 0.797924 0.716820
vt 0.807906 0.756931
vt 0.950534 0.829411
vt 0.918508 0.776490
vt 0.881891 0.736468
vt 0.825642 0.701593
vt 0.881205 0.840027
vt 0.853597 0.850243
vt 0.886238 0.923732
vt 0.909632 0.900822
vt 0.838079 0.865920
vt 0.858895 0.949728
vt 0.837208 0.828258
vt 0.822464 0.846618
vt 0.858992 0.811900
vt 0.813379 0.839929
vt 0.802634 0.774210
vt 0.850900 0.935883
vt 0.827147 0.875701
vt 0.788705 0.933184
vt 0.812442 0.998047
vt 0.813295 0.848224
vt 0.690287 0.913512
vt 0.667016 0.879426
vt 0.655212 0.949831
vt 0.693826 0.969150
vt 0.639770 0.869189
vt 0.624582 0.929399
vt 0.686962 0.841286
vt 0.665149 0.817662
vt 0.710244 0.804926
vt 0.695762 0.775510
vt 0.710039 0.756302
vt 0.717766 0.834750
vt 0.736939 0.815241
vt 0.706587 0.861285
vt 0.644646 0.772982
vt 0.662572 0.786524
vt 0.612639 0.823888
vt 0.628964 0.840327
vt 0.584892 0.898337
vt 0.615362 0.925170
vt 0.588344 0.807967
vt 0.560002 0.868388
vt 0.622363 0.757114
vt 0.658364 0.715564
vt 0.595254 0.778517
vt 0.579523 0.759987
vt 0.540020 0.819683
vt 0.557692 0.857867
vt 0.563268 0.731967
vt 0.526278 0.775373
vt 0.617470 0.746334
vt 0.604065 0.733059
vt 0.588181 0.710565
vt 0.634806 0.704868
vt 0.617903 0.686501
vt 0.644639 0.718242
vt 0.691602 0.677348
vt 0.651089 0.661556
vt 0.656390 0.712250
vt 0.564429 0.690718
vt 0.558931 0.664808
vt 0.510355 0.712650
vt 0.516808 0.743683
vt 0.555289 0.644356
vt 0.516147 0.669268
vt 0.593345 0.647779
vt 0.589255 0.628049
vt 0.597948 0.668779
vt 0.645317 0.649935
vt 0.635826 0.615523
vt 0.561950 0.611049
vt 0.565112 0.575211
vt 0.519647 0.608589
vt 0.510355 0.653235
vt 0.615566 0.596223
vt 0.616933 0.556061
vt 0.635240 0.601835
vt 0.682307 0.508575
vt 0.627516 0.500695
vt 0.587314 0.519022
vt 0.549453 0.552733
vt 0.712011 0.886308
vt 0.697027 0.963465
vt 0.733056 0.837319
vt 0.745938 0.568098
vt 0.758473 0.710985
vt 0.754093 0.665147
vt 0.235510 0.702588
vt 0.164274 0.643877
vt 0.161488 0.872468
vt 0.136097 0.840941
vt 0.107481 0.914741
vt 0.138569 0.945131
vt 0.115244 0.821772
vt 0.080833 0.877820
vt 0.166957 0.800587
vt 0.138920 0.783816
vt 0.180564 0.827405
vt 0.108768 0.755955
vt 0.127016 0.783255
vt 0.074477 0.808023
vt 0.099330 0.827989
vt 0.051343 0.843050
vt 0.073849 0.878138
vt 0.051532 0.767391
vt 0.024854 0.799089
vt 0.095139 0.728676
vt 0.138276 0.685448
vt 0.069281 0.727641
vt 0.060234 0.689622
vt 0.006086 0.741142
vt 0.018093 0.785694
vt 0.115453 0.692468
vt 0.108526 0.660653
vt 0.143967 0.644478
vt 0.100640 0.633502
vt 0.072024 0.651938
vt 0.050298 0.662820
vt 0.001953 0.691545
vt 0.117759 0.565936
vt 0.064411 0.589342
vt 0.073289 0.634831
vt 0.023562 0.631302
vt 0.045297 0.649897
vt 0.003105 0.650367
vt 0.005839 0.684120
vt 0.015132 0.589049
vt 0.001953 0.608579
vt 0.062964 0.521473
vt 0.107871 0.502190
vt 0.148778 0.568212
vt 0.162666 0.504007
vt 0.165174 0.578447
vt 0.194933 0.543269
vt 0.224731 0.920456
vt 0.200145 0.905086
vt 0.190297 0.953471
vt 0.223682 0.968158
vt 0.183096 0.876978
vt 0.159936 0.934468
vt 0.215331 0.858373
vt 0.199250 0.840529
vt 0.240730 0.879226
vt 0.239251 0.924823
vt 0.286814 0.941606
vt 0.235883 0.970909
vt 0.297882 0.998047
vt 0.502690 0.636835
vt 0.434845 0.609526
vt 0.432223 0.647907
vt 0.498540 0.685001
vt 0.376398 0.608612
vt 0.375578 0.638216
vt 0.312127 0.615802
vt 0.340757 0.641801
vt 0.484342 0.585475
vt 0.433379 0.573320
vt 0.376404 0.573843
vt 0.332596 0.571381
vt 0.493867 0.743774
vt 0.454917 0.722126
vt 0.447053 0.752286
vt 0.476603 0.790527
vt 0.370618 0.681874
vt 0.370589 0.711153
vt 0.414837 0.732317
vt 0.415814 0.700392
vt 0.481807 0.699018
vt 0.455640 0.678640
vt 0.375039 0.653163
vt 0.431400 0.668336
vt 0.374000 0.748240
vt 0.389361 0.724031
vt 0.409545 0.773059
vt 0.430790 0.750117
vt 0.433750 0.798960
vt 0.459667 0.773626
vt 0.470863 0.839914
vt 0.475465 0.799432
vt 0.426738 0.824599
vt 0.449504 0.863567
vt 0.388725 0.796520
vt 0.352579 0.777198
vt 0.423588 0.900840
vt 0.385925 0.854502
vt 0.354971 0.876133
vt 0.386939 0.932658
vt 0.329409 0.816760
vt 0.319828 0.839865
vt 0.301726 0.835604
vt 0.314069 0.865215
vt 0.350495 0.904193
vt 0.379094 0.944044
vt 0.446230 0.865745
vt 0.421563 0.826656
vt 0.351426 0.785211
vt 0.252232 0.563979
vt 0.449497 0.512362
vt 0.383096 0.515982
vt 0.410046 0.552162
vt 0.466087 0.564669
vt 0.318544 0.506194
vt 0.359031 0.556766
vt 0.261131 0.535166
vt 0.377250 0.465237
vt 0.328552 0.454599
vt 0.276566 0.460715
vt 0.218722 0.493682
vt 0.217875 0.551519
vt 0.682073 0.575246
vt 0.667052 0.630131
vt 0.964806 0.778731
vt 0.918256 0.723078
vt 0.899492 0.738995
vt 0.953411 0.819495
vt 0.864322 0.684590
vt 0.836999 0.696894
vt 0.973553 0.746806
vt 0.941505 0.701460
vt 0.888569 0.672242
vt 0.806908 0.661891
vt 0.824118 0.692551
vt 0.822149 0.641126
vt 0.974795 0.666936
vt 0.931031 0.634080
vt 0.923651 0.664144
vt 0.971499 0.711067
vt 0.877867 0.613393
vt 0.870369 0.639224
vt 0.827424 0.627501
vt 0.974649 0.623519
vt 0.933914 0.603934
vt 0.881744 0.592079
vt 0.838565 0.590539
vt 0.930177 0.525663
vt 0.843736 0.520886
vt 0.871454 0.565656
vt 0.957613 0.587649
vt 0.888379 0.482091
vt 0.826154 0.470928
vt 0.807188 0.533059
vt 0.833270 0.572863
vt 0.788226 0.490139
vt 0.763109 0.533533
vt 0.832558 0.577919
vt 0.933611 0.864539
vt 0.894599 0.795326
vt 0.869470 0.810355
vt 0.913771 0.892608
vt 0.858435 0.754568
vt 0.832325 0.771235
vt 0.797924 0.716820
vt 0.807906 0.756931
vt 0.950534 0.829411
vt 0.918508 0.776490
vt 0.881891 0.736468
vt 0.825642 0.701593
vt 0.881205 0.840027
vt 0.853597 0.850243
vt 0.886238 0.923732
vt 0.909632 0.900822
vt 0.838079 0.865920
vt 0.858895 0.949728
vt 0.837208 0.828258
vt 0.822464 0.846618
vt 0.858992 0.811900
vt 0.813379 0.839929
vt 0.802634 0.774210
vt 0.850900 0.935883
vt 0.827147 0.875701
vt 0.788705 0.933184
vt 0.812442 0.998047
vt 0.813295 0.848224
vt 0.690287 0.913512
vt 0.667016 0.879426
vt 0.655212 0.949831
vt 0.693826 0.969150
vt 0.639770 0.869189
vt 0.624582 0.929399
vt 0.686962 0.841286
vt 0.665149 0.817662
vt 0.710244 0.804926
vt 0.695762 0.775510
vt 0.710039 0.756302
vt 0.717766 0.834750
vt 0.736939 0.815241
vt 0.706587 0.861285
vt 0.644646 0.772982
vt 0.662572 0.786524
vt 0.612639 0.823888
vt 0.628964 0.840327
vt 0.584892 0.898337
vt 0.615362 0.925170
vt 0.588344 0.807967
vt 0.560002 0.868388
vt 0.622363 0.757114
vt 0.658364 0.715564
vt 0.595254 0.778517
vt 0.579523 0.759987
vt 0.540020 0.819683
vt 0.557692 0.857867
vt 0.563268 0.731967
vt 0.526278 0.775373
vt 0.617470 0.746334
vt 0.604065 0.733059
vt 0.588181 0.710565
vt 0.634806 0.704868
vt 0.617903 0.686501
vt 0.644639 0.718242
vt 0.691602 0.677348
vt 0.651089 0.661556
vt 0.656390 0.712250
vt 0.564429 0.690718
vt 0.558931 0.664808
vt 0.510355 0.712650
vt 0.516808 0.743683
vt 0.555289 0.644356
vt 0.516147 0.669268
vt 0.593345 0.647779
vt 0.589255 0.628049
vt 0.597948 0.668779
vt 0.645317 0.649935
vt 0.635826 0.615523
vt 0.561950 0.611049
vt 0.565112 0.575211
vt 0.519647 0.608589
vt 0.510355 0.653235
vt 0.615566 0.596223
vt 0.616933 0.556061
vt 0.635240 0.601835
vt 0.682307 0.508575
vt 0.627516 0.500695
vt 0.587314 0.519022
vt 0.549453 0.552733
vt 0.712011 0.886308
vt 0.697027 0.963465
vt 0.733056 0.837319
vt 0.745938 0.568098
vt 0.758473 0.710985
vt 0.754093 0.665147
vt 0.235510 0.702588
vt 0.164274 0.643877
vt 0.161488 0.872468
vt 0.136097 0.840941
vt 0.107481 0.914741
vt 0.138569 0.945131
vt 0.115244 0.821772
vt 0.080833 0.877820
vt 0.166957 0.800587
vt 0.138920 0.783816
vt 0.180564 0.827405
vt 0.108768 0.755955
vt 0.127016 0.783255
vt 0.074477 0.808023
vt 0.099330 0.827989
vt 0.051343 0.843050
vt 0.073849 0.878138
vt 0.051532 0.767391
vt 0.024854 0.799089
vt 0.095139 0.728676
vt 0.138276 0.685448
vt 0.069281 0.727641
vt 0.060234 0.689622
vt 0.006086 0.741142
vt 0.018093 0.785694
vt 0.115453 0.692468
vt 0.108526 0.660653
vt 0.143967 0.644478
vt 0.100640 0.633502
vt 0.072024 0.651938
vt 0.050298 0.662820
vt 0.001953 0.691545
vt 0.117759 0.565936
vt 0.064411 0.589342
vt 0.073289 0.634831
vt 0.023562 0.631302
vt 0.045297 0.649897
vt 0.003105 0.650367
vt 0.005839 0.684120
vt 0.015132 0.589049
vt 0.001953 0.608579
vt 0.062964 0.521473
vt 0.107871 0.502190
vt 0.148778 0.568212
vt 0.162666 0.504007
vt 0.165174 0.578447
vt 0.194933 0.543269
vt 0.224731 0.920456
vt 0.200145 0.905086
vt 0.190297 0.953471
vt 0.223682 0.968158
vt 0.183096 0.876978
vt 0.159936 0.934468
vt 0.215331 0.858373
vt 0.199250 0.840529
vt 0.240730 0.879226
vt 0.239251 0.924823
vt 0.286814 0.941606
vt 0.235883 0.970909
vt 0.297882 0.998047
vt 0.502690 0.636835
vt 0.434845 0.609526
vt 0.432223 0.647907
vt 0.498540 0.685001
vt 0.376398 0.608612
vt 0.375578 0.638216
vt 0.312127 0.615802
vt 0.340757 0.641801
vt 0.484342 0.585475
vt 0.433379 0.573320
vt 0.376404 0.573843
vt 0.332596 0.571381
vt 0.493867 0.743774
vt 0.454917 0.722126
vt 0.447053 0.752286
vt 0.476603 0.790527
vt 0.370618 0.681874
vt 0.370589 0.711153
vt 0.414837 0.732317
vt 0.415814 0.700392
vt 0.481807 0.699018
vt 0.455640 0.678640
vt 0.375039 0.653163
vt 0.431400 0.668336
vt 0.374000 0.748240
vt 0.389361 0.724031
vt 0.409545 0.773059
vt 0.430790 0.750117
vt 0.433750 0.798960
vt 0.459667 0.773626
vt 0.470863 0.839914
vt 0.475465 0.799432
vt 0.426738 0.824599
vt 0.449504 0.863567
vt 0.388725 0.796520
vt 0.352579 0.777198
vt 0.423588 0.900840
vt 0.385925 0.854502
vt 0.354971 0.876133
vt 0.386939 0.932658
vt 0.329409 0.816760
vt 0.319828 0.839865
vt 0.301726 0.835604
vt 0.314068 0.865215
vt 0.350495 0.904193
vt 0.379094 0.944044
vt 0.446230 0.865745
vt 0.421563 0.826656
vt 0.351426 0.785211
vt 0.252232 0.563979
vt 0.410046 0.552162
vt 0.466087 0.564669
vt 0.318544 0.506194
vt 0.359031 0.556766
vt 0.261131 0.535166
vt 0.276566 0.460715
vt 0.218722 0.493682
vt 0.217875 0.551519
vt 0.682073 0.575246
vt 0.667052 0.630131
vt 0.964806 0.778731
vt 0.918256 0.723078
vt 0.899492 0.738995
vt 0.953411 0.819495
vt 0.864322 0.684590
vt 0.836999 0.696894
vt 0.973553 0.746806
vt 0.941505 0.701460
vt 0.888569 0.672242
vt 0.806908 0.661891
vt 0.824118 0.692551
vt 0.822149 0.641126
vt 0.974795 0.666936
vt 0.931031 0.634080
vt 0.923651 0.664144
vt 0.971499 0.711067
vt 0.877867 0.613393
vt 0.870369 0.639224
vt 0.827424 0.627501
vt 0.974649 0.623519
vt 0.933914 0.603934
vt 0.881744 0.592079
vt 0.838565 0.590539
vt 0.930177 0.525663
vt 0.843736 0.520886
vt 0.871454 0.565656
vt 0.957613 0.587649
vt 0.888379 0.482091
vt 0.826154 0.470928
vt 0.807188 0.533059
vt 0.833270 0.572863
vt 0.788226 0.490139
vt 0.763109 0.533533
vt 0.832558 0.577919
vt 0.933611 0.864539
vt 0.894599 0.795326
vt 0.869470 0.810355
vt 0.913771 0.892608
vt 0.858435 0.754568
vt 0.832325 0.771235
vt 0.797924 0.716820
vt 0.807906 0.756931
vt 0.950534 0.829411
vt 0.918508 0.776490
vt 0.881891 0.736468
vt 0.825642 0.701593
vt 0.881205 0.840027
vt 0.853597 0.850243
vt 0.886238 0.923732
vt 0.909632 0.900822
vt 0.838079 0.865920
vt 0.858895 0.949728
vt 0.837208 0.828258
vt 0.822464 0.846618
vt 0.858992 0.811900
vt 0.813379 0.839929
vt 0.802634 0.774210
vt 0.850900 0.935883
vt 0.827147 0.875701
vt 0.788705 0.933184
vt 0.812442 0.998047
vt 0.813295 0.848224
vt 0.690287 0.913512
vt 0.667016 0.879426
vt 0.655212 0.949831
vt 0.693826 0.969150
vt 0.639770 0.869189
vt 0.624582 0.929399
vt 0.686962 0.841286
vt 0.665149 0.817662
vt 0.710244 0.804926
vt 0.695762 0.775510
vt 0.710039 0.756302
vt 0.717766 0.834750
vt 0.736939 0.815241
vt 0.706587 0.861285
vt 0.644646 0.772982
vt 0.662572 0.786524
vt 0.612639 0.823888
vt 0.628964 0.840327
vt 0.584892 0.898337
vt 0.615362 0.925170
vt 0.588344 0.807967
vt 0.560002 0.868388
vt 0.622363 0.757114
vt 0.658364 0.715564
vt 0.595254 0.778517
vt 0.579523 0.759987
vt 0.540020 0.819683
vt 0.557692 0.857867
vt 0.563268 0.731967
vt 0.526278 0.775373
vt 0.617470 0.746334
vt 0.604065 0.733059
vt 0.588181 0.710565
vt 0.634806 0.704868
vt 0.617903 0.686501
vt 0.644639 0.718242
vt 0.691602 0.677348
vt 0.651089 0.661556
vt 0.656390 0.712250
vt 0.564429 0.690718
vt 0.558931 0.664808
vt 0.510355 0.712650
vt 0.516808 0.743683
vt 0.555289 0.644356
vt 0.516147 0.669268
vt 0.593345 0.647779
vt 0.589255 0.628049
vt 0.597948 0.668779
vt 0.645317 0.649935
vt 0.635826 0.615523
vt 0.561950 0.611049
vt 0.565112 0.575211
vt 0.519647 0.608589
vt 0.510355 0.653235
vt 0.615566 0.596223
vt 0.616933 0.556061
vt 0.635240 0.601835
vt 0.682307 0.508575
vt 0.627516 0.500695
vt 0.587314 0.519022
vt 0.549453 0.552733
vt 0.712011 0.886308
vt 0.697027 0.963465
vt 0.733056 0.837319
vt 0.745938 0.568098
vt 0.758473 0.710985
vt 0.754093 0.665147
vt 0.517808 0.376767
vt 0.492177 0.398324
vt 0.472954 0.382980
vt 0.519763 0.115995
vt 0.453857 0.139610
vt 0.460840 0.168628
vt 0.539800 0.067093
vt 0.516650 0.054298
vt 0.391140 0.187631
vt 0.398741 0.219135
vt 0.468776 0.201167
vt 0.373144 0.149164
vt 0.345419 0.091886
vt 0.352582 0.137417
vt 0.302124 0.098494
vt 0.318054 0.152622
vt 0.268070 0.114054
vt 0.277365 0.170383
vt 0.368128 0.222512
vt 0.362940 0.194277
vt 0.360088 0.158804
vt 0.473570 0.219019
vt 0.559510 0.216625
vt 0.564957 0.186665
vt 0.269344 0.185595
vt 0.268070 0.264426
vt 0.316284 0.210763
vt 0.303465 0.171544
vt 0.276661 0.304724
vt 0.331206 0.247195
vt 0.427134 0.252950
vt 0.482424 0.248656
vt 0.417896 0.223217
vt 0.400783 0.229234
vt 0.414207 0.260098
vt 0.363392 0.238510
vt 0.311302 0.275057
vt 0.329052 0.322585
vt 0.369941 0.285425
vt 0.282097 0.321804
vt 0.307234 0.385655
vt 0.331243 0.425364
vt 0.349617 0.349521
vt 0.378834 0.316983
vt 0.426918 0.286862
vt 0.379436 0.335887
vt 0.403665 0.356177
vt 0.353703 0.362985
vt 0.387015 0.384383
vt 0.345988 0.396745
vt 0.368050 0.434735
vt 0.385594 0.457157
vt 0.407761 0.409333
vt 0.422965 0.387616
vt 0.455448 0.369273
vt 0.419611 0.398807
vt 0.451176 0.422784
vt 0.397878 0.443625
vt 0.443197 0.461649
vt 0.415040 0.479952
vt 0.441834 0.494985
vt 0.465886 0.503879
vt 0.467085 0.473281
vt 0.471480 0.431879
vt 0.478297 0.473551
vt 0.501415 0.479226
vt 0.483844 0.511805
vt 0.508282 0.519601
vt 0.529711 0.524844
vt 0.523065 0.484413
vt 0.523693 0.465330
vt 0.620397 0.475888
vt 0.608894 0.439857
vt 0.481853 0.048736
vt 0.503810 0.050060
vt 0.597480 0.403780
vt 0.609294 0.383634
vt 0.624098 0.434058
vt 0.640430 0.409415
vt 0.639428 0.459218
vt 0.657314 0.428718
vt 0.674439 0.394386
vt 0.653926 0.379348
vt 0.621640 0.360980
vt 0.577361 0.350240
vt 0.514485 0.029862
vt 0.489488 0.026757
vt 0.502306 0.002663
vt 0.534996 0.005586
vt 0.564463 0.327649
vt 0.617377 0.342108
vt 0.614157 0.310673
vt 0.652681 0.363659
vt 0.670869 0.335601
vt 0.682556 0.389718
vt 0.693646 0.348018
vt 0.699029 0.307396
vt 0.642871 0.276947
vt 0.613428 0.302240
vt 0.693677 0.343811
vt 0.460350 0.049815
vt 0.594651 0.267678
vt 0.596309 0.234378
vt 0.643897 0.203514
vt 0.642253 0.235417
vt 0.679783 0.247337
vt 0.686061 0.214087
vt 0.716671 0.238908
vt 0.714058 0.269115
vt 0.600803 0.209938
vt 0.667219 0.156100
vt 0.664331 0.181438
vt 0.696438 0.196673
vt 0.699223 0.174499
vt 0.616714 0.173506
vt 0.613003 0.194254
vt 0.662070 0.199860
vt 0.717716 0.191680
vt 0.720747 0.213682
vt 0.619790 0.150875
vt 0.699424 0.123746
vt 0.653957 0.118102
vt 0.676427 0.153815
vt 0.721790 0.180506
vt 0.601144 0.116455
vt 0.610288 0.138336
vt 0.675034 0.072286
vt 0.628350 0.076746
vt 0.590393 0.092403
vt 0.610059 0.031649
vt 0.558719 0.010423
vt 0.539049 0.030937
vt 0.567943 0.052896
vt 0.567998 0.088542
vt 0.638853 0.271259
vt 0.665546 0.279979
vt 0.697134 0.301498
vt 0.693709 0.213564
vt 0.720494 0.235143
vt 0.600018 0.076292
vt 0.647812 0.065941
vt 0.469443 0.001953
vt 0.464845 0.023590
vt 0.235510 0.702588
vt 0.164274 0.643877
vt 0.161488 0.872468
vt 0.136097 0.840941
vt 0.107481 0.914741
vt 0.138569 0.945131
vt 0.115244 0.821772
vt 0.080833 0.877820
vt 0.166957 0.800587
vt 0.138920 0.783816
vt 0.180564 0.827405
vt 0.108768 0.755955
vt 0.127016 0.783255
vt 0.074477 0.808023
vt 0.099330 0.827989
vt 0.051343 0.843050
vt 0.073849 0.878138
vt 0.051532 0.767391
vt 0.024854 0.799089
vt 0.095139 0.728676
vt 0.138276 0.685448
vt 0.069281 0.727641
vt 0.060234 0.689622
vt 0.006086 0.741142
vt 0.018093 0.785694
vt 0.115453 0.692468
vt 0.108526 0.660653
vt 0.143967 0.644478
vt 0.100640 0.633502
vt 0.072024 0.651938
vt 0.050298 0.662820
vt 0.001953 0.691545
vt 0.117759 0.565936
vt 0.064411 0.589342
vt 0.073289 0.634831
vt 0.023562 0.631302
vt 0.045297 0.649897
vt 0.003105 0.650367
vt 0.005839 0.684120
vt 0.015132 0.589049
vt 0.001953 0.608579
vt 0.062964 0.521473
vt 0.107871 0.502190
vt 0.148778 0.568212
vt 0.162666 0.504007
vt 0.165174 0.578447
vt 0.194933 0.543269
vt 0.224731 0.920456
vt 0.200145 0.905086
vt 0.190297 0.953471
vt 0.223682 0.968158
vt 0.183096 0.876978
vt 0.159936 0.934468
vt 0.215331 0.858373
vt 0.199250 0.840529
vt 0.240730 0.879226
vt 0.239251 0.924823
vt 0.286814 0.941606
vt 0.235883 0.970909
vt 0.297882 0.998047
vt 0.502690 0.636835
vt 0.434845 0.609526
vt 0.432223 0.647907
vt 0.498540 0.685001
vt 0.376398 0.608612
vt 0.375578 0.638216
vt 0.312127 0.615802
vt 0.340757 0.641801
vt 0.484342 0.585475
vt 0.433379 0.573320
vt 0.376404 0.573843
vt 0.332596 0.571381
vt 0.493867 0.743774
vt 0.454917 0.722126
vt 0.447053 0.752286
vt 0.476603 0.790527
vt 0.370618 0.681874
vt 0.370589 0.711153
vt 0.414837 0.732317
vt 0.415814 0.700392
vt 0.481807 0.699018
vt 0.455640 0.678640
vt 0.375039 0.653163
vt 0.431400 0.668336
vt 0.374000 0.748240
vt 0.389361 0.724031
vt 0.409545 0.773059
vt 0.430790 0.750117
vt 0.433750 0.798960
vt 0.459667 0.773626
vt 0.470863 0.839914
vt 0.475465 0.799432
vt 0.426738 0.824599
vt 0.449504 0.863567
vt 0.388725 0.796520
vt 0.352579 0.777198
vt 0.423588 0.900840
vt 0.385925 0.854502
vt 0.354971 0.876133
vt 0.386939 0.932658
vt 0.329409 0.816760
vt 0.319828 0.839865
vt 0.301726 0.835604
vt 0.314068 0.865215
vt 0.350495 0.904193
vt 0.379094 0.944044
vt 0.446230 0.865745
vt 0.421563 0.826656
vt 0.351426 0.785211
vt 0.252232 0.563979
vt 0.410046 0.552162
vt 0.466087 0.564669
vt 0.318544 0.506194
vt 0.359031 0.556766
vt 0.261131 0.535166
vt 0.276566 0.460715
vt 0.218722 0.493682
vt 0.217875 0.551519
vt 0.682073 0.575246
vt 0.667052 0.630131
vt 0.964806 0.778731
vt 0.918256 0.723078
vt 0.899492 0.738995
vt 0.953411 0.819495
vt 0.864322 0.684590
vt 0.836999 0.696894
vt 0.973553 0.746806
vt 0.941505 0.701460
vt 0.888569 0.672242
vt 0.806908 0.661891
vt 0.824118 0.692551
vt 0.822149 0.641126
vt 0.974795 0.666936
vt 0.931031 0.634080
vt 0.923651 0.664144
vt 0.971499 0.711067
vt 0.877867 0.613393
vt 0.870369 0.639224
vt 0.827424 0.627501
vt 0.974649 0.623519
vt 0.933914 0.603934
vt 0.881744 0.592079
vt 0.838565 0.590539
vt 0.930177 0.525663
vt 0.843736 0.520886
vt 0.871454 0.565656
vt 0.957613 0.587649
vt 0.888379 0.482091
vt 0.826154 0.470928
vt 0.807188 0.533059
vt 0.833270 0.572863
vt 0.788226 0.490139
vt 0.763109 0.533533
vt 0.832558 0.577919
vt 0.933611 0.864539
vt 0.894599 0.795326
vt 0.869470 0.810355
vt 0.913771 0.892608
vt 0.858435 0.754568
vt 0.832325 0.771235
vt 0.797924 0.716820
vt 0.807906 0.756931
vt 0.950534 0.829411
vt 0.918508 0.776490
vt 0.881891 0.736468
vt 0.825642 0.701593
vt 0.881205 0.840027
vt 0.853597 0.850243
vt 0.886238 0.923732
vt 0.909632 0.900822
vt 0.838079 0.865920
vt 0.858895 0.949728
vt 0.837208 0.828258
vt 0.822464 0.846618
vt 0.858992 0.811900
vt 0.813379 0.839929
vt 0.802634 0.774210
vt 0.850900 0.935883
vt 0.827147 0.875701
vt 0.788705 0.933184
vt 0.812442 0.998047
vt 0.813295 0.848224
vt 0.690287 0.913512
vt 0.667016 0.879426
vt 0.655212 0.949831
vt 0.693826 0.969150
vt 0.639770 0.869189
vt 0.624582 0.929399
vt 0.686962 0.841286
vt 0.665149 0.817662
vt 0.710244 0.804926
vt 0.695762 0.775510
vt 0.710039 0.756302
vt 0.717766 0.834750
vt 0.736939 0.815241
vt 0.706587 0.861285
vt 0.644646 0.772982
vt 0.662572 0.786524
vt 0.612639 0.823888
vt 0.628964 0.840327
vt 0.584892 0.898337
vt 0.615362 0.925170
vt 0.588344 0.807967
vt 0.560002 0.868388
vt 0.622363 0.757114
vt 0.658364 0.715564
vt 0.595254 0.778517
vt 0.579523 0.759987
vt 0.540020 0.819683
vt 0.557692 0.857867
vt 0.563268 0.731967
vt 0.526278 0.775373
vt 0.617470 0.746334
vt 0.604065 0.733059
vt 0.588181 0.710565
vt 0.634806 0.704868
vt 0.617903 0.686501
vt 0.644639 0.718242
vt 0.691602 0.677348
vt 0.651089 0.661556
vt 0.656390 0.712250
vt 0.564429 0.690718
vt 0.558931 0.664808
vt 0.510355 0.712650
vt 0.516808 0.743683
vt 0.555289 0.644356
vt 0.516147 0.669268
vt 0.593345 0.647779
vt 0.589255 0.628049
vt 0.597948 0.668779
vt 0.645317 0.649935
vt 0.635826 0.615523
vt 0.561950 0.611049
vt 0.565112 0.575211
vt 0.519647 0.608589
vt 0.510355 0.653235
vt 0.615566 0.596223
vt 0.616933 0.556061
vt 0.635240 0.601835
vt 0.682307 0.508575
vt 0.627516 0.500695
vt 0.587314 0.519022
vt 0.549453 0.552733
vt 0.712011 0.886308
vt 0.697027 0.963465
vt 0.733056 0.837319
vt 0.745938 0.568098
vt 0.758473 0.710985
vt 0.754093 0.665147
vn 0.3913 0.8804 0.2680
vn 0.3698 0.9202 -0.1283
vn 0.5054 0.8589 0.0832
vn 0.0555 0.9983 -0.0155
vn 0.4165 0.7983 -0.4350
vn 0.1975 0.8423 -0.5016
vn 0.7810 0.5001 -0.3741
vn 0.5885 0.3556 -0.7261
vn 0.6083 0.5696 -0.5527
vn 0.7769 0.5925 -0.2132
vn 0.6010 0.7189 -0.3492
vn 0.7339 0.6347 -0.2422
vn 0.8928 0.3306 -0.3061
vn 0.8558 0.5161 0.0355
vn 0.7370 0.6548 0.1675
vn 0.8945 0.3323 0.2991
vn 0.7286 0.6847 0.0158
vn 0.6624 0.7272 0.1798
vn 0.4267 0.6715 -0.6058
vn 0.6375 0.7667 0.0759
vn 0.7559 0.6426 0.1255
vn 0.7020 0.6966 -0.1484
vn 0.7328 0.6644 0.1471
vn 0.7982 0.5333 0.2801
vn 0.8101 0.5729 0.1244
vn 0.5971 0.5146 0.6154
vn 0.7147 0.6922 0.1005
vn 0.9242 0.3132 0.2186
vn 0.7545 0.6379 -0.1541
vn 0.5168 0.8043 0.2934
vn 0.6116 0.6329 0.4748
vn 0.5601 0.7373 0.3778
vn 0.5561 0.7978 0.2329
vn -0.6776 0.7078 -0.1995
vn -0.5008 0.8103 -0.3044
vn -0.8347 0.5366 -0.1236
vn -0.3452 0.6948 -0.6309
vn -0.3270 0.5287 -0.7833
vn -0.3709 0.6532 -0.6601
vn -0.4508 0.5795 -0.6790
vn -0.7234 0.6902 -0.0153
vn -0.5583 0.7631 -0.3256
vn -0.7563 0.5498 -0.3546
vn -0.7652 0.6411 -0.0595
vn -0.7827 0.6221 0.0204
vn -0.8054 0.5910 -0.0446
vn -0.6901 0.5673 -0.4494
vn -0.8358 0.3747 -0.4012
vn -0.8839 0.4562 -0.1032
vn -0.9218 0.3866 -0.0282
vn -0.9629 -0.0177 -0.2693
vn -0.8733 0.0844 -0.4797
vn -0.7356 0.0862 -0.6719
vn -0.6664 0.3047 -0.6805
vn -0.7053 0.2051 -0.6786
vn -0.8660 0.2029 -0.4571
vn -0.8518 0.2652 -0.4518
vn -0.4214 0.4178 -0.8049
vn -0.4727 0.4772 -0.7409
vn -0.4977 0.4151 -0.7616
vn -0.4942 0.5787 -0.6488
vn -0.4472 0.6341 -0.6308
vn -0.4222 0.4746 -0.7724
vn -0.6374 0.7605 -0.1240
vn -0.7156 0.6897 -0.1105
vn -0.4519 0.7223 -0.5236
vn -0.5101 0.8434 -0.1688
vn -0.3843 0.9038 -0.1884
vn -0.6779 0.1675 -0.7158
vn -0.5793 0.3506 -0.7358
vn -0.5135 0.3993 -0.7595
vn -0.7415 0.5952 -0.3099
vn -0.7001 0.5013 -0.5085
vn -0.6746 0.5061 -0.5374
vn -0.6497 0.1227 -0.7502
vn -0.5261 0.0492 -0.8490
vn -0.5907 0.3017 -0.7484
vn -0.7567 0.5270 -0.3868
vn -0.7968 0.5967 -0.0948
vn 0.6781 0.7334 0.0487
vn 0.7882 0.6059 0.1078
vn 0.7431 0.6473 -0.1698
vn 0.7660 0.6301 0.1276
vn 0.8212 0.5032 0.2691
vn 0.8385 0.5334 0.1118
vn 0.6125 0.5146 0.6001
vn 0.7505 0.6562 0.0791
vn 0.9357 0.2734 0.2228
vn 0.7923 0.5856 -0.1711
vn 0.5553 0.7897 0.2609
vn 0.6365 0.6238 0.4536
vn 0.5930 0.7252 0.3499
vn 0.5954 0.7777 0.2018
vn -0.0167 0.9561 0.2926
vn -0.1263 0.8982 0.4211
vn 0.1563 0.8808 0.4470
vn -0.1346 0.9124 0.3865
vn -0.3106 0.8413 0.4425
vn -0.1580 0.8561 0.4920
vn -0.5772 0.8010 0.1588
vn -0.0791 0.9228 0.3770
vn -0.3455 0.6811 0.6455
vn 0.1324 0.8473 0.5143
vn -0.1784 0.9787 0.1013
vn -0.4176 0.8906 0.1802
vn -0.2860 0.9489 0.1332
vn -0.1337 0.9783 0.1583
vn 0.2752 0.9407 -0.1984
vn -0.1172 0.9561 -0.2685
vn 0.0814 0.9171 -0.3903
vn -0.0876 0.9936 0.0711
vn -0.3930 0.8264 -0.4033
vn -0.5122 0.8345 -0.2031
vn -0.2238 0.5878 -0.7774
vn -0.5972 0.3986 -0.6960
vn -0.4429 0.6221 -0.6456
vn -0.0768 0.6869 -0.7226
vn -0.2603 0.7792 -0.5702
vn -0.1185 0.7209 -0.6829
vn -0.1175 0.4401 -0.8902
vn 0.1890 0.6360 -0.7482
vn 0.2775 0.7627 -0.5842
vn 0.4692 0.4738 -0.7452
vn 0.1260 0.7831 -0.6090
vn 0.2257 0.8511 -0.4741
vn -0.6638 0.7052 0.2492
vn -0.7145 0.6888 0.1227
vn -0.7761 0.5109 0.3697
vn -0.5453 0.6936 -0.4707
vn -0.8131 0.5675 0.1299
vn -0.4087 0.9045 -0.1222
vn -0.2279 0.9459 0.2310
vn -0.4410 0.8851 0.1490
vn 0.0193 0.9998 -0.0005
vn -0.1558 0.8303 0.5351
vn 0.0739 0.8586 0.5073
vn -0.5325 0.5591 0.6355
vn -0.2249 0.4038 0.8868
vn -0.2987 0.6173 0.7279
vn -0.5871 0.6496 0.4830
vn -0.3639 0.7639 0.5330
vn -0.5335 0.6888 0.4909
vn -0.6727 0.3977 0.6240
vn -0.7637 0.5771 0.2894
vn -0.6990 0.7057 0.1159
vn -0.9162 0.3945 0.0699
vn -0.6287 0.7362 0.2505
vn -0.5886 0.8037 0.0875
vn 0.5350 0.7666 0.3551
vn 0.4672 0.7470 0.4729
vn 0.7159 0.5884 0.3759
vn -0.1049 0.7060 0.7004
vn 0.5435 0.6342 0.5499
vn -0.3621 0.7852 0.5024
vn -0.5149 0.8459 0.1390
vn -0.3232 0.9095 0.2616
vn -0.7284 0.6221 0.2872
vn -0.4799 0.8560 -0.1923
vn -0.6610 0.7142 -0.2304
vn -0.0218 0.9692 -0.2453
vn -0.1235 0.7799 -0.6136
vn -0.2260 0.8950 -0.3845
vn -0.0497 0.9967 -0.0640
vn -0.2870 0.9469 -0.1451
vn -0.1151 0.9904 -0.0762
vn 0.1915 0.9521 -0.2385
vn 0.1238 0.9817 0.1449
vn -0.0149 0.9476 0.3192
vn 0.3591 0.8702 0.3373
vn -0.0846 0.9792 0.1846
vn -0.1624 0.9266 0.3393
vn -0.9189 0.2938 -0.2631
vn -0.8565 0.3754 -0.3542
vn -0.9178 0.0731 -0.3903
vn -0.4251 0.8149 -0.3940
vn -0.8285 0.2875 -0.4806
vn 0.1145 0.9505 0.2889
vn 0.0990 0.9892 -0.1078
vn 0.2636 0.9628 0.0596
vn -0.2290 0.9734 -0.0087
vn 0.1910 0.8907 -0.4126
vn -0.0285 0.8720 -0.4887
vn 0.6222 0.7067 -0.3369
vn 0.4933 0.5196 -0.6977
vn 0.4444 0.7275 -0.5227
vn 0.5854 0.7914 -0.1760
vn 0.3867 0.8652 -0.3191
vn 0.5334 0.8202 -0.2066
vn 0.7745 0.5746 -0.2647
vn 0.6724 0.7363 0.0757
vn 0.5137 0.8336 0.2029
vn 0.7506 0.5666 0.3400
vn 0.5035 0.8625 0.0511
vn 0.3839 0.9057 0.1798
vn -0.4792 0.6801 -0.5548
vn -0.3649 0.6848 -0.6308
vn -0.5913 0.4734 -0.6529
vn 0.2437 0.7748 -0.5834
vn -0.3749 0.5671 -0.7334
vn -0.0238 0.9694 0.2444
vn -0.2012 0.9493 0.2413
vn -0.0472 0.8812 0.4703
vn -0.1775 0.9607 0.2135
vn -0.3450 0.9319 0.1122
vn -0.2832 0.9229 0.2607
vn -0.3084 0.9101 -0.2769
vn -0.1333 0.9591 0.2499
vn -0.5534 0.8068 0.2071
vn -0.1199 0.8612 0.4939
vn 0.0230 0.9997 -0.0009
vn -0.2051 0.9692 -0.1362
vn -0.0748 0.9952 -0.0634
vn 0.0082 0.9975 0.0700
vn 0.4817 0.8322 0.2745
vn 0.5333 0.7365 0.4161
vn 0.6712 0.7220 0.1680
vn 0.5030 0.7597 0.4121
vn 0.4601 0.6697 0.5830
vn 0.5714 0.6750 0.4667
vn 0.0898 0.7028 0.7057
vn 0.5207 0.7743 0.3596
vn 0.5833 0.4574 0.6712
vn 0.7117 0.6700 0.2114
vn 0.2518 0.9029 0.3483
vn 0.1979 0.7879 0.5831
vn 0.2268 0.8617 0.4540
vn 0.3204 0.8878 0.3304
vn 0.1810 0.8322 -0.5240
vn 0.3107 0.7365 -0.6008
vn 0.0413 0.7221 -0.6906
vn 0.3122 0.7597 -0.5704
vn 0.4881 0.6697 -0.5597
vn 0.3533 0.6750 -0.6477
vn 0.6770 0.7028 -0.2184
vn 0.2574 0.7743 -0.5781
vn 0.5522 0.4573 -0.6971
vn 0.0765 0.6700 -0.7384
vn 0.2959 0.9029 -0.3117
vn 0.5366 0.7879 -0.3021
vn 0.4044 0.8617 -0.3067
vn 0.2657 0.8878 -0.3758
vn 0.5720 0.7818 0.2480
vn 0.2436 0.9216 0.3021
vn 0.3425 0.8639 0.3694
vn -0.1296 0.9874 0.0909
vn -0.2847 0.9586 0.0074
vn -0.2573 0.9224 0.2880
vn -0.1134 0.9744 0.1941
vn -0.0345 0.9959 0.0840
vn -0.2260 0.8826 0.4122
vn -0.1352 0.8600 -0.4921
vn -0.2288 0.9724 0.0456
vn -0.5802 0.7963 -0.1712
vn -0.3326 0.9015 0.2769
vn 0.2789 0.9496 -0.1427
vn 0.1301 0.9612 -0.2432
vn 0.0354 0.9777 -0.2069
vn -0.0346 0.9981 -0.0507
vn 0.0412 0.9218 0.3855
vn 0.1737 0.8482 -0.5003
vn 0.3064 0.9421 -0.1361
vn 0.1059 0.9599 -0.2597
vn 0.5666 0.7739 -0.2831
vn 0.2682 0.9434 0.1950
vn 0.4769 0.8472 0.2341
vn -0.2040 0.9477 0.2455
vn -0.0633 0.7865 0.6143
vn 0.0111 0.9225 0.3858
vn -0.1822 0.9812 0.0642
vn 0.0598 0.9874 0.1467
vn -0.1172 0.9901 0.0769
vn -0.4075 0.8818 0.2375
vn -0.3464 0.9267 -0.1455
vn -0.2026 0.9258 -0.3191
vn -0.5485 0.7642 -0.3393
vn -0.1428 0.9725 -0.1841
vn -0.0541 0.9395 -0.3384
vn 0.8248 0.4978 0.2683
vn 0.7447 0.5626 0.3591
vn 0.8739 0.2826 0.3955
vn 0.2232 0.8905 0.3964
vn 0.7370 0.4704 0.4852
vn -0.2655 0.9505 -0.1615
vn -0.3850 0.9223 0.0327
vn -0.0851 0.9414 -0.3263
vn -0.2330 0.8954 0.3795
vn -0.0453 0.8639 0.5017
vn -0.1772 0.9055 0.3857
vn -0.0766 0.9335 0.3502
vn -0.2974 0.8921 -0.3401
vn -0.3149 0.9490 0.0138
vn -0.0458 0.9948 -0.0911
vn -0.2238 0.9166 -0.3313
vn -0.2289 0.8836 -0.4084
vn -0.1706 0.9131 -0.3702
vn -0.0532 0.9983 0.0256
vn 0.1506 0.9823 -0.1117
vn -0.0047 0.9261 -0.3772
vn 0.0430 0.8839 -0.4658
vn 0.4875 0.8111 -0.3232
vn 0.4397 0.8935 -0.0916
vn 0.4518 0.8804 0.1441
vn 0.2420 0.9477 0.2079
vn 0.3412 0.9233 0.1764
vn 0.3282 0.9397 -0.0966
vn 0.2678 0.9595 -0.0878
vn 0.0936 0.8844 0.4573
vn 0.0407 0.9239 0.3805
vn 0.1106 0.9190 0.3785
vn -0.0695 0.9511 0.3008
vn -0.1414 0.9378 0.3171
vn 0.0342 0.8999 0.4347
vn -0.3526 0.9149 -0.1967
vn -0.2666 0.9288 -0.2576
vn -0.2522 0.9391 0.2334
vn -0.4573 0.8856 -0.0814
vn -0.5510 0.8344 0.0105
vn -0.4572 0.8856 -0.0814
vn 0.3756 0.9005 0.2193
vn 0.1884 0.9332 0.3061
vn 0.1294 0.9214 0.3665
vn -0.1059 0.9876 -0.1158
vn 0.0276 0.9976 0.0632
vn 0.0236 0.9945 0.1017
vn 0.4147 0.8721 0.2599
vn 0.4634 0.7882 0.4049
vn 0.2388 0.9216 0.3061
vn -0.0149 0.9977 -0.0667
vn -0.1612 0.9323 -0.3237
vn -0.4398 0.7112 -0.5485
vn 0.0621 0.8862 -0.4591
vn -0.2293 0.9238 -0.3067
vn 0.0597 0.5820 -0.8110
vn 0.4519 0.8635 -0.2241
vn 0.5861 0.7045 -0.4003
vn 0.1980 0.9447 0.2614
vn 0.6109 0.7296 0.3073
vn 0.4608 0.8784 0.1268
vn 0.0448 0.9884 0.1454
vn 0.2813 0.9590 -0.0345
vn 0.0685 0.9922 0.1042
vn 0.0860 0.8906 0.4465
vn -0.2713 0.9441 0.1875
vn -0.3833 0.9233 -0.0230
vn -0.5528 0.7814 0.2896
vn -0.1709 0.9842 -0.0457
vn -0.3345 0.9394 -0.0748
vn -0.1072 0.9174 -0.3832
vn -0.1891 0.9431 -0.2734
vn -0.3613 0.7735 -0.5208
vn 0.6064 0.7926 -0.0634
vn 0.5508 0.7322 0.4007
vn 0.3556 0.8521 0.3840
vn 0.7081 0.5499 0.4429
vn 0.1362 0.8012 0.5827
vn -0.0588 0.6630 0.7463
vn 0.0912 0.8009 0.5918
vn 0.1046 0.6938 0.7126
vn 0.6804 0.6811 0.2705
vn 0.3903 0.8096 0.4385
vn 0.5267 0.6052 0.5970
vn 0.6898 0.6409 0.3368
vn 0.7429 0.6076 0.2810
vn 0.7272 0.5889 0.3526
vn 0.4240 0.6398 0.6410
vn 0.5558 0.4415 0.7043
vn 0.7532 0.4671 0.4631
vn 0.8168 0.3849 0.4298
vn 0.6946 0.0316 0.7187
vn 0.5221 0.1705 0.8357
vn 0.3079 0.2074 0.9285
vn 0.2642 0.4239 0.8664
vn 0.2894 0.3256 0.9001
vn 0.5381 0.2828 0.7941
vn 0.5342 0.3431 0.7726
vn 0.0015 0.5579 0.8299
vn 0.0831 0.6045 0.7922
vn 0.0886 0.5473 0.8322
vn 0.1570 0.6874 0.7091
vn 0.1305 0.7387 0.6613
vn 0.0237 0.6078 0.7938
vn 0.5586 0.7701 0.3081
vn 0.6262 0.6980 0.3473
vn 0.1961 0.8057 0.5589
vn 0.4342 0.8599 0.2685
vn 0.3216 0.9229 0.2118
vn 0.2438 0.2954 0.9237
vn 0.1658 0.4791 0.8619
vn 0.1019 0.5314 0.8410
vn 0.5404 0.6416 0.5444
vn 0.3972 0.5856 0.7066
vn 0.3612 0.5957 0.7174
vn 0.1982 0.2577 0.9457
vn 0.0356 0.2036 0.9784
vn 0.1648 0.4333 0.8860
vn 0.5089 0.5887 0.6281
vn 0.6953 0.6037 0.3899
vn 0.2351 0.9674 -0.0938
vn 0.1933 0.9779 0.0795
vn 0.4504 0.8928 -0.0072
vn 0.1713 0.9840 0.0487
vn 0.0359 0.9806 0.1929
vn 0.1943 0.9666 0.1671
vn -0.3359 0.9387 0.0775
vn 0.2165 0.9762 0.0144
vn 0.0827 0.8965 0.4354
vn 0.4574 0.8864 0.0712
vn 0.0060 0.9804 -0.1969
vn -0.1759 0.9844 -0.0017
vn -0.0763 0.9903 -0.1157
vn 0.0720 0.9833 -0.1671
vn -0.4368 0.8925 0.1126
vn -0.2276 0.9480 -0.2224
vn -0.2475 0.9683 0.0347
vn -0.5160 0.7929 -0.3242
vn 0.0548 0.9164 -0.3966
vn -0.0511 0.8147 -0.5776
vn 0.3873 0.9202 -0.0576
vn 0.5765 0.7213 -0.3839
vn 0.3617 0.8789 -0.3109
vn 0.2347 0.9715 0.0347
vn 0.1495 0.9670 -0.2064
vn 0.2049 0.9785 -0.0247
vn 0.5025 0.8574 0.1117
vn 0.1686 0.9400 0.2966
vn -0.0562 0.9551 0.2908
vn 0.1308 0.7998 0.5859
vn 0.0156 0.9874 0.1575
vn -0.1458 0.9605 0.2369
vn 0.2361 0.8439 -0.4817
vn -0.2291 0.9406 -0.2505
vn -0.1859 0.8901 -0.4162
vn -0.4442 0.8414 -0.3078
vn -0.1641 0.9064 -0.3891
vn -0.0275 0.8526 -0.5218
vn -0.1862 0.8491 -0.4944
vn 0.3430 0.8520 -0.3955
vn -0.2096 0.9112 -0.3547
vn -0.0730 0.6896 -0.7205
vn -0.4507 0.8082 -0.3792
vn -0.0007 0.9878 -0.1560
vn 0.1827 0.9230 -0.3387
vn 0.0823 0.9685 -0.2348
vn -0.0664 0.9804 -0.1856
vn 0.0884 0.9948 -0.0499
vn -0.0879 0.9961 0.0119
vn 0.1178 0.9892 -0.0874
vn 0.0038 0.9937 0.1119
vn -0.3521 0.9243 0.1473
vn -0.2576 0.9516 0.1675
vn -0.4668 0.8305 -0.3039
vn -0.7701 0.6331 -0.0783
vn -0.5676 0.8206 -0.0666
vn -0.2956 0.9004 -0.3192
vn -0.3434 0.9365 -0.0706
vn -0.3008 0.9189 -0.2552
vn -0.4731 0.7302 -0.4930
vn -0.1036 0.8559 -0.5066
vn 0.0843 0.9141 -0.3966
vn 0.0905 0.6971 -0.7112
vn -0.0480 0.9454 -0.3225
vn 0.1333 0.9419 -0.3084
vn -0.1722 0.7610 0.6255
vn -0.3630 0.7780 0.5127
vn -0.3228 0.6700 0.6686
vn -0.5419 0.8276 0.1466
vn -0.5151 0.6875 0.5118
vn -0.0599 0.9120 0.4058
vn -0.1990 0.8454 0.4957
vn 0.0682 0.8081 0.5851
vn -0.1983 0.8642 0.4624
vn -0.3845 0.7974 0.4651
vn -0.2481 0.7969 0.5508
vn -0.5755 0.8084 0.1236
vn -0.1419 0.8724 0.4677
vn -0.4721 0.6158 0.6308
vn 0.0278 0.7680 0.6399
vn -0.1697 0.9677 0.1864
vn -0.4233 0.8850 0.1940
vn -0.2826 0.9407 0.1877
vn -0.1402 0.9576 0.2518
vn -0.1870 0.9798 -0.0717
vn 0.0381 0.9988 -0.0300
vn -0.4003 0.9019 -0.1621
vn 0.3132 0.9088 -0.2757
vn 0.3675 0.8035 -0.4683
vn 0.2987 0.8958 -0.3293
vn 0.2278 0.8820 -0.4126
vn -0.3347 0.9414 0.0425
vn -0.0067 0.9957 -0.0929
vn -0.2018 0.9320 -0.3013
vn -0.3548 0.9344 -0.0327
vn -0.4204 0.9073 0.0121
vn -0.4085 0.9106 -0.0626
vn -0.0910 0.9365 -0.3386
vn -0.2859 0.8426 -0.4565
vn -0.4730 0.8566 -0.2063
vn -0.5660 0.8000 -0.1988
vn -0.5743 0.5544 -0.6023
vn -0.3534 0.6458 -0.6768
vn -0.1362 0.6257 -0.7681
vn -0.0147 0.7701 -0.6377
vn -0.0744 0.7086 -0.7016
vn -0.3264 0.7326 -0.5973
vn -0.3004 0.7747 -0.5564
vn 0.2764 0.7676 -0.5783
vn 0.2175 0.8260 -0.5200
vn 0.1926 0.7937 -0.5770
vn 0.1771 0.8960 -0.4073
vn 0.2183 0.9121 -0.3469
vn 0.2734 0.8059 -0.5252
vn -0.1854 0.9822 0.0287
vn -0.2732 0.9616 -0.0277
vn 0.1778 0.9586 -0.2225
vn -0.0387 0.9955 0.0870
vn 0.0856 0.9846 0.1526
vn -0.0387 0.9955 0.0869
vn -0.0431 0.6734 -0.7380
vn 0.0969 0.7768 -0.6223
vn 0.1747 0.7886 -0.5896
vn -0.2035 0.9496 -0.2383
vn -0.0834 0.9032 -0.4210
vn -0.0457 0.9014 -0.4305
vn -0.0147 0.6313 -0.7754
vn 0.1150 0.5330 -0.8383
vn 0.0814 0.7460 -0.6609
vn -0.1899 0.9220 -0.3375
vn -0.3709 0.9238 -0.0947
vn 0.6191 0.7852 -0.0163
vn 0.4226 0.8459 0.3254
vn 0.4039 0.9095 0.0986
vn 0.6698 0.6221 0.4054
vn 0.1378 0.8560 0.4983
vn 0.2173 0.7142 0.6654
vn -0.1819 0.9692 0.1660
vn -0.4133 0.7799 0.4701
vn -0.1689 0.8950 0.4128
vn -0.0208 0.9967 0.0783
vn 0.0585 0.9469 0.3163
vn 0.0091 0.9904 0.1378
vn -0.3058 0.9521 -0.0078
vn 0.0402 0.9817 -0.1863
vn 0.2630 0.9476 -0.1816
vn 0.0507 0.8702 -0.4900
vn 0.1981 0.9792 -0.0446
vn 0.3683 0.9266 -0.0764
vn 0.3475 0.2938 0.8905
vn 0.2372 0.3754 0.8960
vn 0.2456 0.0731 0.9666
vn -0.0558 0.8149 0.5769
vn 0.1197 0.2875 0.9503
vn -0.0623 0.9120 -0.4055
vn 0.0442 0.8454 -0.5324
vn -0.2376 0.8080 -0.5391
vn 0.0533 0.8642 -0.5003
vn 0.2305 0.7974 -0.5577
vn 0.0749 0.7969 -0.5995
vn 0.5135 0.8084 -0.2876
vn -0.0022 0.8724 -0.4888
vn 0.2654 0.6158 -0.7418
vn -0.2150 0.7680 -0.6033
vn 0.1073 0.9677 -0.2281
vn 0.3474 0.8850 -0.3101
vn 0.2148 0.9407 -0.2626
vn 0.0598 0.9576 -0.2819
vn 0.5950 0.7677 -0.2379
vn 0.3726 0.7784 -0.5052
vn 0.9281 0.3373 -0.1576
vn 0.8933 0.4466 0.0512
vn 0.8889 0.4317 0.1531
vn 0.9273 0.3696 -0.0598
vn 0.8076 0.5307 0.2573
vn 0.8055 0.4721 0.3581
vn 0.8556 0.5057 -0.1104
vn 0.8315 0.5551 -0.0209
vn 0.8703 0.4508 -0.1986
vn 0.7796 0.6197 0.0902
vn 0.8130 0.5821 0.0096
vn 0.7653 0.5844 0.2698
vn 0.8484 0.5257 0.0618
vn 0.7445 0.5567 0.3684
vn 0.8649 0.4881 0.1173
vn 0.6398 0.6119 0.4650
vn 0.5629 0.5795 0.5893
vn 0.7386 0.6522 0.1709
vn 0.5940 0.7993 -0.0912
vn 0.6340 0.6997 0.3292
vn 0.5861 0.7099 0.3905
vn 0.5561 0.7242 0.4078
vn 0.6319 0.6987 0.3355
vn 0.5841 0.7596 0.2862
vn 0.5575 0.7729 0.3030
vn 0.4565 0.8811 -0.1234
vn 0.4506 0.8745 0.1797
vn 0.5300 0.7855 0.3195
vn 0.5345 0.7156 0.4496
vn 0.4738 0.7413 0.4754
vn 0.3579 0.9281 0.1029
vn 0.3576 0.8203 0.4465
vn 0.4956 0.7934 0.3533
vn 0.3182 0.7126 0.6252
vn 0.5046 0.7092 0.4923
vn 0.3223 0.6890 0.6491
vn 0.4966 0.6706 0.5511
vn 0.1156 0.6788 0.7251
vn 0.1350 0.6796 0.7210
vn 0.2042 0.8235 0.5293
vn 0.2596 0.9650 0.0380
vn 0.2881 0.8835 -0.3694
vn 0.1710 0.8750 -0.4530
vn 0.2346 0.7696 -0.5938
vn 0.0868 0.7433 -0.6633
vn 0.7438 0.0795 -0.6636
vn 0.8934 0.2567 -0.3686
vn 0.9402 0.2100 -0.2682
vn 0.7706 0.0670 -0.6338
vn 0.9165 0.3997 -0.0155
vn 0.9379 0.3146 0.1463
vn 0.8346 0.2694 -0.4804
vn 0.8925 0.4039 -0.2007
vn 0.6971 0.1997 -0.6886
vn 0.7824 0.2656 -0.5633
vn 0.9134 0.2936 -0.2821
vn 0.8601 0.1476 -0.4883
vn 0.9517 0.1528 -0.2663
vn 0.3402 0.7474 -0.5706
vn 0.3247 0.7819 -0.5321
vn 0.1243 0.8267 -0.5487
vn 0.1452 0.7576 -0.6364
vn 0.3479 0.8615 -0.3698
vn 0.0285 0.9505 -0.3094
vn 0.4337 0.9010 -0.0077
vn 0.4185 0.9051 0.0747
vn 0.5208 0.7055 -0.4806
vn 0.5101 0.7046 -0.4933
vn 0.6279 0.6746 -0.3882
vn 0.5428 0.8388 -0.0418
vn 0.5074 0.6190 -0.5995
vn 0.5747 0.6613 -0.4820
vn 0.8186 0.4979 -0.2864
vn 0.7379 0.5008 -0.4524
vn 0.7711 0.6102 -0.1817
vn 0.8571 0.5070 -0.0913
vn 0.8959 0.4299 -0.1124
vn 0.6643 0.6651 -0.3410
vn 0.2318 0.6823 -0.6934
vn 0.2634 0.7421 -0.6164
vn 0.6571 0.7027 -0.2729
vn 0.3260 0.7931 -0.5146
vn 0.8174 0.4940 -0.2963
vn 0.6769 0.6432 -0.3580
vn 0.8146 0.3761 -0.4416
vn 0.6226 0.4915 -0.6089
vn 0.7796 0.4374 -0.4482
vn 0.5865 0.5019 -0.6356
vn 0.7631 0.4902 -0.4212
vn 0.5302 0.5826 -0.6160
vn 0.9126 0.3399 -0.2274
vn 0.9191 0.3485 -0.1839
vn 0.9431 0.2308 -0.2393
vn 0.9199 0.3234 -0.2217
vn 0.9282 0.2051 -0.3103
vn 0.9759 0.1848 -0.1162
vn 0.9789 0.0688 0.1926
vn 0.9862 0.1653 -0.0030
vn 0.9853 0.1438 0.0925
vn 0.9661 -0.0561 0.2521
vn 0.9968 0.0055 0.0802
vn 0.9624 0.2646 0.0611
vn 0.9557 0.2931 0.0263
vn 0.9884 0.1491 -0.0290
vn 0.7780 0.2246 -0.5867
vn 0.8671 0.2806 -0.4116
vn 0.9395 0.3346 -0.0735
vn 0.4002 0.8731 0.2785
vn 0.4116 0.7699 -0.4878
vn 0.4075 0.8521 -0.3284
vn 0.4843 0.7642 -0.4259
vn 0.3856 0.7009 -0.6001
vn 0.3546 0.9350 -0.0046
vn 0.4518 0.8838 -0.1213
vn 0.3489 0.9091 0.2278
vn 0.4301 0.8250 -0.3667
vn 0.3214 0.9202 -0.2234
vn 0.2481 0.9622 0.1125
vn 0.2693 0.8855 0.3787
vn 0.2439 0.8168 0.5229
vn 0.6623 0.6976 0.2734
vn 0.6076 0.7278 0.3180
vn 0.8948 0.4257 -0.1346
vn 0.8409 0.5397 0.0396
vn 0.8805 0.3233 0.3467
vn 0.9231 0.3273 0.2018
vn 0.6978 0.7040 0.1320
vn 0.8280 0.4918 0.2693
vn 0.7558 0.4715 -0.4543
vn 0.6746 0.6820 -0.2826
vn 0.5189 0.8548 -0.0105
vn 0.6316 0.7142 0.3017
vn 0.7410 0.6655 0.0893
vn 0.5808 0.7910 0.1921
vn 0.7556 0.4006 -0.5183
vn 0.8105 0.4530 -0.3713
vn 0.8382 0.4427 -0.3185
vn 0.7990 0.4019 -0.4472
vn 0.7634 0.6459 0.0127
vn 0.7977 0.6029 0.0154
vn 0.6692 0.6950 0.2629
vn 0.7069 0.3964 -0.5859
vn 0.7796 0.4618 -0.4231
vn 0.7258 0.6878 0.0099
vn 0.5099 0.8454 0.1590
vn 0.3937 0.9086 -0.1391
vn 0.3874 0.9143 -0.1179
vn 0.7760 0.6290 0.0466
vn 0.7852 0.6126 0.0903
vn -0.1133 0.9380 -0.3277
vn -0.1028 0.9622 -0.2520
vn 0.3395 0.9405 -0.0137
vn 0.5968 0.7995 -0.0683
vn 0.0504 0.9978 0.0426
vn 0.4918 0.7596 0.4255
vn 0.4300 0.9018 -0.0422
vn 0.8614 0.4988 0.0955
vn 0.8203 0.5513 0.1523
vn 0.8240 0.4307 0.3682
vn 0.8450 0.4113 0.3417
vn 0.7148 0.6553 0.2443
vn 0.7562 0.5397 0.3700
vn 0.6090 0.6726 0.4203
vn 0.6789 0.6492 0.3430
vn 0.8188 0.5522 -0.1572
vn 0.7658 0.6387 -0.0747
vn 0.6512 0.7508 0.1109
vn 0.6511 0.7377 0.1783
vn 0.9537 0.2804 0.1091
vn 0.9494 0.3082 0.0602
vn 0.9880 0.1453 -0.0516
vn 0.9949 0.1008 0.0051
vn 0.9421 0.3350 0.0113
vn 0.9760 0.1890 -0.1080
vn 0.7879 0.5516 0.2737
vn 0.8017 0.5199 0.2948
vn 0.7729 0.5823 0.2523
vn 0.6748 0.3911 0.6258
vn 0.6542 0.6870 0.3164
vn 0.9984 -0.0299 -0.0479
vn 0.9911 0.0148 0.1321
vn 0.9895 0.0258 0.1424
vn 0.9843 -0.1090 0.1387
vn 0.8155 0.1389 0.5619
vn 0.7054 0.0663 0.7057
vn 0.7245 0.0876 0.6837
vn 0.6954 -0.1393 0.7050
vn 0.6348 -0.1836 0.7506
vn 0.7424 0.1085 0.6612
vn 0.7507 -0.0940 0.6540
vn 0.7292 0.4580 0.5084
vn 0.7281 0.4392 0.5263
vn 0.6898 0.6742 0.2639
vn 0.7217 0.6523 0.2315
vn 0.7296 0.6717 0.1285
vn 0.6565 0.6942 0.2952
vn 0.7907 0.5949 -0.1443
vn 0.7299 0.4765 0.4900
vn 0.5631 0.7792 0.2753
vn 0.7666 0.6284 0.1324
vn 0.7088 0.5091 0.4883
vn 0.7940 0.4790 0.3744
vn 0.7109 0.3659 0.6006
vn 0.7838 0.3635 0.5035
vn 0.6082 0.5286 0.5922
vn 0.6275 0.3628 0.6889
vn 0.2970 0.8667 0.4006
vn 0.3610 0.7982 0.4822
vn 0.7014 0.2813 0.6549
vn 0.5738 0.3058 0.7598
vn 0.5271 0.1578 0.8350
vn 0.6447 0.1459 0.7503
vn 0.4304 0.3217 0.8434
vn 0.3982 0.1664 0.9021
vn 0.6827 0.5443 0.4875
vn 0.6165 0.5577 0.5558
vn 0.5440 0.5660 0.6195
vn 0.6585 0.5917 0.4651
vn 0.5759 0.6423 0.5058
vn 0.7348 0.5338 0.4185
vn 0.7024 0.6248 0.3411
vn 0.5482 0.5516 0.6287
vn 0.7514 0.4337 0.4973
vn 0.3115 0.3670 0.8765
vn 0.2397 0.3531 0.9044
vn 0.1080 0.3170 0.9423
vn 0.2467 0.3512 0.9032
vn 0.1649 0.3368 0.9270
vn -0.0331 0.2758 0.9607
vn 0.5111 0.5703 0.6431
vn 0.3188 0.6919 0.6478
vn 0.6780 0.4180 0.6047
vn 0.7448 0.4402 0.5016
vn 0.3152 0.7927 0.5218
vn 0.0567 0.4340 0.8991
vn -0.1396 0.4541 0.8799
vn -0.4348 0.2514 0.8647
vn -0.2035 0.2723 0.9404
vn 0.5986 0.5404 0.5913
vn 0.4391 0.6513 0.6188
vn 0.6235 0.5781 0.5264
vn 0.6578 0.7228 0.2116
vn 0.2646 0.7365 0.6226
vn -0.3367 0.4562 0.8237
vn -0.6401 0.2154 0.7375
vn 0.9875 0.0371 0.1529
vn 0.9296 -0.1836 0.3196
vn 0.9182 0.2893 -0.2707
vn 0.7514 0.5044 0.4254
vn 0.6354 0.7394 0.2224
vn 0.6307 0.7424 0.2259
vn -0.7483 0.4782 -0.4597
vn -0.9225 0.3782 0.0779
vn -0.8943 0.4472 -0.0159
vn -0.3774 0.6634 -0.6461
vn -0.5657 0.7251 -0.3927
vn -0.5588 0.7505 -0.3527
vn -0.5670 0.8013 -0.1908
vn -0.4701 0.8485 -0.2431
vn -0.6181 0.7509 -0.2324
vn -0.6286 0.7711 -0.1017
vn -0.4960 0.8098 -0.3133
vn -0.5415 0.8112 -0.2207
vn -0.2719 0.8150 -0.5118
vn -0.2720 0.8150 -0.5117
vn -0.1211 0.6970 -0.7068
vn -0.0502 0.5993 -0.7990
vn -0.6422 0.6054 -0.4703
vn -0.4843 0.7348 -0.4749
vn -0.3048 0.8343 -0.4594
vn -0.5479 0.7627 -0.3435
vn -0.4856 0.6995 -0.5243
vn -0.4318 0.7909 -0.4337
vn -0.0847 0.7798 -0.6203
vn -0.3639 0.6918 -0.6236
vn -0.4100 0.7287 -0.5485
vn -0.1349 0.8416 -0.5230
vn -0.6120 0.5447 -0.5735
vn -0.6473 0.5522 -0.5254
vn -0.8026 0.5916 0.0771
vn -0.6552 0.6306 -0.4160
vn -0.6519 0.7506 0.1077
vn -0.5759 0.8047 -0.1444
vn -0.7701 0.6247 -0.1292
vn -0.3312 0.7985 -0.5027
vn -0.1226 0.5689 -0.8132
vn -0.4052 0.4661 -0.7865
vn -0.6246 0.6241 -0.4695
vn 0.0000 0.2909 -0.9567
vn -0.2102 0.2598 -0.9425
vn -0.4109 0.2168 -0.8855
vn -0.6502 0.3214 -0.6884
vn -0.8433 0.3782 -0.3819
vn -0.9080 0.4055 -0.1055
vn -0.4900 0.7267 -0.4815
vn -0.6721 0.6153 -0.4120
vn -0.3320 0.5751 -0.7477
vn -0.6076 0.4821 -0.6312
vn -0.2806 0.4590 -0.8429
vn -0.5910 0.4135 -0.6927
vn -0.8298 0.3180 -0.4586
vn -0.8213 0.3438 -0.4552
vn -0.8196 0.4738 -0.3223
vn -0.7588 0.6332 -0.1526
vn -0.6635 0.6094 -0.4340
vn -0.8910 0.4332 -0.1360
vn -0.5571 0.2533 -0.7909
vn -0.8758 0.1704 -0.4516
vn -0.4425 -0.0464 -0.8956
vn -0.7777 -0.0854 -0.6228
vn -0.9665 -0.1082 -0.2326
vn -0.9984 0.0525 -0.0224
vn -0.9657 0.1879 0.1793
vn -0.8298 0.4196 -0.3679
vn -0.9195 0.3554 -0.1676
vn -0.8591 0.2183 -0.4629
vn -0.9489 0.2090 -0.2363
vn -0.9823 0.1873 0.0044
vn -0.9609 0.2746 0.0370
vn -0.9352 0.2927 0.1995
vn -0.9930 -0.0665 -0.0976
vn -0.9671 0.0301 -0.2525
vn -0.3373 0.7142 -0.6133
vn -0.3946 0.7615 -0.5142
vn -0.6336 0.1406 -0.7608
vn -0.7164 0.3134 -0.6234
vn -0.7298 0.2421 -0.6394
vn -0.8180 0.3177 -0.4794
vn -0.7534 0.2826 -0.5937
vn -0.8457 0.3317 -0.4181
vn -0.9027 0.3669 -0.2249
vn -0.8744 0.3810 -0.3005
vn -0.7594 0.4691 -0.4508
vn -0.5951 0.5473 -0.5885
vn -0.5185 0.8189 -0.2461
vn -0.3615 0.8352 -0.4145
vn -0.3588 0.8801 -0.3109
vn -0.5295 0.8384 -0.1289
vn -0.5965 0.4307 -0.6773
vn -0.6992 0.5751 -0.4246
vn -0.8293 0.5563 -0.0537
vn -0.8758 0.4681 0.1180
vn -0.8536 0.4524 0.2582
vn -0.8260 0.5637 -0.0088
vn -0.2754 0.6566 -0.7021
vn -0.7149 0.5356 -0.4494
vn -0.5751 0.7553 -0.3144
vn -0.4644 0.8687 0.1721
vn -0.7215 0.6916 -0.0325
vn -0.8691 0.4282 0.2476
vn -0.6325 0.6057 0.4828
vn -0.6614 0.4664 0.5874
vn -0.9046 0.2871 0.3149
vn -0.3839 0.9110 -0.1509
vn -0.4452 0.8054 0.3914
vn -0.7185 0.6800 0.1461
vn -0.7068 0.6621 0.2493
vn -0.4951 0.6661 0.5579
vn -0.6359 0.7716 0.0145
vn -0.8432 0.5090 -0.1732
vn -0.8843 0.4505 -0.1230
vn -0.4750 0.5665 0.6734
vn -0.6729 0.6282 0.3906
vn -0.3390 0.9197 0.1979
vn -0.6856 0.6820 0.2544
vn -0.6883 0.6968 0.2018
vn -0.8743 0.4849 0.0222
vn -0.8558 0.5121 0.0735
vn -0.7017 0.7035 -0.1127
vn -0.8866 0.3915 -0.2464
vn -0.4534 0.7902 0.4123
vn -0.4251 0.8310 0.3589
vn -0.4084 0.9120 0.0395
vn -0.5396 0.8022 0.2556
vn -0.3696 0.9148 0.1630
vn -0.3860 0.9196 0.0733
vn -0.5471 0.8246 0.1438
vn -0.6552 0.7431 -0.1362
vn -0.8772 0.4209 -0.2309
vn -0.9813 0.1914 -0.0208
vn -0.9981 0.0603 -0.0096
vn -0.8196 0.5651 -0.0947
vn -0.7881 0.6127 0.0596
vn -0.6870 0.6960 0.2088
vn -0.6825 0.6494 0.3354
vn -0.1650 0.8654 -0.4731
vn -0.1855 0.8070 -0.5607
vn 0.6949 0.6741 0.2502
vn 0.6411 0.7099 0.2917
vn 0.9200 0.3674 -0.1367
vn 0.8691 0.4938 0.0297
vn 0.8901 0.2931 0.3490
vn 0.9358 0.2866 0.2051
vn 0.7336 0.6707 0.1095
vn 0.8488 0.4597 0.2613
vn 0.7903 0.4029 -0.4616
vn 0.7176 0.6267 -0.3037
vn 0.5665 0.8229 -0.0452
vn 0.6646 0.6940 0.2768
vn 0.7754 0.6275 0.0700
vn 0.6205 0.7673 0.1620
vn 0.7874 0.3285 -0.5216
vn 0.8422 0.3860 -0.3765
vn 0.8682 0.3772 -0.3226
vn 0.8294 0.3315 -0.4497
vn 0.7982 0.6024 -0.0048
vn 0.8299 0.5579 0.0011
vn 0.7018 0.6707 0.2400
vn 0.7399 0.3233 -0.5900
vn 0.8128 0.3936 -0.4294
vn 0.7631 0.6462 -0.0108
vn 0.5535 0.8235 0.1243
vn 0.4471 0.8763 -0.1795
vn 0.4408 0.8835 -0.1587
vn 0.8092 0.5868 0.0302
vn 0.8165 0.5724 0.0750
vn -0.0535 0.9229 -0.3812
vn -0.0432 0.9508 -0.3068
vn 0.3923 0.9181 -0.0573
vn 0.6423 0.7602 -0.0980
vn 0.1058 0.9943 -0.0111
vn 0.5251 0.7540 0.3946
vn 0.4810 0.8729 -0.0815
vn 0.8861 0.4551 0.0883
vn 0.8468 0.5128 0.1411
vn 0.8393 0.4045 0.3633
vn 0.8597 0.3825 0.3384
vn 0.7455 0.6275 0.2247
vn 0.7778 0.5170 0.3575
vn 0.6373 0.6605 0.3970
vn 0.7073 0.6289 0.3227
vn 0.8517 0.4964 -0.1680
vn 0.8020 0.5902 -0.0916
vn 0.6901 0.7187 0.0848
vn 0.6880 0.7095 0.1528
vn 0.9655 0.2330 0.1159
vn 0.9639 0.2582 0.0655
vn 0.9955 0.0874 -0.0363
vn 0.9987 0.0458 0.0229
vn 0.9591 0.2826 0.0150
vn 0.9871 0.1285 -0.0953
vn 0.8121 0.5217 0.2615
vn 0.8236 0.4906 0.2846
vn 0.7992 0.5519 0.2381
vn 0.6829 0.3877 0.6191
vn 0.6853 0.6665 0.2935
vn 0.9959 -0.0876 -0.0228
vn 0.9875 -0.0326 0.1543
vn 0.9862 -0.0210 0.1640
vn 0.9736 -0.1552 0.1675
vn 0.8104 0.1249 0.5724
vn 0.6935 0.0667 0.7173
vn 0.7142 0.0856 0.6947
vn 0.6719 -0.1378 0.7277
vn 0.6080 -0.1760 0.7742
vn 0.7337 0.1042 0.6714
vn 0.7307 -0.0985 0.6756
vn 0.7434 0.4448 0.4995
vn 0.7408 0.4272 0.5183
vn 0.7212 0.6488 0.2426
vn 0.7526 0.6234 0.2122
vn 0.7636 0.6365 0.1086
vn 0.6885 0.6723 0.2720
vn 0.8258 0.5413 -0.1581
vn 0.7455 0.4622 0.4801
vn 0.6005 0.7611 0.2453
vn 0.7980 0.5915 0.1157
vn 0.7263 0.4958 0.4761
vn 0.8120 0.4546 0.3661
vn 0.7181 0.3591 0.5962
vn 0.7927 0.3473 0.5011
vn 0.6249 0.5266 0.5764
vn 0.6329 0.3657 0.6825
vn 0.3373 0.8701 0.3594
vn 0.3956 0.8028 0.4461
vn 0.7026 0.2784 0.6548
vn 0.5746 0.3157 0.7551
vn 0.5180 0.1750 0.8373
vn 0.6365 0.1519 0.7561
vn 0.4306 0.3442 0.8343
vn 0.3885 0.1945 0.9007
vn 0.7022 0.5323 0.4728
vn 0.6355 0.5531 0.5387
vn 0.5624 0.5689 0.6001
vn 0.6812 0.5796 0.4473
vn 0.6009 0.6368 0.4832
vn 0.7551 0.5150 0.4058
vn 0.7294 0.6032 0.3227
vn 0.5655 0.5549 0.6102
vn 0.7644 0.4187 0.4903
vn 0.3138 0.3978 0.8622
vn 0.2407 0.3895 0.8890
vn 0.1065 0.3629 0.9257
vn 0.2477 0.3872 0.8881
vn 0.1648 0.3786 0.9108
vn -0.0371 0.3306 0.9430
vn 0.5293 0.5763 0.6226
vn 0.3441 0.7085 0.6161
vn 0.6881 0.4131 0.5966
vn 0.7581 0.4258 0.4940
vn 0.3488 0.8021 0.4848
vn 0.0628 0.4799 0.8751
vn -0.1317 0.5098 0.8502
vn -0.4374 0.3231 0.8392
vn -0.2070 0.3355 0.9190
vn 0.6159 0.5388 0.5747
vn 0.4625 0.6597 0.5923
vn 0.6443 0.5714 0.5084
vn 0.6931 0.6961 0.1870
vn 0.2930 0.7545 0.5873
vn -0.3272 0.5196 0.7893
vn -0.6419 0.2914 0.7093
vn 0.9847 -0.0090 0.1738
vn 0.9110 -0.2165 0.3510
vn 0.9384 0.2225 -0.2645
vn 0.7699 0.4852 0.4146
vn 0.6715 0.7145 0.1964
vn 0.6669 0.7179 0.1996
vn -0.2253 0.9358 0.2713
vn -0.2447 0.9491 0.1982
vn 0.0209 0.7133 0.7006
vn -0.0960 0.8241 0.5582
vn -0.4508 0.6943 0.5610
vn -0.3256 0.6907 0.6456
vn -0.1009 0.9322 0.3477
vn -0.3194 0.8136 0.4858
vn 0.3649 0.6477 0.6689
vn 0.2837 0.8347 0.4720
vn 0.1173 0.9752 0.1879
vn -0.2394 0.9435 0.2293
vn -0.0827 0.9072 0.4126
vn -0.1038 0.9751 0.1959
vn 0.4048 0.5727 0.7128
vn 0.2692 0.6660 0.6957
vn 0.2105 0.6762 0.7060
vn 0.3283 0.6027 0.7273
vn -0.0225 0.8855 0.4641
vn -0.0454 0.8604 0.5075
vn -0.2179 0.9344 0.2817
vn 0.4784 0.5387 0.6934
vn 0.3274 0.6532 0.6827
vn 0.0010 0.9083 0.4183
vn -0.0405 0.9911 0.1266
vn 0.2826 0.9538 0.1023
vn 0.2660 0.9600 0.0878
vn -0.0618 0.8807 0.4696
vn -0.1091 0.8767 0.4685
vn 0.5914 0.7509 -0.2939
vn 0.5253 0.7894 -0.3176
vn 0.1884 0.9821 0.0023
vn 0.1364 0.9460 0.2940
vn 0.2236 0.9302 -0.2911
vn -0.3072 0.9504 0.0496
vn 0.1817 0.9778 0.1045
vn -0.1643 0.8044 0.5710
vn -0.1924 0.8451 0.4987
vn -0.4271 0.7730 0.4691
vn -0.4130 0.7593 0.5028
vn -0.2229 0.9132 0.3411
vn -0.3818 0.8455 0.3733
vn -0.3554 0.9166 0.1833
vn -0.3074 0.9099 0.2785
vn 0.0957 0.7943 0.5999
vn 0.0561 0.8655 0.4977
vn -0.0569 0.9528 0.2983
vn -0.1231 0.9521 0.2801
vn -0.2601 0.6449 0.7186
vn -0.2059 0.6604 0.7221
vn -0.1567 0.5095 0.8461
vn -0.2233 0.4812 0.8477
vn -0.1513 0.6737 0.7233
vn -0.0892 0.5351 0.8401
vn -0.2970 0.8528 0.4296
vn -0.3288 0.8330 0.4450
vn -0.2649 0.8711 0.4135
vn -0.6403 0.7213 0.2641
vn -0.2661 0.9301 0.2532
vn -0.2110 0.3556 0.9105
vn -0.3641 0.4229 0.8298
vn -0.3702 0.4339 0.8214
vn -0.4027 0.3093 0.8615
vn -0.6854 0.5374 0.4913
vn -0.8117 0.4523 0.3694
vn -0.7902 0.4755 0.3867
vn -0.8654 0.2622 0.4270
vn -0.9049 0.2059 0.3724
vn -0.7679 0.4977 0.4033
vn -0.8192 0.3164 0.4783
vn -0.5262 0.7838 0.3298
vn -0.5477 0.7693 0.3289
vn -0.2297 0.9238 0.3063
vn -0.2135 0.9111 0.3525
vn -0.1145 0.9148 0.3874
vn -0.2450 0.9340 0.2600
vn 0.1024 0.8242 0.5570
vn -0.5042 0.7978 0.3305
vn -0.1799 0.9712 0.1564
vn -0.1393 0.8906 0.4329
vn -0.4884 0.8188 0.3018
vn -0.4121 0.8060 0.4249
vn -0.6328 0.7084 0.3126
vn -0.5613 0.7188 0.4102
vn -0.5545 0.8142 0.1719
vn -0.6949 0.6876 0.2103
vn -0.2063 0.9670 -0.1493
vn -0.3168 0.9435 -0.0976
vn -0.7042 0.6371 0.3133
vn -0.7632 0.6266 0.1576
vn -0.8624 0.4868 0.1388
vn -0.8162 0.5081 0.2751
vn -0.8010 0.5987 -0.0024
vn -0.8904 0.4552 -0.0005
vn -0.4715 0.8403 0.2676
vn -0.5148 0.8378 0.1819
vn -0.5537 0.8274 0.0939
vn -0.4316 0.8700 0.2384
vn -0.4349 0.8902 0.1354
vn -0.4233 0.8397 0.3402
vn -0.3182 0.8967 0.3078
vn -0.5672 0.8176 0.0992
vn -0.5281 0.7686 0.3609
vn -0.7898 0.5987 -0.1335
vn -0.8016 0.5627 -0.2019
vn -0.8142 0.4847 -0.3196
vn -0.8029 0.5635 -0.1947
vn -0.8087 0.5223 -0.2704
vn -0.8077 0.3952 -0.4375
vn -0.5663 0.8223 0.0555
vn -0.4894 0.8580 -0.1557
vn -0.6140 0.7434 0.2653
vn -0.5287 0.7726 0.3516
vn -0.3437 0.9271 -0.1496
vn -0.7292 0.5634 -0.3884
vn -0.6571 0.5017 -0.5626
vn -0.6259 0.2002 -0.7538
vn -0.7477 0.3221 -0.5807
vn -0.5481 0.8210 0.1598
vn -0.5036 0.8636 -0.0264
vn -0.4836 0.8541 0.1913
vn -0.1598 0.9467 0.2797
vn -0.4403 0.8730 -0.2098
vn -0.5555 0.4172 -0.7193
vn -0.4668 0.0662 -0.8819
vn -0.3764 0.4451 0.8126
vn -0.5778 0.2501 0.7769
vn 0.1039 0.5764 0.8105
vn -0.4419 0.8208 0.3620
vn -0.1597 0.9547 0.2509
vn -0.1610 0.9562 0.2446
vn -0.1580 0.8324 -0.5311
vn -0.4696 0.7966 -0.3807
vn 0.0341 0.4597 -0.8874
vn 0.2188 0.5736 -0.7893
vn 0.3178 0.5637 -0.7624
vn 0.1258 0.4966 -0.8588
vn 0.3914 0.6551 -0.6463
vn 0.4937 0.6021 -0.6274
vn 0.0485 0.6180 -0.7847
vn 0.1254 0.6680 -0.7335
vn -0.0288 0.5613 -0.8271
vn 0.2154 0.7302 -0.6484
vn 0.1483 0.6937 -0.7048
vn 0.3892 0.7027 -0.5956
vn 0.2120 0.6458 -0.7335
vn 0.4823 0.6775 -0.5554
vn 0.2727 0.6140 -0.7407
vn 0.5468 0.7219 -0.4242
vn 0.6521 0.6852 -0.3244
vn 0.2813 0.7605 -0.5852
vn -0.0188 0.8712 -0.4906
vn 0.4064 0.8007 -0.4402
vn 0.4538 0.8069 -0.3780
vn 0.4623 0.8176 -0.3431
vn 0.4120 0.7997 -0.4368
vn 0.3479 0.8503 -0.3950
vn 0.3569 0.8605 -0.3636
vn -0.0889 0.9304 -0.3557
vn 0.2040 0.9388 -0.2775
vn 0.3655 0.8698 -0.3315
vn 0.4985 0.8083 -0.3134
vn 0.5072 0.8261 -0.2455
vn 0.1034 0.9743 -0.2001
vn 0.5423 0.8281 -0.1421
vn 0.5018 0.8042 -0.3186
vn 0.8006 0.5913 -0.0970
vn 0.6884 0.6058 -0.3989
vn 0.8395 0.5307 -0.1164
vn 0.6977 0.5496 -0.4596
vn 0.8295 0.5154 0.2151
vn 0.8653 0.4385 0.2429
vn 0.5653 0.8236 0.0463
vn 0.0145 0.9931 -0.1165
vn -0.3666 0.8953 -0.2530
vn -0.4740 0.8655 -0.1617
vn -0.5867 0.7633 -0.2705
vn -0.6861 0.7122 -0.1485
vn -0.4770 0.1517 -0.8657
vn -0.1716 0.3640 -0.9155
vn -0.0595 0.3299 -0.9422
vn -0.4408 0.1448 -0.8859
vn 0.1637 0.5271 -0.8339
vn 0.3327 0.4546 -0.8262
vn -0.2947 0.3621 -0.8843
vn -0.0216 0.5181 -0.8551
vn -0.5223 0.2624 -0.8114
vn -0.3867 0.3465 -0.8546
vn -0.0863 0.4078 -0.9090
vn -0.2859 0.2451 -0.9264
vn -0.0500 0.2751 -0.9601
vn -0.8651 0.4586 -0.2033
vn -0.6948 0.6678 -0.2670
vn -0.6289 0.6853 -0.3673
vn -0.7808 0.5088 -0.3626
vn -0.2753 0.8893 -0.3651
vn -0.2383 0.9288 -0.2839
vn 0.0365 0.9296 -0.3667
vn 0.0881 0.9441 -0.3176
vn -0.9191 0.3924 -0.0368
vn -0.7518 0.6397 -0.1599
vn -0.3099 0.8411 -0.4434
vn 0.0276 0.9232 -0.3832
vn -0.5159 0.6538 -0.5535
vn -0.3901 0.7115 -0.5844
vn -0.1299 0.5957 -0.7926
vn -0.3097 0.5782 -0.7548
vn -0.0610 0.7662 -0.6397
vn 0.0672 0.6206 -0.7813
vn 0.0624 0.5489 -0.8336
vn -0.2330 0.7357 -0.6360
vn -0.6763 0.6714 -0.3030
vn -0.5995 0.7391 -0.3072
vn -0.1901 0.8704 -0.4541
vn -0.4907 0.8039 -0.3361
vn -0.1395 0.5912 -0.7944
vn -0.2447 0.7150 -0.6550
vn -0.2708 0.4666 -0.8420
vn -0.4874 0.5440 -0.6830
vn -0.2905 0.5219 -0.8020
vn -0.5225 0.5477 -0.6535
vn -0.2728 0.5730 -0.7728
vn -0.5235 0.6203 -0.5841
vn -0.0374 0.4564 -0.8890
vn 0.0055 0.4681 -0.8837
vn -0.0325 0.3524 -0.9353
vn -0.0288 0.4415 -0.8968
vn -0.1025 0.3211 -0.9415
vn 0.0983 0.3182 -0.9429
vn 0.4081 0.2201 -0.8860
vn 0.2121 0.3063 -0.9280
vn 0.3062 0.2900 -0.9067
vn 0.4734 0.0980 -0.8754
vn 0.3088 0.1544 -0.9385
vn 0.2601 0.4044 -0.8768
vn 0.2224 0.4297 -0.8752
vn 0.1888 0.2893 -0.9384
vn -0.4070 0.3040 -0.8614
vn -0.2214 0.3815 -0.8975
vn 0.1184 0.4631 -0.8784
vn 0.2880 0.9353 -0.2053
vn -0.6958 0.7042 -0.1416
vn -0.8171 0.5613 -0.1316
vn -0.2066 0.9750 -0.0811
vn -0.2921 0.9397 -0.1779
vn 0.2234 0.9611 -0.1622
vn -0.1136 0.9933 0.0214
vn 0.3526 0.9344 -0.0507
vn 0.4934 0.8698 -0.0031
vn -0.3997 0.8112 0.4267
vn -0.0889 0.8077 0.5828
vn -0.7640 0.4058 0.5017
vn -0.8086 0.5105 0.2925
vn -0.8463 0.4945 0.1979
vn -0.8003 0.4371 0.4105
vn -0.8073 0.5864 0.0663
vn -0.8496 0.5269 -0.0248
vn -0.7058 0.5679 0.4234
vn -0.7164 0.6147 0.3299
vn -0.6875 0.5150 0.5120
vn -0.7092 0.6745 0.2051
vn -0.7100 0.6401 0.2936
vn -0.7702 0.6367 0.0360
vn -0.7668 0.5860 0.2619
vn -0.7925 0.6068 -0.0616
vn -0.8064 0.5493 0.2190
vn -0.7318 0.6533 -0.1939
vn -0.7133 0.6144 -0.3372
vn -0.7019 0.7032 0.1135
vn -0.4555 0.8414 0.2908
vn -0.6666 0.7416 -0.0750
vn -0.6467 0.7477 -0.1506
vn -0.6253 0.7596 -0.1790
vn -0.6672 0.7404 -0.0815
vn -0.5999 0.7980 -0.0576
vn -0.5815 0.8092 -0.0841
vn -0.3117 0.9132 0.2624
vn -0.4279 0.9036 -0.0175
vn -0.5621 0.8196 -0.1107
vn -0.6228 0.7492 -0.2255
vn -0.5760 0.7701 -0.2743
vn -0.3091 0.9509 0.0141
vn -0.5156 0.7751 -0.3652
vn -0.6285 0.7446 -0.2248
vn -0.6149 0.5222 -0.5909
vn -0.7870 0.5284 -0.3184
vn -0.6483 0.4578 -0.6083
vn -0.8356 0.4683 -0.2873
vn -0.3788 0.4617 -0.8021
vn -0.3714 0.3840 -0.8453
vn -0.3802 0.7793 -0.4981
vn -0.1909 0.9811 0.0330
vn -0.0592 0.9052 0.4208
vn 0.0807 0.8889 0.4510
vn 0.0722 0.7896 0.6093
vn 0.2335 0.7531 0.6151
vn -0.4096 0.1394 0.9016
vn -0.6530 0.3246 0.6843
vn -0.7389 0.2806 0.6126
vn -0.4468 0.1286 0.8853
vn -0.8062 0.4660 0.3646
vn -0.8959 0.3813 0.2279
vn -0.5537 0.3338 0.7629
vn -0.7100 0.4699 0.5245
vn -0.3492 0.2560 0.9014
vn -0.4731 0.3269 0.8181
vn -0.7035 0.3621 0.6115
vn -0.5817 0.2144 0.7847
vn -0.7539 0.2244 0.6175
vn 0.3214 0.5113 0.7970
vn 0.1490 0.7030 0.6954
vn 0.0282 0.7098 0.7038
vn 0.1399 0.5460 0.8260
vn -0.2026 0.8861 0.4169
vn -0.1644 0.9270 0.3370
vn -0.3962 0.9023 0.1698
vn -0.3900 0.9155 0.0986
vn 0.4918 0.4587 0.7401
vn 0.2707 0.6853 0.6761
vn -0.2392 0.8363 0.4933
vn -0.4033 0.8957 0.1871
vn -0.1846 0.6595 0.7287
vn -0.2904 0.7057 0.6463
vn -0.6021 0.5589 0.5702
vn -0.4617 0.5573 0.6901
vn -0.5382 0.7319 0.4178
vn -0.7147 0.5693 0.4064
vn -0.7467 0.4953 0.4440
vn -0.4285 0.7148 0.5526
vn 0.1090 0.7031 0.7027
vn 0.0531 0.7645 0.6425
vn -0.3228 0.8558 0.4042
vn -0.0415 0.8190 0.5722
vn -0.5972 0.5551 0.5790
vn -0.4345 0.6940 0.5740
vn -0.5441 0.4384 0.7154
vn -0.2943 0.5409 0.7880
vn -0.5056 0.4971 0.7052
vn -0.2500 0.5488 0.7977
vn -0.4979 0.5483 0.6719
vn -0.2012 0.6250 0.7543
vn -0.7217 0.4078 0.5593
vn -0.7445 0.4165 0.5218
vn -0.7518 0.3013 0.5865
vn -0.7317 0.3919 0.5577
vn -0.7115 0.2752 0.6466
vn -0.8339 0.2569 0.4884
vn -0.9676 0.1388 0.2108
vn -0.8900 0.2372 0.3895
vn -0.9286 0.2149 0.3024
vn -0.9877 0.0128 0.1559
vn -0.9431 0.0780 0.3233
vn -0.8875 0.3340 0.3176
vn -0.8656 0.3621 0.3458
vn -0.8826 0.2214 0.4148
vn -0.4623 0.2859 0.8394
vn -0.6102 0.3468 0.7123
vn -0.8082 0.4032 0.4293
vn -0.4214 0.8978 -0.1280
vn 0.2454 0.7462 0.6188
vn 0.3398 0.6138 0.7126
vn -0.0273 0.9820 0.1871
vn -0.0490 0.9479 0.3148
vn -0.3505 0.9308 -0.1038
vn -0.0042 0.9987 0.0505
vn -0.3382 0.9005 -0.2734
vn -0.3799 0.8281 -0.4122
vn -0.2968 0.9546 -0.0240
vn -0.5102 0.8189 -0.2628
vn 0.2485 0.9638 -0.0972
vn 0.2029 0.9696 0.1365
vn 0.2398 0.9434 0.2291
vn 0.2506 0.9681 0.0057
vn 0.1457 0.9204 0.3628
vn 0.2169 0.8709 0.4409
vn 0.0911 0.9958 0.0030
vn 0.0643 0.9924 0.1045
vn 0.1169 0.9883 -0.0984
vn 0.0154 0.9724 0.2326
vn 0.0413 0.9889 0.1428
vn 0.0835 0.9156 0.3934
vn 0.1194 0.9776 0.1732
vn 0.1196 0.8692 0.4798
vn 0.1730 0.9615 0.2136
vn 0.0427 0.8032 0.5942
vn 0.0563 0.7053 0.7066
vn -0.0111 0.9468 0.3216
vn -0.2806 0.9516 0.1251
vn -0.0649 0.8680 0.4923
vn -0.0839 0.8268 0.5562
vn -0.1077 0.8084 0.5787
vn -0.0637 0.8648 0.4980
vn -0.1517 0.8683 0.4723
vn -0.1729 0.8522 0.4938
vn -0.4327 0.8926 0.1270
vn -0.3471 0.8418 0.4135
vn -0.1941 0.8350 0.5149
vn -0.1023 0.7803 0.6170
vn -0.1504 0.7426 0.6526
vn -0.4638 0.8087 0.3618
vn -0.1970 0.6681 0.7175
vn -0.0951 0.7814 0.6167
vn 0.0512 0.4751 0.8784
vn 0.1695 0.7062 0.6874
vn 0.1204 0.4483 0.8857
vn 0.2467 0.7126 0.6568
vn -0.0726 0.1945 0.9782
vn -0.0226 0.1219 0.9923
vn -0.2959 0.5268 0.7968
vn -0.5678 0.7598 0.3167
vn -0.6021 0.7925 -0.0971
vn -0.6879 0.7049 -0.1727
vn -0.6096 0.7151 -0.3422
vn -0.6962 0.5905 -0.4083
vn 0.1948 0.7372 -0.6470
vn 0.2306 0.9187 -0.3205
vn 0.3214 0.9155 -0.2419
vn 0.2284 0.7474 -0.6239
vn 0.2337 0.9706 0.0576
vn 0.3557 0.9163 0.1842
vn 0.1553 0.8942 -0.4198
vn 0.1650 0.9795 -0.1159
vn 0.0692 0.7723 -0.6315
vn 0.1043 0.8615 -0.4969
vn 0.2384 0.9440 -0.2281
vn 0.2604 0.8457 -0.4658
vn 0.3721 0.8915 -0.2582
vn -0.5831 0.4580 -0.6710
vn -0.6006 0.6473 -0.4693
vn -0.5209 0.7330 -0.4374
vn -0.4807 0.6093 -0.6306
vn -0.4882 0.8710 -0.0545
vn -0.5449 0.8383 0.0178
vn -0.3666 0.9005 0.2338
vn -0.3811 0.8744 0.3002
vn -0.6651 0.2907 -0.6879
vn -0.6732 0.5495 -0.4949
vn -0.4264 0.8956 -0.1268
vn -0.3568 0.9083 0.2185
vn -0.3359 0.8487 -0.4084
vn -0.2958 0.9110 -0.2875
vn 0.0264 0.9860 -0.1647
vn -0.0695 0.9458 -0.3172
vn -0.1433 0.9897 0.0039
vn 0.0963 0.9951 0.0215
vn 0.1718 0.9848 -0.0242
vn -0.2066 0.9657 -0.1572
vn -0.5726 0.6763 -0.4634
vn -0.5780 0.7255 -0.3737
vn -0.3826 0.9238 -0.0145
vn -0.5514 0.7911 -0.2647
vn 0.0258 0.9842 -0.1752
vn -0.1873 0.9655 -0.1806
vn 0.0733 0.9342 -0.3492
vn -0.1739 0.8694 -0.4626
vn 0.0043 0.9423 -0.3348
vn -0.2105 0.8500 -0.4828
vn -0.0380 0.9556 -0.2921
vn -0.2995 0.8484 -0.4365
vn 0.2179 0.9624 -0.1619
vn 0.2274 0.9666 -0.1183
vn 0.3154 0.9258 -0.2082
vn 0.2364 0.9581 -0.1619
vn 0.3064 0.9090 -0.2827
vn 0.4037 0.9086 -0.1070
vn 0.5791 0.8012 0.1510
vn 0.4560 0.8899 -0.0059
vn 0.4982 0.8635 0.0783
vn 0.6827 0.7107 0.1700
vn 0.6064 0.7948 0.0239
vn 0.3844 0.9191 0.0867
vn 0.3493 0.9349 0.0626
vn 0.4624 0.8860 -0.0357
vn 0.1263 0.8376 -0.5315
vn 0.1850 0.9173 -0.3527
vn 0.2806 0.9596 -0.0187
vn -0.3485 0.7866 0.5097
vn -0.6996 0.5800 -0.4174
vn -0.6700 0.4753 -0.5703
vn -0.6813 0.7209 0.1268
vn -0.6407 0.7677 0.0081
vn -0.4214 0.7723 0.4753
vn -0.7107 0.6583 0.2481
vn -0.4099 0.6727 0.6160
vn -0.3303 0.5943 0.7333
vn 0.3625 0.9085 -0.2079
vn 0.1575 0.8603 -0.4849
vn 0.8003 0.5886 -0.1147
vn 0.7273 0.6801 0.0927
vn 0.7231 0.6629 0.1943
vn 0.7863 0.6177 -0.0169
vn 0.6128 0.7330 0.2952
vn 0.6233 0.6745 0.3956
vn 0.6812 0.7287 -0.0701
vn 0.6404 0.7678 0.0184
vn 0.7144 0.6817 -0.1578
vn 0.5677 0.8133 0.1274
vn 0.6137 0.7880 0.0482
vn 0.5565 0.7724 0.3061
vn 0.6615 0.7431 0.1017
vn 0.5404 0.7383 0.4035
vn 0.6856 0.7107 0.1577
vn 0.4205 0.7600 0.4956
vn 0.3508 0.7052 0.6162
vn 0.5158 0.8315 0.2064
vn 0.3465 0.9360 -0.0613
vn 0.3956 0.8449 0.3601
vn 0.3444 0.8400 0.4192
vn 0.3108 0.8450 0.4352
vn 0.3936 0.8432 0.3662
vn 0.3327 0.8888 0.3151
vn 0.3027 0.8939 0.3307
vn 0.1930 0.9762 -0.0992
vn 0.1766 0.9631 0.2033
vn 0.2721 0.8979 0.3461
vn 0.2908 0.8300 0.4760
vn 0.2244 0.8370 0.4992
vn 0.0758 0.9895 0.1227
vn 0.1313 0.8219 0.5543
vn 0.2972 0.8267 0.4778
vn 0.1749 0.5728 0.8008
vn 0.4418 0.6369 0.6318
vn 0.2103 0.5147 0.8312
vn 0.5105 0.5903 0.6252
vn -0.1104 0.4492 0.8866
vn -0.1190 0.3678 0.9223
vn -0.0457 0.7879 0.6140
vn -0.0262 0.9982 0.0536
vn 0.0411 0.9349 -0.3525
vn -0.0652 0.8951 -0.4412
vn 0.0314 0.8144 -0.5795
vn -0.0999 0.7485 -0.6556
vn 0.7177 0.2977 -0.6296
vn 0.7986 0.5050 -0.3274
vn 0.8525 0.4717 -0.2253
vn 0.7456 0.2927 -0.5986
vn 0.7656 0.6427 0.0270
vn 0.8035 0.5645 0.1892
vn 0.7433 0.5024 -0.4417
vn 0.7491 0.6431 -0.1591
vn 0.6399 0.4001 -0.6561
vn 0.6977 0.4854 -0.5268
vn 0.8037 0.5445 -0.2400
vn 0.8025 0.3930 -0.4489
vn 0.8796 0.4201 -0.2231
vn -0.0476 0.5122 -0.8575
vn 0.0193 0.7230 -0.6905
vn 0.1276 0.7535 -0.6450
vn 0.1168 0.5834 -0.8038
vn 0.1694 0.9432 -0.2859
vn 0.0928 0.9685 -0.2310
vn 0.2296 0.9731 0.0212
vn 0.1907 0.9782 0.0824
vn -0.2105 0.4231 -0.8813
vn -0.0920 0.6807 -0.7267
vn 0.2449 0.9086 -0.3384
vn 0.2447 0.9696 0.0088
vn 0.3357 0.7471 -0.5737
vn 0.3833 0.8048 -0.4532
vn 0.6552 0.7137 -0.2476
vn 0.5839 0.6965 -0.4170
vn 0.4970 0.8566 -0.1390
vn 0.6814 0.7301 -0.0509
vn 0.7413 0.6675 -0.0706
vn 0.4623 0.8314 -0.3083
vn 0.0576 0.7314 -0.6795
vn 0.0678 0.7965 -0.6009
vn 0.2759 0.9353 -0.2216
vn 0.1090 0.8613 -0.4962
vn 0.6555 0.7099 -0.2576
vn 0.4812 0.8142 -0.3248
vn 0.6923 0.5984 -0.4034
vn 0.4826 0.6576 -0.5785
vn 0.6416 0.6475 -0.4112
vn 0.4462 0.6578 -0.6068
vn 0.6097 0.6930 -0.3847
vn 0.3685 0.7189 -0.5893
vn 0.7875 0.5879 -0.1851
vn 0.7896 0.5972 -0.1414
vn 0.8482 0.4921 -0.1961
vn 0.7990 0.5740 -0.1792
vn 0.8442 0.4644 -0.2678
vn 0.8875 0.4552 -0.0719
vn 0.9104 0.3395 0.2362
vn 0.8983 0.4375 0.0416
vn 0.8995 0.4150 0.1368
vn 0.9311 0.2152 0.2945
vn 0.9502 0.2858 0.1245
vn 0.8447 0.5249 0.1050
vn 0.8316 0.5509 0.0700
vn 0.9060 0.4230 0.0156
vn 0.7062 0.4452 -0.5506
vn 0.7684 0.5211 -0.3714
vn 0.8085 0.5878 -0.0302
vn 0.1246 0.9459 0.2997
vn -0.1074 0.7398 -0.6642
vn -0.1217 0.6011 -0.7898
vn -0.1036 0.9822 -0.1567
vn -0.0225 0.9649 -0.2618
vn 0.0658 0.9669 0.2467
vn -0.1862 0.9815 -0.0442
vn -0.0115 0.9192 0.3937
vn -0.0193 0.8435 0.5367
vn -0.1430 0.9871 0.0715
vn -0.0976 0.9952 0.0101
vn -0.3580 0.7742 0.5219
vn -0.3009 0.8877 0.3485
vn -0.5533 0.8298 0.0734
vn -0.5390 0.8123 0.2228
vn -0.1230 0.9688 0.2150
vn -0.3889 0.9118 0.1319
vn -0.1328 0.6405 0.7564
vn 0.0040 0.8148 0.5797
vn 0.1427 0.9498 0.2786
vn -0.1187 0.9923 0.0340
vn -0.1656 0.9487 0.2693
vn -0.0020 0.9932 0.1168
vn -0.1568 0.5650 0.8100
vn -0.2090 0.6799 0.7029
vn -0.2513 0.7023 0.6660
vn -0.2092 0.6107 0.7638
vn -0.1711 0.9222 0.3469
vn -0.2234 0.9073 0.3561
vn -0.1465 0.9857 0.0837
vn -0.1035 0.5155 0.8506
vn -0.1655 0.6548 0.7375
vn -0.1171 0.9344 0.3363
vn 0.0931 0.9883 0.1206
vn 0.3058 0.8870 0.3461
vn 0.3075 0.8945 0.3246
vn -0.2008 0.9257 0.3204
vn -0.2306 0.9308 0.2837
vn 0.7524 0.5828 0.3069
vn 0.7370 0.6303 0.2442
vn 0.3277 0.9208 0.2117
vn 0.0690 0.9303 0.3601
vn 0.5583 0.8285 0.0434
vn -0.0252 0.9907 -0.1338
vn 0.2461 0.9300 0.2729
vn -0.3575 0.8831 0.3038
vn -0.3122 0.9196 0.2384
vn -0.4527 0.8909 0.0369
vn -0.4720 0.8789 0.0684
vn -0.1987 0.9730 0.1172
vn -0.3369 0.9414 0.0136
vn -0.1628 0.9830 -0.0854
vn -0.2054 0.9786 0.0124
vn -0.2184 0.8268 0.5183
vn -0.1513 0.8916 0.4267
vn -0.0540 0.9746 0.2174
vn -0.0820 0.9844 0.1556
vn -0.5624 0.7638 0.3167
vn -0.5278 0.7689 0.3610
vn -0.6222 0.6272 0.4685
vn -0.6712 0.6126 0.4173
vn -0.4916 0.7715 0.4039
vn -0.5699 0.6385 0.5173
vn -0.3244 0.9389 0.1148
vn -0.3601 0.9276 0.0995
vn -0.2882 0.9487 0.1298
vn -0.4439 0.8571 -0.2614
vn -0.1563 0.9873 0.0284
vn -0.7376 0.4954 0.4588
vn -0.7587 0.5807 0.2953
vn -0.7538 0.5916 0.2859
vn -0.8310 0.4812 0.2789
vn -0.6819 0.7137 -0.1601
vn -0.6881 0.6406 -0.3408
vn -0.6826 0.6610 -0.3116
vn -0.8058 0.4725 -0.3570
vn -0.8018 0.4188 -0.4263
vn -0.6762 0.6804 -0.2825
vn -0.8036 0.5226 -0.2849
vn -0.4081 0.9039 -0.1281
vn -0.4240 0.8938 -0.1460
vn -0.1746 0.9805 0.0902
vn -0.2018 0.9705 0.1316
vn -0.1651 0.9592 0.2294
vn -0.1473 0.9879 0.0491
vn -0.1756 0.8495 0.4975
vn -0.3919 0.9134 -0.1101
vn -0.0209 0.9992 0.0333
vn -0.2198 0.9459 0.2387
vn -0.3559 0.9274 -0.1154
vn -0.4031 0.9149 0.0216
vn -0.4783 0.8489 -0.2250
vn -0.5044 0.8569 -0.1067
vn -0.3011 0.9201 -0.2504
vn -0.4451 0.8284 -0.3400
vn 0.1906 0.9639 -0.1861
vn 0.0776 0.9683 -0.2375
vn -0.5390 0.7932 -0.2834
vn -0.4615 0.7758 -0.4303
vn -0.5397 0.6564 -0.5270
vn -0.6082 0.6845 -0.4018
vn -0.3714 0.7368 -0.5650
vn -0.4598 0.6144 -0.6412
vn -0.3151 0.9410 -0.1234
vn -0.2786 0.9367 -0.2122
vn -0.2393 0.9236 -0.2996
vn -0.2618 0.9588 -0.1103
vn -0.1824 0.9669 -0.1786
vn -0.3393 0.9398 -0.0397
vn -0.2370 0.9713 0.0225
vn -0.2539 0.9172 -0.3071
vn -0.4360 0.8932 -0.1103
vn -0.2662 0.7190 -0.6420
vn -0.2302 0.6781 -0.6980
vn -0.1667 0.5905 -0.7896
vn -0.2362 0.6800 -0.6942
vn -0.1920 0.6320 -0.7508
vn -0.0936 0.4881 -0.8678
vn -0.2195 0.9165 -0.3345
vn -0.0055 0.9113 -0.4117
vn -0.4236 0.8737 -0.2393
vn -0.4284 0.8960 -0.1166
vn 0.0961 0.9513 -0.2929
vn -0.0449 0.6427 -0.7648
vn 0.1174 0.5480 -0.8282
vn 0.2153 0.2254 -0.9502
vn 0.0356 0.3882 -0.9209
vn -0.2866 0.9241 -0.2529
vn -0.1100 0.9348 -0.3377
vn -0.2626 0.9477 -0.1813
vn -0.1059 0.9862 0.1272
vn 0.0690 0.9100 -0.4089
vn 0.2803 0.4274 -0.8595
vn 0.3821 0.0492 -0.9228
vn -0.7486 0.6026 0.2763
vn -0.8901 0.4472 0.0875
vn -0.4179 0.6381 0.6467
vn -0.3714 0.9276 -0.0408
vn -0.0826 0.9906 0.1090
vn -0.0783 0.9915 0.1041
vn 0.3698 0.8118 0.4519
vn 0.3011 0.8447 0.4425
vn 0.7942 0.4848 0.3662
vn 0.6476 0.6276 0.4321
vn 0.4682 0.4905 0.7350
vn 0.5942 0.4672 0.6547
vn 0.4882 0.7908 0.3691
vn 0.4874 0.6306 0.6040
vn 0.8961 0.4426 0.0323
vn 0.7356 0.6751 0.0556
vn 0.4516 0.8848 0.1145
vn 0.3291 0.8307 0.4491
vn 0.5465 0.7490 0.3746
vn 0.3651 0.8750 0.3179
vn 0.9331 0.3596 0.0024
vn 0.8835 0.4493 0.1324
vn 0.8702 0.4541 0.1912
vn 0.9207 0.3817 0.0819
vn 0.6116 0.7156 0.3373
vn 0.6337 0.6785 0.3716
vn 0.3817 0.8078 0.4492
vn 0.9390 0.3351 -0.0770
vn 0.8937 0.4428 0.0726
vn 0.5871 0.7513 0.3013
vn 0.3353 0.9122 0.2354
vn 0.4417 0.8943 -0.0724
vn 0.4236 0.9037 -0.0622
vn 0.5986 0.7082 0.3744
vn 0.5766 0.7031 0.4162
vn 0.1771 0.8230 -0.5398
vn 0.1379 0.8644 -0.4835
vn 0.3215 0.9467 -0.0225
vn 0.5452 0.8274 0.1349
vn 0.0677 0.9816 -0.1788
vn 0.1453 0.8861 0.4402
vn 0.4067 0.9132 0.0234
vn 0.6250 0.6027 0.4961
vn 0.5601 0.6614 0.4989
vn 0.4173 0.5928 0.6888
vn 0.4493 0.5706 0.6874
vn 0.4262 0.7704 0.4741
vn 0.3705 0.6910 0.6206
vn 0.2333 0.8141 0.5318
vn 0.3350 0.7822 0.5252
vn 0.7578 0.5936 0.2707
vn 0.6693 0.6896 0.2766
vn 0.4688 0.8261 0.3127
vn 0.4247 0.8284 0.3653
vn 0.6744 0.4047 0.6176
vn 0.7042 0.4204 0.5722
vn 0.7963 0.2422 0.5543
vn 0.7626 0.2125 0.6110
vn 0.7316 0.4347 0.5252
vn 0.8258 0.2708 0.4946
vn 0.4573 0.6849 0.5673
vn 0.4525 0.6604 0.5992
vn 0.4613 0.7081 0.5346
vn 0.1355 0.5944 0.7926
vn 0.3354 0.8101 0.4808
vn 0.7919 0.0746 0.6060
vn 0.6732 0.1569 0.7226
vn 0.6659 0.1696 0.7265
vn 0.6567 0.0377 0.7532
vn 0.2698 0.3521 0.8963
vn 0.0892 0.3010 0.9495
vn 0.1191 0.3189 0.9403
vn 0.0703 0.1006 0.9924
vn -0.0078 0.0609 0.9981
vn 0.1484 0.3362 0.9300
vn 0.1479 0.1395 0.9791
vn 0.2564 0.6394 0.7249
vn 0.2429 0.6251 0.7418
vn 0.3956 0.7902 0.4680
vn 0.4396 0.7655 0.4698
vn 0.5129 0.7624 0.3946
vn 0.3512 0.8127 0.4650
vn 0.7306 0.6347 0.2520
vn 0.2697 0.6534 0.7073
vn 0.2974 0.8799 0.3705
vn 0.5362 0.7255 0.4315
vn 0.2565 0.6822 0.6847
vn 0.3931 0.6375 0.6626
vn 0.1779 0.5685 0.8032
vn 0.2959 0.5531 0.7788
vn 0.1140 0.7125 0.6923
vn 0.0573 0.5756 0.8157
vn 0.0185 0.9620 0.2723
vn 0.0111 0.9210 0.3893
vn 0.1309 0.4975 0.8575
vn -0.0326 0.5298 0.8475
vn -0.1250 0.3979 0.9089
vn 0.0186 0.3811 0.9244
vn -0.1949 0.5473 0.8139
vn -0.2661 0.4063 0.8741
vn 0.2391 0.7131 0.6591
vn 0.1453 0.7336 0.6639
vn 0.0496 0.7474 0.6625
vn 0.2377 0.7512 0.6157
vn 0.1514 0.7998 0.5809
vn 0.3227 0.6935 0.6441
vn 0.3528 0.7609 0.5446
vn 0.0461 0.7360 0.6754
vn 0.2791 0.6160 0.7367
vn -0.3046 0.5850 0.7517
vn -0.3781 0.5695 0.7299
vn -0.5051 0.5278 0.6828
vn -0.3720 0.5682 0.7340
vn -0.4507 0.5501 0.7030
vn -0.6271 0.4758 0.6167
vn 0.0095 0.7530 0.6579
vn -0.1335 0.8499 0.5097
vn 0.1531 0.6161 0.7727
vn 0.2716 0.6224 0.7341
vn -0.0497 0.9192 0.3906
vn -0.5100 0.6257 0.5903
vn -0.6465 0.6186 0.4466
vn -0.8737 0.3851 0.2972
vn -0.7445 0.4486 0.4945
vn 0.1079 0.7227 0.6827
vn -0.0253 0.8179 0.5748
vn 0.1708 0.7476 0.6418
vn 0.4075 0.8221 0.3976
vn -0.1563 0.8813 0.4461
vn -0.7609 0.5855 0.2797
vn -0.9508 0.2986 0.0822
vn 0.6584 0.1826 0.7302
vn 0.4944 -0.0008 0.8692
vn 0.8919 0.3253 0.3143
vn 0.3293 0.6685 0.6668
vn 0.3844 0.8380 0.3873
vn 0.3787 0.8411 0.3861
vn 0.3760 0.8118 -0.4468
vn 0.3794 0.8447 -0.3775
vn 0.2134 0.4848 -0.8482
vn 0.3053 0.6276 -0.7162
vn 0.6360 0.4905 -0.5957
vn 0.5340 0.4672 -0.7047
vn 0.2727 0.7908 -0.5479
vn 0.5038 0.6306 -0.5904
vn -0.1335 0.4426 -0.8867
vn -0.0810 0.6751 -0.7333
vn 0.0292 0.8848 -0.4650
vn 0.3807 0.8307 -0.4063
vn 0.2674 0.7490 -0.6062
vn 0.2451 0.8750 -0.4174
vn -0.1697 0.3596 -0.9175
vn -0.0328 0.4493 -0.8928
vn 0.0275 0.4541 -0.8905
vn -0.0893 0.3817 -0.9200
vn 0.2188 0.7156 -0.6633
vn 0.2483 0.6785 -0.6913
vn 0.3711 0.8078 -0.4579
vn -0.2489 0.3351 -0.9087
vn -0.0934 0.4428 -0.8918
vn 0.1879 0.7513 -0.6326
vn 0.1695 0.9122 -0.3729
vn -0.1526 0.8943 -0.4207
vn -0.1392 0.9037 -0.4048
vn 0.2576 0.7082 -0.6574
vn 0.3028 0.7031 -0.6435
vn -0.5632 0.8230 -0.0746
vn -0.5006 0.8644 -0.0464
vn -0.0814 0.9467 -0.3118
vn 0.0321 0.8274 -0.5607
vn -0.1882 0.9816 -0.0335
vn 0.4058 0.8861 -0.2240
vn -0.0520 0.9132 -0.4041
vn 0.3723 0.6027 -0.7058
vn 0.3870 0.6614 -0.6425
vn 0.6000 0.5928 -0.5372
vn 0.5928 0.5706 -0.5683
vn 0.3874 0.7704 -0.5063
vn 0.5416 0.6910 -0.4786
vn 0.4797 0.8141 -0.3274
vn 0.4544 0.7822 -0.4262
vn 0.1263 0.5936 -0.7948
vn 0.1484 0.6896 -0.7088
vn 0.2209 0.8261 -0.5184
vn 0.2807 0.8284 -0.4848
vn 0.4826 0.4047 -0.7767
vn 0.4326 0.4204 -0.7976
vn 0.3979 0.2422 -0.8849
vn 0.4599 0.2125 -0.8622
vn 0.3813 0.4347 -0.8159
vn 0.3339 0.2708 -0.9029
vn 0.4732 0.6849 -0.5541
vn 0.5055 0.6605 -0.5553
vn 0.4403 0.7081 -0.5520
vn 0.7541 0.5944 -0.2794
vn 0.4108 0.8101 -0.4183
vn 0.4496 0.0746 -0.8901
vn 0.5861 0.1569 -0.7949
vn 0.5912 0.1696 -0.7885
vn 0.6192 0.0377 -0.7844
vn 0.8311 0.3521 -0.4305
vn 0.9167 0.3010 -0.2628
vn 0.9022 0.3189 -0.2905
vn 0.9625 0.1006 -0.2521
vn 0.9824 0.0609 -0.1764
vn 0.8867 0.3362 -0.3174
vn 0.9350 0.1395 -0.3259
vn 0.6651 0.6394 -0.3856
vn 0.6843 0.6251 -0.3755
vn 0.3870 0.7902 -0.4751
vn 0.3807 0.7655 -0.5187
vn 0.2932 0.7624 -0.5768
vn 0.3923 0.8127 -0.4309
vn 0.1129 0.6347 -0.7645
vn 0.6454 0.6534 -0.3956
vn 0.3093 0.8799 -0.3607
vn 0.3252 0.7255 -0.6065
vn 0.6257 0.6822 -0.3784
vn 0.5788 0.6375 -0.5086
vn 0.7566 0.5685 -0.3230
vn 0.7109 0.5531 -0.4344
vn 0.6594 0.7125 -0.2397
vn 0.7912 0.5756 -0.2067
vn 0.2642 0.9620 -0.0684
vn 0.3806 0.9210 -0.0827
vn 0.8187 0.4975 -0.2868
vn 0.8390 0.5298 -0.1243
vn 0.9164 0.3979 -0.0447
vn 0.9051 0.3811 -0.1888
vn 0.8359 0.5474 0.0415
vn 0.9082 0.4062 0.1003
vn 0.6037 0.7131 -0.3565
vn 0.6257 0.7336 -0.2653
vn 0.6420 0.7474 -0.1709
vn 0.5613 0.7512 -0.3472
vn 0.5430 0.7998 -0.2559
vn 0.5736 0.6936 -0.4359
vn 0.4702 0.7609 -0.4472
vn 0.6553 0.7360 -0.1698
vn 0.6726 0.6159 -0.4102
vn 0.7950 0.5850 0.1607
vn 0.7871 0.5695 0.2370
vn 0.7643 0.5278 0.3705
vn 0.7900 0.5682 0.2303
vn 0.7741 0.5501 0.3133
vn 0.7218 0.4759 0.5026
vn 0.6449 0.7530 -0.1307
vn 0.5256 0.8499 0.0372
vn 0.7312 0.6161 -0.2930
vn 0.6714 0.6224 -0.4023
vn 0.3931 0.9192 -0.0232
vn 0.6742 0.6257 0.3924
vn 0.5582 0.6186 0.5530
vn 0.4533 0.3851 0.8039
vn 0.6233 0.4486 0.6405
vn 0.6511 0.7227 -0.2319
vn 0.5696 0.8179 -0.0811
vn 0.5993 0.7476 -0.2862
vn 0.3156 0.8221 -0.4739
vn 0.4672 0.8812 0.0714
vn 0.4152 0.5856 0.6962
vn 0.2562 0.2986 0.9194
vn 0.5963 0.1826 -0.7817
vn 0.7631 -0.0008 -0.6462
vn 0.1444 0.3253 -0.9345
vn 0.5947 0.6685 -0.4466
vn 0.3098 0.8380 -0.4492
vn 0.3097 0.8411 -0.4434
vn -0.3837 0.8421 0.3790
vn -0.3876 0.9156 -0.1069
vn -0.5565 0.8065 0.1997
vn -0.4235 0.9038 0.0616
vn -0.5169 0.8051 -0.2909
vn -0.5748 0.8042 -0.1514
vn -0.2032 0.9790 0.0187
vn -0.3989 0.9007 -0.1721
vn -0.4693 0.7092 0.5262
vn -0.2641 0.8704 0.4154
vn 0.0010 0.9796 0.2012
vn -0.1140 0.9835 -0.1404
vn -0.2665 0.9626 0.0487
vn -0.0500 0.9987 -0.0133
vn -0.5162 0.6387 0.5705
vn -0.5109 0.7390 0.4391
vn -0.5308 0.7554 0.3843
vn -0.5403 0.6767 0.5003
vn -0.3082 0.9441 0.1170
vn -0.3586 0.9278 0.1024
vn -0.1619 0.9808 -0.1091
vn -0.4886 0.5963 0.6369
vn -0.4891 0.7198 0.4926
vn -0.2554 0.9578 0.1317
vn 0.1100 0.9926 -0.0508
vn -0.0526 0.9630 0.2643
vn -0.0383 0.9346 0.3537
vn 0.3609 0.9269 0.1029
vn 0.1422 0.9735 0.1792
vn 0.5585 0.8292 0.0214
vn 0.3275 0.9136 -0.2409
vn 0.2893 0.9539 0.0798
vn -0.4524 0.8918 -0.0035
vn -0.3814 0.9234 -0.0438
vn -0.4105 0.8669 -0.2828
vn -0.4426 0.8573 -0.2628
vn -0.2238 0.9692 -0.1028
vn -0.2971 0.9202 -0.2548
vn -0.0966 0.9595 -0.2646
vn -0.1803 0.9634 -0.1984
vn -0.4312 0.8651 0.2560
vn -0.3285 0.9231 0.1998
vn -0.1435 0.9883 0.0526
vn -0.1389 0.9902 -0.0159
vn -0.6401 0.7647 -0.0745
vn -0.6303 0.7761 -0.0201
vn -0.7653 0.6421 0.0461
vn -0.7845 0.6199 -0.0201
vn -0.6186 0.7849 0.0342
vn -0.7420 0.6609 0.1121
vn -0.3338 0.9290 -0.1600
vn -0.3581 0.9144 -0.1888
vn -0.3089 0.9420 -0.1310
vn -0.2624 0.8024 -0.5360
vn -0.1445 0.9761 -0.1623
vn -0.8634 0.5045 -0.0013
vn -0.8043 0.5711 -0.1642
vn -0.7955 0.5812 -0.1713
vn -0.8611 0.4671 -0.2010
vn -0.5211 0.6591 -0.5423
vn -0.4418 0.5672 -0.6951
vn -0.4506 0.5908 -0.6693
vn -0.5392 0.3928 -0.7450
vn -0.5033 0.3324 -0.7976
vn -0.4586 0.6134 -0.6430
vn -0.5709 0.4503 -0.6866
vn -0.2934 0.8646 -0.4079
vn -0.2991 0.8519 -0.4299
vn -0.1898 0.9749 -0.1161
vn -0.2334 0.9681 -0.0914
vn -0.2471 0.9689 0.0128
vn -0.1463 0.9793 -0.1401
vn -0.3835 0.8875 0.2553
vn -0.2875 0.8767 -0.3856
vn -0.0274 0.9950 -0.0960
vn -0.2999 0.9540 -0.0033
vn -0.2532 0.8918 -0.3750
vn -0.3594 0.8915 -0.2757
vn -0.3099 0.7964 -0.5193
vn -0.3887 0.8155 -0.4288
vn -0.1412 0.8731 -0.4666
vn -0.2266 0.7656 -0.6021
vn 0.2624 0.9471 -0.1849
vn 0.1870 0.9406 -0.2834
vn -0.3363 0.7320 -0.5925
vn -0.1990 0.7030 -0.6827
vn -0.2231 0.5705 -0.7904
vn -0.3424 0.6083 -0.7161
vn -0.0562 0.6545 -0.7539
vn -0.0991 0.5207 -0.8480
vn -0.2133 0.9065 -0.3645
vn -0.1393 0.8946 -0.4246
vn -0.0635 0.8743 -0.4812
vn -0.1724 0.9281 -0.3300
vn -0.0701 0.9328 -0.3535
vn -0.2741 0.9129 -0.3024
vn -0.2129 0.9556 -0.2036
vn -0.0729 0.8665 -0.4939
vn -0.3264 0.8545 -0.4041
vn 0.0727 0.6339 -0.7700
vn 0.1306 0.5890 -0.7975
vn 0.2292 0.4955 -0.8378
vn 0.1235 0.5911 -0.7971
vn 0.1889 0.5396 -0.8205
vn 0.3298 0.3891 -0.8601
vn -0.2549 0.7898 -0.5579
vn -0.2542 0.7554 -0.6040
vn -0.2548 0.8222 -0.5090
vn -0.3168 0.8570 -0.4064
vn -0.5934 0.7795 -0.2007
vn -0.6871 0.1143 0.7175
vn -0.4333 0.1736 0.8844
vn -0.3735 0.0602 0.9257
vn -0.6410 -0.0017 0.7675
vn -0.6792 0.5307 0.5069
vn -0.4513 0.5672 0.6889
vn -0.6081 0.7789 0.1533
vn -0.1929 0.7732 0.6041
vn -0.1907 0.5555 0.8094
vn -0.1384 0.2161 0.9665
vn -0.0685 0.1160 0.9909
vn -0.7864 0.5914 -0.1786
vn -0.8232 0.4103 -0.3924
vn -0.6690 0.6815 0.2967
vn 0.1463 0.9689 -0.1994
vn -0.1175 0.9914 -0.0576
vn -0.1114 0.9920 -0.0601
vn 0.0681 0.9973 0.0257
vn 0.3058 0.9143 0.2657
vn -0.4649 0.8802 0.0958
vn -0.4206 0.8967 -0.1377
vn -0.4500 0.8628 -0.2304
vn -0.4674 0.8840 -0.0071
vn -0.3524 0.8623 -0.3636
vn -0.4098 0.7979 -0.4421
vn -0.3186 0.9479 -0.0035
vn -0.2912 0.9509 -0.1048
vn -0.3426 0.9344 0.0977
vn -0.2383 0.9429 -0.2327
vn -0.2678 0.9528 -0.1430
vn -0.2905 0.8720 -0.3939
vn -0.3410 0.9238 -0.1739
vn -0.3145 0.8187 -0.4805
vn -0.3892 0.8958 -0.2146
vn -0.2238 0.7724 -0.5945
vn -0.2138 0.6742 -0.7069
vn -0.2062 0.9242 -0.3215
vn 0.0539 0.9909 -0.1235
vn -0.1346 0.8602 -0.4919
vn -0.1063 0.8245 -0.5558
vn -0.0788 0.8122 -0.5781
vn -0.1351 0.8568 -0.4977
vn -0.0504 0.8805 -0.4714
vn -0.0260 0.8697 -0.4928
vn 0.2155 0.9685 -0.1246
vn 0.1456 0.8997 -0.4115
vn -0.0012 0.8579 -0.5138
vn -0.0773 0.7836 -0.6164
vn -0.0216 0.7581 -0.6518
vn 0.2664 0.8944 -0.3592
vn 0.0413 0.6965 -0.7164
vn -0.0846 0.7830 -0.6162
vn -0.1547 0.4516 -0.8787
vn -0.3242 0.6489 -0.6884
vn -0.2158 0.4095 -0.8864
vn -0.4010 0.6373 -0.6581
vn 0.0310 0.2072 -0.9778
vn -0.0008 0.1251 -0.9921
vn 0.1706 0.5819 -0.7951
vn 0.3786 0.8708 -0.3135
vn 0.4023 0.9100 0.1004
vn 0.5056 0.8445 0.1765
vn 0.4261 0.8361 0.3457
vn 0.5387 0.7348 0.4122
vn -0.3633 0.6715 0.6459
vn -0.4383 0.8402 0.3192
vn -0.5255 0.8162 0.2401
vn -0.3982 0.6736 0.6226
vn -0.4512 0.8905 -0.0589
vn -0.5567 0.8096 -0.1862
vn -0.3599 0.8337 0.4189
vn -0.3874 0.9147 0.1149
vn -0.2491 0.7346 0.6311
vn -0.3032 0.8135 0.4963
vn -0.4512 0.8631 0.2268
vn -0.4513 0.7621 0.4643
vn -0.5694 0.7812 0.2561
vn 0.4579 0.5794 0.6742
vn 0.4323 0.7679 0.4727
vn 0.3351 0.8330 0.4403
vn 0.3236 0.7030 0.6333
vn 0.2735 0.9602 0.0573
vn 0.3367 0.9415 -0.0147
vn 0.1500 0.9611 -0.2318
vn 0.1705 0.9392 -0.2980
vn 0.5762 0.4355 0.6916
vn 0.5254 0.6895 0.4986
vn 0.2073 0.9697 0.1292
vn 0.1386 0.9664 -0.2165
vn 0.1286 0.9028 0.4103
vn 0.0758 0.9543 0.2891
vn -0.2543 0.9530 0.1645
vn -0.1526 0.9359 0.3176
vn -0.0891 0.9960 -0.0031
vn -0.3234 0.9460 -0.0221
vn -0.3947 0.9185 0.0232
vn -0.0229 0.9871 0.1583
vn 0.3984 0.7896 0.4666
vn 0.3927 0.8389 0.3769
vn 0.1588 0.9872 0.0167
vn 0.3524 0.8967 0.2678
vn -0.2534 0.9514 0.1751
vn -0.0417 0.9825 0.1817
vn -0.2890 0.8915 0.3488
vn -0.0341 0.8854 0.4636
vn -0.2237 0.9154 0.3348
vn 0.0058 0.8750 0.4840
vn -0.1854 0.9382 0.2923
vn 0.0930 0.8941 0.4381
vn -0.4352 0.8859 0.1606
vn -0.4451 0.8878 0.1170
vn -0.5218 0.8277 0.2064
vn -0.4521 0.8774 0.1606
vn -0.5096 0.8132 0.2810
vn -0.6032 0.7907 0.1048
vn -0.7476 0.6460 -0.1542
vn -0.6493 0.7605 0.0033
vn -0.6837 0.7252 -0.0811
vn -0.8274 0.5340 -0.1739
vn -0.7735 0.6333 -0.0273
vn -0.5858 0.8055 -0.0888
vn -0.5554 0.8291 -0.0646
vn -0.6547 0.7552 0.0331
vn -0.3193 0.7851 0.5307
vn -0.3938 0.8493 0.3516
vn -0.4947 0.8689 0.0171
vn 0.1601 0.8465 -0.5077
vn 0.5444 0.7253 0.4213
vn 0.5390 0.6164 0.5740
vn 0.4971 0.8589 -0.1229
vn 0.4461 0.8950 -0.0045
vn 0.2343 0.8494 -0.4730
vn 0.5408 0.8050 -0.2441
vn 0.2468 0.7500 -0.6137
vn 0.1881 0.6555 -0.7314
vn 0.0489 0.9988 -0.0060
vn 0.0130 0.8324 -0.5540
vn -0.0237 0.8899 -0.4555
vn -0.1883 0.9092 0.3713
vn -0.2560 0.9647 0.0618
vn -0.2945 0.9550 0.0348
vn -0.3914 0.9149 -0.0987
vn -0.4511 0.8925 0.0027
vn -0.3139 0.9444 -0.0975
vn -0.3729 0.9040 -0.2091
vn -0.3833 0.9226 0.0427
vn -0.3993 0.9149 -0.0590
vn -0.4057 0.8513 0.3325
vn -0.4057 0.8514 0.3325
vn -0.2960 0.7677 0.5684
vn -0.2083 0.7065 0.6763
vn -0.2083 0.7065 0.6764
vn -0.0970 0.9926 0.0728
vn -0.2673 0.9474 0.1760
vn -0.4277 0.8619 0.2726
vn -0.3123 0.9493 0.0344
vn -0.2194 0.9521 0.2131
vn -0.3501 0.9200 0.1762
vn -0.4111 0.7456 0.5246
vn -0.2257 0.9042 0.3627
vn -0.2654 0.9232 0.2780
vn -0.4781 0.7707 0.4212
vn -0.0209 0.9853 0.1697
vn -0.0305 0.9933 0.1110
vn -0.2151 0.8568 -0.4686
vn -0.1325 0.9909 0.0229
vn -0.4202 0.8165 -0.3960
vn -0.4071 0.9023 -0.1417
vn -0.1833 0.9429 -0.2781
vn -0.3717 0.8818 0.2903
vn -0.1490 0.7497 0.6448
vn 0.0398 0.8895 0.4551
vn -0.1201 0.9892 0.0835
vn 0.0896 0.5801 0.8096
vn 0.1935 0.7102 0.6769
vn 0.2887 0.8082 0.5134
vn 0.2243 0.9482 0.2248
vn 0.1437 0.9808 -0.1315
vn 0.0487 0.9183 -0.3929
vn -0.2559 0.9503 0.1776
vn -0.1142 0.9934 0.0088
vn -0.0953 0.8757 0.4734
vn 0.0508 0.9754 0.2147
vn 0.0168 0.8206 0.5713
vn 0.1242 0.9551 0.2691
vn 0.2167 0.9740 -0.0656
vn 0.1903 0.9798 -0.0616
vn 0.0323 0.9867 -0.1594
vn -0.1868 0.9496 -0.2518
vn -0.1049 0.9940 0.0313
vn 0.0292 0.9340 -0.3560
vn 0.2817 0.8910 0.3561
vn 0.3577 0.9274 -0.1092
vn 0.5283 0.6985 0.4827
vn 0.5968 0.7996 0.0663
vn 0.5530 0.7501 -0.3626
vn 0.3548 0.7628 -0.5405
vn 0.1560 0.7193 -0.6770
vn 0.0984 0.9864 -0.1320
vn 0.1176 0.9284 -0.3524
vn 0.3144 0.9453 -0.0865
vn 0.2778 0.9043 -0.3242
vn 0.2245 0.8094 -0.5427
vn 0.1305 0.8247 -0.5504
vn 0.0478 0.7426 -0.6680
vn 0.4804 0.7306 -0.4852
vn 0.4426 0.8316 -0.3355
vn -0.2587 0.8918 0.3710
vn -0.3113 0.9138 0.2611
vn 0.3969 0.8744 0.2792
vn 0.2341 0.9630 0.1334
vn 0.3056 0.9428 0.1333
vn 0.2196 0.9747 -0.0419
vn 0.2643 0.9606 0.0856
vn 0.1970 0.9746 -0.1068
vn 0.1214 0.9478 -0.2949
vn 0.1249 0.9684 -0.2157
vn 0.0579 0.9981 -0.0202
vn -0.0245 0.9811 0.1919
vn -0.4060 0.9136 -0.0245
vn -0.4220 0.8834 0.2037
vn -0.4978 0.8584 0.1237
vn -0.4595 0.8793 -0.1256
vn 0.1064 0.9612 0.2547
vn -0.0650 0.9979 0.0007
vn -0.1286 0.9164 -0.3790
vn -0.0958 0.8274 -0.5534
vn -0.0959 0.8274 -0.5534
vn -0.1405 0.7403 -0.6574
vn -0.1520 0.8978 -0.4134
vn -0.1520 0.8977 -0.4135
vn -0.2028 0.8567 0.4743
vn -0.0166 0.9998 0.0090
vn -0.3056 0.9521 -0.0054
vn -0.6167 0.7129 -0.3337
vn -0.2933 0.8991 -0.3248
vn -0.1102 0.7437 -0.6594
vn -0.4367 0.5589 -0.7049
vn -0.3437 0.4605 -0.8184
vn -0.0001 0.6659 -0.7461
vn -0.5705 0.8211 -0.0195
vn -0.6476 0.5677 -0.5082
vn -0.3476 0.8109 -0.4708
vn -0.3732 0.7468 -0.5505
vn -0.5683 0.4569 -0.6844
vn -0.4114 0.8576 -0.3087
vn -0.0409 0.9554 -0.2925
vn 0.0073 0.9323 -0.3615
vn -0.5322 0.3386 -0.7759
vn -0.4075 0.6413 -0.6502
vn -0.7184 0.6368 -0.2801
vn -0.4003 0.7395 -0.5412
vn -0.3933 0.7727 -0.4982
vn -0.0770 0.8779 -0.4725
vn -0.1254 0.8557 -0.5021
vn -0.2829 0.9268 -0.2468
vn 0.1017 0.9585 -0.2662
vn -0.6389 0.5564 -0.5312
vn -0.6658 0.5810 -0.4681
vn -0.6288 0.7541 -0.1897
vn -0.5600 0.6955 -0.4502
vn -0.6898 0.6721 -0.2691
vn -0.6559 0.7267 -0.2043
vn -0.5369 0.7627 -0.3607
vn -0.3266 0.9242 -0.1980
vn 0.0677 0.9601 -0.2713
vn 0.2295 0.8221 -0.5210
vn 0.3436 0.7610 -0.5503
vn -0.1255 0.9323 -0.3391
vn -0.2326 0.8651 -0.4444
vn -0.3956 0.7682 -0.5033
vn -0.4023 0.6840 -0.6086
vn -0.5042 0.7826 0.3651
vn -0.4157 0.8063 0.4208
vn 0.1121 0.9916 -0.0642
vn 0.5424 0.8109 -0.2197
vn -0.0797 0.8964 0.4361
vn -0.2981 0.9100 0.2883
vn -0.4033 0.8731 0.2741
vn -0.1810 0.9011 0.3939
vn -0.4962 0.8599 0.1200
vn -0.5996 0.7886 0.1365
vn -0.1178 0.9648 0.2350
vn -0.2007 0.9673 0.1552
vn -0.0335 0.9497 0.3115
vn -0.3077 0.9487 0.0725
vn -0.2239 0.9633 0.1482
vn -0.5025 0.8634 0.0449
vn -0.2930 0.9343 0.2031
vn -0.6001 0.7994 0.0281
vn -0.3596 0.9049 0.2278
vn -0.6765 0.7268 -0.1184
vn -0.7753 0.6070 -0.1747
vn -0.3891 0.9212 -0.0058
vn -0.0306 0.9825 -0.1839
vn -0.5442 0.8224 -0.1657
vn -0.5968 0.7703 -0.2249
vn -0.6077 0.7488 -0.2644
vn -0.5504 0.8178 -0.1679
vn -0.4816 0.8402 -0.2490
vn -0.4911 0.8218 -0.2887
vn 0.0554 0.9272 -0.3704
vn -0.3118 0.8396 -0.4448
vn -0.4997 0.8015 -0.3283
vn -0.6441 0.7109 -0.2822
vn -0.6545 0.6668 -0.3564
vn -0.1811 0.8125 -0.5541
vn -0.5778 0.6378 -0.5093
vn -0.5301 0.7646 -0.3666
vn -0.7450 0.4795 -0.4637
vn -0.6778 0.6670 -0.3093
vn -0.7679 0.4604 -0.4455
vn -0.7319 0.6150 -0.2933
vn -0.7649 0.2622 -0.5883
vn -0.7666 0.2835 -0.5761
vn -0.6035 0.4802 -0.6365
vn -0.0615 0.7560 -0.6517
vn 0.4114 0.8023 -0.4324
vn 0.5402 0.6887 -0.4836
vn 0.6680 0.6878 -0.2841
vn 0.7678 0.5393 -0.3458
vn 0.4656 0.6769 0.5700
vn 0.1358 0.8548 0.5009
vn 0.0136 0.8409 0.5411
vn 0.4277 0.6855 0.5892
vn -0.2209 0.9082 0.3555
vn -0.4033 0.8297 0.3859
vn 0.2698 0.8368 0.4764
vn -0.0180 0.9268 0.3752
vn 0.5204 0.7130 0.4699
vn 0.3860 0.7976 0.4634
vn 0.0542 0.8772 0.4770
vn 0.2699 0.7741 0.5726
vn 0.0190 0.8109 0.5849
vn 0.2715 0.9133 -0.3036
vn 0.3367 0.8740 -0.3503
vn 0.3766 0.8276 -0.4162
vn 0.2998 0.9387 -0.1704
vn 0.2265 0.9001 -0.3722
vn 0.2248 0.7419 -0.6317
vn 0.2380 0.8704 -0.4310
vn 0.2952 0.9124 -0.2834
vn 0.2076 0.9747 -0.0823
vn -0.0519 0.9231 -0.3811
vn 0.2750 0.9377 0.2121
vn 0.2290 0.9588 0.1680
vn 0.2551 0.9505 0.1776
vn 0.4557 0.8724 0.1766
vn -0.0040 0.9946 0.1033
vn -0.0157 0.9914 0.1303
vn 0.0230 0.9746 0.2227
vn 0.1490 0.9799 0.1326
vn 0.0838 0.9673 0.2395
vn 0.2030 0.9663 0.1584
vn 0.0079 0.9971 0.0758
vn 0.2716 0.9616 0.0392
vn 0.1233 0.9594 0.2536
vn 0.2516 0.9641 0.0849
vn 0.2720 0.8797 0.3901
vn 0.5170 0.8278 0.2178
vn 0.2950 0.8967 0.3299
vn 0.5573 0.8084 0.1898
vn 0.2829 0.9190 0.2746
vn 0.5703 0.8166 0.0889
vn 0.0055 0.8990 0.4380
vn -0.0406 0.9042 0.4252
vn 0.0013 0.8501 0.5267
vn -0.0084 0.9127 0.4086
vn 0.0743 0.8329 0.5484
vn -0.1309 0.8261 0.5481
vn -0.4498 0.7045 0.5491
vn -0.2612 0.7987 0.5421
vn -0.3460 0.7752 0.5286
vn -0.5043 0.6197 0.6014
vn -0.3438 0.7035 0.6221
vn -0.3202 0.8354 0.4468
vn -0.2832 0.8547 0.4351
vn -0.2331 0.7954 0.5595
vn 0.4014 0.7724 0.4923
vn 0.2034 0.8515 0.4832
vn -0.1682 0.8887 0.4265
vn 0.5025 0.8450 -0.1830
vn 0.3351 0.8862 -0.3200
vn 0.4147 0.8977 -0.1488
vn 0.6236 0.7735 -0.1136
vn -0.0364 0.8408 -0.5402
vn 0.0774 0.9209 -0.3820
vn -0.2966 0.7384 -0.6057
vn 0.3690 0.8957 -0.2480
vn 0.2428 0.8425 -0.4808
vn -0.1489 0.7229 -0.6747
vn -0.4701 0.6015 -0.6459
vn -0.6346 0.4887 -0.5987
vn 0.4609 0.5540 0.6933
vn 0.8694 0.3572 0.3415
vn 0.8048 0.4423 0.3958
vn 0.0411 0.8270 0.5607
vn 0.3597 0.7845 0.5052
vn 0.3761 0.8022 0.4637
vn 0.3924 0.8431 0.3677
vn 0.4984 0.7591 0.4187
vn 0.4871 0.7806 0.3917
vn 0.5630 0.7765 0.2830
vn 0.3470 0.8533 0.3892
vn 0.4325 0.8377 0.3334
vn 0.0555 0.8948 0.4431
vn 0.0555 0.8947 0.4431
vn -0.1826 0.8145 0.5507
vn -0.2987 0.7353 0.6083
vn -0.2988 0.7353 0.6083
vn 0.3759 0.6810 0.6285
vn 0.2496 0.8091 0.5320
vn 0.1116 0.9042 0.4124
vn 0.3724 0.8125 0.4485
vn 0.2227 0.7835 0.5802
vn 0.2300 0.8567 0.4616
vn -0.1633 0.8801 0.4459
vn 0.0677 0.7942 0.6039
vn 0.1482 0.8166 0.5578
vn -0.0658 0.9230 0.3791
vn 0.2929 0.6402 0.7102
vn 0.3479 0.6388 0.6862
vn 0.7854 0.5672 0.2478
vn 0.4164 0.6959 0.5851
vn 0.6855 0.7181 0.1205
vn 0.4995 0.8173 0.2872
vn 0.6578 0.6375 0.4011
vn 0.1096 0.8769 0.4680
vn -0.2462 0.7080 0.6619
vn 0.0013 0.6020 0.7985
vn 0.3629 0.6992 0.6159
vn -0.4492 0.4611 0.7652
vn -0.2638 0.4278 0.8645
vn -0.0663 0.3750 0.9246
vn 0.2479 0.4417 0.8622
vn 0.5722 0.4415 0.6911
vn 0.7681 0.4177 0.4854
vn 0.2503 0.8024 0.5418
vn 0.4316 0.6801 0.5926
vn -0.0325 0.7021 0.7114
vn 0.2546 0.5893 0.7668
vn -0.1350 0.6054 0.7844
vn 0.2032 0.5331 0.8213
vn 0.5168 0.3963 0.7589
vn 0.5136 0.4210 0.7477
vn 0.5903 0.5245 0.6136
vn 0.6372 0.6502 0.4138
vn 0.4127 0.6783 0.6079
vn 0.7408 0.4505 0.4982
vn 0.1102 0.3936 0.9127
vn 0.5462 0.2499 0.7995
vn -0.0686 0.1181 0.9906
vn 0.3527 0.0298 0.9353
vn 0.7076 -0.0642 0.7037
vn 0.8546 0.0554 0.5163
vn 0.9394 0.1516 0.3074
vn 0.5714 0.4796 0.6660
vn 0.7425 0.3798 0.5518
vn 0.5307 0.2990 0.7931
vn 0.7200 0.2484 0.6480
vn 0.8667 0.1830 0.4641
vn 0.8725 0.2628 0.4119
vn 0.9329 0.2509 0.2583
vn 0.8015 -0.0479 0.5961
vn 0.7110 0.0755 0.6991
vn 0.0519 0.8143 0.5782
vn 0.1551 0.8426 0.5158
vn 0.1806 0.2772 0.9437
vn 0.3365 0.4219 0.8418
vn 0.3335 0.3547 0.8735
vn 0.4963 0.3998 0.7706
vn 0.3804 0.3862 0.8403
vn 0.5520 0.4023 0.7304
vn 0.7005 0.4016 0.5900
vn 0.6398 0.4293 0.6375
vn 0.4740 0.5434 0.6928
vn 0.2710 0.6455 0.7140
vn 0.4007 0.8500 0.3421
vn 0.1830 0.8968 0.4028
vn 0.2364 0.9220 0.3066
vn 0.4704 0.8477 0.2453
vn 0.2172 0.5472 0.8083
vn 0.4450 0.6429 0.6234
vn 0.7400 0.5565 0.3778
vn 0.7400 0.5564 0.3778
vn 0.8574 0.4383 0.2697
vn 0.9067 0.3972 0.1421
vn 0.7602 0.5555 0.3369
vn 0.9066 0.3972 0.1421
vn -0.0510 0.7739 0.6312
vn 0.4426 0.6086 0.6586
vn 0.4096 0.7999 0.4387
vn 0.5669 0.8224 -0.0476
vn 0.6703 0.6857 0.2839
vn 0.9125 0.3754 0.1627
vn 0.8420 0.5070 -0.1844
vn 0.9061 0.3509 -0.2365
vn 0.9635 0.2243 0.1459
vn 0.3406 0.9231 0.1787
vn 0.6536 0.7200 -0.2333
vn 0.7554 0.6416 0.1328
vn 0.7951 0.6050 0.0422
vn 0.7665 0.5526 -0.3272
vn 0.6273 0.7557 0.1881
vn 0.6882 0.5318 0.4936
vn 0.7431 0.4651 0.4811
vn 0.7974 0.4335 -0.4197
vn 0.8330 0.5459 -0.0894
vn 0.4763 0.8679 -0.1411
vn 0.7813 0.6237 0.0240
vn 0.7587 0.6479 0.0676
vn 0.8100 0.4724 0.3475
vn 0.8221 0.4897 0.2903
vn 0.6144 0.7120 0.3400
vn 0.6782 0.4297 0.5961
vn 0.6696 0.7013 -0.2445
vn 0.6225 0.7511 -0.2200
vn 0.4566 0.8892 0.0296
vn 0.0118 0.8386 0.5446
vn 0.1202 0.8725 0.4737
vn 0.2979 0.8418 0.4502
vn 0.1800 0.8605 0.4766
vn 0.2780 0.9096 0.3088
vn 0.6806 0.4557 0.5737
vn 0.8536 0.1917 0.4844
vn 0.8615 0.0607 0.5040
vn 0.7121 0.5726 0.4063
vn 0.7662 0.5912 0.2520
vn 0.0589 0.8663 0.4960
vn -0.0968 0.7898 0.6057
vn -0.0128 0.9373 0.3482
vn -0.0441 0.8959 0.4421
vn 0.0404 0.9990 -0.0196
vn -0.0096 0.9969 -0.0779
vn 0.4325 0.8425 0.3212
vn 0.2760 0.9381 0.2091
vn -0.0477 0.9142 0.4024
vn 0.1012 0.9000 0.4239
vn 0.1847 0.9828 -0.0047
vn 0.0454 0.9690 0.2428
vn 0.7103 0.6808 0.1788
vn 0.5681 0.8227 -0.0212
vn 0.3049 0.9209 -0.2430
vn 0.0092 0.9986 -0.0520
vn 0.2284 0.9722 0.0514
vn 0.1155 0.9825 -0.1464
vn 0.7572 0.6126 0.2266
vn 0.6415 0.7307 0.2335
vn 0.5963 0.7587 0.2623
vn 0.7007 0.6648 0.2589
vn 0.3029 0.9498 0.0781
vn 0.3004 0.9445 0.1328
vn 0.0516 0.9986 -0.0135
vn 0.8084 0.5562 0.1927
vn 0.6847 0.6998 0.2036
vn 0.3044 0.9523 0.0218
vn 0.1399 0.9616 -0.2361
vn 0.4063 0.8336 -0.3741
vn 0.3857 0.8399 -0.3818
vn 0.2706 0.9575 0.1003
vn 0.2282 0.9662 0.1201
vn 0.4651 0.4564 -0.7585
vn 0.4006 0.5035 -0.7655
vn 0.2800 0.8583 -0.4301
vn 0.3683 0.9173 -0.1512
vn 0.1660 0.7219 -0.6718
vn -0.1342 0.9749 -0.1778
vn 0.3220 0.8836 -0.3401
vn 0.2200 0.9417 0.2546
vn 0.1661 0.9675 0.1907
vn -0.0613 0.9559 0.2872
vn -0.0347 0.9486 0.3147
vn 0.0728 0.9963 0.0461
vn -0.0586 0.9850 0.1621
vn -0.1171 0.9925 -0.0338
vn -0.0309 0.9991 0.0290
vn 0.4596 0.8703 0.1771
vn 0.3850 0.9193 0.0816
vn 0.2023 0.9767 -0.0715
vn 0.1357 0.9889 -0.0597
vn 0.1876 0.8597 0.4752
vn 0.2384 0.8604 0.4505
vn 0.3224 0.7409 0.5892
vn 0.2616 0.7331 0.6278
vn 0.2882 0.8583 0.4245
vn 0.3814 0.7448 0.5475
vn 0.0429 0.9841 0.1723
vn 0.0202 0.9785 0.2053
vn 0.0655 0.9881 0.1391
vn -0.3505 0.9103 0.2203
vn -0.0045 0.9999 -0.0162
vn 0.2874 0.6305 0.7210
vn 0.1234 0.7122 0.6911
vn 0.1154 0.7217 0.6825
vn 0.0914 0.6260 0.7744
vn -0.3039 0.8134 0.4959
vn -0.4818 0.7359 0.4757
vn -0.4520 0.7562 0.4731
vn -0.5236 0.5900 0.6146
vn -0.5905 0.5339 0.6052
vn -0.4222 0.7752 0.4699
vn -0.4526 0.6415 0.6193
vn -0.2125 0.9551 0.2066
vn -0.2335 0.9472 0.2198
vn 0.0517 0.9985 0.0159
vn 0.0862 0.9949 0.0527
vn 0.1896 0.9810 0.0404
vn 0.0176 0.9996 -0.0205
vn 0.4487 0.8845 0.1275
vn -0.1913 0.9623 0.1932
vn 0.0299 0.9886 -0.1473
vn 0.1866 0.9776 0.0974
vn -0.1886 0.9697 0.1551
vn -0.0653 0.9705 0.2320
vn -0.3225 0.9094 0.2627
vn -0.2127 0.9260 0.3119
vn -0.3084 0.9483 0.0745
vn -0.4275 0.8794 0.2096
vn -0.1381 0.9097 -0.3917
vn -0.2130 0.9315 -0.2949
vn -0.3929 0.8628 0.3181
vn -0.5192 0.8271 0.2151
vn -0.6310 0.7194 0.2902
vn -0.5238 0.7633 0.3781
vn -0.6311 0.7684 0.1063
vn -0.7250 0.6602 0.1961
vn -0.1875 0.9759 0.1117
vn -0.2662 0.9622 0.0583
vn -0.3429 0.9394 0.0039
vn -0.1630 0.9848 0.0602
vn -0.2123 0.9767 -0.0322
vn -0.1112 0.9819 0.1532
vn -0.0280 0.9976 0.0628
vn -0.3534 0.9353 0.0175
vn -0.2012 0.9499 0.2390
vn -0.6833 0.7301 -0.0083
vn -0.7302 0.6816 -0.0478
vn -0.8058 0.5812 -0.1132
vn -0.7277 0.6846 -0.0415
vn -0.7734 0.6278 -0.0878
vn -0.8663 0.4650 -0.1824
vn -0.3727 0.9277 -0.0213
vn -0.4012 0.8833 -0.2427
vn -0.3244 0.9240 0.2027
vn -0.2057 0.9512 0.2299
vn -0.2630 0.9096 -0.3217
vn -0.7549 0.6126 -0.2340
vn -0.7815 0.4894 -0.3871
vn -0.8797 0.1506 -0.4510
vn -0.8901 0.3427 -0.3005
vn -0.3077 0.9496 0.0594
vn -0.3518 0.9270 -0.1304
vn -0.2325 0.9714 0.0476
vn 0.1029 0.9938 -0.0431
vn -0.3821 0.8693 -0.3134
vn -0.7766 0.3417 -0.5292
vn -0.8168 -0.0504 -0.5747
vn 0.1071 0.7314 0.6735
vn -0.1084 0.5956 0.7959
vn 0.5409 0.7232 0.4294
vn -0.1193 0.9753 0.1860
vn 0.0903 0.9934 -0.0702
vn 0.0863 0.9934 -0.0755
vn 0.0505 0.9890 -0.1390
vn 0.0846 0.8799 -0.4676
vn 0.4272 0.8706 0.2441
vn 0.2186 0.9101 0.3520
vn 0.1619 0.8859 0.4346
vn 0.3487 0.8848 0.3091
vn -0.0027 0.8979 0.4401
vn -0.0331 0.8422 0.5381
vn 0.2639 0.9465 0.1858
vn 0.1680 0.9594 0.2265
vn 0.3568 0.9231 0.1431
vn 0.0347 0.9638 0.2643
vn 0.1238 0.9649 0.2315
vn -0.0640 0.9100 0.4096
vn 0.1430 0.9399 0.3100
vn -0.1207 0.8659 0.4855
vn 0.1390 0.9166 0.3748
vn -0.2693 0.8304 0.4878
vn -0.3705 0.7439 0.5562
vn -0.0559 0.9538 0.2952
vn -0.0577 0.9977 -0.0355
vn -0.2381 0.9066 0.3485
vn -0.3081 0.8772 0.3681
vn -0.3435 0.8669 0.3612
vn -0.2425 0.9038 0.3526
vn -0.2729 0.9239 0.2684
vn -0.3055 0.9151 0.2631
vn -0.1604 0.9740 -0.1601
vn -0.3461 0.9351 0.0764
vn -0.3380 0.9052 0.2576
vn -0.3764 0.8424 0.3856
vn -0.4405 0.8200 0.3655
vn -0.3806 0.9234 -0.0502
vn -0.5317 0.8075 0.2554
vn -0.3824 0.8857 0.2634
vn -0.6035 0.6829 0.4116
vn -0.4158 0.8140 0.4056
vn -0.6027 0.6653 0.4405
vn -0.4348 0.7738 0.4607
vn -0.7592 0.5165 0.3961
vn -0.7463 0.5300 0.4027
vn -0.6701 0.7026 0.2394
vn -0.4162 0.8942 -0.1648
vn -0.1046 0.8913 -0.4411
vn -0.1140 0.8175 -0.5645
vn 0.0668 0.7929 -0.6057
vn 0.0415 0.6843 -0.7280
vn 0.7788 0.6066 -0.1599
vn 0.5824 0.8081 0.0883
vn 0.5729 0.7930 0.2072
vn 0.7824 0.6115 -0.1184
vn 0.2987 0.8962 0.3280
vn 0.2588 0.8296 0.4948
vn 0.6111 0.7908 -0.0341
vn 0.3967 0.9022 0.1691
vn 0.7010 0.6698 -0.2448
vn 0.6350 0.7624 -0.1249
vn 0.5198 0.8403 0.1538
vn 0.6981 0.7159 0.0145
vn 0.6101 0.7570 0.2342
vn 0.1239 0.8420 -0.5251
vn 0.0723 0.8542 -0.5148
vn -0.0544 0.7603 -0.6473
vn 0.0497 0.7302 -0.6814
vn -0.0588 0.9134 -0.4028
vn -0.3239 0.7684 -0.5520
vn -0.2553 0.9628 -0.0882
vn -0.3166 0.9480 -0.0330
vn 0.1928 0.9181 -0.3464
vn 0.1951 0.9117 -0.3616
vn 0.2132 0.9547 -0.2078
vn -0.1387 0.9896 -0.0369
vn 0.3066 0.8557 -0.4169
vn 0.2484 0.9196 -0.3044
vn 0.3557 0.9341 0.0314
vn 0.4109 0.9006 -0.1415
vn 0.2022 0.9780 0.0504
vn 0.2522 0.9465 0.2010
vn 0.3298 0.9153 0.2311
vn 0.2098 0.9664 -0.1487
vn 0.1750 0.7348 -0.6553
vn 0.1121 0.7928 -0.5991
vn 0.1430 0.9834 -0.1120
vn 0.0561 0.8618 -0.5042
vn 0.3632 0.9314 0.0243
vn 0.2394 0.9596 -0.1480
vn 0.5166 0.8547 -0.0506
vn 0.4478 0.8346 -0.3208
vn 0.4669 0.8792 -0.0949
vn 0.4382 0.8218 -0.3641
vn 0.4117 0.9058 -0.1003
vn 0.3498 0.8445 -0.4055
vn 0.4599 0.8694 0.1804
vn 0.4321 0.8758 0.2150
vn 0.5451 0.8078 0.2243
vn 0.4697 0.8611 0.1943
vn 0.5948 0.7858 0.1697
vn 0.5135 0.7820 0.3533
vn 0.3902 0.6654 0.6363
vn 0.4606 0.7626 0.4541
vn 0.4134 0.7363 0.5356
vn 0.4162 0.5568 0.7189
vn 0.5045 0.6403 0.5792
vn 0.3526 0.8161 0.4579
vn 0.3544 0.8367 0.4175
vn 0.4868 0.7544 0.4404
vn 0.6698 0.7308 -0.1315
vn 0.5808 0.8134 0.0328
vn 0.3835 0.8675 0.3168
vn -0.4342 0.8917 0.1280
vn 0.1003 0.8968 -0.4308
vn -0.0457 0.9407 -0.3362
vn 0.1061 0.9335 -0.3426
vn 0.1932 0.8390 -0.5086
vn -0.3203 0.9371 -0.1385
vn -0.1657 0.9728 -0.1619
vn -0.4517 0.8908 0.0493
vn 0.0056 0.9385 -0.3452
vn -0.1962 0.9262 -0.3221
vn -0.4669 0.8773 -0.1115
vn -0.5757 0.8066 0.1342
vn -0.6402 0.7238 0.2573
vn -0.0336 0.9437 -0.3290
vn 0.0159 0.9618 -0.2732
vn -0.4240 0.6800 -0.5981
vn -0.2678 0.8081 -0.5247
vn 0.0573 0.7172 -0.6945
vn -0.0916 0.6971 -0.7111
vn -0.1779 0.9239 -0.3388
vn -0.0367 0.8245 -0.5647
vn -0.7041 0.5790 -0.4111
vn -0.5625 0.7810 -0.2715
vn -0.3003 0.9491 -0.0951
vn -0.0026 0.9545 -0.2983
vn -0.2212 0.8946 -0.3881
vn -0.1098 0.9726 -0.2051
vn -0.7511 0.4986 -0.4327
vn -0.6346 0.6065 -0.4791
vn -0.5889 0.6226 -0.5154
vn -0.6940 0.5361 -0.4805
vn -0.2956 0.8647 -0.4061
vn -0.2928 0.8407 -0.4556
vn -0.0447 0.9412 -0.3348
vn -0.8030 0.4576 -0.3818
vn -0.6782 0.5881 -0.4407
vn -0.2975 0.8866 -0.3542
vn -0.1350 0.9843 -0.1140
vn -0.4034 0.9132 0.0572
vn -0.3828 0.9217 0.0624
vn -0.2631 0.8640 -0.4293
vn -0.2205 0.8651 -0.4505
vn -0.4679 0.6933 0.5481
vn -0.4031 0.7396 0.5389
vn -0.2773 0.9553 0.1023
vn -0.3630 0.9141 -0.1806
vn -0.1662 0.9110 0.3775
vn 0.1396 0.9754 -0.1707
vn -0.3184 0.9479 0.0088
vn -0.2114 0.7954 -0.5681
vn -0.1579 0.8416 -0.5165
vn 0.0702 0.7963 -0.6008
vn 0.0438 0.7800 -0.6243
vn -0.0655 0.9184 -0.3901
vn 0.0667 0.8671 -0.4937
vn 0.1237 0.9420 -0.3120
vn 0.0381 0.9266 -0.3740
vn -0.4521 0.7563 -0.4729
vn -0.3780 0.8351 -0.3996
vn -0.1960 0.9415 -0.2742
vn -0.1293 0.9486 -0.2889
vn -0.1778 0.6417 -0.7460
vn -0.2288 0.6511 -0.7237
vn -0.3126 0.4913 -0.8130
vn -0.2516 0.4703 -0.8459
vn -0.2789 0.6584 -0.6991
vn -0.3719 0.5097 -0.7758
vn -0.0347 0.8631 -0.5039
vn -0.0117 0.8462 -0.5327
vn -0.0575 0.8785 -0.4744
vn 0.3585 0.7757 -0.5194
vn 0.0113 0.9432 -0.3321
vn -0.2774 0.3418 -0.8979
vn -0.1130 0.4282 -0.8966
vn -0.1050 0.4401 -0.8918
vn -0.0810 0.3182 -0.9446
vn 0.3135 0.5893 -0.7446
vn 0.4906 0.5230 -0.6970
vn 0.4610 0.5430 -0.7019
vn 0.5325 0.3377 -0.7762
vn 0.5989 0.2881 -0.7472
vn 0.4312 0.5620 -0.7058
vn 0.4619 0.3847 -0.7992
vn 0.2208 0.8230 -0.5234
vn 0.2418 0.8109 -0.5328
vn -0.0447 0.9310 -0.3623
vn -0.0788 0.9149 -0.3958
vn -0.1824 0.9066 -0.3806
vn -0.0108 0.9445 -0.3282
vn -0.4415 0.7868 -0.4312
vn 0.1995 0.8345 -0.5136
vn -0.0241 0.9783 -0.2057
vn -0.1790 0.8835 -0.4328
vn 0.1966 0.8547 -0.4804
vn 0.0739 0.8292 -0.5541
vn 0.3309 0.7602 -0.5591
vn 0.2216 0.7591 -0.6120
vn 0.3155 0.8622 -0.3963
vn 0.4353 0.7501 -0.4979
vn 0.1414 0.9886 0.0526
vn 0.2171 0.9751 -0.0450
vn 0.4014 0.6970 -0.5942
vn 0.5267 0.6988 -0.4840
vn 0.6383 0.5713 -0.5159
vn 0.5320 0.5824 -0.6146
vn 0.6372 0.6812 -0.3604
vn 0.7311 0.5482 -0.4062
vn 0.1952 0.8755 -0.4420
vn 0.2733 0.8809 -0.3863
vn 0.3495 0.8781 -0.3267
vn 0.1703 0.9019 -0.3970
vn 0.2188 0.9262 -0.3071
vn 0.1192 0.8671 -0.4837
vn 0.0355 0.9135 -0.4052
vn 0.3601 0.8696 -0.3378
vn 0.2097 0.8069 -0.5521
vn 0.6883 0.6849 -0.2392
vn 0.7345 0.6529 -0.1848
vn 0.8090 0.5812 -0.0879
vn 0.7321 0.6536 -0.1918
vn 0.7771 0.6162 -0.1282
vn 0.8681 0.4961 0.0180
vn 0.3789 0.8759 -0.2987
vn 0.4054 0.9110 -0.0753
vn 0.3324 0.7947 -0.5079
vn 0.2141 0.8113 -0.5440
vn 0.2668 0.9637 -0.0118
vn 0.7573 0.6529 0.0140
vn 0.7818 0.5904 0.2006
vn 0.8772 0.2946 0.3792
vn 0.8901 0.4224 0.1714
vn 0.3147 0.8687 -0.3826
vn 0.3572 0.9132 -0.1963
vn 0.2397 0.8935 -0.3799
vn -0.0963 0.9472 -0.3058
vn 0.3857 0.9226 -0.0044
vn 0.7748 0.5013 0.3851
vn 0.8120 0.1492 0.5643
vn -0.0968 0.4522 -0.8867
vn 0.1188 0.2815 -0.9522
vn -0.5325 0.5310 -0.6591
vn 0.1275 0.8494 -0.5121
vn -0.0839 0.9563 -0.2802
vn -0.0800 0.9581 -0.2751
vn -0.2272 0.9701 -0.0850
vn -0.4091 0.8902 0.2006
vn -0.3435 0.7441 -0.5729
vn -0.1151 0.8116 -0.5727
vn -0.0222 0.7905 -0.6120
vn -0.2452 0.7664 -0.5937
vn 0.1202 0.8330 -0.5400
vn 0.2019 0.7746 -0.5994
vn -0.2417 0.8552 -0.4584
vn -0.1406 0.8821 -0.4497
vn -0.3401 0.8190 -0.4621
vn -0.0079 0.9079 -0.4190
vn -0.1008 0.8953 -0.4338
vn 0.1559 0.8596 -0.4866
vn -0.0749 0.8594 -0.5058
vn 0.2478 0.8196 -0.5165
vn -0.0362 0.8308 -0.5553
vn 0.3803 0.8131 -0.4408
vn 0.5113 0.7411 -0.4352
vn 0.0864 0.9123 -0.4002
vn -0.1712 0.9818 -0.0819
vn 0.5377 0.6863 -0.4897
vn 0.5817 0.6430 -0.4982
vn 0.7334 0.4457 -0.5133
vn 0.6723 0.4984 -0.5474
vn 0.1912 0.9498 -0.2477
vn 0.2827 0.9412 -0.1850
vn -0.1051 0.9847 0.1392
vn 0.2372 0.9698 0.0561
vn 0.3754 0.9195 -0.1163
vn 0.6236 0.5969 -0.5048
vn 0.7890 0.3895 -0.4752
vn 0.2209 0.9751 0.0215
vn 0.4908 0.8642 -0.1112
vn 0.3579 0.9112 -0.2040
vn 0.6452 0.7405 -0.1882
vn 0.4664 0.8333 -0.2970
vn 0.6611 0.7202 -0.2102
vn 0.5150 0.7921 -0.3278
vn 0.7899 0.6092 -0.0699
vn 0.7806 0.6193 -0.0842
vn 0.6133 0.7897 -0.0120
vn 0.2258 0.9686 0.1044
vn -0.1795 0.9693 0.1682
vn -0.1755 0.9636 0.2015
vn -0.3804 0.9010 0.2083
vn -0.3469 0.9119 0.2195
vn -0.8174 0.4600 -0.3467
vn -0.5476 0.6692 -0.5023
vn -0.4779 0.6443 -0.5970
vn -0.8002 0.4599 -0.3850
vn -0.1942 0.7852 -0.5880
vn -0.0684 0.7110 -0.6999
vn -0.6318 0.6592 -0.4078
vn -0.3587 0.7884 -0.4997
vn -0.8008 0.5451 -0.2480
vn -0.6946 0.6360 -0.3362
vn -0.4648 0.7060 -0.5344
vn -0.6731 0.5646 -0.4777
vn -0.4920 0.5993 -0.6315
vn -0.4673 0.8514 0.2380
vn -0.4194 0.8722 0.2517
vn -0.3668 0.8179 0.4432
vn -0.4695 0.7722 0.4281
vn -0.2576 0.9437 0.2076
vn -0.0888 0.8676 0.4893
vn 0.0633 0.9977 0.0228
vn 0.1453 0.9894 0.0076
vn -0.4453 0.8946 0.0377
vn -0.4541 0.8895 0.0508
vn -0.3972 0.9125 -0.0977
vn -0.0139 0.9965 -0.0820
vn -0.5710 0.8191 0.0550
vn -0.4719 0.8813 -0.0253
vn -0.3965 0.8412 -0.3676
vn -0.5270 0.8154 -0.2396
vn -0.2606 0.9114 -0.3183
vn -0.2240 0.8560 -0.4659
vn -0.2718 0.8077 -0.5232
vn -0.3659 0.9186 -0.1490
vn -0.5643 0.7501 0.3448
vn -0.4888 0.8132 0.3160
vn -0.2922 0.9443 -0.1515
vn -0.4010 0.8816 0.2490
vn -0.4063 0.8378 -0.3647
vn -0.3902 0.9063 -0.1626
vn -0.5665 0.7412 -0.3600
vn -0.6412 0.7619 -0.0914
vn -0.5490 0.7791 -0.3026
vn -0.6533 0.7556 -0.0474
vn -0.5075 0.8161 -0.2763
vn -0.6010 0.7988 0.0265
vn -0.4034 0.7432 -0.5338
vn -0.3630 0.7512 -0.5513
vn -0.4472 0.6623 -0.6011
vn -0.4039 0.7318 -0.5489
vn -0.5146 0.6369 -0.5740
vn -0.3522 0.6301 -0.6920
vn -0.0908 0.5114 -0.8545
vn -0.2541 0.6112 -0.7496
vn -0.1696 0.5863 -0.7921
vn -0.0590 0.3920 -0.9181
vn -0.2145 0.4708 -0.8558
vn -0.1657 0.6836 -0.7108
vn -0.1900 0.7075 -0.6807
vn -0.2825 0.5995 -0.7489
vn -0.7241 0.5992 -0.3415
vn -0.5747 0.6803 -0.4549
vn -0.2691 0.7422 -0.6138
vn 0.1392 0.9902 -0.0077
vn -0.5021 0.8181 0.2803
vn -0.5959 0.7316 0.3311
vn -0.0462 0.9626 0.2669
vn -0.1519 0.9713 0.1830
vn 0.1816 0.9825 0.0410
vn 0.0625 0.9356 0.3475
vn 0.2218 0.9724 0.0717
vn 0.2342 0.9703 0.0609
vn -0.2576 0.9070 0.3332
vn -0.2584 0.9304 0.2601
vn -0.1293 0.6189 0.7747
vn -0.2050 0.7533 0.6249
vn -0.5534 0.6456 0.5263
vn -0.4526 0.6241 0.6368
vn -0.1556 0.8866 0.4356
vn -0.4043 0.7652 0.5010
vn 0.2101 0.5373 0.8168
vn 0.1844 0.7517 0.6332
vn 0.0960 0.9358 0.3393
vn -0.2609 0.9206 0.2905
vn -0.1544 0.8527 0.4991
vn -0.1204 0.9480 0.2947
vn 0.2361 0.4552 0.8585
vn 0.1113 0.5578 0.8225
vn 0.0522 0.5702 0.8199
vn 0.1593 0.4877 0.8583
vn -0.1091 0.8213 0.5600
vn -0.1426 0.7925 0.5930
vn -0.2531 0.9039 0.3447
vn 0.3112 0.4196 0.8527
vn 0.1706 0.5433 0.8220
vn -0.0746 0.8481 0.5245
vn -0.0417 0.9686 0.2451
vn 0.2764 0.9152 0.2931
vn 0.2640 0.9242 0.2761
vn -0.1487 0.8182 0.5553
vn -0.1945 0.8172 0.5425
vn 0.6661 0.7446 -0.0423
vn 0.6088 0.7897 -0.0756
vn 0.2100 0.9613 0.1784
vn 0.0880 0.8927 0.4420
vn 0.3139 0.9439 -0.1026
vn -0.2829 0.9537 0.1024
vn 0.1787 0.9448 0.2746
vn -0.2749 0.7363 0.6183
vn -0.2834 0.7872 0.5477
vn -0.5059 0.7334 0.4540
vn -0.5008 0.7149 0.4879
vn -0.2729 0.8759 0.3979
vn -0.4367 0.8144 0.3822
vn -0.3630 0.9066 0.2151
vn -0.3397 0.8854 0.3172
vn -0.0301 0.7071 0.7064
vn -0.0416 0.7927 0.6082
vn -0.1004 0.9104 0.4013
vn -0.1602 0.9159 0.3680
vn -0.4081 0.5658 0.7165
vn -0.3560 0.5775 0.7347
vn -0.3425 0.4098 0.8454
vn -0.4084 0.3856 0.8274
vn -0.3029 0.5873 0.7506
vn -0.2749 0.4319 0.8590
vn -0.3679 0.8096 0.4574
vn -0.4030 0.7900 0.4621
vn -0.3323 0.8278 0.4520
vn -0.6644 0.7203 0.1993
vn -0.2930 0.9061 0.3053
vn -0.4153 0.2527 0.8739
vn -0.5422 0.3384 0.7691
vn -0.5458 0.3507 0.7610
vn -0.5906 0.2242 0.7752
vn -0.7685 0.5128 0.3827
vn -0.8639 0.4511 0.2241
vn -0.8465 0.4706 0.2489
vn -0.9353 0.2589 0.2413
vn -0.9620 0.2122 0.1719
vn -0.8283 0.4892 0.2731
vn -0.9014 0.3035 0.3089
vn -0.5680 0.7673 0.2979
vn -0.5890 0.7543 0.2900
vn -0.2707 0.8911 0.3643
vn -0.2666 0.8719 0.4108
vn -0.1790 0.8652 0.4683
vn -0.2741 0.9078 0.3174
vn -0.0122 0.7416 0.6707
vn -0.5464 0.7797 0.3057
vn -0.1848 0.9535 0.2381
vn -0.2147 0.8372 0.5030
vn -0.5235 0.8031 0.2846
vn -0.4797 0.7707 0.4194
vn -0.6693 0.7011 0.2460
vn -0.6234 0.6950 0.3583
vn -0.5563 0.8185 0.1433
vn -0.7053 0.6968 0.1302
vn -0.1363 0.9887 -0.0628
vn -0.2567 0.9656 -0.0424
vn -0.7408 0.6346 0.2203
vn -0.7605 0.6470 0.0550
vn -0.8561 0.5167 -0.0052
vn -0.8437 0.5182 0.1397
vn -0.7591 0.6413 -0.1116
vn -0.8504 0.5043 -0.1501
vn -0.4982 0.8276 0.2586
vn -0.5195 0.8383 0.1655
vn -0.5362 0.8412 0.0702
vn -0.4516 0.8583 0.2439
vn -0.4293 0.8912 0.1467
vn -0.4690 0.8152 0.3397
vn -0.3576 0.8693 0.3411
vn -0.5509 0.8316 0.0708
vn -0.5778 0.7485 0.3254
vn -0.7165 0.6568 -0.2351
vn -0.7124 0.6302 -0.3086
vn -0.6983 0.5682 -0.4352
vn -0.7154 0.6302 -0.3018
vn -0.7039 0.5991 -0.3816
vn -0.6660 0.4938 -0.5591
vn -0.5392 0.8416 0.0296
vn -0.4124 0.8984 -0.1507
vn -0.6386 0.7404 0.2096
vn -0.5760 0.7536 0.3168
vn -0.2707 0.9574 -0.1010
vn -0.5969 0.6496 -0.4708
vn -0.4866 0.6057 -0.6296
vn -0.4186 0.3286 -0.8466
vn -0.5751 0.4354 -0.6926
vn -0.5469 0.8263 0.1341
vn -0.4574 0.8888 -0.0288
vn -0.4911 0.8514 0.1842
vn -0.1958 0.9129 0.3582
vn -0.3513 0.9170 -0.1891
vn -0.3525 0.5351 -0.7677
vn -0.2370 0.2023 -0.9502
vn -0.5493 0.3632 0.7525
vn -0.7415 0.1866 0.6445
vn -0.0794 0.4649 0.8818
vn -0.4929 0.7949 0.3539
vn -0.1886 0.9244 0.3317
vn -0.1882 0.9266 0.3255
vn -0.1552 0.8968 -0.4144
vn -0.6312 0.7660 -0.1219
vn -0.5347 0.8320 -0.1480
vn 0.2886 0.9038 -0.3160
vn 0.0159 0.9859 -0.1664
vn 0.0051 0.9927 -0.1202
vn -0.0810 0.9964 0.0262
vn 0.0366 0.9982 0.0485
vn -0.1101 0.9926 -0.0515
vn -0.1887 0.9805 0.0547
vn 0.0469 0.9983 -0.0351
vn -0.0414 0.9990 0.0184
vn 0.3339 0.9378 -0.0948
vn 0.5275 0.8141 -0.2428
vn 0.6064 0.7217 -0.3339
vn -0.0315 0.9481 -0.3164
vn 0.1284 0.9730 -0.1919
vn 0.2841 0.9570 -0.0582
vn 0.0115 0.9947 -0.1026
vn 0.1460 0.9577 -0.2480
vn 0.1603 0.9808 -0.1111
vn 0.5286 0.8403 -0.1205
vn 0.2939 0.9142 -0.2791
vn 0.2259 0.9486 -0.2216
vn 0.4518 0.8914 -0.0351
vn 0.0340 0.9097 -0.4138
vn -0.0185 0.9218 -0.3873
vn -0.4776 0.8780 0.0323
vn -0.0657 0.9613 -0.2674
vn -0.3351 0.9216 0.1958
vn -0.1140 0.9917 0.0599
vn -0.3224 0.9417 -0.0964
vn 0.2790 0.9528 -0.1199
vn 0.5512 0.7381 -0.3891
vn 0.2919 0.7938 -0.5335
vn -0.0132 0.9540 -0.2994
vn 0.6464 0.4853 -0.5889
vn 0.4701 0.5651 -0.6780
vn 0.2726 0.6193 -0.7363
vn 0.0070 0.7774 -0.6290
vn -0.3018 0.8443 -0.4428
vn -0.5047 0.8283 -0.2432
vn 0.1256 0.9710 -0.2033
vn -0.0853 0.9566 -0.2787
vn 0.3565 0.8346 -0.4198
vn 0.0528 0.8715 -0.4876
vn 0.4170 0.7381 -0.5303
vn 0.0813 0.8229 -0.5624
vn -0.2643 0.8081 -0.5264
vn -0.2523 0.8238 -0.5075
vn -0.2908 0.8944 -0.3399
vn -0.2976 0.9488 -0.1056
vn -0.0676 0.9531 -0.2951
vn -0.4658 0.8500 -0.2459
vn 0.1174 0.7002 -0.7042
vn -0.3465 0.7098 -0.6133
vn 0.1774 0.4238 -0.8882
vn -0.2471 0.4950 -0.8330
vn -0.6252 0.4730 -0.6209
vn -0.7253 0.5659 -0.3920
vn -0.7791 0.6070 -0.1565
vn -0.2877 0.8674 -0.4061
vn -0.4917 0.8096 -0.3205
vn -0.3131 0.7431 -0.5914
vn -0.5166 0.7234 -0.4582
vn -0.6892 0.6605 -0.2978
vn -0.6666 0.7121 -0.2204
vn -0.7372 0.6713 -0.0763
vn -0.7121 0.4856 -0.5071
vn -0.5733 0.5912 -0.5673
vn 0.3145 0.9159 -0.2493
vn 0.2270 0.9585 -0.1727
vn 0.0090 0.6402 -0.7681
vn -0.0834 0.7883 -0.6096
vn -0.1051 0.7413 -0.6629
vn -0.2433 0.8072 -0.5378
vn -0.1378 0.7747 -0.6171
vn -0.2961 0.8170 -0.4948
vn -0.4420 0.8251 -0.3519
vn -0.3722 0.8416 -0.3915
vn -0.1714 0.8927 -0.4167
vn 0.0564 0.9070 -0.4173
vn -0.0069 0.9999 0.0120
vn 0.2152 0.9755 -0.0460
vn 0.1697 0.9838 0.0570
vn -0.0782 0.9911 0.1073
vn 0.0731 0.8358 -0.5442
vn -0.1102 0.9412 -0.3194
vn -0.4314 0.8970 -0.0964
vn -0.5931 0.8047 -0.0274
vn -0.6632 0.7441 0.0812
vn -0.4531 0.8897 -0.0570
vn -0.4531 0.8897 -0.0569
vn -0.6631 0.7441 0.0812
vn 0.3964 0.8600 -0.3214
vn -0.1191 0.9236 -0.3644
vn -0.0282 0.9951 -0.0949
vn -0.1966 0.9040 0.3796
vn -0.3227 0.9460 0.0308
vn -0.6757 0.7351 0.0549
vn -0.5828 0.6962 0.4190
vn -0.7069 0.5705 0.4181
vn -0.7834 0.6211 0.0217
vn 0.0660 0.9805 0.1852
vn -0.3293 0.7855 0.5239
vn -0.4285 0.8886 0.1633
vn -0.4855 0.8411 0.2382
vn -0.5055 0.6547 0.5620
vn -0.2622 0.9546 0.1412
vn -0.3858 0.8966 -0.2173
vn -0.4633 0.8573 -0.2246
vn -0.5872 0.5331 0.6090
vn -0.5527 0.7594 0.3433
vn -0.1021 0.8739 0.4753
vn -0.4667 0.8451 0.2606
vn -0.4335 0.8722 0.2265
vn -0.5309 0.8425 -0.0919
vn -0.5390 0.8417 -0.0315
vn -0.2573 0.9662 -0.0169
vn -0.4101 0.8424 -0.3496
vn -0.3522 0.7720 0.5291
vn -0.2875 0.8044 0.5198
vn -0.0639 0.9446 0.3219
vn -0.3219 0.8671 0.3802
vn -0.1062 0.8948 0.4336
vn -0.0646 0.9304 0.3607
vn -0.2554 0.9183 0.3026
vn -0.1967 0.9805 0.0036
vn -0.4034 0.8575 -0.3193
vn -0.6725 0.6699 -0.3146
vn -0.7303 0.5689 -0.3782
vn -0.3974 0.9098 -0.1196
vn -0.4502 0.8922 0.0353
vn -0.4369 0.8691 0.2321
vn -0.5214 0.7959 0.3077
vn 0.4068 0.9135 0.0031
vn 0.4255 0.8993 -0.1016
vn 0.1607 0.9546 0.2506
vn 0.1001 0.8189 0.5651
vn -0.2279 0.9638 -0.1388
vn -0.0143 0.9696 -0.2441
vn 0.0369 0.9434 -0.3296
vn -0.1473 0.9681 -0.2028
vn 0.2003 0.9204 -0.3358
vn 0.2193 0.8709 -0.4397
vn -0.0528 0.9958 -0.0743
vn 0.0442 0.9924 -0.1144
vn -0.1491 0.9883 -0.0334
vn 0.1758 0.9724 -0.1532
vn 0.0885 0.9889 -0.1194
vn 0.2624 0.9156 -0.3048
vn 0.0654 0.9776 -0.2000
vn 0.3092 0.8692 -0.3859
vn 0.0651 0.9615 -0.2670
vn 0.4468 0.8032 -0.3940
vn 0.5280 0.7053 -0.4730
vn 0.2625 0.9468 -0.1861
vn 0.2696 0.9516 0.1474
vn 0.4310 0.8680 -0.2466
vn 0.4933 0.8268 -0.2703
vn 0.5256 0.8084 -0.2650
vn 0.4348 0.8648 -0.2511
vn 0.4676 0.8683 -0.1655
vn 0.4976 0.8522 -0.1617
vn 0.3632 0.8926 0.2672
vn 0.5392 0.8418 0.0256
vn 0.5272 0.8350 -0.1576
vn 0.5528 0.7803 -0.2924
vn 0.6103 0.7426 -0.2758
vn 0.5688 0.8087 0.1496
vn 0.6902 0.6681 -0.2781
vn 0.5482 0.7814 -0.2981
vn 0.6678 0.4751 -0.5730
vn 0.4441 0.7062 -0.5514
vn 0.6317 0.4483 -0.6325
vn 0.3730 0.7126 -0.5942
vn 0.8221 0.1945 -0.5350
vn 0.8030 0.1219 -0.5833
vn 0.8132 0.5268 -0.2474
vn 0.5960 0.7598 0.2597
vn 0.2876 0.7925 0.5378
vn 0.2795 0.7049 0.6519
vn 0.0971 0.7151 0.6923
vn 0.0970 0.5905 0.8012
vn -0.6327 0.7372 0.2371
vn -0.3947 0.9187 0.0108
vn -0.3872 0.9155 -0.1091
vn -0.6347 0.7474 0.1964
vn -0.0958 0.9706 -0.2208
vn -0.0690 0.9163 -0.3946
vn -0.4280 0.8942 0.1309
vn -0.1922 0.9795 -0.0611
vn -0.5443 0.7723 0.3276
vn -0.4585 0.8615 0.2181
vn -0.3259 0.9440 -0.0514
vn -0.5284 0.8457 0.0751
vn -0.4309 0.8915 -0.1396
vn -0.1804 0.4580 0.8704
vn -0.0094 0.6473 0.7621
vn -0.0323 0.7330 0.6794
vn -0.2103 0.6093 0.7645
vn 0.2524 0.8710 0.4214
vn 0.3443 0.8383 0.4227
vn 0.4082 0.9005 0.1500
vn 0.4697 0.8744 0.1213
vn -0.1442 0.2907 0.9459
vn 0.0142 0.5495 0.8354
vn 0.1575 0.8956 0.4160
vn 0.3900 0.9083 0.1515
vn -0.1213 0.8487 0.5147
vn -0.0495 0.9110 0.4095
vn -0.1470 0.9860 0.0788
vn -0.2102 0.9458 0.2475
vn 0.0900 0.9897 0.1116
vn -0.0412 0.9951 -0.0896
vn -0.1233 0.9848 -0.1220
vn 0.0002 0.9657 0.2596
vn -0.0216 0.6763 0.7363
vn 0.0529 0.7255 0.6862
vn 0.2203 0.9238 0.3131
vn 0.1236 0.7911 0.5991
vn -0.1551 0.9842 0.0856
vn -0.0302 0.9655 0.2585
vn -0.3222 0.9342 0.1533
vn -0.2626 0.8694 0.4186
vn -0.2689 0.9423 0.1994
vn -0.2566 0.8501 0.4600
vn -0.2094 0.9556 0.2072
vn -0.1658 0.8484 0.5027
vn -0.2608 0.9624 -0.0753
vn -0.2319 0.9666 -0.1092
vn -0.3567 0.9258 -0.1248
vn -0.2720 0.9581 -0.0899
vn -0.4106 0.9090 -0.0724
vn -0.3298 0.9086 -0.2563
vn -0.2308 0.8012 -0.5522
vn -0.2810 0.8899 -0.3592
vn -0.2396 0.8635 -0.4438
vn -0.2784 0.7106 -0.6461
vn -0.3485 0.7948 -0.4969
vn -0.1640 0.9191 -0.3583
vn -0.1618 0.9349 -0.3158
vn -0.3086 0.8860 -0.3462
vn -0.4993 0.8376 0.2215
vn -0.3927 0.9173 0.0665
vn -0.1849 0.9597 -0.2119
vn 0.6166 0.7866 -0.0316
vn 0.0919 0.5800 0.8094
vn -0.0477 0.4753 0.8786
vn 0.5137 0.7209 0.4652
vn 0.3947 0.7677 0.5048
vn 0.6335 0.7723 0.0472
vn 0.6280 0.6583 0.4150
vn 0.7384 0.6727 -0.0472
vn 0.7835 0.5943 -0.1816
vn 0.1481 0.9070 -0.3943
vn 0.1703 0.9304 -0.3246
vn -0.1046 0.6189 -0.7784
vn 0.0119 0.7533 -0.6576
vn 0.3739 0.6456 -0.6659
vn 0.2450 0.6241 -0.7419
vn 0.0204 0.8866 -0.4622
vn 0.2388 0.7652 -0.5979
vn -0.4414 0.5373 -0.7187
vn -0.3628 0.7517 -0.5508
vn -0.1916 0.9358 -0.2960
vn 0.1638 0.9206 -0.3544
vn 0.0005 0.8527 -0.5224
vn 0.0283 0.9480 -0.3171
vn -0.4784 0.4552 -0.7509
vn -0.3486 0.5578 -0.7532
vn -0.2913 0.5702 -0.7681
vn -0.4050 0.4877 -0.7734
vn -0.0606 0.8213 -0.5673
vn -0.0384 0.7925 -0.6087
vn 0.1403 0.9039 -0.4040
vn -0.5485 0.4196 -0.7232
vn -0.4051 0.5433 -0.7353
vn -0.0832 0.8481 -0.5232
vn -0.0323 0.9686 -0.2465
vn -0.3505 0.9152 -0.1987
vn -0.3336 0.9242 -0.1861
vn -0.0215 0.8182 -0.5745
vn 0.0261 0.8172 -0.5757
vn -0.6241 0.7446 0.2366
vn -0.5596 0.7897 0.2515
vn -0.2533 0.9613 -0.1086
vn -0.2142 0.8927 -0.3965
vn -0.2697 0.9439 0.1905
vn 0.2402 0.9537 -0.1812
vn -0.2516 0.9448 -0.2098
vn 0.0806 0.7362 -0.6719
vn 0.1095 0.7872 -0.6069
vn 0.3497 0.7334 -0.5829
vn 0.3349 0.7149 -0.6138
vn 0.1436 0.8759 -0.4606
vn 0.3048 0.8144 -0.4939
vn 0.2835 0.9066 -0.3125
vn 0.2312 0.8854 -0.4032
vn -0.1793 0.7071 -0.6840
vn -0.1393 0.7927 -0.5935
vn -0.0223 0.9104 -0.4131
vn 0.0447 0.9159 -0.3989
vn 0.1790 0.5658 -0.8049
vn 0.1238 0.5775 -0.8070
vn 0.0784 0.4098 -0.9088
vn 0.1466 0.3856 -0.9110
vn 0.0684 0.5873 -0.8065
vn 0.0098 0.4319 -0.9019
vn 0.2169 0.8096 -0.5455
vn 0.2490 0.7899 -0.5603
vn 0.1845 0.8278 -0.5298
vn 0.5762 0.7203 -0.3862
vn 0.1901 0.9060 -0.3781
vn 0.1395 0.2527 -0.9575
vn 0.2917 0.3384 -0.8947
vn 0.2975 0.3507 -0.8880
vn 0.3361 0.2242 -0.9148
vn 0.6217 0.5128 -0.5920
vn 0.7596 0.4511 -0.4685
vn 0.7356 0.4706 -0.4872
vn 0.8227 0.2589 -0.5060
vn 0.8687 0.2122 -0.4476
vn 0.7111 0.4892 -0.5050
vn 0.7704 0.3035 -0.5607
vn 0.4550 0.7673 -0.4519
vn 0.4775 0.7543 -0.4506
vn 0.1514 0.8911 -0.4279
vn 0.1338 0.8719 -0.4711
vn 0.0331 0.8652 -0.5003
vn 0.1685 0.9078 -0.3841
vn -0.1858 0.7416 -0.6446
vn 0.4321 0.7797 -0.4530
vn 0.1065 0.9535 -0.2820
vn 0.0570 0.8372 -0.5439
vn 0.4164 0.8031 -0.4262
vn 0.3349 0.7707 -0.5421
vn 0.5671 0.7011 -0.4322
vn 0.4902 0.6950 -0.5260
vn 0.4894 0.8185 -0.3008
vn 0.6357 0.6968 -0.3321
vn 0.1488 0.9887 0.0199
vn 0.2578 0.9656 -0.0351
vn 0.6430 0.6346 -0.4287
vn 0.7106 0.6470 -0.2766
vn 0.8197 0.5167 -0.2471
vn 0.7652 0.5183 -0.3820
vn 0.7583 0.6413 -0.1169
vn 0.8569 0.5043 -0.1070
vn 0.4000 0.8276 -0.3939
vn 0.4477 0.8383 -0.3112
vn 0.4917 0.8412 -0.2250
vn 0.3597 0.8583 -0.3660
vn 0.3671 0.8912 -0.2666
vn 0.3482 0.8152 -0.4628
vn 0.2413 0.8693 -0.4313
vn 0.5056 0.8316 -0.2299
vn 0.4563 0.7485 -0.4811
vn 0.7540 0.6568 0.0137
vn 0.7717 0.6302 0.0851
vn 0.7956 0.5682 0.2103
vn 0.7725 0.6302 0.0777
vn 0.7850 0.5991 0.1574
vn 0.8011 0.4937 0.3382
vn 0.5066 0.8416 -0.1871
vn 0.4385 0.8984 0.0225
vn 0.5485 0.7404 -0.3884
vn 0.4571 0.7536 -0.4724
vn 0.2884 0.9574 0.0168
vn 0.7091 0.6496 0.2741
vn 0.6505 0.6057 0.4584
vn 0.6493 0.3286 0.6858
vn 0.7536 0.4354 0.4925
vn 0.4832 0.8263 -0.2893
vn 0.4456 0.8888 -0.1072
vn 0.4151 0.8514 -0.3206
vn 0.0817 0.9129 -0.4000
vn 0.3914 0.9170 0.0772
vn 0.5630 0.5352 0.6298
vn 0.5064 0.2023 0.8383
vn 0.3033 0.3632 -0.8809
vn 0.5188 0.1866 -0.8343
vn -0.1838 0.4649 -0.8661
vn 0.3669 0.7949 -0.4833
vn 0.0825 0.9244 -0.3725
vn 0.0840 0.9266 -0.3665
usemtl Mat.1
s 1
f 2069/2069/1899 2070/2070/1900 2071/2071/1901
f 2070/2070/1900 2069/2069/1899 2072/2072/1902
f 2073/2073/1903 2070/2070/1900 2074/2074/1904
f 2075/2075/1905 2076/2076/1906 2077/2077/1907
f 2078/2078/1908 2077/2077/1907 2079/2079/1909
f 2074/2074/1904 2070/2070/1900 2072/2072/1902
f 2080/2080/1910 2076/2076/1906 2081/2081/1911
f 2082/2082/1912 2083/2083/1913 2084/2084/1914
f 2081/2081/1911 2084/2084/1914 2080/2080/1910
f 2083/2083/1913 2085/2085/1915 2086/2086/1916
f 2084/2084/1914 2083/2083/1913 2080/2080/1910
f 2077/2077/1907 2076/2076/1906 2080/2080/1910
f 2079/2079/1909 2077/2077/1907 2087/2087/1917
f 2088/2088/1918 2089/2089/1919 2090/2090/1920
f 2091/2091/1921 2092/2092/1922 2093/2093/1923
f 2094/2094/1924 2095/2095/1925 2096/2096/1926
f 2097/2097/1927 2096/2096/1926 2095/2095/1925
f 2098/2098/1928 2099/2099/1929 2100/2100/1930
f 2099/2099/1929 2091/2091/1921 2101/2101/1931
f 2100/2100/1930 2099/2099/1929 2101/2101/1931
f 2102/2102/1932 2103/2103/1933 2104/2104/1934
f 2105/2105/1935 2106/2106/1936 2107/2107/1937
f 2108/2108/1938 2109/2109/1939 2110/2110/1940
f 2111/2111/1941 2112/2112/1942 2113/2113/1943
f 2114/2114/1944 2112/2112/1942 2115/2115/1945
f 2116/2116/1946 2117/2117/1947 2118/2118/1948
f 2108/2108/1938 2107/2107/1937 2106/2106/1936
f 2119/2119/1949 2120/2120/1950 2121/2121/1951
f 2122/2122/1952 2123/2123/1953 2124/2124/1954
f 2116/2116/1946 2125/2125/1955 2123/2123/1953
f 2116/2116/1946 2123/2123/1953 2122/2122/1952
f 2108/2108/1938 2106/2106/1936 2126/2126/1956
f 2111/2111/1941 2127/2127/1957 2128/2128/1958
f 2129/2129/1959 2130/2130/1960 2131/2131/1961
f 2132/2132/1962 2109/2109/1939 2133/2133/1963
f 2134/2134/1964 2103/2103/1933 2102/2102/1932
f 2135/2135/1965 2136/2136/1966 2137/2137/1965
f 2122/2122/1952 2138/2138/1967 2139/2139/1968
f 2115/2115/1945 2140/2140/1969 2131/2131/1961
f 2141/2141/1970 2142/2142/1971 2143/2143/1972
f 2120/2120/1950 2144/2144/1973 2121/2121/1951
f 2145/2145/1974 2121/2121/1951 2144/2144/1973
f 2146/2146/1975 2139/2139/1968 2138/2138/1967
f 2147/2147/1976 2118/2118/1948 2117/2117/1947
f 2113/2113/1943 2112/2112/1942 2148/2148/1977
f 2115/2115/1945 2112/2112/1942 2111/2111/1941
f 2110/2110/1940 2109/2109/1939 2132/2132/1962
f 2149/2149/1978 2150/2150/1979 2151/2151/1980
f 2152/2152/1981 2153/2153/1982 2154/2154/1983
f 2155/2155/1984 2156/2156/1985 2157/2157/1986
f 2158/2158/1987 2157/2157/1986 2156/2156/1985
f 2159/2159/1988 2160/2160/1989 2161/2161/1990
f 2160/2160/1989 2152/2152/1981 2162/2162/1991
f 2161/2161/1990 2160/2160/1989 2162/2162/1991
f 2163/2163/1992 2164/2164/1993 2165/2165/1994
f 2166/2166/1995 2167/2167/1996 2168/2168/1997
f 2169/2169/1998 2170/2170/1999 2171/2171/2000
f 2172/2172/2001 2171/2171/2000 2170/2170/1999
f 2173/2173/2002 2174/2174/2003 2175/2175/2004
f 2174/2174/2003 2166/2166/1995 2176/2176/2005
f 2175/2175/2004 2174/2174/2003 2176/2176/2005
f 2177/2177/2006 2178/2178/2007 2179/2179/2008
f 2178/2178/2007 2177/2177/2006 2180/2180/2009
f 2181/2181/2010 2178/2178/2007 2182/2182/2011
f 2183/2183/2012 2184/2184/2013 2185/2185/2014
f 2186/2186/2015 2185/2185/2014 2187/2187/2016
f 2182/2182/2011 2178/2178/2007 2180/2180/2009
f 2188/2188/2017 2184/2184/2013 2189/2189/2018
f 2190/2190/2019 2191/2191/2020 2192/2192/2021
f 2189/2189/2018 2192/2192/2021 2188/2188/2017
f 2191/2191/2020 2193/2193/2022 2194/2194/2023
f 2195/2195/2024 2196/2196/2025 2197/2197/2026
f 2192/2192/2021 2191/2191/2020 2188/2188/2017
f 2185/2185/2014 2184/2184/2013 2188/2188/2017
f 2187/2187/2016 2185/2185/2014 2198/2198/2027
f 2197/2197/2026 2196/2196/2025 2199/2199/2028
f 2200/2200/2029 2201/2201/2030 2202/2202/2031
f 2201/2201/2030 2200/2200/2029 2203/2203/2032
f 2204/2204/2033 2201/2201/2030 2205/2205/2034
f 2206/2206/2035 2207/2207/2036 2208/2208/2037
f 2209/2209/2038 2208/2208/2037 2210/2210/2039
f 2205/2205/2034 2201/2201/2030 2203/2203/2032
f 2211/2211/2040 2207/2207/2036 2212/2212/2041
f 2213/2213/2042 2214/2214/2043 2215/2215/2044
f 2212/2212/2041 2215/2215/2044 2211/2211/2040
f 2214/2214/2043 2216/2216/2045 2217/2217/2046
f 2218/2218/2047 2219/2219/2048 2220/2220/2049
f 2215/2215/2044 2214/2214/2043 2211/2211/2040
f 2208/2208/2037 2207/2207/2036 2211/2211/2040
f 2210/2210/2039 2208/2208/2037 2221/2221/2050
f 2220/2220/2049 2219/2219/2048 2222/2222/2051
f 2223/2223/2052 2224/2224/2053 2225/2225/2054
f 2224/2224/2053 2223/2223/2052 2226/2226/2055
f 2227/2227/2056 2224/2224/2053 2228/2228/2057
f 2229/2229/2058 2230/2230/2059 2231/2231/2060
f 2232/2232/2061 2231/2231/2060 2233/2233/2062
f 2228/2228/2057 2224/2224/2053 2226/2226/2055
f 2234/2234/2063 2230/2230/2059 2235/2235/2064
f 2236/2236/2065 2237/2237/2066 2238/2238/2067
f 2235/2235/2064 2238/2238/2067 2234/2234/2063
f 2237/2237/2066 2239/2239/2068 2240/2240/2069
f 2241/2241/2070 2242/2242/2071 2243/2243/2072
f 2238/2238/2067 2237/2237/2066 2234/2234/2063
f 2231/2231/2060 2230/2230/2059 2234/2234/2063
f 2233/2233/2062 2231/2231/2060 2244/2244/2073
f 2243/2243/2072 2242/2242/2071 2245/2245/2074
f 2246/2246/2075 2247/2247/2076 2248/2248/2077
f 2247/2247/2076 2246/2246/2075 2249/2249/2078
f 2250/2250/2079 2247/2247/2076 2251/2251/2080
f 2252/2252/2081 2253/2253/2082 2254/2254/2083
f 2255/2255/2084 2254/2254/2083 2256/2256/2085
f 2251/2251/2080 2247/2247/2076 2249/2249/2078
f 2257/2257/2086 2253/2253/2082 2258/2258/2087
f 2259/2259/2088 2260/2260/2089 2261/2261/2090
f 2258/2258/2087 2261/2261/2090 2257/2257/2086
f 2260/2260/2089 2262/2262/2091 2263/2263/2092
f 2264/2264/2093 2265/2265/2094 2266/2266/2095
f 2261/2261/2090 2260/2260/2089 2257/2257/2086
f 2254/2254/2083 2253/2253/2082 2257/2257/2086
f 2256/2256/2085 2254/2254/2083 2267/2267/2096
f 2266/2266/2095 2265/2265/2094 2268/2268/2097
f 2269/2269/2098 2270/2270/2099 2271/2271/2100
f 2272/2272/2101 2273/2273/2102 2274/2274/2103
f 2275/2275/2104 2276/2276/2105 2277/2277/2106
f 2278/2278/2107 2277/2277/2106 2276/2276/2105
f 2279/2279/2108 2280/2280/2109 2281/2281/2110
f 2280/2280/2109 2272/2272/2101 2282/2282/2111
f 2281/2281/2110 2280/2280/2109 2282/2282/2111
f 2283/2283/2112 2284/2284/2113 2285/2285/2114
f 2286/2286/2115 2287/2287/2116 2288/2288/2117
f 2289/2289/2118 2290/2290/2119 2291/2291/2120
f 2292/2292/2121 2291/2291/2120 2290/2290/2119
f 2293/2293/2122 2294/2294/2123 2295/2295/2124
f 2294/2294/2123 2286/2286/2115 2296/2296/2125
f 2295/2295/2124 2294/2294/2123 2296/2296/2125
f 2297/2297/2126 2298/2298/2127 2299/2299/2128
f 2300/2300/2129 2301/2301/2130 2302/2302/2131
f 2303/2303/2132 2304/2304/2133 2305/2305/2134
f 2306/2306/2135 2305/2305/2134 2304/2304/2133
f 2307/2307/2136 2308/2308/2137 2309/2309/2138
f 2308/2308/2137 2300/2300/2129 2310/2310/2139
f 2309/2309/2138 2308/2308/2137 2310/2310/2139
f 2311/2311/2140 2312/2312/2141 2313/2313/2142
f 2314/2314/2143 2315/2315/2144 2316/2316/2145
f 2317/2317/2146 2318/2318/2147 2319/2319/2148
f 2320/2320/2149 2321/2321/2150 2322/2322/2151
f 2323/2323/2152 2322/2322/2151 2321/2321/2150
f 2324/2324/2153 2325/2325/2154 2326/2326/2155
f 2325/2325/2154 2317/2317/2146 2327/2327/2156
f 2326/2326/2155 2325/2325/2154 2327/2327/2156
f 2313/2313/2142 2312/2312/2141 2328/2328/2157
f 2329/2329/2158 2330/2330/2159 2331/2331/2160
f 2330/2330/2159 2329/2329/2158 2332/2332/2161
f 2333/2333/2162 2330/2330/2159 2334/2334/2163
f 2335/2335/2164 2336/2336/2165 2337/2337/2166
f 2338/2338/2167 2337/2337/2166 2339/2339/2168
f 2334/2334/2163 2330/2330/2159 2332/2332/2161
f 2340/2340/2169 2336/2336/2165 2341/2341/2170
f 2342/2342/2171 2343/2343/2172 2344/2344/2173
f 2341/2341/2170 2344/2344/2173 2340/2340/2169
f 2343/2343/2172 2345/2345/2174 2346/2346/2175
f 2347/2347/2176 2348/2348/2177 2349/2349/2178
f 2344/2344/2173 2343/2343/2172 2340/2340/2169
f 2337/2337/2166 2336/2336/2165 2340/2340/2169
f 2339/2339/2168 2337/2337/2166 2350/2350/2179
f 2349/2349/2178 2348/2348/2177 2351/2351/2180
f 2352/2352/2181 2353/2353/2182 2354/2354/2183
f 2355/2355/2184 2356/2356/2185 2357/2357/2186
f 2358/2358/2187 2359/2359/2188 2360/2360/2189
f 2361/2361/2190 2362/2362/2191 2363/2363/2192
f 2364/2364/2193 2362/2362/2191 2365/2365/2194
f 2366/2366/2195 2367/2367/2196 2368/2368/2197
f 2358/2358/2187 2357/2357/2186 2356/2356/2185
f 2369/2369/2198 2370/2370/2199 2371/2371/2200
f 2372/2372/2201 2373/2373/2202 2374/2374/2203
f 2366/2366/2195 2375/2375/2204 2373/2373/2202
f 2366/2366/2195 2373/2373/2202 2372/2372/2201
f 2358/2358/2187 2356/2356/2185 2376/2376/2205
f 2361/2361/2190 2377/2377/2206 2378/2378/2207
f 2379/2379/2208 2380/2380/2209 2381/2381/2210
f 2382/2382/2211 2359/2359/2188 2383/2383/2212
f 2384/2384/2213 2353/2353/2182 2352/2352/2181
f 2385/2385/2214 2386/2386/2215 2387/2387/2216
f 2372/2372/2201 2388/2388/2217 2389/2389/2218
f 2365/2365/2194 2390/2390/2219 2381/2381/2210
f 2391/2391/2220 2392/2392/2221 2393/2393/2222
f 2370/2370/2199 2394/2394/2223 2371/2371/2200
f 2395/2395/2224 2371/2371/2200 2394/2394/2223
f 2396/2396/2225 2389/2389/2218 2388/2388/2217
f 2397/2397/2226 2368/2368/2197 2367/2367/2196
f 2363/2363/2192 2362/2362/2191 2398/2398/2227
f 2365/2365/2194 2362/2362/2191 2361/2361/2190
f 2360/2360/2189 2359/2359/2188 2382/2382/2211
f 2399/2399/2228 2400/2400/2229 2401/2401/2230
f 2400/2400/2229 2399/2399/2228 2402/2402/2231
f 2403/2403/2232 2400/2400/2229 2404/2404/2233
f 2405/2405/2234 2406/2406/2235 2407/2407/2236
f 2408/2408/2237 2407/2407/2236 2409/2409/2238
f 2404/2404/2233 2400/2400/2229 2402/2402/2231
f 2410/2410/2239 2406/2406/2235 2411/2411/2240
f 2412/2412/2241 2413/2413/2242 2414/2414/2243
f 2411/2411/2240 2414/2414/2243 2410/2410/2239
f 2413/2413/2242 2415/2415/2244 2416/2416/2245
f 2417/2417/2246 2401/2401/2230 2418/2418/2247
f 2399/2399/2228 2401/2401/2230 2419/2419/2248
f 2414/2414/2243 2413/2413/2242 2410/2410/2239
f 2407/2407/2236 2406/2406/2235 2410/2410/2239
f 2409/2409/2238 2407/2407/2236 2420/2420/2249
f 2416/2416/2245 2418/2418/2247 2401/2401/2230
f 2417/2417/2246 2419/2419/2248 2401/2401/2230
f 2421/2421/2250 2422/2422/2251 2423/2423/2252
f 2424/2424/2253 2425/2425/2254 2426/2426/2255
f 2427/2427/2256 2428/2428/2257 2429/2429/2258
f 2430/2430/2259 2431/2431/2260 2432/2432/2261
f 2433/2433/2262 2431/2431/2260 2434/2434/2263
f 2435/2435/2264 2436/2436/2265 2437/2437/2266
f 2427/2427/2256 2426/2426/2255 2425/2425/2254
f 2438/2438/2267 2439/2439/2268 2440/2440/2269
f 2441/2441/2270 2442/2442/2271 2443/2443/2272
f 2435/2435/2264 2444/2444/2273 2442/2442/2271
f 2435/2435/2264 2442/2442/2271 2441/2441/2270
f 2427/2427/2256 2425/2425/2254 2445/2445/2274
f 2430/2430/2259 2446/2446/2275 2447/2447/2276
f 2448/2448/2277 2449/2449/2278 2450/2450/2279
f 2451/2451/2280 2428/2428/2257 2452/2452/2281
f 2453/2453/2282 2422/2422/2251 2421/2421/2250
f 2454/2454/2283 2455/2455/2284 2456/2456/2283
f 2441/2441/2270 2457/2457/2285 2458/2458/2286
f 2434/2434/2263 2459/2459/2287 2450/2450/2279
f 2460/2460/2288 2461/2461/2289 2462/2462/2290
f 2439/2439/2268 2463/2463/2291 2440/2440/2269
f 2464/2464/2292 2440/2440/2269 2463/2463/2291
f 2465/2465/2293 2458/2458/2286 2457/2457/2285
f 2466/2466/2294 2437/2437/2266 2436/2436/2265
f 2432/2432/2261 2431/2431/2260 2467/2467/2295
f 2434/2434/2263 2431/2431/2260 2430/2430/2259
f 2429/2429/2258 2428/2428/2257 2451/2451/2280
f 2468/2468/2296 2469/2469/2297 2470/2470/2298
f 2471/2471/2299 2472/2472/2300 2473/2473/2301
f 2474/2474/2302 2475/2475/2303 2476/2476/2304
f 2477/2477/2305 2476/2476/2304 2475/2475/2303
f 2478/2478/2306 2479/2479/2307 2480/2480/2308
f 2479/2479/2307 2471/2471/2299 2481/2481/2309
f 2480/2480/2308 2479/2479/2307 2481/2481/2309
f 2482/2482/2310 2483/2483/2311 2484/2484/2312
f 2483/2483/2311 2482/2482/2310 2485/2485/2313
f 2486/2486/2314 2483/2483/2311 2487/2487/2315
f 2488/2488/2316 2489/2489/2317 2490/2490/2318
f 2491/2491/2319 2490/2490/2318 2492/2492/2320
f 2487/2487/2315 2483/2483/2311 2485/2485/2313
f 2493/2493/2321 2489/2489/2317 2494/2494/2322
f 2495/2495/2323 2496/2496/2324 2497/2497/2325
f 2494/2494/2322 2497/2497/2325 2493/2493/2321
f 2496/2496/2324 2498/2498/2326 2499/2499/2327
f 2497/2497/2325 2496/2496/2324 2493/2493/2321
f 2490/2490/2318 2489/2489/2317 2493/2493/2321
f 2492/2492/2320 2490/2490/2318 2500/2500/2328
f 2501/2501/2329 2502/2502/2330 2503/2503/2331
f 2504/2504/2332 2505/2505/2333 2506/2506/2334
f 2507/2507/2335 2508/2508/2336 2509/2509/2337
f 2510/2510/2338 2509/2509/2337 2508/2508/2336
f 2511/2511/2339 2512/2512/2340 2513/2513/2341
f 2512/2512/2340 2504/2504/2332 2514/2514/2342
f 2513/2513/2341 2512/2512/2340 2514/2514/2342
f 2515/2515/2343 2516/2516/2344 2517/2517/2345
f 2516/2516/2344 2515/2515/2343 2518/2518/2346
f 2519/2519/2347 2516/2516/2344 2520/2520/2348
f 2521/2521/2349 2522/2522/2350 2523/2523/2351
f 2524/2524/2352 2523/2523/2351 2525/2525/2353
f 2520/2520/2348 2516/2516/2344 2518/2518/2346
f 2526/2526/2354 2522/2522/2350 2527/2527/2355
f 2528/2528/2356 2529/2529/2357 2530/2530/2358
f 2527/2527/2355 2530/2530/2358 2526/2526/2354
f 2529/2529/2357 2531/2531/2359 2532/2532/2360
f 2533/2533/2361 2534/2534/2362 2535/2535/2363
f 2530/2530/2358 2529/2529/2357 2526/2526/2354
f 2523/2523/2351 2522/2522/2350 2526/2526/2354
f 2525/2525/2353 2523/2523/2351 2536/2536/2364
f 2535/2535/2363 2534/2534/2362 2537/2537/2365
f 2538/2538/2366 2539/2539/2367 2540/2540/2368
f 2541/2541/2369 2542/2542/2370 2543/2543/2371
f 2544/2544/2372 2545/2545/2373 2546/2546/2374
f 2547/2547/2375 2546/2546/2374 2545/2545/2373
f 2548/2548/2376 2549/2549/2377 2550/2550/2378
f 2549/2549/2377 2541/2541/2369 2551/2551/2379
f 2550/2550/2378 2549/2549/2377 2551/2551/2379
f 2552/2552/2380 2553/2553/2381 2554/2554/2382
f 2555/2555/2383 2556/2556/2384 2557/2557/2385
f 2558/2558/2386 2559/2559/2387 2560/2560/2388
f 2561/2561/2389 2562/2562/2390 2563/2563/2391
f 2564/2564/2392 2562/2562/2390 2565/2565/2393
f 2566/2566/2394 2567/2567/2395 2568/2568/2396
f 2558/2558/2386 2557/2557/2385 2556/2556/2384
f 2569/2569/2397 2570/2570/2398 2571/2571/2399
f 2572/2572/2400 2573/2573/2401 2574/2574/2402
f 2566/2566/2394 2575/2575/2403 2573/2573/2401
f 2566/2566/2394 2573/2573/2401 2572/2572/2400
f 2558/2558/2386 2556/2556/2384 2576/2576/2404
f 2561/2561/2389 2577/2577/2405 2578/2578/2406
f 2579/2579/2407 2580/2580/2408 2581/2581/2409
f 2582/2582/2410 2559/2559/2387 2583/2583/2411
f 2584/2584/2412 2553/2553/2381 2552/2552/2380
f 2585/2585/2413 2586/2586/2414 2587/2587/2415
f 2572/2572/2400 2588/2588/2416 2589/2589/2417
f 2565/2565/2393 2590/2590/2418 2581/2581/2409
f 2591/2591/2419 2592/2592/2420 2593/2593/2421
f 2570/2570/2398 2594/2594/2422 2571/2571/2399
f 2595/2595/2423 2571/2571/2399 2594/2594/2422
f 2596/2596/2424 2589/2589/2417 2588/2588/2416
f 2597/2597/2425 2568/2568/2396 2567/2567/2395
f 2563/2563/2391 2562/2562/2390 2598/2598/2426
f 2565/2565/2393 2562/2562/2390 2561/2561/2389
f 2560/2560/2388 2559/2559/2387 2582/2582/2410
f 2599/2599/2427 2600/2600/2428 2601/2601/2429
f 2600/2600/2428 2599/2599/2427 2602/2602/2430
f 2603/2603/2431 2600/2600/2428 2604/2604/2432
f 2605/2605/2433 2606/2606/2434 2607/2607/2435
f 2608/2608/2436 2607/2607/2435 2609/2609/2437
f 2604/2604/2432 2600/2600/2428 2602/2602/2430
f 2610/2610/2438 2606/2606/2434 2611/2611/2439
f 2612/2612/2440 2613/2613/2441 2614/2614/2442
f 2611/2611/2439 2614/2614/2442 2610/2610/2438
f 2613/2613/2441 2615/2615/2443 2616/2616/2444
f 2617/2617/2445 2618/2618/2446 2619/2619/2447
f 2614/2614/2442 2613/2613/2441 2610/2610/2438
f 2607/2607/2435 2606/2606/2434 2610/2610/2438
f 2609/2609/2437 2607/2607/2435 2620/2620/2448
f 2619/2619/2447 2618/2618/2446 2621/2621/2449
f 2622/2622/2450 2623/2623/2451 2624/2624/2452
f 2625/2625/2453 2626/2626/2454 2627/2627/2455
f 2628/2628/2456 2629/2629/2457 2630/2630/2458
f 2631/2631/2459 2630/2630/2458 2629/2629/2457
f 2632/2632/2460 2633/2633/2461 2634/2634/2462
f 2633/2633/2461 2625/2625/2453 2635/2635/2463
f 2634/2634/2462 2633/2633/2461 2635/2635/2463
f 2070/2070/1900 2636/2636/2464 2086/2086/1916
f 2070/2070/1900 2086/2086/1916 2071/2071/1901
f 2087/2087/1917 2636/2636/2464 2070/2070/1900
f 2087/2087/1917 2070/2070/1900 2073/2073/1903
f 2077/2077/1907 2080/2080/1910 2636/2636/2464
f 2077/2077/1907 2636/2636/2464 2087/2087/1917
f 2079/2079/1909 2087/2087/1917 2073/2073/1903
f 2079/2079/1909 2073/2073/1903 2637/2637/2465
f 2638/2638/2466 2639/2639/2467 2640/2640/2468
f 2638/2638/2466 2640/2640/2468 2641/2641/2469
f 2639/2639/2467 2642/2642/2470 2643/2643/2471
f 2639/2639/2467 2643/2643/2471 2640/2640/2468
f 2644/2644/2472 2645/2645/2473 2642/2642/2470
f 2644/2644/2472 2642/2642/2470 2639/2639/2467
f 2639/2639/2467 2638/2638/2466 2646/2646/2474
f 2639/2639/2467 2646/2646/2474 2644/2644/2472
f 2075/2075/1905 2077/2077/1907 2644/2644/2472
f 2075/2075/1905 2644/2644/2472 2646/2646/2474
f 2078/2078/1908 2645/2645/2473 2644/2644/2472
f 2078/2078/1908 2644/2644/2472 2077/2077/1907
f 2079/2079/1909 2647/2647/2475 2648/2648/2476
f 2079/2079/1909 2648/2648/2476 2078/2078/1908
f 2647/2647/2475 2649/2649/2477 2650/2650/2478
f 2647/2647/2475 2650/2650/2478 2648/2648/2476
f 2649/2649/2477 2651/2651/2479 2652/2652/2480
f 2649/2649/2477 2652/2652/2480 2650/2650/2478
f 2649/2649/2477 2653/2653/2481 2654/2654/2482
f 2649/2649/2477 2654/2654/2482 2651/2651/2479
f 2649/2649/2477 2647/2647/2475 2655/2655/2483
f 2649/2649/2477 2655/2655/2483 2653/2653/2481
f 2656/2656/2484 2655/2655/2483 2647/2647/2475
f 2656/2656/2484 2647/2647/2475 2079/2079/1909
f 2657/2657/2485 2658/2658/2486 2659/2659/2487
f 2657/2657/2485 2659/2659/2487 2660/2660/2488
f 2661/2661/2489 2662/2662/2490 2658/2658/2486
f 2661/2661/2489 2658/2658/2486 2657/2657/2485
f 2656/2656/2484 2663/2663/2491 2662/2662/2490
f 2656/2656/2484 2662/2662/2490 2661/2661/2489
f 2664/2664/2492 2665/2665/2493 2662/2662/2490
f 2664/2664/2492 2662/2662/2490 2663/2663/2491
f 2666/2666/2494 2658/2658/2486 2662/2662/2490
f 2666/2666/2494 2662/2662/2490 2665/2665/2493
f 2667/2667/2495 2659/2659/2487 2658/2658/2486
f 2667/2667/2495 2658/2658/2486 2666/2666/2494
f 2668/2668/2496 2669/2669/2497 2670/2670/2498
f 2668/2668/2496 2670/2670/2498 2664/2664/2492
f 2671/2671/2499 2672/2672/2500 2670/2670/2498
f 2671/2671/2499 2670/2670/2498 2669/2669/2497
f 2671/2671/2499 2673/2673/2501 2674/2674/2502
f 2671/2671/2499 2674/2674/2502 2672/2672/2500
f 2671/2671/2499 2675/2675/2503 2676/2676/2504
f 2671/2671/2499 2676/2676/2504 2673/2673/2501
f 2671/2671/2499 2669/2669/2497 2677/2677/2505
f 2671/2671/2499 2677/2677/2505 2675/2675/2503
f 2677/2677/2505 2669/2669/2497 2668/2668/2496
f 2677/2677/2505 2668/2668/2496 2678/2678/2506
f 2668/2668/2496 2679/2679/2507 2680/2680/2508
f 2668/2668/2496 2680/2680/2508 2678/2678/2506
f 2679/2679/2507 2681/2681/2509 2682/2682/2510
f 2679/2679/2507 2682/2682/2510 2680/2680/2508
f 2681/2681/2509 2074/2074/1904 2072/2072/1902
f 2681/2681/2509 2072/2072/1902 2682/2682/2510
f 2679/2679/2507 2668/2668/2496 2664/2664/2492
f 2679/2679/2507 2664/2664/2492 2663/2663/2491
f 2679/2679/2507 2663/2663/2491 2637/2637/2465
f 2679/2679/2507 2637/2637/2465 2681/2681/2509
f 2663/2663/2491 2656/2656/2484 2079/2079/1909
f 2663/2663/2491 2079/2079/1909 2637/2637/2465
f 2683/2683/2511 2684/2684/2512 2685/2685/2513
f 2683/2683/2511 2685/2685/2513 2686/2686/2514
f 2684/2684/2512 2687/2687/2515 2688/2688/2516
f 2684/2684/2512 2688/2688/2516 2685/2685/2513
f 2684/2684/2512 2689/2689/2517 2690/2690/2518
f 2684/2684/2512 2690/2690/2518 2687/2687/2515
f 2691/2691/2519 2689/2689/2517 2684/2684/2512
f 2691/2691/2519 2684/2684/2512 2683/2683/2511
f 2689/2689/2517 2076/2076/1906 2075/2075/1905
f 2689/2689/2517 2075/2075/1905 2690/2690/2518
f 2692/2692/2520 2693/2693/2521 2081/2081/1911
f 2692/2692/2520 2081/2081/1911 2691/2691/2519
f 2694/2694/2522 2695/2695/2523 2693/2693/2521
f 2694/2694/2522 2693/2693/2521 2692/2692/2520
f 2076/2076/1906 2689/2689/2517 2691/2691/2519
f 2076/2076/1906 2691/2691/2519 2081/2081/1911
f 2681/2681/2509 2637/2637/2465 2073/2073/1903
f 2681/2681/2509 2073/2073/1903 2074/2074/1904
f 2696/2696/2524 2697/2697/2525 2698/2698/2526
f 2696/2696/2524 2698/2698/2526 2699/2699/2527
f 2700/2700/2528 2701/2701/2529 2698/2698/2526
f 2700/2700/2528 2698/2698/2526 2697/2697/2525
f 2700/2700/2528 2702/2702/2530 2703/2703/2531
f 2700/2700/2528 2703/2703/2531 2701/2701/2529
f 2704/2704/2532 2705/2705/2533 2697/2697/2525
f 2704/2704/2532 2697/2697/2525 2696/2696/2524
f 2706/2706/2534 2700/2700/2528 2697/2697/2525
f 2706/2706/2534 2697/2697/2525 2705/2705/2533
f 2707/2707/2535 2702/2702/2530 2700/2700/2528
f 2707/2707/2535 2700/2700/2528 2706/2706/2534
f 2708/2708/2536 2709/2709/2537 2710/2710/2538
f 2708/2708/2536 2710/2710/2538 2711/2711/2539
f 2712/2712/2540 2713/2713/2541 2714/2714/2542
f 2712/2712/2540 2714/2714/2542 2715/2715/2543
f 2086/2086/1916 2085/2085/1915 2713/2713/2541
f 2086/2086/1916 2713/2713/2541 2712/2712/2540
f 2716/2716/2544 2717/2717/2545 2709/2709/2537
f 2716/2716/2544 2709/2709/2537 2708/2708/2536
f 2718/2718/2546 2712/2712/2540 2715/2715/2543
f 2718/2718/2546 2715/2715/2543 2719/2719/2547
f 2703/2703/2531 2086/2086/1916 2712/2712/2540
f 2703/2703/2531 2712/2712/2540 2718/2718/2546
f 2083/2083/1913 2720/2720/2548 2721/2721/2549
f 2083/2083/1913 2721/2721/2549 2085/2085/1915
f 2720/2720/2548 2722/2722/2550 2723/2723/2551
f 2720/2720/2548 2723/2723/2551 2721/2721/2549
f 2722/2722/2550 2724/2724/2552 2725/2725/2553
f 2722/2722/2550 2725/2725/2553 2723/2723/2551
f 2709/2709/2537 2715/2715/2543 2714/2714/2542
f 2709/2709/2537 2714/2714/2542 2710/2710/2538
f 2717/2717/2545 2719/2719/2547 2715/2715/2543
f 2717/2717/2545 2715/2715/2543 2709/2709/2537
f 2724/2724/2552 2726/2726/2554 2727/2727/2555
f 2724/2724/2552 2727/2727/2555 2725/2725/2553
f 2724/2724/2552 2728/2728/2556 2729/2729/2557
f 2724/2724/2552 2729/2729/2557 2726/2726/2554
f 2724/2724/2552 2722/2722/2550 2730/2730/2558
f 2724/2724/2552 2730/2730/2558 2728/2728/2556
f 2722/2722/2550 2720/2720/2548 2731/2731/2559
f 2722/2722/2550 2731/2731/2559 2730/2730/2558
f 2731/2731/2559 2720/2720/2548 2083/2083/1913
f 2731/2731/2559 2083/2083/1913 2082/2082/1912
f 2732/2732/2560 2733/2733/2561 2734/2734/2562
f 2732/2732/2560 2734/2734/2562 2735/2735/2563
f 2733/2733/2561 2736/2736/2564 2737/2737/2565
f 2733/2733/2561 2737/2737/2565 2734/2734/2562
f 2736/2736/2564 2084/2084/1914 2738/2738/2566
f 2736/2736/2564 2738/2738/2566 2737/2737/2565
f 2084/2084/1914 2081/2081/1911 2739/2739/2567
f 2084/2084/1914 2739/2739/2567 2738/2738/2566
f 2081/2081/1911 2693/2693/2521 2740/2740/2568
f 2081/2081/1911 2740/2740/2568 2739/2739/2567
f 2740/2740/2568 2693/2693/2521 2695/2695/2523
f 2740/2740/2568 2695/2695/2523 2741/2741/2569
f 2742/2742/2570 2743/2743/2571 2733/2733/2561
f 2742/2742/2570 2733/2733/2561 2732/2732/2560
f 2736/2736/2564 2733/2733/2561 2743/2743/2571
f 2736/2736/2564 2743/2743/2571 2744/2744/2572
f 2082/2082/1912 2084/2084/1914 2736/2736/2564
f 2082/2082/1912 2736/2736/2564 2744/2744/2572
f 2086/2086/1916 2703/2703/2531 2702/2702/2530
f 2086/2086/1916 2702/2702/2530 2071/2071/1901
f 2636/2636/2464 2080/2080/1910 2083/2083/1913
f 2636/2636/2464 2083/2083/1913 2086/2086/1916
f 2702/2702/2530 2745/2745/2573 2069/2069/1899
f 2702/2702/2530 2069/2069/1899 2071/2071/1901
f 2746/2746/2574 2747/2747/2575 2748/2748/2576
f 2746/2746/2574 2748/2748/2576 2749/2749/2577
f 2747/2747/2575 2750/2750/2578 2751/2751/2579
f 2747/2747/2575 2751/2751/2579 2748/2748/2576
f 2750/2750/2578 2752/2752/2580 2707/2707/2535
f 2750/2750/2578 2707/2707/2535 2751/2751/2579
f 2753/2753/2581 2754/2754/2582 2747/2747/2575
f 2753/2753/2581 2747/2747/2575 2746/2746/2574
f 2750/2750/2578 2747/2747/2575 2754/2754/2582
f 2750/2750/2578 2754/2754/2582 2755/2755/2583
f 2756/2756/2584 2752/2752/2580 2750/2750/2578
f 2756/2756/2584 2750/2750/2578 2755/2755/2583
f 2757/2757/2585 2745/2745/2573 2752/2752/2580
f 2757/2757/2585 2752/2752/2580 2756/2756/2584
f 2702/2702/2530 2707/2707/2535 2752/2752/2580
f 2702/2702/2530 2752/2752/2580 2745/2745/2573
f 2072/2072/1902 2069/2069/1899 2745/2745/2573
f 2072/2072/1902 2745/2745/2573 2757/2757/2585
f 2101/2101/1931 2091/2091/1921 2758/2758/2586
f 2101/2101/1931 2758/2758/2586 2759/2759/2587
f 2760/2760/2588 2761/2761/2589 2762/2762/2590
f 2760/2760/2588 2762/2762/2590 2763/2763/2591
f 2761/2761/2589 2764/2764/2592 2765/2765/2593
f 2761/2761/2589 2765/2765/2593 2762/2762/2590
f 2766/2766/2594 2767/2767/2595 2761/2761/2589
f 2766/2766/2594 2761/2761/2589 2760/2760/2588
f 2768/2768/2596 2764/2764/2592 2761/2761/2589
f 2768/2768/2596 2761/2761/2589 2767/2767/2595
f 2764/2764/2592 2769/2769/2597 2770/2770/2598
f 2764/2764/2592 2770/2770/2598 2765/2765/2593
f 2771/2771/2599 2769/2769/2597 2764/2764/2592
f 2771/2771/2599 2764/2764/2592 2768/2768/2596
f 2772/2772/2600 2773/2773/2601 2774/2774/2602
f 2772/2772/2600 2774/2774/2602 2775/2775/2603
f 2773/2773/2601 2776/2776/2604 2777/2777/2605
f 2773/2773/2601 2777/2777/2605 2774/2774/2602
f 2776/2776/2604 2100/2100/1930 2778/2778/2606
f 2776/2776/2604 2778/2778/2606 2777/2777/2605
f 2779/2779/2607 2780/2780/2608 2773/2773/2601
f 2779/2779/2607 2773/2773/2601 2772/2772/2600
f 2781/2781/2609 2776/2776/2604 2773/2773/2601
f 2781/2781/2609 2773/2773/2601 2780/2780/2608
f 2782/2782/2610 2100/2100/1930 2776/2776/2604
f 2782/2782/2610 2776/2776/2604 2781/2781/2609
f 2783/2783/2611 2784/2784/2612 2785/2785/2613
f 2783/2783/2611 2785/2785/2613 2786/2786/2614
f 2787/2787/2615 2788/2788/2616 2784/2784/2612
f 2787/2787/2615 2784/2784/2612 2783/2783/2611
f 2784/2784/2612 2789/2789/2617 2790/2790/2618
f 2784/2784/2612 2790/2790/2618 2785/2785/2613
f 2784/2784/2612 2788/2788/2616 2791/2791/2619
f 2784/2784/2612 2791/2791/2619 2789/2789/2617
f 2792/2792/2620 2098/2098/1928 2789/2789/2617
f 2792/2792/2620 2789/2789/2617 2791/2791/2619
f 2789/2789/2617 2098/2098/1928 2793/2793/2621
f 2789/2789/2617 2793/2793/2621 2790/2790/2618
f 2794/2794/2622 2795/2795/2623 2796/2796/2624
f 2794/2794/2622 2796/2796/2624 2797/2797/2625
f 2798/2798/2626 2799/2799/2627 2796/2796/2624
f 2798/2798/2626 2796/2796/2624 2795/2795/2623
f 2800/2800/2628 2801/2801/2629 2799/2799/2627
f 2800/2800/2628 2799/2799/2627 2798/2798/2626
f 2802/2802/2630 2803/2803/2631 2795/2795/2623
f 2802/2802/2630 2795/2795/2623 2794/2794/2622
f 2804/2804/2632 2798/2798/2626 2795/2795/2623
f 2804/2804/2632 2795/2795/2623 2803/2803/2631
f 2805/2805/2633 2800/2800/2628 2798/2798/2626
f 2805/2805/2633 2798/2798/2626 2804/2804/2632
f 2806/2806/2634 2807/2807/2635 2808/2808/2636
f 2806/2806/2634 2808/2808/2636 2809/2809/2637
f 2810/2810/2638 2811/2811/2639 2808/2808/2636
f 2810/2810/2638 2808/2808/2636 2807/2807/2635
f 2807/2807/2635 2812/2812/2640 2813/2813/2641
f 2807/2807/2635 2813/2813/2641 2810/2810/2638
f 2814/2814/2642 2812/2812/2640 2807/2807/2635
f 2814/2814/2642 2807/2807/2635 2806/2806/2634
f 2812/2812/2640 2094/2094/1924 2815/2815/2643
f 2812/2812/2640 2815/2815/2643 2813/2813/2641
f 2816/2816/2644 2094/2094/1924 2812/2812/2640
f 2816/2816/2644 2812/2812/2640 2814/2814/2642
f 2817/2817/2645 2818/2818/2646 2819/2819/2647
f 2817/2817/2645 2819/2819/2647 2820/2820/2648
f 2821/2821/2649 2096/2096/1926 2819/2819/2647
f 2821/2821/2649 2819/2819/2647 2818/2818/2646
f 2815/2815/2643 2094/2094/1924 2096/2096/1926
f 2815/2815/2643 2096/2096/1926 2821/2821/2649
f 2801/2801/2629 2800/2800/2628 2094/2094/1924
f 2801/2801/2629 2094/2094/1924 2816/2816/2644
f 2770/2770/2598 2769/2769/2597 2800/2800/2628
f 2770/2770/2598 2800/2800/2628 2805/2805/2633
f 2100/2100/1930 2769/2769/2597 2771/2771/2599
f 2100/2100/1930 2771/2771/2599 2778/2778/2606
f 2793/2793/2621 2098/2098/1928 2100/2100/1930
f 2793/2793/2621 2100/2100/1930 2782/2782/2610
f 2822/2822/2650 2823/2823/2651 2824/2824/2652
f 2822/2822/2650 2824/2824/2652 2825/2825/2653
f 2823/2823/2651 2826/2826/2654 2827/2827/2655
f 2823/2823/2651 2827/2827/2655 2824/2824/2652
f 2823/2823/2651 2828/2828/2656 2829/2829/2657
f 2823/2823/2651 2829/2829/2657 2826/2826/2654
f 2828/2828/2656 2830/2830/2658 2831/2831/2659
f 2828/2828/2656 2831/2831/2659 2829/2829/2657
f 2830/2830/2658 2097/2097/1927 2832/2832/2660
f 2830/2830/2658 2832/2832/2660 2831/2831/2659
f 2830/2830/2658 2833/2833/2661 2834/2834/2662
f 2830/2830/2658 2834/2834/2662 2097/2097/1927
f 2830/2830/2658 2828/2828/2656 2835/2835/2663
f 2830/2830/2658 2835/2835/2663 2833/2833/2661
f 2828/2828/2656 2823/2823/2651 2822/2822/2650
f 2828/2828/2656 2822/2822/2650 2835/2835/2663
f 2088/2088/1918 2836/2836/2664 2837/2837/2665
f 2088/2088/1918 2837/2837/2665 2089/2089/1919
f 2836/2836/2664 2838/2838/2666 2839/2839/2667
f 2836/2836/2664 2839/2839/2667 2837/2837/2665
f 2838/2838/2666 2840/2840/2668 2841/2841/2669
f 2838/2838/2666 2841/2841/2669 2839/2839/2667
f 2838/2838/2666 2842/2842/2670 2843/2843/2671
f 2838/2838/2666 2843/2843/2671 2840/2840/2668
f 2838/2838/2666 2836/2836/2664 2844/2844/2672
f 2838/2838/2666 2844/2844/2672 2842/2842/2670
f 2836/2836/2664 2088/2088/1918 2845/2845/2673
f 2836/2836/2664 2845/2845/2673 2844/2844/2672
f 2846/2846/2674 2847/2847/2675 2848/2848/2676
f 2846/2846/2674 2848/2848/2676 2849/2849/2677
f 2847/2847/2675 2850/2850/2678 2851/2851/2679
f 2847/2847/2675 2851/2851/2679 2848/2848/2676
f 2852/2852/2680 2853/2853/2681 2847/2847/2675
f 2852/2852/2680 2847/2847/2675 2846/2846/2674
f 2854/2854/2682 2850/2850/2678 2847/2847/2675
f 2854/2854/2682 2847/2847/2675 2853/2853/2681
f 2853/2853/2681 2855/2855/2683 2856/2856/2684
f 2853/2853/2681 2856/2856/2684 2854/2854/2682
f 2857/2857/2685 2855/2855/2683 2853/2853/2681
f 2857/2857/2685 2853/2853/2681 2852/2852/2680
f 2855/2855/2683 2858/2858/2686 2859/2859/2687
f 2855/2855/2683 2859/2859/2687 2856/2856/2684
f 2860/2860/2688 2858/2858/2686 2855/2855/2683
f 2860/2860/2688 2855/2855/2683 2857/2857/2685
f 2861/2861/2689 2862/2862/2690 2863/2863/2691
f 2861/2861/2689 2863/2863/2691 2864/2864/2692
f 2862/2862/2690 2865/2865/2693 2866/2866/2694
f 2862/2862/2690 2866/2866/2694 2863/2863/2691
f 2862/2862/2690 2867/2867/2695 2868/2868/2696
f 2862/2862/2690 2868/2868/2696 2865/2865/2693
f 2869/2869/2697 2867/2867/2695 2862/2862/2690
f 2869/2869/2697 2862/2862/2690 2861/2861/2689
f 2870/2870/2698 2759/2759/2587 2867/2867/2695
f 2870/2870/2698 2867/2867/2695 2869/2869/2697
f 2867/2867/2695 2759/2759/2587 2871/2871/2699
f 2867/2867/2695 2871/2871/2699 2868/2868/2696
f 2872/2872/2700 2873/2873/2701 2874/2874/2702
f 2872/2872/2700 2874/2874/2702 2875/2875/2703
f 2876/2876/2704 2877/2877/2705 2873/2873/2701
f 2876/2876/2704 2873/2873/2701 2872/2872/2700
f 2878/2878/2706 2758/2758/2586 2877/2877/2705
f 2878/2878/2706 2877/2877/2705 2876/2876/2704
f 2879/2879/2707 2880/2880/2708 2877/2877/2705
f 2879/2879/2707 2877/2877/2705 2758/2758/2586
f 2881/2881/2709 2873/2873/2701 2877/2877/2705
f 2881/2881/2709 2877/2877/2705 2880/2880/2708
f 2882/2882/2710 2874/2874/2702 2873/2873/2701
f 2882/2882/2710 2873/2873/2701 2881/2881/2709
f 2858/2858/2686 2860/2860/2688 2845/2845/2673
f 2858/2858/2686 2845/2845/2673 2088/2088/1918
f 2759/2759/2587 2870/2870/2698 2859/2859/2687
f 2759/2759/2587 2859/2859/2687 2858/2858/2686
f 2758/2758/2586 2878/2878/2706 2871/2871/2699
f 2758/2758/2586 2871/2871/2699 2759/2759/2587
f 2819/2819/2647 2883/2883/2711 2884/2884/2712
f 2819/2819/2647 2884/2884/2712 2820/2820/2648
f 2819/2819/2647 2096/2096/1926 2885/2885/2713
f 2819/2819/2647 2885/2885/2713 2883/2883/2711
f 2096/2096/1926 2097/2097/1927 2834/2834/2662
f 2096/2096/1926 2834/2834/2662 2885/2885/2713
f 2758/2758/2586 2091/2091/1921 2093/2093/1923
f 2758/2758/2586 2093/2093/1923 2879/2879/2707
f 2886/2886/2714 2099/2099/1929 2098/2098/1928
f 2886/2886/2714 2098/2098/1928 2792/2792/2620
f 2099/2099/1929 2886/2886/2714 2092/2092/1922
f 2099/2099/1929 2092/2092/1922 2091/2091/1921
f 2094/2094/1924 2800/2800/2628 2887/2887/2715
f 2094/2094/1924 2887/2887/2715 2095/2095/1925
f 2800/2800/2628 2769/2769/2597 2888/2888/2716
f 2800/2800/2628 2888/2888/2716 2887/2887/2715
f 2858/2858/2686 2088/2088/1918 2887/2887/2715
f 2858/2858/2686 2887/2887/2715 2888/2888/2716
f 2769/2769/2597 2100/2100/1930 2101/2101/1931
f 2769/2769/2597 2101/2101/1931 2888/2888/2716
f 2759/2759/2587 2858/2858/2686 2888/2888/2716
f 2759/2759/2587 2888/2888/2716 2101/2101/1931
f 2090/2090/1920 2089/2089/1919 2832/2832/2660
f 2090/2090/1920 2832/2832/2660 2097/2097/1927
f 2889/2889/2717 2890/2890/2718 2117/2117/1947
f 2889/2889/2717 2117/2117/1947 2116/2116/1946
f 2111/2111/1941 2891/2891/2719 2890/2890/2718
f 2111/2111/1941 2890/2890/2718 2889/2889/2717
f 2108/2108/1938 2110/2110/1940 2892/2892/2720
f 2108/2108/1938 2892/2892/2720 2107/2107/1937
f 2893/2893/2721 2894/2894/2722 2103/2103/1933
f 2893/2893/2721 2103/2103/1933 2134/2134/1964
f 2110/2110/1940 2893/2893/2721 2134/2134/1964
f 2110/2110/1940 2134/2134/1964 2892/2892/2720
f 2105/2105/1935 2107/2107/1937 2895/2895/2723
f 2105/2105/1935 2895/2895/2723 2896/2896/2724
f 2894/2894/2722 2897/2897/2725 2898/2898/2726
f 2894/2894/2722 2898/2898/2726 2899/2899/2727
f 2897/2897/2725 2894/2894/2722 2893/2893/2721
f 2897/2897/2725 2893/2893/2721 2900/2900/2728
f 2132/2132/1962 2901/2901/2729 2902/2902/2730
f 2132/2132/1962 2902/2902/2730 2900/2900/2728
f 2901/2901/2729 2903/2903/2731 2904/2904/2731
f 2901/2901/2729 2904/2904/2731 2902/2902/2730
f 2903/2903/2731 2905/2905/2732 2906/2906/2732
f 2903/2903/2731 2906/2906/2732 2904/2904/2731
f 2133/2133/1963 2135/2135/1965 2137/2137/1965
f 2133/2133/1963 2137/2137/1965 2132/2132/1962
f 2907/2907/2733 2898/2898/2726 2897/2897/2725
f 2907/2907/2733 2897/2897/2725 2908/2908/2734
f 2110/2110/1940 2132/2132/1962 2900/2900/2728
f 2110/2110/1940 2900/2900/2728 2893/2893/2721
f 2900/2900/2728 2909/2909/2735 2908/2908/2734
f 2900/2900/2728 2908/2908/2734 2897/2897/2725
f 2899/2899/2727 2910/2910/2736 2911/2911/2737
f 2899/2899/2727 2911/2911/2737 2912/2912/2738
f 2913/2913/2739 2914/2914/2740 2915/2915/2741
f 2913/2913/2739 2915/2915/2741 2916/2916/2742
f 2917/2917/2743 2918/2918/2744 2915/2915/2741
f 2917/2917/2743 2915/2915/2741 2914/2914/2740
f 2907/2907/2733 2908/2908/2734 2915/2915/2741
f 2907/2907/2733 2915/2915/2741 2918/2918/2744
f 2919/2919/2745 2920/2920/2746 2910/2910/2736
f 2919/2919/2745 2910/2910/2736 2921/2921/2747
f 2921/2921/2747 2922/2922/2748 2923/2923/2749
f 2921/2921/2747 2923/2923/2749 2919/2919/2745
f 2924/2924/2750 2925/2925/2751 2926/2926/2752
f 2924/2924/2750 2926/2926/2752 2927/2927/2753
f 2928/2928/2754 2929/2929/2755 2926/2926/2752
f 2928/2928/2754 2926/2926/2752 2925/2925/2751
f 2930/2930/2756 2931/2931/2757 2926/2926/2752
f 2930/2930/2756 2926/2926/2752 2929/2929/2755
f 2932/2932/2758 2927/2927/2753 2926/2926/2752
f 2932/2932/2758 2926/2926/2752 2931/2931/2757
f 2933/2933/2759 2923/2923/2749 2927/2927/2753
f 2933/2933/2759 2927/2927/2753 2932/2932/2758
f 2115/2115/1945 2920/2920/2746 2919/2919/2745
f 2115/2115/1945 2919/2919/2745 2114/2114/1944
f 2910/2910/2736 2920/2920/2746 2130/2130/1960
f 2910/2910/2736 2130/2130/1960 2911/2911/2737
f 2934/2934/2760 2935/2935/2761 2112/2112/1942
f 2934/2934/2760 2112/2112/1942 2114/2114/1944
f 2936/2936/2762 2937/2937/2763 2935/2935/2761
f 2936/2936/2762 2935/2935/2761 2934/2934/2760
f 2938/2938/2764 2939/2939/2765 2937/2937/2763
f 2938/2938/2764 2937/2937/2763 2936/2936/2762
f 2940/2940/2766 2941/2941/2767 2937/2937/2763
f 2940/2940/2766 2937/2937/2763 2939/2939/2765
f 2942/2942/2768 2935/2935/2761 2937/2937/2763
f 2942/2942/2768 2937/2937/2763 2941/2941/2767
f 2148/2148/1977 2112/2112/1942 2935/2935/2761
f 2148/2148/1977 2935/2935/2761 2942/2942/2768
f 2943/2943/2769 2891/2891/2719 2111/2111/1941
f 2943/2943/2769 2111/2111/1941 2113/2113/1943
f 2944/2944/2770 2945/2945/2771 2891/2891/2719
f 2944/2944/2770 2891/2891/2719 2943/2943/2769
f 2946/2946/2772 2947/2947/2773 2945/2945/2771
f 2946/2946/2772 2945/2945/2771 2944/2944/2770
f 2948/2948/2774 2949/2949/2775 2947/2947/2773
f 2948/2948/2774 2947/2947/2773 2946/2946/2772
f 2950/2950/2776 2951/2951/2777 2947/2947/2773
f 2950/2950/2776 2947/2947/2773 2949/2949/2775
f 2952/2952/2778 2945/2945/2771 2947/2947/2773
f 2952/2952/2778 2947/2947/2773 2951/2951/2777
f 2890/2890/2718 2891/2891/2719 2945/2945/2771
f 2890/2890/2718 2945/2945/2771 2952/2952/2778
f 2953/2953/2779 2954/2954/2780 2118/2118/1948
f 2953/2953/2779 2118/2118/1948 2147/2147/1976
f 2955/2955/2781 2956/2956/2782 2954/2954/2780
f 2955/2955/2781 2954/2954/2780 2953/2953/2779
f 2957/2957/2783 2958/2958/2784 2954/2954/2780
f 2957/2957/2783 2954/2954/2780 2956/2956/2782
f 2959/2959/2785 2118/2118/1948 2954/2954/2780
f 2959/2959/2785 2954/2954/2780 2958/2958/2784
f 2125/2125/1955 2116/2116/1946 2118/2118/1948
f 2125/2125/1955 2118/2118/1948 2959/2959/2785
f 2921/2921/2747 2910/2910/2736 2899/2899/2727
f 2921/2921/2747 2899/2899/2727 2898/2898/2726
f 2144/2144/1973 2120/2120/1950 2123/2123/1953
f 2144/2144/1973 2123/2123/1953 2125/2125/1955
f 2960/2960/2786 2961/2961/2787 2120/2120/1950
f 2960/2960/2786 2120/2120/1950 2119/2119/1949
f 2124/2124/1954 2123/2123/1953 2120/2120/1950
f 2124/2124/1954 2120/2120/1950 2961/2961/2787
f 2962/2962/2788 2106/2106/1936 2105/2105/1935
f 2962/2962/2788 2105/2105/1935 2963/2963/2789
f 2138/2138/1967 2964/2964/2790 2965/2965/2791
f 2138/2138/1967 2965/2965/2791 2146/2146/1975
f 2966/2966/2792 2967/2967/2793 2965/2965/2791
f 2966/2966/2792 2965/2965/2791 2964/2964/2790
f 2966/2966/2792 2968/2968/2794 2969/2969/2795
f 2966/2966/2792 2969/2969/2795 2967/2967/2793
f 2970/2970/2796 2971/2971/2797 2967/2967/2793
f 2970/2970/2796 2967/2967/2793 2969/2969/2795
f 2972/2972/2798 2965/2965/2791 2967/2967/2793
f 2972/2972/2798 2967/2967/2793 2971/2971/2797
f 2973/2973/2799 2146/2146/1975 2965/2965/2791
f 2973/2973/2799 2965/2965/2791 2972/2972/2798
f 2962/2962/2788 2963/2963/2789 2974/2974/2800
f 2962/2962/2788 2974/2974/2800 2975/2975/2801
f 2976/2976/2802 2975/2975/2801 2974/2974/2800
f 2976/2976/2802 2974/2974/2800 2977/2977/2803
f 2978/2978/2804 2979/2979/2805 2980/2980/2805
f 2978/2978/2804 2980/2980/2805 2143/2143/1972
f 2979/2979/2805 2981/2981/2806 2982/2982/2806
f 2979/2979/2805 2982/2982/2806 2980/2980/2805
f 2981/2981/2806 2983/2983/2807 2984/2984/2807
f 2981/2981/2806 2984/2984/2807 2982/2982/2806
f 2985/2985/2808 2986/2986/2809 2987/2987/2809
f 2985/2985/2808 2987/2987/2809 2988/2988/2808
f 2986/2986/2809 2141/2141/1970 2143/2143/1972
f 2986/2986/2809 2143/2143/1972 2987/2987/2809
f 2126/2126/1956 2106/2106/1936 2962/2962/2788
f 2126/2126/1956 2962/2962/2788 2989/2989/2810
f 2115/2115/1945 2111/2111/1941 2128/2128/1958
f 2115/2115/1945 2128/2128/1958 2140/2140/1969
f 2990/2990/2811 2991/2991/2812 2130/2130/1960
f 2990/2990/2811 2130/2130/1960 2129/2129/1959
f 2992/2992/2813 2993/2993/2814 2994/2994/2815
f 2992/2992/2813 2994/2994/2815 2995/2995/2816
f 2996/2996/2817 2995/2995/2816 2994/2994/2815
f 2996/2996/2817 2994/2994/2815 2997/2997/2818
f 2998/2998/2819 2991/2991/2812 2993/2993/2814
f 2998/2998/2819 2993/2993/2814 2992/2992/2813
f 2999/2999/2820 3000/3000/2821 3001/3001/2822
f 2999/2999/2820 3001/3001/2822 3002/3002/2823
f 3000/3000/2821 3003/3003/2824 3004/3004/2825
f 3000/3000/2821 3004/3004/2825 3005/3005/2826
f 3003/3003/2824 2912/2912/2738 2911/2911/2737
f 3003/3003/2824 2911/2911/2737 3004/3004/2825
f 3006/3006/2827 3002/3002/2823 3001/3001/2822
f 3006/3006/2827 3001/3001/2822 3007/3007/2828
f 3008/3008/2829 3003/3003/2824 3000/3000/2821
f 3008/3008/2829 3000/3000/2821 2999/2999/2820
f 2103/2103/1933 2912/2912/2738 3003/3003/2824
f 2103/2103/1933 3003/3003/2824 3008/3008/2829
f 3009/3009/2830 3010/3010/2831 3011/3011/2832
f 3009/3009/2830 3011/3011/2832 3012/3012/2833
f 3010/3010/2831 3013/3013/2834 3014/3014/2835
f 3010/3010/2831 3014/3014/2835 3011/3011/2832
f 3013/3013/2834 2102/2102/1932 2104/2104/1934
f 3013/3013/2834 2104/2104/1934 3014/3014/2835
f 3015/3015/2836 3016/3016/2837 3010/3010/2831
f 3015/3015/2836 3010/3010/2831 3009/3009/2830
f 3017/3017/2838 3013/3013/2834 3010/3010/2831
f 3017/3017/2838 3010/3010/2831 3016/3016/2837
f 2134/2134/1964 2102/2102/1932 3013/3013/2834
f 2134/2134/1964 3013/3013/2834 3017/3017/2838
f 3018/3018/2839 3019/3019/2840 3020/3020/2841
f 3018/3018/2839 3020/3020/2841 3021/3021/2842
f 3021/3021/2842 3020/3020/2841 2896/2896/2724
f 3021/3021/2842 2896/2896/2724 2895/2895/2723
f 2895/2895/2723 2107/2107/1937 2892/2892/2720
f 2895/2895/2723 2892/2892/2720 3022/3022/2843
f 2127/2127/1957 2139/2139/1968 2146/2146/1975
f 2127/2127/1957 2146/2146/1975 2973/2973/2799
f 2894/2894/2722 2899/2899/2727 2912/2912/2738
f 2894/2894/2722 2912/2912/2738 2103/2103/1933
f 2131/2131/1961 2140/2140/1969 2143/2143/1972
f 2131/2131/1961 2143/2143/1972 2142/2142/1971
f 2143/2143/1972 2140/2140/1969 2128/2128/1958
f 2143/2143/1972 2128/2128/1958 2978/2978/2804
f 2920/2920/2746 2115/2115/1945 2131/2131/1961
f 2920/2920/2746 2131/2131/1961 2130/2130/1960
f 2990/2990/2811 3023/3023/2844 2993/2993/2814
f 2990/2990/2811 2993/2993/2814 2991/2991/2812
f 3024/3024/2845 2994/2994/2815 2993/2993/2814
f 3024/3024/2845 2993/2993/2814 3023/3023/2844
f 3025/3025/2846 2997/2997/2818 2994/2994/2815
f 3025/3025/2846 2994/2994/2815 3024/3024/2845
f 3007/3007/2828 3001/3001/2822 3026/3026/2847
f 3007/3007/2828 3026/3026/2847 3027/3027/2848
f 3000/3000/2821 3005/3005/2826 3026/3026/2847
f 3000/3000/2821 3026/3026/2847 3001/3001/2822
f 3018/3018/2839 3021/3021/2842 3028/3028/2849
f 3018/3018/2839 3028/3028/2849 3029/3029/2850
f 2895/2895/2723 3022/3022/2843 3028/3028/2849
f 2895/2895/2723 3028/3028/2849 3021/3021/2842
f 3030/3030/2851 3031/3031/2852 2975/2975/2801
f 3030/3030/2851 2975/2975/2801 2976/2976/2802
f 2989/2989/2810 2962/2962/2788 2975/2975/2801
f 2989/2989/2810 2975/2975/2801 3031/3031/2852
f 2998/2998/2819 2911/2911/2737 2130/2130/1960
f 2998/2998/2819 2130/2130/1960 2991/2991/2812
f 2139/2139/1968 2127/2127/1957 2111/2111/1941
f 2139/2139/1968 2111/2111/1941 2889/2889/2717
f 2909/2909/2735 2916/2916/2742 2915/2915/2741
f 2909/2909/2735 2915/2915/2741 2908/2908/2734
f 2922/2922/2748 2924/2924/2750 2927/2927/2753
f 2922/2922/2748 2927/2927/2753 2923/2923/2749
f 2122/2122/1952 2139/2139/1968 2889/2889/2717
f 2122/2122/1952 2889/2889/2717 2116/2116/1946
f 2933/2933/2759 2114/2114/1944 2919/2919/2745
f 2933/2933/2759 2919/2919/2745 2923/2923/2749
f 2162/2162/1991 2152/2152/1981 3032/3032/2853
f 2162/2162/1991 3032/3032/2853 3033/3033/2854
f 3034/3034/2855 3035/3035/2856 3036/3036/2857
f 3034/3034/2855 3036/3036/2857 3037/3037/2858
f 3035/3035/2856 3038/3038/2859 3039/3039/2860
f 3035/3035/2856 3039/3039/2860 3036/3036/2857
f 3040/3040/2861 3041/3041/2862 3035/3035/2856
f 3040/3040/2861 3035/3035/2856 3034/3034/2855
f 3042/3042/2863 3038/3038/2859 3035/3035/2856
f 3042/3042/2863 3035/3035/2856 3041/3041/2862
f 3038/3038/2859 3043/3043/2864 3044/3044/2865
f 3038/3038/2859 3044/3044/2865 3039/3039/2860
f 3045/3045/2866 3043/3043/2864 3038/3038/2859
f 3045/3045/2866 3038/3038/2859 3042/3042/2863
f 3046/3046/2867 3047/3047/2868 3048/3048/2869
f 3046/3046/2867 3048/3048/2869 3049/3049/2870
f 3047/3047/2868 3050/3050/2871 3051/3051/2872
f 3047/3047/2868 3051/3051/2872 3048/3048/2869
f 3050/3050/2871 2161/2161/1990 3052/3052/2873
f 3050/3050/2871 3052/3052/2873 3051/3051/2872
f 3053/3053/2874 3054/3054/2875 3047/3047/2868
f 3053/3053/2874 3047/3047/2868 3046/3046/2867
f 3055/3055/2876 3050/3050/2871 3047/3047/2868
f 3055/3055/2876 3047/3047/2868 3054/3054/2875
f 3056/3056/2877 2161/2161/1990 3050/3050/2871
f 3056/3056/2877 3050/3050/2871 3055/3055/2876
f 3057/3057/2878 3058/3058/2879 3059/3059/2880
f 3057/3057/2878 3059/3059/2880 3060/3060/2881
f 3061/3061/2882 3062/3062/2883 3058/3058/2879
f 3061/3061/2882 3058/3058/2879 3057/3057/2878
f 3058/3058/2879 3063/3063/2884 3064/3064/2885
f 3058/3058/2879 3064/3064/2885 3059/3059/2880
f 3058/3058/2879 3062/3062/2883 3065/3065/2886
f 3058/3058/2879 3065/3065/2886 3063/3063/2884
f 3066/3066/2887 2159/2159/1988 3063/3063/2884
f 3066/3066/2887 3063/3063/2884 3065/3065/2886
f 3063/3063/2884 2159/2159/1988 3067/3067/2888
f 3063/3063/2884 3067/3067/2888 3064/3064/2885
f 3068/3068/2889 3069/3069/2890 3070/3070/2891
f 3068/3068/2889 3070/3070/2891 3071/3071/2892
f 3072/3072/2893 3073/3073/2894 3070/3070/2891
f 3072/3072/2893 3070/3070/2891 3069/3069/2890
f 3074/3074/2895 3075/3075/2896 3073/3073/2894
f 3074/3074/2895 3073/3073/2894 3072/3072/2893
f 3076/3076/2897 3077/3077/2898 3069/3069/2890
f 3076/3076/2897 3069/3069/2890 3068/3068/2889
f 3078/3078/2899 3072/3072/2893 3069/3069/2890
f 3078/3078/2899 3069/3069/2890 3077/3077/2898
f 3079/3079/2900 3074/3074/2895 3072/3072/2893
f 3079/3079/2900 3072/3072/2893 3078/3078/2899
f 3080/3080/2901 3081/3081/2902 3082/3082/2903
f 3080/3080/2901 3082/3082/2903 3083/3083/2904
f 3084/3084/2905 3085/3085/2906 3082/3082/2903
f 3084/3084/2905 3082/3082/2903 3081/3081/2902
f 3081/3081/2902 3086/3086/2907 3087/3087/2908
f 3081/3081/2902 3087/3087/2908 3084/3084/2905
f 3088/3088/2909 3086/3086/2907 3081/3081/2902
f 3088/3088/2909 3081/3081/2902 3080/3080/2901
f 3086/3086/2907 2155/2155/1984 3089/3089/2910
f 3086/3086/2907 3089/3089/2910 3087/3087/2908
f 3090/3090/2911 2155/2155/1984 3086/3086/2907
f 3090/3090/2911 3086/3086/2907 3088/3088/2909
f 3091/3091/2912 3092/3092/2913 3093/3093/2914
f 3091/3091/2912 3093/3093/2914 3094/3094/2915
f 3095/3095/2916 2157/2157/1986 3093/3093/2914
f 3095/3095/2916 3093/3093/2914 3092/3092/2913
f 3089/3089/2910 2155/2155/1984 2157/2157/1986
f 3089/3089/2910 2157/2157/1986 3095/3095/2916
f 3075/3075/2896 3074/3074/2895 2155/2155/1984
f 3075/3075/2896 2155/2155/1984 3090/3090/2911
f 3044/3044/2865 3043/3043/2864 3074/3074/2895
f 3044/3044/2865 3074/3074/2895 3079/3079/2900
f 2161/2161/1990 3043/3043/2864 3045/3045/2866
f 2161/2161/1990 3045/3045/2866 3052/3052/2873
f 3067/3067/2888 2159/2159/1988 2161/2161/1990
f 3067/3067/2888 2161/2161/1990 3056/3056/2877
f 3096/3096/2917 3097/3097/2918 3098/3098/2919
f 3096/3096/2917 3098/3098/2919 3099/3099/2920
f 3097/3097/2918 3100/3100/2921 3101/3101/2922
f 3097/3097/2918 3101/3101/2922 3098/3098/2919
f 3097/3097/2918 3102/3102/2923 3103/3103/2924
f 3097/3097/2918 3103/3103/2924 3100/3100/2921
f 3102/3102/2923 3104/3104/2925 3105/3105/2926
f 3102/3102/2923 3105/3105/2926 3103/3103/2924
f 3104/3104/2925 2158/2158/1987 3106/3106/2927
f 3104/3104/2925 3106/3106/2927 3105/3105/2926
f 3104/3104/2925 3107/3107/2928 3108/3108/2929
f 3104/3104/2925 3108/3108/2929 2158/2158/1987
f 3104/3104/2925 3102/3102/2923 3109/3109/2930
f 3104/3104/2925 3109/3109/2930 3107/3107/2928
f 3102/3102/2923 3097/3097/2918 3096/3096/2917
f 3102/3102/2923 3096/3096/2917 3109/3109/2930
f 2149/2149/1978 3110/3110/2931 3111/3111/2932
f 2149/2149/1978 3111/3111/2932 2150/2150/1979
f 3110/3110/2931 3112/3112/2933 3113/3113/2934
f 3110/3110/2931 3113/3113/2934 3111/3111/2932
f 3112/3112/2933 3114/3114/2935 3115/3115/2936
f 3112/3112/2933 3115/3115/2936 3113/3113/2934
f 3112/3112/2933 3116/3116/2937 3117/3117/2938
f 3112/3112/2933 3117/3117/2938 3114/3114/2935
f 3112/3112/2933 3110/3110/2931 3118/3118/2939
f 3112/3112/2933 3118/3118/2939 3116/3116/2937
f 3110/3110/2931 2149/2149/1978 3119/3119/2940
f 3110/3110/2931 3119/3119/2940 3118/3118/2939
f 3120/3120/2941 3121/3121/2942 3122/3122/2943
f 3120/3120/2941 3122/3122/2943 3123/3123/2944
f 3121/3121/2942 3124/3124/2945 3125/3125/2946
f 3121/3121/2942 3125/3125/2946 3122/3122/2943
f 3126/3126/2947 3127/3127/2948 3121/3121/2942
f 3126/3126/2947 3121/3121/2942 3120/3120/2941
f 3128/3128/2949 3124/3124/2945 3121/3121/2942
f 3128/3128/2949 3121/3121/2942 3127/3127/2948
f 3127/3127/2948 3129/3129/2950 3130/3130/2951
f 3127/3127/2948 3130/3130/2951 3128/3128/2949
f 3131/3131/2952 3129/3129/2950 3127/3127/2948
f 3131/3131/2952 3127/3127/2948 3126/3126/2947
f 3129/3129/2950 3132/3132/2953 3133/3133/2954
f 3129/3129/2950 3133/3133/2954 3130/3130/2951
f 3134/3134/2955 3132/3132/2953 3129/3129/2950
f 3134/3134/2955 3129/3129/2950 3131/3131/2952
f 3135/3135/2956 3136/3136/2957 3137/3137/2958
f 3135/3135/2956 3137/3137/2958 3138/3138/2959
f 3136/3136/2957 3139/3139/2960 3140/3140/2961
f 3136/3136/2957 3140/3140/2961 3137/3137/2958
f 3136/3136/2957 3141/3141/2962 3142/3142/2963
f 3136/3136/2957 3142/3142/2963 3139/3139/2960
f 3143/3143/2964 3141/3141/2962 3136/3136/2957
f 3143/3143/2964 3136/3136/2957 3135/3135/2956
f 3144/3144/2965 3033/3033/2854 3141/3141/2962
f 3144/3144/2965 3141/3141/2962 3143/3143/2964
f 3141/3141/2962 3033/3033/2854 3145/3145/2966
f 3141/3141/2962 3145/3145/2966 3142/3142/2963
f 3146/3146/2967 3147/3147/2968 3148/3148/2969
f 3146/3146/2967 3148/3148/2969 3149/3149/2970
f 3150/3150/2971 3151/3151/2972 3147/3147/2968
f 3150/3150/2971 3147/3147/2968 3146/3146/2967
f 3152/3152/2973 3032/3032/2853 3151/3151/2972
f 3152/3152/2973 3151/3151/2972 3150/3150/2971
f 3153/3153/2974 3154/3154/2975 3151/3151/2972
f 3153/3153/2974 3151/3151/2972 3032/3032/2853
f 3155/3155/2976 3147/3147/2968 3151/3151/2972
f 3155/3155/2976 3151/3151/2972 3154/3154/2975
f 3156/3156/2977 3148/3148/2969 3147/3147/2968
f 3156/3156/2977 3147/3147/2968 3155/3155/2976
f 3132/3132/2953 3134/3134/2955 3119/3119/2940
f 3132/3132/2953 3119/3119/2940 2149/2149/1978
f 3033/3033/2854 3144/3144/2965 3133/3133/2954
f 3033/3033/2854 3133/3133/2954 3132/3132/2953
f 3032/3032/2853 3152/3152/2973 3145/3145/2966
f 3032/3032/2853 3145/3145/2966 3033/3033/2854
f 3093/3093/2914 3157/3157/2978 3158/3158/2979
f 3093/3093/2914 3158/3158/2979 3094/3094/2915
f 3093/3093/2914 2157/2157/1986 3159/3159/2980
f 3093/3093/2914 3159/3159/2980 3157/3157/2978
f 2157/2157/1986 2158/2158/1987 3108/3108/2929
f 2157/2157/1986 3108/3108/2929 3159/3159/2980
f 3032/3032/2853 2152/2152/1981 2154/2154/1983
f 3032/3032/2853 2154/2154/1983 3153/3153/2974
f 3160/3160/2981 2160/2160/1989 2159/2159/1988
f 3160/3160/2981 2159/2159/1988 3066/3066/2887
f 2160/2160/1989 3160/3160/2981 2153/2153/1982
f 2160/2160/1989 2153/2153/1982 2152/2152/1981
f 2155/2155/1984 3074/3074/2895 3161/3161/2982
f 2155/2155/1984 3161/3161/2982 2156/2156/1985
f 3074/3074/2895 3043/3043/2864 3162/3162/2983
f 3074/3074/2895 3162/3162/2983 3161/3161/2982
f 3132/3132/2953 2149/2149/1978 3161/3161/2982
f 3132/3132/2953 3161/3161/2982 3162/3162/2983
f 3043/3043/2864 2161/2161/1990 2162/2162/1991
f 3043/3043/2864 2162/2162/1991 3162/3162/2983
f 3033/3033/2854 3132/3132/2953 3162/3162/2983
f 3033/3033/2854 3162/3162/2983 2162/2162/1991
f 2151/2151/1980 2150/2150/1979 3106/3106/2927
f 2151/2151/1980 3106/3106/2927 2158/2158/1987
f 2176/2176/2005 2166/2166/1995 3163/3163/2984
f 2176/2176/2005 3163/3163/2984 3164/3164/2985
f 3165/3165/2986 3166/3166/2987 3167/3167/2988
f 3165/3165/2986 3167/3167/2988 3168/3168/2989
f 3166/3166/2987 3169/3169/2990 3170/3170/2991
f 3166/3166/2987 3170/3170/2991 3167/3167/2988
f 3171/3171/2992 3172/3172/2993 3166/3166/2987
f 3171/3171/2992 3166/3166/2987 3165/3165/2986
f 3173/3173/2994 3169/3169/2990 3166/3166/2987
f 3173/3173/2994 3166/3166/2987 3172/3172/2993
f 3169/3169/2990 3174/3174/2995 3175/3175/2996
f 3169/3169/2990 3175/3175/2996 3170/3170/2991
f 3176/3176/2997 3174/3174/2995 3169/3169/2990
f 3176/3176/2997 3169/3169/2990 3173/3173/2994
f 3177/3177/2998 3178/3178/2999 3179/3179/3000
f 3177/3177/2998 3179/3179/3000 3180/3180/3001
f 3178/3178/2999 3181/3181/3002 3182/3182/3003
f 3178/3178/2999 3182/3182/3003 3179/3179/3000
f 3181/3181/3002 2175/2175/2004 3183/3183/3004
f 3181/3181/3002 3183/3183/3004 3182/3182/3003
f 3184/3184/3005 3185/3185/3006 3178/3178/2999
f 3184/3184/3005 3178/3178/2999 3177/3177/2998
f 3186/3186/3007 3181/3181/3002 3178/3178/2999
f 3186/3186/3007 3178/3178/2999 3185/3185/3006
f 3187/3187/3008 2175/2175/2004 3181/3181/3002
f 3187/3187/3008 3181/3181/3002 3186/3186/3007
f 3188/3188/3009 3189/3189/3010 3190/3190/3011
f 3188/3188/3009 3190/3190/3011 3191/3191/3012
f 3192/3192/3013 3193/3193/3014 3189/3189/3010
f 3192/3192/3013 3189/3189/3010 3188/3188/3009
f 3189/3189/3010 3194/3194/3015 3195/3195/3016
f 3189/3189/3010 3195/3195/3016 3190/3190/3011
f 3189/3189/3010 3193/3193/3014 3196/3196/3017
f 3189/3189/3010 3196/3196/3017 3194/3194/3015
f 3197/3197/3018 2173/2173/2002 3194/3194/3015
f 3197/3197/3018 3194/3194/3015 3196/3196/3017
f 3194/3194/3015 2173/2173/2002 3198/3198/3019
f 3194/3194/3015 3198/3198/3019 3195/3195/3016
f 3199/3199/3020 3200/3200/3021 3201/3201/3022
f 3199/3199/3020 3201/3201/3022 3202/3202/3023
f 3203/3203/3024 3204/3204/3025 3201/3201/3022
f 3203/3203/3024 3201/3201/3022 3200/3200/3021
f 3205/3205/3026 3206/3206/3027 3204/3204/3025
f 3205/3205/3026 3204/3204/3025 3203/3203/3024
f 3207/3207/3028 3208/3208/3029 3200/3200/3021
f 3207/3207/3028 3200/3200/3021 3199/3199/3020
f 3209/3209/3030 3203/3203/3024 3200/3200/3021
f 3209/3209/3030 3200/3200/3021 3208/3208/3029
f 3210/3210/3031 3205/3205/3026 3203/3203/3024
f 3210/3210/3031 3203/3203/3024 3209/3209/3030
f 3211/3211/3032 3212/3212/3033 3213/3213/3034
f 3211/3211/3032 3213/3213/3034 3214/3214/3035
f 3215/3215/3036 3216/3216/3037 3213/3213/3034
f 3215/3215/3036 3213/3213/3034 3212/3212/3033
f 3212/3212/3033 3217/3217/3038 3218/3218/3039
f 3212/3212/3033 3218/3218/3039 3215/3215/3036
f 3219/3219/3040 3217/3217/3038 3212/3212/3033
f 3219/3219/3040 3212/3212/3033 3211/3211/3032
f 3217/3217/3038 2169/2169/1998 3220/3220/3041
f 3217/3217/3038 3220/3220/3041 3218/3218/3039
f 3221/3221/3042 2169/2169/1998 3217/3217/3038
f 3221/3221/3042 3217/3217/3038 3219/3219/3040
f 3222/3222/3043 3223/3223/3044 3224/3224/3045
f 3222/3222/3043 3224/3224/3045 3225/3225/3046
f 3226/3226/3047 2171/2171/2000 3224/3224/3045
f 3226/3226/3047 3224/3224/3045 3223/3223/3044
f 3220/3220/3041 2169/2169/1998 2171/2171/2000
f 3220/3220/3041 2171/2171/2000 3226/3226/3047
f 3206/3206/3027 3205/3205/3026 2169/2169/1998
f 3206/3206/3027 2169/2169/1998 3221/3221/3042
f 3175/3175/2996 3174/3174/2995 3205/3205/3026
f 3175/3175/2996 3205/3205/3026 3210/3210/3031
f 2175/2175/2004 3174/3174/2995 3176/3176/2997
f 2175/2175/2004 3176/3176/2997 3183/3183/3004
f 3198/3198/3019 2173/2173/2002 2175/2175/2004
f 3198/3198/3019 2175/2175/2004 3187/3187/3008
f 3227/3227/3048 3228/3228/3049 3229/3229/3050
f 3227/3227/3048 3229/3229/3050 3230/3230/3051
f 3228/3228/3049 3231/3231/3052 3232/3232/3053
f 3228/3228/3049 3232/3232/3053 3229/3229/3050
f 3228/3228/3049 3233/3233/3054 3234/3234/3055
f 3228/3228/3049 3234/3234/3055 3231/3231/3052
f 3233/3233/3054 3235/3235/3056 3236/3236/3057
f 3233/3233/3054 3236/3236/3057 3234/3234/3055
f 3235/3235/3056 2172/2172/2001 3237/3237/3058
f 3235/3235/3056 3237/3237/3058 3236/3236/3057
f 3235/3235/3056 3238/3238/3059 3239/3239/3060
f 3235/3235/3056 3239/3239/3060 2172/2172/2001
f 3235/3235/3056 3233/3233/3054 3240/3240/3061
f 3235/3235/3056 3240/3240/3061 3238/3238/3059
f 3233/3233/3054 3228/3228/3049 3227/3227/3048
f 3233/3233/3054 3227/3227/3048 3240/3240/3061
f 2163/2163/1992 3241/3241/3062 3242/3242/3063
f 2163/2163/1992 3242/3242/3063 2164/2164/1993
f 3241/3241/3062 3243/3243/3064 3244/3244/3065
f 3241/3241/3062 3244/3244/3065 3242/3242/3063
f 3243/3243/3064 3245/3245/3066 3246/3246/3067
f 3243/3243/3064 3246/3246/3067 3244/3244/3065
f 3243/3243/3064 3247/3247/3068 3248/3248/3069
f 3243/3243/3064 3248/3248/3069 3245/3245/3066
f 3243/3243/3064 3241/3241/3062 3249/3249/3070
f 3243/3243/3064 3249/3249/3070 3247/3247/3068
f 3241/3241/3062 2163/2163/1992 3250/3250/3071
f 3241/3241/3062 3250/3250/3071 3249/3249/3070
f 3251/3251/3072 3252/3252/3073 3253/3253/3074
f 3251/3251/3072 3253/3253/3074 3254/3254/3075
f 3252/3252/3073 3255/3255/3076 3256/3256/3077
f 3252/3252/3073 3256/3256/3077 3253/3253/3074
f 3257/3257/3078 3258/3258/3079 3252/3252/3073
f 3257/3257/3078 3252/3252/3073 3251/3251/3072
f 3259/3259/3080 3255/3255/3076 3252/3252/3073
f 3259/3259/3080 3252/3252/3073 3258/3258/3079
f 3258/3258/3079 3260/3260/3081 3261/3261/3082
f 3258/3258/3079 3261/3261/3082 3259/3259/3080
f 3262/3262/3083 3260/3260/3081 3258/3258/3079
f 3262/3262/3083 3258/3258/3079 3257/3257/3078
f 3260/3260/3081 3263/3263/3084 3264/3264/3085
f 3260/3260/3081 3264/3264/3085 3261/3261/3082
f 3265/3265/3086 3263/3263/3084 3260/3260/3081
f 3265/3265/3086 3260/3260/3081 3262/3262/3083
f 3266/3266/3087 3267/3267/3088 3268/3268/3089
f 3266/3266/3087 3268/3268/3089 3269/3269/3090
f 3267/3267/3088 3270/3270/3091 3271/3271/3092
f 3267/3267/3088 3271/3271/3092 3268/3268/3089
f 3267/3267/3088 3272/3272/3093 3273/3273/3094
f 3267/3267/3088 3273/3273/3094 3270/3270/3091
f 3274/3274/3095 3272/3272/3093 3267/3267/3088
f 3274/3274/3095 3267/3267/3088 3266/3266/3087
f 3275/3275/3096 3164/3164/2985 3272/3272/3093
f 3275/3275/3096 3272/3272/3093 3274/3274/3095
f 3272/3272/3093 3164/3164/2985 3276/3276/3097
f 3272/3272/3093 3276/3276/3097 3273/3273/3094
f 3277/3277/3098 3278/3278/3099 3279/3279/3100
f 3277/3277/3098 3279/3279/3100 3280/3280/3101
f 3281/3281/3102 3282/3282/3103 3278/3278/3099
f 3281/3281/3102 3278/3278/3099 3277/3277/3098
f 3283/3283/3104 3163/3163/2984 3282/3282/3103
f 3283/3283/3104 3282/3282/3103 3281/3281/3102
f 3284/3284/3105 3285/3285/3106 3282/3282/3103
f 3284/3284/3105 3282/3282/3103 3163/3163/2984
f 3286/3286/3107 3278/3278/3099 3282/3282/3103
f 3286/3286/3107 3282/3282/3103 3285/3285/3106
f 3287/3287/3108 3279/3279/3100 3278/3278/3099
f 3287/3287/3108 3278/3278/3099 3286/3286/3107
f 3263/3263/3084 3265/3265/3086 3250/3250/3071
f 3263/3263/3084 3250/3250/3071 2163/2163/1992
f 3164/3164/2985 3275/3275/3096 3264/3264/3085
f 3164/3164/2985 3264/3264/3085 3263/3263/3084
f 3163/3163/2984 3283/3283/3104 3276/3276/3097
f 3163/3163/2984 3276/3276/3097 3164/3164/2985
f 3224/3224/3045 3288/3288/3109 3289/3289/3110
f 3224/3224/3045 3289/3289/3110 3225/3225/3046
f 3224/3224/3045 2171/2171/2000 3290/3290/3111
f 3224/3224/3045 3290/3290/3111 3288/3288/3109
f 2171/2171/2000 2172/2172/2001 3239/3239/3060
f 2171/2171/2000 3239/3239/3060 3290/3290/3111
f 3163/3163/2984 2166/2166/1995 2168/2168/1997
f 3163/3163/2984 2168/2168/1997 3284/3284/3105
f 3291/3291/3112 2174/2174/2003 2173/2173/2002
f 3291/3291/3112 2173/2173/2002 3197/3197/3018
f 2174/2174/2003 3291/3291/3112 2167/2167/1996
f 2174/2174/2003 2167/2167/1996 2166/2166/1995
f 2169/2169/1998 3205/3205/3026 3292/3292/3113
f 2169/2169/1998 3292/3292/3113 2170/2170/1999
f 3205/3205/3026 3174/3174/2995 3293/3293/3114
f 3205/3205/3026 3293/3293/3114 3292/3292/3113
f 3263/3263/3084 2163/2163/1992 3292/3292/3113
f 3263/3263/3084 3292/3292/3113 3293/3293/3114
f 3174/3174/2995 2175/2175/2004 2176/2176/2005
f 3174/3174/2995 2176/2176/2005 3293/3293/3114
f 3164/3164/2985 3263/3263/3084 3293/3293/3114
f 3164/3164/2985 3293/3293/3114 2176/2176/2005
f 2165/2165/1994 2164/2164/1993 3237/3237/3058
f 2165/2165/1994 3237/3237/3058 2172/2172/2001
f 2178/2178/2007 3294/3294/3115 2194/2194/2023
f 2178/2178/2007 2194/2194/2023 2179/2179/2008
f 2198/2198/2027 3294/3294/3115 2178/2178/2007
f 2198/2198/2027 2178/2178/2007 2181/2181/2010
f 2185/2185/2014 2188/2188/2017 3294/3294/3115
f 2185/2185/2014 3294/3294/3115 2198/2198/2027
f 2187/2187/2016 2198/2198/2027 2181/2181/2010
f 2187/2187/2016 2181/2181/2010 3295/3295/3116
f 3296/3296/3117 3297/3297/3118 3298/3298/3119
f 3296/3296/3117 3298/3298/3119 3299/3299/3120
f 3297/3297/3118 3300/3300/3121 3301/3301/3122
f 3297/3297/3118 3301/3301/3122 3298/3298/3119
f 3302/3302/3123 3303/3303/3124 3300/3300/3121
f 3302/3302/3123 3300/3300/3121 3297/3297/3118
f 3297/3297/3118 3296/3296/3117 3304/3304/3125
f 3297/3297/3118 3304/3304/3125 3302/3302/3123
f 2183/2183/2012 2185/2185/2014 3302/3302/3123
f 2183/2183/2012 3302/3302/3123 3304/3304/3125
f 2186/2186/2015 3303/3303/3124 3302/3302/3123
f 2186/2186/2015 3302/3302/3123 2185/2185/2014
f 2187/2187/2016 3305/3305/3126 3306/3306/3127
f 2187/2187/2016 3306/3306/3127 2186/2186/2015
f 3305/3305/3126 3307/3307/3128 3308/3308/3129
f 3305/3305/3126 3308/3308/3129 3306/3306/3127
f 3307/3307/3128 3309/3309/3130 3310/3310/3131
f 3307/3307/3128 3310/3310/3131 3308/3308/3129
f 3307/3307/3128 3311/3311/3132 3312/3312/3133
f 3307/3307/3128 3312/3312/3133 3309/3309/3130
f 3307/3307/3128 3305/3305/3126 3313/3313/3134
f 3307/3307/3128 3313/3313/3134 3311/3311/3132
f 3314/3314/3135 3313/3313/3134 3305/3305/3126
f 3314/3314/3135 3305/3305/3126 2187/2187/2016
f 3315/3315/3136 3316/3316/3137 3317/3317/3138
f 3315/3315/3136 3317/3317/3138 3318/3318/3139
f 3319/3319/3140 3320/3320/3141 3316/3316/3137
f 3319/3319/3140 3316/3316/3137 3315/3315/3136
f 3314/3314/3135 3321/3321/3142 3320/3320/3141
f 3314/3314/3135 3320/3320/3141 3319/3319/3140
f 3322/3322/3143 3323/3323/3144 3320/3320/3141
f 3322/3322/3143 3320/3320/3141 3321/3321/3142
f 3324/3324/3145 3316/3316/3137 3320/3320/3141
f 3324/3324/3145 3320/3320/3141 3323/3323/3144
f 3325/3325/3146 3317/3317/3138 3316/3316/3137
f 3325/3325/3146 3316/3316/3137 3324/3324/3145
f 3326/3326/3147 3327/3327/3148 3328/3328/3149
f 3326/3326/3147 3328/3328/3149 3322/3322/3143
f 3329/3329/3150 3330/3330/3151 3328/3328/3149
f 3329/3329/3150 3328/3328/3149 3327/3327/3148
f 3329/3329/3150 3331/3331/3152 3332/3332/3153
f 3329/3329/3150 3332/3332/3153 3330/3330/3151
f 3329/3329/3150 3333/3333/3154 3334/3334/3155
f 3329/3329/3150 3334/3334/3155 3331/3331/3152
f 3329/3329/3150 3327/3327/3148 3335/3335/3156
f 3329/3329/3150 3335/3335/3156 3333/3333/3154
f 3335/3335/3156 3327/3327/3148 3326/3326/3147
f 3335/3335/3156 3326/3326/3147 3336/3336/3157
f 3326/3326/3147 3337/3337/3158 3338/3338/3159
f 3326/3326/3147 3338/3338/3159 3336/3336/3157
f 3337/3337/3158 3339/3339/3160 3340/3340/3161
f 3337/3337/3158 3340/3340/3161 3338/3338/3159
f 3339/3339/3160 2182/2182/2011 2180/2180/2009
f 3339/3339/3160 2180/2180/2009 3340/3340/3161
f 3337/3337/3158 3326/3326/3147 3322/3322/3143
f 3337/3337/3158 3322/3322/3143 3321/3321/3142
f 3337/3337/3158 3321/3321/3142 3295/3295/3116
f 3337/3337/3158 3295/3295/3116 3339/3339/3160
f 3321/3321/3142 3314/3314/3135 2187/2187/2016
f 3321/3321/3142 2187/2187/2016 3295/3295/3116
f 3341/3341/3162 3342/3342/3163 3343/3343/3164
f 3341/3341/3162 3343/3343/3164 3344/3344/3165
f 3342/3342/3163 3345/3345/3166 3346/3346/3167
f 3342/3342/3163 3346/3346/3167 3343/3343/3164
f 3342/3342/3163 3347/3347/3168 3348/3348/3169
f 3342/3342/3163 3348/3348/3169 3345/3345/3166
f 3349/3349/3170 3347/3347/3168 3342/3342/3163
f 3349/3349/3170 3342/3342/3163 3341/3341/3162
f 3347/3347/3168 2184/2184/2013 2183/2183/2012
f 3347/3347/3168 2183/2183/2012 3348/3348/3169
f 3350/3350/3171 3351/3351/3172 2189/2189/2018
f 3350/3350/3171 2189/2189/2018 3349/3349/3170
f 3352/3352/3173 3353/3353/3174 3351/3351/3172
f 3352/3352/3173 3351/3351/3172 3350/3350/3171
f 2184/2184/2013 3347/3347/3168 3349/3349/3170
f 2184/2184/2013 3349/3349/3170 2189/2189/2018
f 3339/3339/3160 3295/3295/3116 2181/2181/2010
f 3339/3339/3160 2181/2181/2010 2182/2182/2011
f 3354/3354/3175 3355/3355/3176 3356/3356/3177
f 3354/3354/3175 3356/3356/3177 3357/3357/3178
f 3358/3358/3179 3359/3359/3180 3356/3356/3177
f 3358/3358/3179 3356/3356/3177 3355/3355/3176
f 3358/3358/3179 3360/3360/3181 3361/3361/3182
f 3358/3358/3179 3361/3361/3182 3359/3359/3180
f 3362/3362/3183 3363/3363/3184 3355/3355/3176
f 3362/3362/3183 3355/3355/3176 3354/3354/3175
f 3364/3364/3185 3358/3358/3179 3355/3355/3176
f 3364/3364/3185 3355/3355/3176 3363/3363/3184
f 3365/3365/3186 3360/3360/3181 3358/3358/3179
f 3365/3365/3186 3358/3358/3179 3364/3364/3185
f 3366/3366/3187 3367/3367/3188 3368/3368/3189
f 3366/3366/3187 3368/3368/3189 3369/3369/3190
f 3370/3370/3191 3371/3371/3192 3372/3372/3193
f 3370/3370/3191 3372/3372/3193 3373/3373/3194
f 2194/2194/2023 2193/2193/2022 3371/3371/3192
f 2194/2194/2023 3371/3371/3192 3370/3370/3191
f 3374/3374/3195 3375/3375/3196 3367/3367/3188
f 3374/3374/3195 3367/3367/3188 3366/3366/3187
f 3376/3376/3197 3370/3370/3191 3373/3373/3194
f 3376/3376/3197 3373/3373/3194 3377/3377/3198
f 3361/3361/3182 2194/2194/2023 3370/3370/3191
f 3361/3361/3182 3370/3370/3191 3376/3376/3197
f 2191/2191/2020 3378/3378/3199 3379/3379/3200
f 2191/2191/2020 3379/3379/3200 2193/2193/2022
f 3378/3378/3199 3380/3380/3201 3381/3381/3202
f 3378/3378/3199 3381/3381/3202 3379/3379/3200
f 3380/3380/3201 3382/3382/3203 3383/3383/3204
f 3380/3380/3201 3383/3383/3204 3381/3381/3202
f 3367/3367/3188 3373/3373/3194 3372/3372/3193
f 3367/3367/3188 3372/3372/3193 3368/3368/3189
f 3375/3375/3196 3377/3377/3198 3373/3373/3194
f 3375/3375/3196 3373/3373/3194 3367/3367/3188
f 3382/3382/3203 3384/3384/3205 3385/3385/3206
f 3382/3382/3203 3385/3385/3206 3383/3383/3204
f 3382/3382/3203 3386/3386/3207 3387/3387/3208
f 3382/3382/3203 3387/3387/3208 3384/3384/3205
f 3382/3382/3203 3380/3380/3201 3388/3388/3209
f 3382/3382/3203 3388/3388/3209 3386/3386/3207
f 3380/3380/3201 3378/3378/3199 3389/3389/3210
f 3380/3380/3201 3389/3389/3210 3388/3388/3209
f 3389/3389/3210 3378/3378/3199 2191/2191/2020
f 3389/3389/3210 2191/2191/2020 2190/2190/2019
f 3390/3390/3211 3391/3391/3212 3392/3392/3213
f 3390/3390/3211 3392/3392/3213 3393/3393/3214
f 3391/3391/3212 3394/3394/3215 3395/3395/3216
f 3391/3391/3212 3395/3395/3216 3392/3392/3213
f 3394/3394/3215 2192/2192/2021 3396/3396/3217
f 3394/3394/3215 3396/3396/3217 3395/3395/3216
f 2192/2192/2021 2189/2189/2018 3397/3397/3218
f 2192/2192/2021 3397/3397/3218 3396/3396/3217
f 2189/2189/2018 3351/3351/3172 3398/3398/3219
f 2189/2189/2018 3398/3398/3219 3397/3397/3218
f 3398/3398/3219 3351/3351/3172 3353/3353/3174
f 3398/3398/3219 3353/3353/3174 3399/3399/3220
f 3400/3400/3221 3401/3401/3222 3391/3391/3212
f 3400/3400/3221 3391/3391/3212 3390/3390/3211
f 3394/3394/3215 3391/3391/3212 3401/3401/3222
f 3394/3394/3215 3401/3401/3222 3402/3402/3223
f 2190/2190/2019 2192/2192/2021 3394/3394/3215
f 2190/2190/2019 3394/3394/3215 3402/3402/3223
f 2194/2194/2023 3361/3361/3182 3360/3360/3181
f 2194/2194/2023 3360/3360/3181 2179/2179/2008
f 3294/3294/3115 2188/2188/2017 2191/2191/2020
f 3294/3294/3115 2191/2191/2020 2194/2194/2023
f 3360/3360/3181 3403/3403/3224 2177/2177/2006
f 3360/3360/3181 2177/2177/2006 2179/2179/2008
f 2199/2199/2028 2196/2196/2025 3404/3404/3225
f 2199/2199/2028 3404/3404/3225 3405/3405/3226
f 2196/2196/2025 3406/3406/3227 3407/3407/3228
f 2196/2196/2025 3407/3407/3228 3404/3404/3225
f 3406/3406/3227 3408/3408/3229 3365/3365/3186
f 3406/3406/3227 3365/3365/3186 3407/3407/3228
f 3406/3406/3227 2196/2196/2025 2195/2195/2024
f 3406/3406/3227 2195/2195/2024 3409/3409/3230
f 3410/3410/3231 3408/3408/3229 3406/3406/3227
f 3410/3410/3231 3406/3406/3227 3409/3409/3230
f 3411/3411/3232 3403/3403/3224 3408/3408/3229
f 3411/3411/3232 3408/3408/3229 3410/3410/3231
f 3360/3360/3181 3365/3365/3186 3408/3408/3229
f 3360/3360/3181 3408/3408/3229 3403/3403/3224
f 2180/2180/2009 2177/2177/2006 3403/3403/3224
f 2180/2180/2009 3403/3403/3224 3411/3411/3232
f 2201/2201/2030 3412/3412/3233 2217/2217/2046
f 2201/2201/2030 2217/2217/2046 2202/2202/2031
f 2221/2221/2050 3412/3412/3233 2201/2201/2030
f 2221/2221/2050 2201/2201/2030 2204/2204/2033
f 2208/2208/2037 2211/2211/2040 3412/3412/3233
f 2208/2208/2037 3412/3412/3233 2221/2221/2050
f 2210/2210/2039 2221/2221/2050 2204/2204/2033
f 2210/2210/2039 2204/2204/2033 3413/3413/3234
f 3414/3414/3235 3415/3415/3236 3416/3416/3237
f 3414/3414/3235 3416/3416/3237 3417/3417/3238
f 3415/3415/3236 3418/3418/3239 3419/3419/3240
f 3415/3415/3236 3419/3419/3240 3416/3416/3237
f 3420/3420/3241 3421/3421/3242 3418/3418/3239
f 3420/3420/3241 3418/3418/3239 3415/3415/3236
f 3415/3415/3236 3414/3414/3235 3422/3422/3243
f 3415/3415/3236 3422/3422/3243 3420/3420/3241
f 2206/2206/2035 2208/2208/2037 3420/3420/3241
f 2206/2206/2035 3420/3420/3241 3422/3422/3243
f 2209/2209/2038 3421/3421/3242 3420/3420/3241
f 2209/2209/2038 3420/3420/3241 2208/2208/2037
f 2210/2210/2039 3423/3423/3244 3424/3424/3245
f 2210/2210/2039 3424/3424/3245 2209/2209/2038
f 3423/3423/3244 3425/3425/3246 3426/3426/3247
f 3423/3423/3244 3426/3426/3247 3424/3424/3245
f 3425/3425/3246 3427/3427/3248 3428/3428/3249
f 3425/3425/3246 3428/3428/3249 3426/3426/3247
f 3425/3425/3246 3429/3429/3250 3430/3430/3251
f 3425/3425/3246 3430/3430/3251 3427/3427/3248
f 3425/3425/3246 3423/3423/3244 3431/3431/3252
f 3425/3425/3246 3431/3431/3252 3429/3429/3250
f 3432/3432/3253 3431/3431/3252 3423/3423/3244
f 3432/3432/3253 3423/3423/3244 2210/2210/2039
f 3433/3433/3254 3434/3434/3255 3435/3435/3256
f 3433/3433/3254 3435/3435/3256 3436/3436/3257
f 3437/3437/3258 3438/3438/3259 3434/3434/3255
f 3437/3437/3258 3434/3434/3255 3433/3433/3254
f 3432/3432/3253 3439/3439/3260 3438/3438/3259
f 3432/3432/3253 3438/3438/3259 3437/3437/3258
f 3440/3440/3261 3441/3441/3262 3438/3438/3259
f 3440/3440/3261 3438/3438/3259 3439/3439/3260
f 3442/3442/3263 3434/3434/3255 3438/3438/3259
f 3442/3442/3263 3438/3438/3259 3441/3441/3262
f 3443/3443/3264 3435/3435/3256 3434/3434/3255
f 3443/3443/3264 3434/3434/3255 3442/3442/3263
f 3444/3444/3265 3445/3445/3266 3446/3446/3267
f 3444/3444/3265 3446/3446/3267 3440/3440/3261
f 3447/3447/3268 3448/3448/3269 3446/3446/3267
f 3447/3447/3268 3446/3446/3267 3445/3445/3266
f 3447/3447/3268 3449/3449/3270 3450/3450/3271
f 3447/3447/3268 3450/3450/3271 3448/3448/3269
f 3447/3447/3268 3451/3451/3272 3452/3452/3273
f 3447/3447/3268 3452/3452/3273 3449/3449/3270
f 3447/3447/3268 3445/3445/3266 3453/3453/3274
f 3447/3447/3268 3453/3453/3274 3451/3451/3272
f 3453/3453/3274 3445/3445/3266 3444/3444/3265
f 3453/3453/3274 3444/3444/3265 3454/3454/3275
f 3444/3444/3265 3455/3455/3276 3456/3456/3277
f 3444/3444/3265 3456/3456/3277 3454/3454/3275
f 3455/3455/3276 3457/3457/3278 3458/3458/3279
f 3455/3455/3276 3458/3458/3279 3456/3456/3277
f 3457/3457/3278 2205/2205/2034 2203/2203/2032
f 3457/3457/3278 2203/2203/2032 3458/3458/3279
f 3455/3455/3276 3444/3444/3265 3440/3440/3261
f 3455/3455/3276 3440/3440/3261 3439/3439/3260
f 3455/3455/3276 3439/3439/3260 3413/3413/3234
f 3455/3455/3276 3413/3413/3234 3457/3457/3278
f 3439/3439/3260 3432/3432/3253 2210/2210/2039
f 3439/3439/3260 2210/2210/2039 3413/3413/3234
f 3459/3459/3280 3460/3460/3281 3461/3461/3282
f 3459/3459/3280 3461/3461/3282 3462/3462/3283
f 3460/3460/3281 3463/3463/3284 3464/3464/3285
f 3460/3460/3281 3464/3464/3285 3461/3461/3282
f 3460/3460/3281 3465/3465/3286 3466/3466/3287
f 3460/3460/3281 3466/3466/3287 3463/3463/3284
f 3467/3467/3288 3465/3465/3286 3460/3460/3281
f 3467/3467/3288 3460/3460/3281 3459/3459/3280
f 3465/3465/3286 2207/2207/2036 2206/2206/2035
f 3465/3465/3286 2206/2206/2035 3466/3466/3287
f 3468/3468/3289 3469/3469/3290 2212/2212/2041
f 3468/3468/3289 2212/2212/2041 3467/3467/3288
f 3470/3470/3291 3471/3471/3292 3469/3469/3290
f 3470/3470/3291 3469/3469/3290 3468/3468/3289
f 2207/2207/2036 3465/3465/3286 3467/3467/3288
f 2207/2207/2036 3467/3467/3288 2212/2212/2041
f 3457/3457/3278 3413/3413/3234 2204/2204/2033
f 3457/3457/3278 2204/2204/2033 2205/2205/2034
f 3472/3472/3293 3473/3473/3294 3474/3474/3295
f 3472/3472/3293 3474/3474/3295 3475/3475/3296
f 3476/3476/3297 3477/3477/3298 3474/3474/3295
f 3476/3476/3297 3474/3474/3295 3473/3473/3294
f 3476/3476/3297 3478/3478/3299 3479/3479/3300
f 3476/3476/3297 3479/3479/3300 3477/3477/3298
f 3480/3480/3301 3481/3481/3302 3473/3473/3294
f 3480/3480/3301 3473/3473/3294 3472/3472/3293
f 3482/3482/3303 3476/3476/3297 3473/3473/3294
f 3482/3482/3303 3473/3473/3294 3481/3481/3302
f 3483/3483/3304 3478/3478/3299 3476/3476/3297
f 3483/3483/3304 3476/3476/3297 3482/3482/3303
f 3484/3484/3305 3485/3485/3306 3486/3486/3307
f 3484/3484/3305 3486/3486/3307 3487/3487/3308
f 3488/3488/3309 3489/3489/3310 3490/3490/3311
f 3488/3488/3309 3490/3490/3311 3491/3491/3312
f 2217/2217/2046 2216/2216/2045 3489/3489/3310
f 2217/2217/2046 3489/3489/3310 3488/3488/3309
f 3492/3492/3313 3493/3493/3314 3485/3485/3306
f 3492/3492/3313 3485/3485/3306 3484/3484/3305
f 3494/3494/3315 3488/3488/3309 3491/3491/3312
f 3494/3494/3315 3491/3491/3312 3495/3495/3316
f 3479/3479/3300 2217/2217/2046 3488/3488/3309
f 3479/3479/3300 3488/3488/3309 3494/3494/3315
f 2214/2214/2043 3496/3496/3317 3497/3497/3318
f 2214/2214/2043 3497/3497/3318 2216/2216/2045
f 3496/3496/3317 3498/3498/3319 3499/3499/3320
f 3496/3496/3317 3499/3499/3320 3497/3497/3318
f 3498/3498/3319 3500/3500/3321 3501/3501/3322
f 3498/3498/3319 3501/3501/3322 3499/3499/3320
f 3485/3485/3306 3491/3491/3312 3490/3490/3311
f 3485/3485/3306 3490/3490/3311 3486/3486/3307
f 3493/3493/3314 3495/3495/3316 3491/3491/3312
f 3493/3493/3314 3491/3491/3312 3485/3485/3306
f 3500/3500/3321 3502/3502/3323 3503/3503/3324
f 3500/3500/3321 3503/3503/3324 3501/3501/3322
f 3500/3500/3321 3504/3504/3325 3505/3505/3326
f 3500/3500/3321 3505/3505/3326 3502/3502/3323
f 3500/3500/3321 3498/3498/3319 3506/3506/3327
f 3500/3500/3321 3506/3506/3327 3504/3504/3325
f 3498/3498/3319 3496/3496/3317 3507/3507/3328
f 3498/3498/3319 3507/3507/3328 3506/3506/3327
f 3507/3507/3328 3496/3496/3317 2214/2214/2043
f 3507/3507/3328 2214/2214/2043 2213/2213/2042
f 3508/3508/3329 3509/3509/3330 3510/3510/3331
f 3508/3508/3329 3510/3510/3331 3511/3511/3332
f 3509/3509/3330 3512/3512/3333 3513/3513/3334
f 3509/3509/3330 3513/3513/3334 3510/3510/3331
f 3512/3512/3333 2215/2215/2044 3514/3514/3335
f 3512/3512/3333 3514/3514/3335 3513/3513/3334
f 2215/2215/2044 2212/2212/2041 3515/3515/3336
f 2215/2215/2044 3515/3515/3336 3514/3514/3335
f 2212/2212/2041 3469/3469/3290 3516/3516/3337
f 2212/2212/2041 3516/3516/3337 3515/3515/3336
f 3516/3516/3337 3469/3469/3290 3471/3471/3292
f 3516/3516/3337 3471/3471/3292 3517/3517/3338
f 3518/3518/3339 3519/3519/3340 3509/3509/3330
f 3518/3518/3339 3509/3509/3330 3508/3508/3329
f 3512/3512/3333 3509/3509/3330 3519/3519/3340
f 3512/3512/3333 3519/3519/3340 3520/3520/3341
f 2213/2213/2042 2215/2215/2044 3512/3512/3333
f 2213/2213/2042 3512/3512/3333 3520/3520/3341
f 2217/2217/2046 3479/3479/3300 3478/3478/3299
f 2217/2217/2046 3478/3478/3299 2202/2202/2031
f 3412/3412/3233 2211/2211/2040 2214/2214/2043
f 3412/3412/3233 2214/2214/2043 2217/2217/2046
f 3478/3478/3299 3521/3521/3342 2200/2200/2029
f 3478/3478/3299 2200/2200/2029 2202/2202/2031
f 2222/2222/2051 2219/2219/2048 3522/3522/3343
f 2222/2222/2051 3522/3522/3343 3523/3523/3344
f 2219/2219/2048 3524/3524/3345 3525/3525/3346
f 2219/2219/2048 3525/3525/3346 3522/3522/3343
f 3524/3524/3345 3526/3526/3347 3483/3483/3304
f 3524/3524/3345 3483/3483/3304 3525/3525/3346
f 3524/3524/3345 2219/2219/2048 2218/2218/2047
f 3524/3524/3345 2218/2218/2047 3527/3527/3348
f 3528/3528/3349 3526/3526/3347 3524/3524/3345
f 3528/3528/3349 3524/3524/3345 3527/3527/3348
f 3529/3529/3350 3521/3521/3342 3526/3526/3347
f 3529/3529/3350 3526/3526/3347 3528/3528/3349
f 3478/3478/3299 3483/3483/3304 3526/3526/3347
f 3478/3478/3299 3526/3526/3347 3521/3521/3342
f 2203/2203/2032 2200/2200/2029 3521/3521/3342
f 2203/2203/2032 3521/3521/3342 3529/3529/3350
f 2224/2224/2053 3530/3530/3351 2240/2240/2069
f 2224/2224/2053 2240/2240/2069 2225/2225/2054
f 2244/2244/2073 3530/3530/3351 2224/2224/2053
f 2244/2244/2073 2224/2224/2053 2227/2227/2056
f 2231/2231/2060 2234/2234/2063 3530/3530/3351
f 2231/2231/2060 3530/3530/3351 2244/2244/2073
f 2233/2233/2062 2244/2244/2073 2227/2227/2056
f 2233/2233/2062 2227/2227/2056 3531/3531/3352
f 3532/3532/3353 3533/3533/3354 3534/3534/3355
f 3532/3532/3353 3534/3534/3355 3535/3535/3356
f 3533/3533/3354 3536/3536/3357 3537/3537/3358
f 3533/3533/3354 3537/3537/3358 3534/3534/3355
f 3538/3538/3359 3539/3539/3360 3536/3536/3357
f 3538/3538/3359 3536/3536/3357 3533/3533/3354
f 3533/3533/3354 3532/3532/3353 3540/3540/3361
f 3533/3533/3354 3540/3540/3361 3538/3538/3359
f 2229/2229/2058 2231/2231/2060 3538/3538/3359
f 2229/2229/2058 3538/3538/3359 3540/3540/3361
f 2232/2232/2061 3539/3539/3360 3538/3538/3359
f 2232/2232/2061 3538/3538/3359 2231/2231/2060
f 2233/2233/2062 3541/3541/3362 3542/3542/3363
f 2233/2233/2062 3542/3542/3363 2232/2232/2061
f 3541/3541/3362 3543/3543/3364 3544/3544/3365
f 3541/3541/3362 3544/3544/3365 3542/3542/3363
f 3543/3543/3364 3545/3545/3366 3546/3546/3367
f 3543/3543/3364 3546/3546/3367 3544/3544/3365
f 3543/3543/3364 3547/3547/3368 3548/3548/3369
f 3543/3543/3364 3548/3548/3369 3545/3545/3366
f 3543/3543/3364 3541/3541/3362 3549/3549/3370
f 3543/3543/3364 3549/3549/3370 3547/3547/3368
f 3550/3550/3371 3549/3549/3370 3541/3541/3362
f 3550/3550/3371 3541/3541/3362 2233/2233/2062
f 3551/3551/3372 3552/3552/3373 3553/3553/3374
f 3551/3551/3372 3553/3553/3374 3554/3554/3375
f 3555/3555/3376 3556/3556/3377 3552/3552/3373
f 3555/3555/3376 3552/3552/3373 3551/3551/3372
f 3550/3550/3371 3557/3557/3378 3556/3556/3377
f 3550/3550/3371 3556/3556/3377 3555/3555/3376
f 3558/3558/3379 3559/3559/3380 3556/3556/3377
f 3558/3558/3379 3556/3556/3377 3557/3557/3378
f 3560/3560/3381 3552/3552/3373 3556/3556/3377
f 3560/3560/3381 3556/3556/3377 3559/3559/3380
f 3561/3561/3382 3553/3553/3374 3552/3552/3373
f 3561/3561/3382 3552/3552/3373 3560/3560/3381
f 3562/3562/3383 3563/3563/3384 3564/3564/3385
f 3562/3562/3383 3564/3564/3385 3558/3558/3379
f 3565/3565/3386 3566/3566/3387 3564/3564/3385
f 3565/3565/3386 3564/3564/3385 3563/3563/3384
f 3565/3565/3386 3567/3567/3388 3568/3568/3389
f 3565/3565/3386 3568/3568/3389 3566/3566/3387
f 3565/3565/3386 3569/3569/3390 3570/3570/3391
f 3565/3565/3386 3570/3570/3391 3567/3567/3388
f 3565/3565/3386 3563/3563/3384 3571/3571/3392
f 3565/3565/3386 3571/3571/3392 3569/3569/3390
f 3571/3571/3392 3563/3563/3384 3562/3562/3383
f 3571/3571/3392 3562/3562/3383 3572/3572/3393
f 3562/3562/3383 3573/3573/3394 3574/3574/3395
f 3562/3562/3383 3574/3574/3395 3572/3572/3393
f 3573/3573/3394 3575/3575/3396 3576/3576/3397
f 3573/3573/3394 3576/3576/3397 3574/3574/3395
f 3575/3575/3396 2228/2228/2057 2226/2226/2055
f 3575/3575/3396 2226/2226/2055 3576/3576/3397
f 3573/3573/3394 3562/3562/3383 3558/3558/3379
f 3573/3573/3394 3558/3558/3379 3557/3557/3378
f 3573/3573/3394 3557/3557/3378 3531/3531/3352
f 3573/3573/3394 3531/3531/3352 3575/3575/3396
f 3557/3557/3378 3550/3550/3371 2233/2233/2062
f 3557/3557/3378 2233/2233/2062 3531/3531/3352
f 3577/3577/3398 3578/3578/3399 3579/3579/3400
f 3577/3577/3398 3579/3579/3400 3580/3580/3401
f 3578/3578/3399 3581/3581/3402 3582/3582/3403
f 3578/3578/3399 3582/3582/3403 3579/3579/3400
f 3578/3578/3399 3583/3583/3404 3584/3584/3405
f 3578/3578/3399 3584/3584/3405 3581/3581/3402
f 3585/3585/3406 3583/3583/3404 3578/3578/3399
f 3585/3585/3406 3578/3578/3399 3577/3577/3398
f 3583/3583/3404 2230/2230/2059 2229/2229/2058
f 3583/3583/3404 2229/2229/2058 3584/3584/3405
f 3586/3586/3407 3587/3587/3408 2235/2235/2064
f 3586/3586/3407 2235/2235/2064 3585/3585/3406
f 3588/3588/3409 3589/3589/3410 3587/3587/3408
f 3588/3588/3409 3587/3587/3408 3586/3586/3407
f 2230/2230/2059 3583/3583/3404 3585/3585/3406
f 2230/2230/2059 3585/3585/3406 2235/2235/2064
f 3575/3575/3396 3531/3531/3352 2227/2227/2056
f 3575/3575/3396 2227/2227/2056 2228/2228/2057
f 3590/3590/3411 3591/3591/3412 3592/3592/3413
f 3590/3590/3411 3592/3592/3413 3593/3593/3414
f 3594/3594/3415 3595/3595/3416 3592/3592/3413
f 3594/3594/3415 3592/3592/3413 3591/3591/3412
f 3594/3594/3415 3596/3596/3417 3597/3597/3418
f 3594/3594/3415 3597/3597/3418 3595/3595/3416
f 3598/3598/3419 3599/3599/3420 3591/3591/3412
f 3598/3598/3419 3591/3591/3412 3590/3590/3411
f 3600/3600/3421 3594/3594/3415 3591/3591/3412
f 3600/3600/3421 3591/3591/3412 3599/3599/3420
f 3601/3601/3422 3596/3596/3417 3594/3594/3415
f 3601/3601/3422 3594/3594/3415 3600/3600/3421
f 3602/3602/3423 3603/3603/3424 3604/3604/3425
f 3602/3602/3423 3604/3604/3425 3605/3605/3426
f 3606/3606/3427 3607/3607/3428 3608/3608/3429
f 3606/3606/3427 3608/3608/3429 3609/3609/3430
f 2240/2240/2069 2239/2239/2068 3607/3607/3428
f 2240/2240/2069 3607/3607/3428 3606/3606/3427
f 3610/3610/3431 3611/3611/3432 3603/3603/3424
f 3610/3610/3431 3603/3603/3424 3602/3602/3423
f 3612/3612/3433 3606/3606/3427 3609/3609/3430
f 3612/3612/3433 3609/3609/3430 3613/3613/3434
f 3597/3597/3418 2240/2240/2069 3606/3606/3427
f 3597/3597/3418 3606/3606/3427 3612/3612/3433
f 2237/2237/2066 3614/3614/3435 3615/3615/3436
f 2237/2237/2066 3615/3615/3436 2239/2239/2068
f 3614/3614/3435 3616/3616/3437 3617/3617/3438
f 3614/3614/3435 3617/3617/3438 3615/3615/3436
f 3616/3616/3437 3618/3618/3439 3619/3619/3440
f 3616/3616/3437 3619/3619/3440 3617/3617/3438
f 3603/3603/3424 3609/3609/3430 3608/3608/3429
f 3603/3603/3424 3608/3608/3429 3604/3604/3425
f 3611/3611/3432 3613/3613/3434 3609/3609/3430
f 3611/3611/3432 3609/3609/3430 3603/3603/3424
f 3618/3618/3439 3620/3620/3441 3621/3621/3442
f 3618/3618/3439 3621/3621/3442 3619/3619/3440
f 3618/3618/3439 3622/3622/3443 3623/3623/3444
f 3618/3618/3439 3623/3623/3444 3620/3620/3441
f 3618/3618/3439 3616/3616/3437 3624/3624/3445
f 3618/3618/3439 3624/3624/3445 3622/3622/3443
f 3616/3616/3437 3614/3614/3435 3625/3625/3446
f 3616/3616/3437 3625/3625/3446 3624/3624/3445
f 3625/3625/3446 3614/3614/3435 2237/2237/2066
f 3625/3625/3446 2237/2237/2066 2236/2236/2065
f 3626/3626/3447 3627/3627/3448 3628/3628/3449
f 3626/3626/3447 3628/3628/3449 3629/3629/3450
f 3627/3627/3448 3630/3630/3451 3631/3631/3452
f 3627/3627/3448 3631/3631/3452 3628/3628/3449
f 3630/3630/3451 2238/2238/2067 3632/3632/3453
f 3630/3630/3451 3632/3632/3453 3631/3631/3452
f 2238/2238/2067 2235/2235/2064 3633/3633/3454
f 2238/2238/2067 3633/3633/3454 3632/3632/3453
f 2235/2235/2064 3587/3587/3408 3634/3634/3455
f 2235/2235/2064 3634/3634/3455 3633/3633/3454
f 3634/3634/3455 3587/3587/3408 3589/3589/3410
f 3634/3634/3455 3589/3589/3410 3635/3635/3456
f 3636/3636/3457 3637/3637/3458 3627/3627/3448
f 3636/3636/3457 3627/3627/3448 3626/3626/3447
f 3630/3630/3451 3627/3627/3448 3637/3637/3458
f 3630/3630/3451 3637/3637/3458 3638/3638/3459
f 2236/2236/2065 2238/2238/2067 3630/3630/3451
f 2236/2236/2065 3630/3630/3451 3638/3638/3459
f 2240/2240/2069 3597/3597/3418 3596/3596/3417
f 2240/2240/2069 3596/3596/3417 2225/2225/2054
f 3530/3530/3351 2234/2234/2063 2237/2237/2066
f 3530/3530/3351 2237/2237/2066 2240/2240/2069
f 3596/3596/3417 3639/3639/3460 2223/2223/2052
f 3596/3596/3417 2223/2223/2052 2225/2225/2054
f 2245/2245/2074 2242/2242/2071 3640/3640/3461
f 2245/2245/2074 3640/3640/3461 3641/3641/3462
f 2242/2242/2071 3642/3642/3463 3643/3643/3464
f 2242/2242/2071 3643/3643/3464 3640/3640/3461
f 3642/3642/3463 3644/3644/3465 3601/3601/3422
f 3642/3642/3463 3601/3601/3422 3643/3643/3464
f 3642/3642/3463 2242/2242/2071 2241/2241/2070
f 3642/3642/3463 2241/2241/2070 3645/3645/3466
f 3646/3646/3467 3644/3644/3465 3642/3642/3463
f 3646/3646/3467 3642/3642/3463 3645/3645/3466
f 3647/3647/3468 3639/3639/3460 3644/3644/3465
f 3647/3647/3468 3644/3644/3465 3646/3646/3467
f 3596/3596/3417 3601/3601/3422 3644/3644/3465
f 3596/3596/3417 3644/3644/3465 3639/3639/3460
f 2226/2226/2055 2223/2223/2052 3639/3639/3460
f 2226/2226/2055 3639/3639/3460 3647/3647/3468
f 2247/2247/2076 3648/3648/3469 2263/2263/2092
f 2247/2247/2076 2263/2263/2092 2248/2248/2077
f 2267/2267/2096 3648/3648/3469 2247/2247/2076
f 2267/2267/2096 2247/2247/2076 2250/2250/2079
f 2254/2254/2083 2257/2257/2086 3648/3648/3469
f 2254/2254/2083 3648/3648/3469 2267/2267/2096
f 2256/2256/2085 2267/2267/2096 2250/2250/2079
f 2256/2256/2085 2250/2250/2079 3649/3649/3470
f 3650/3650/3471 3651/3651/3472 3652/3652/3473
f 3650/3650/3471 3652/3652/3473 3653/3653/3474
f 3651/3651/3472 3654/3654/3475 3655/3655/3476
f 3651/3651/3472 3655/3655/3476 3652/3652/3473
f 3656/3656/3477 3657/3657/3478 3654/3654/3475
f 3656/3656/3477 3654/3654/3475 3651/3651/3472
f 3651/3651/3472 3650/3650/3471 3658/3658/3479
f 3651/3651/3472 3658/3658/3479 3656/3656/3477
f 2252/2252/2081 2254/2254/2083 3656/3656/3477
f 2252/2252/2081 3656/3656/3477 3658/3658/3479
f 2255/2255/2084 3657/3657/3478 3656/3656/3477
f 2255/2255/2084 3656/3656/3477 2254/2254/2083
f 2256/2256/2085 3659/3659/3480 3660/3660/3481
f 2256/2256/2085 3660/3660/3481 2255/2255/2084
f 3659/3659/3480 3661/3661/3482 3662/3662/3483
f 3659/3659/3480 3662/3662/3483 3660/3660/3481
f 3661/3661/3482 3663/3663/3484 3664/3664/3485
f 3661/3661/3482 3664/3664/3485 3662/3662/3483
f 3661/3661/3482 3665/3665/3486 3666/3666/3487
f 3661/3661/3482 3666/3666/3487 3663/3663/3484
f 3661/3661/3482 3659/3659/3480 3667/3667/3488
f 3661/3661/3482 3667/3667/3488 3665/3665/3486
f 3668/3668/3489 3667/3667/3488 3659/3659/3480
f 3668/3668/3489 3659/3659/3480 2256/2256/2085
f 3669/3669/3490 3670/3670/3491 3671/3671/3492
f 3669/3669/3490 3671/3671/3492 3672/3672/3493
f 3673/3673/3494 3674/3674/3495 3670/3670/3491
f 3673/3673/3494 3670/3670/3491 3669/3669/3490
f 3668/3668/3489 3675/3675/3496 3674/3674/3495
f 3668/3668/3489 3674/3674/3495 3673/3673/3494
f 3676/3676/3497 3677/3677/3498 3674/3674/3495
f 3676/3676/3497 3674/3674/3495 3675/3675/3496
f 3678/3678/3499 3670/3670/3491 3674/3674/3495
f 3678/3678/3499 3674/3674/3495 3677/3677/3498
f 3679/3679/3500 3671/3671/3492 3670/3670/3491
f 3679/3679/3500 3670/3670/3491 3678/3678/3499
f 3680/3680/3501 3681/3681/3502 3682/3682/3503
f 3680/3680/3501 3682/3682/3503 3676/3676/3497
f 3683/3683/3504 3684/3684/3505 3682/3682/3503
f 3683/3683/3504 3682/3682/3503 3681/3681/3502
f 3683/3683/3504 3685/3685/3506 3686/3686/3507
f 3683/3683/3504 3686/3686/3507 3684/3684/3505
f 3683/3683/3504 3687/3687/3508 3688/3688/3509
f 3683/3683/3504 3688/3688/3509 3685/3685/3506
f 3683/3683/3504 3681/3681/3502 3689/3689/3510
f 3683/3683/3504 3689/3689/3510 3687/3687/3508
f 3689/3689/3510 3681/3681/3502 3680/3680/3501
f 3689/3689/3510 3680/3680/3501 3690/3690/3511
f 3680/3680/3501 3691/3691/3512 3692/3692/3513
f 3680/3680/3501 3692/3692/3513 3690/3690/3511
f 3691/3691/3512 3693/3693/3514 3694/3694/3515
f 3691/3691/3512 3694/3694/3515 3692/3692/3513
f 3693/3693/3514 2251/2251/2080 2249/2249/2078
f 3693/3693/3514 2249/2249/2078 3694/3694/3515
f 3691/3691/3512 3680/3680/3501 3676/3676/3497
f 3691/3691/3512 3676/3676/3497 3675/3675/3496
f 3691/3691/3512 3675/3675/3496 3649/3649/3470
f 3691/3691/3512 3649/3649/3470 3693/3693/3514
f 3675/3675/3496 3668/3668/3489 2256/2256/2085
f 3675/3675/3496 2256/2256/2085 3649/3649/3470
f 3695/3695/3516 3696/3696/3517 3697/3697/3518
f 3695/3695/3516 3697/3697/3518 3698/3698/3519
f 3696/3696/3517 3699/3699/3520 3700/3700/3521
f 3696/3696/3517 3700/3700/3521 3697/3697/3518
f 3696/3696/3517 3701/3701/3522 3702/3702/3523
f 3696/3696/3517 3702/3702/3523 3699/3699/3520
f 3703/3703/3524 3701/3701/3522 3696/3696/3517
f 3703/3703/3524 3696/3696/3517 3695/3695/3516
f 3701/3701/3522 2253/2253/2082 2252/2252/2081
f 3701/3701/3522 2252/2252/2081 3702/3702/3523
f 3704/3704/3525 3705/3705/3526 2258/2258/2087
f 3704/3704/3525 2258/2258/2087 3703/3703/3524
f 3706/3706/3527 3707/3707/3528 3705/3705/3526
f 3706/3706/3527 3705/3705/3526 3704/3704/3525
f 2253/2253/2082 3701/3701/3522 3703/3703/3524
f 2253/2253/2082 3703/3703/3524 2258/2258/2087
f 3693/3693/3514 3649/3649/3470 2250/2250/2079
f 3693/3693/3514 2250/2250/2079 2251/2251/2080
f 3708/3708/3529 3709/3709/3530 3710/3710/3531
f 3708/3708/3529 3710/3710/3531 3711/3711/3532
f 3712/3712/3533 3713/3713/3534 3710/3710/3531
f 3712/3712/3533 3710/3710/3531 3709/3709/3530
f 3712/3712/3533 3714/3714/3535 3715/3715/3536
f 3712/3712/3533 3715/3715/3536 3713/3713/3534
f 3716/3716/3537 3717/3717/3538 3709/3709/3530
f 3716/3716/3537 3709/3709/3530 3708/3708/3529
f 3718/3718/3539 3712/3712/3533 3709/3709/3530
f 3718/3718/3539 3709/3709/3530 3717/3717/3538
f 3719/3719/3540 3714/3714/3535 3712/3712/3533
f 3719/3719/3540 3712/3712/3533 3718/3718/3539
f 3720/3720/3541 3721/3721/3542 3722/3722/3543
f 3720/3720/3541 3722/3722/3543 3723/3723/3544
f 3724/3724/3545 3725/3725/3546 3726/3726/3547
f 3724/3724/3545 3726/3726/3547 3727/3727/3548
f 2263/2263/2092 2262/2262/2091 3725/3725/3546
f 2263/2263/2092 3725/3725/3546 3724/3724/3545
f 3728/3728/3549 3729/3729/3550 3721/3721/3542
f 3728/3728/3549 3721/3721/3542 3720/3720/3541
f 3730/3730/3551 3724/3724/3545 3727/3727/3548
f 3730/3730/3551 3727/3727/3548 3731/3731/3552
f 3715/3715/3536 2263/2263/2092 3724/3724/3545
f 3715/3715/3536 3724/3724/3545 3730/3730/3551
f 2260/2260/2089 3732/3732/3553 3733/3733/3554
f 2260/2260/2089 3733/3733/3554 2262/2262/2091
f 3732/3732/3553 3734/3734/3555 3735/3735/3556
f 3732/3732/3553 3735/3735/3556 3733/3733/3554
f 3734/3734/3555 3736/3736/3557 3737/3737/3558
f 3734/3734/3555 3737/3737/3558 3735/3735/3556
f 3721/3721/3542 3727/3727/3548 3726/3726/3547
f 3721/3721/3542 3726/3726/3547 3722/3722/3543
f 3729/3729/3550 3731/3731/3552 3727/3727/3548
f 3729/3729/3550 3727/3727/3548 3721/3721/3542
f 3736/3736/3557 3738/3738/3559 3739/3739/3560
f 3736/3736/3557 3739/3739/3560 3737/3737/3558
f 3736/3736/3557 3740/3740/3561 3741/3741/3562
f 3736/3736/3557 3741/3741/3562 3738/3738/3559
f 3736/3736/3557 3734/3734/3555 3742/3742/3563
f 3736/3736/3557 3742/3742/3563 3740/3740/3561
f 3734/3734/3555 3732/3732/3553 3743/3743/3564
f 3734/3734/3555 3743/3743/3564 3742/3742/3563
f 3743/3743/3564 3732/3732/3553 2260/2260/2089
f 3743/3743/3564 2260/2260/2089 2259/2259/2088
f 3744/3744/3565 3745/3745/3566 3746/3746/3567
f 3744/3744/3565 3746/3746/3567 3747/3747/3568
f 3745/3745/3566 3748/3748/3569 3749/3749/3570
f 3745/3745/3566 3749/3749/3570 3746/3746/3567
f 3748/3748/3569 2261/2261/2090 3750/3750/3571
f 3748/3748/3569 3750/3750/3571 3749/3749/3570
f 2261/2261/2090 2258/2258/2087 3751/3751/3572
f 2261/2261/2090 3751/3751/3572 3750/3750/3571
f 2258/2258/2087 3705/3705/3526 3752/3752/3573
f 2258/2258/2087 3752/3752/3573 3751/3751/3572
f 3752/3752/3573 3705/3705/3526 3707/3707/3528
f 3752/3752/3573 3707/3707/3528 3753/3753/3574
f 3754/3754/3575 3755/3755/3576 3745/3745/3566
f 3754/3754/3575 3745/3745/3566 3744/3744/3565
f 3748/3748/3569 3745/3745/3566 3755/3755/3576
f 3748/3748/3569 3755/3755/3576 3756/3756/3577
f 2259/2259/2088 2261/2261/2090 3748/3748/3569
f 2259/2259/2088 3748/3748/3569 3756/3756/3577
f 2263/2263/2092 3715/3715/3536 3714/3714/3535
f 2263/2263/2092 3714/3714/3535 2248/2248/2077
f 3648/3648/3469 2257/2257/2086 2260/2260/2089
f 3648/3648/3469 2260/2260/2089 2263/2263/2092
f 3714/3714/3535 3757/3757/3578 2246/2246/2075
f 3714/3714/3535 2246/2246/2075 2248/2248/2077
f 2268/2268/2097 2265/2265/2094 3758/3758/3579
f 2268/2268/2097 3758/3758/3579 3759/3759/3580
f 2265/2265/2094 3760/3760/3581 3761/3761/3582
f 2265/2265/2094 3761/3761/3582 3758/3758/3579
f 3760/3760/3581 3762/3762/3583 3719/3719/3540
f 3760/3760/3581 3719/3719/3540 3761/3761/3582
f 3760/3760/3581 2265/2265/2094 2264/2264/2093
f 3760/3760/3581 2264/2264/2093 3763/3763/3584
f 3764/3764/3585 3762/3762/3583 3760/3760/3581
f 3764/3764/3585 3760/3760/3581 3763/3763/3584
f 3765/3765/3586 3757/3757/3578 3762/3762/3583
f 3765/3765/3586 3762/3762/3583 3764/3764/3585
f 3714/3714/3535 3719/3719/3540 3762/3762/3583
f 3714/3714/3535 3762/3762/3583 3757/3757/3578
f 2249/2249/2078 2246/2246/2075 3757/3757/3578
f 2249/2249/2078 3757/3757/3578 3765/3765/3586
f 2282/2282/2111 2272/2272/2101 3766/3766/3587
f 2282/2282/2111 3766/3766/3587 3767/3767/3588
f 3768/3768/3589 3769/3769/3590 3770/3770/3591
f 3768/3768/3589 3770/3770/3591 3771/3771/3592
f 3769/3769/3590 3772/3772/3593 3773/3773/3594
f 3769/3769/3590 3773/3773/3594 3770/3770/3591
f 3774/3774/3595 3775/3775/3596 3769/3769/3590
f 3774/3774/3595 3769/3769/3590 3768/3768/3589
f 3776/3776/3597 3772/3772/3593 3769/3769/3590
f 3776/3776/3597 3769/3769/3590 3775/3775/3596
f 3772/3772/3593 3777/3777/3598 3778/3778/3599
f 3772/3772/3593 3778/3778/3599 3773/3773/3594
f 3779/3779/3600 3777/3777/3598 3772/3772/3593
f 3779/3779/3600 3772/3772/3593 3776/3776/3597
f 3780/3780/3601 3781/3781/3602 3782/3782/3603
f 3780/3780/3601 3782/3782/3603 3783/3783/3604
f 3781/3781/3602 3784/3784/3605 3785/3785/3606
f 3781/3781/3602 3785/3785/3606 3782/3782/3603
f 3784/3784/3605 2281/2281/2110 3786/3786/3607
f 3784/3784/3605 3786/3786/3607 3785/3785/3606
f 3787/3787/3608 3788/3788/3609 3781/3781/3602
f 3787/3787/3608 3781/3781/3602 3780/3780/3601
f 3789/3789/3610 3784/3784/3605 3781/3781/3602
f 3789/3789/3610 3781/3781/3602 3788/3788/3609
f 3790/3790/3611 2281/2281/2110 3784/3784/3605
f 3790/3790/3611 3784/3784/3605 3789/3789/3610
f 3791/3791/3612 3792/3792/3613 3793/3793/3614
f 3791/3791/3612 3793/3793/3614 3794/3794/3615
f 3795/3795/3616 3796/3796/3617 3792/3792/3613
f 3795/3795/3616 3792/3792/3613 3791/3791/3612
f 3792/3792/3613 3797/3797/3618 3798/3798/3619
f 3792/3792/3613 3798/3798/3619 3793/3793/3614
f 3792/3792/3613 3796/3796/3617 3799/3799/3620
f 3792/3792/3613 3799/3799/3620 3797/3797/3618
f 3800/3800/3621 2279/2279/2108 3797/3797/3618
f 3800/3800/3621 3797/3797/3618 3799/3799/3620
f 3797/3797/3618 2279/2279/2108 3801/3801/3622
f 3797/3797/3618 3801/3801/3622 3798/3798/3619
f 3802/3802/3623 3803/3803/3624 3804/3804/3625
f 3802/3802/3623 3804/3804/3625 3805/3805/3626
f 3806/3806/3627 3807/3807/3628 3804/3804/3625
f 3806/3806/3627 3804/3804/3625 3803/3803/3624
f 3808/3808/3629 3809/3809/3630 3807/3807/3628
f 3808/3808/3629 3807/3807/3628 3806/3806/3627
f 3810/3810/3631 3811/3811/3632 3803/3803/3624
f 3810/3810/3631 3803/3803/3624 3802/3802/3623
f 3812/3812/3633 3806/3806/3627 3803/3803/3624
f 3812/3812/3633 3803/3803/3624 3811/3811/3632
f 3813/3813/3634 3808/3808/3629 3806/3806/3627
f 3813/3813/3634 3806/3806/3627 3812/3812/3633
f 3814/3814/3635 3815/3815/3636 3816/3816/3637
f 3814/3814/3635 3816/3816/3637 3817/3817/3638
f 3818/3818/3639 3819/3819/3640 3816/3816/3637
f 3818/3818/3639 3816/3816/3637 3815/3815/3636
f 3815/3815/3636 3820/3820/3641 3821/3821/3642
f 3815/3815/3636 3821/3821/3642 3818/3818/3639
f 3822/3822/3643 3820/3820/3641 3815/3815/3636
f 3822/3822/3643 3815/3815/3636 3814/3814/3635
f 3820/3820/3641 2275/2275/2104 3823/3823/3644
f 3820/3820/3641 3823/3823/3644 3821/3821/3642
f 3824/3824/3645 2275/2275/2104 3820/3820/3641
f 3824/3824/3645 3820/3820/3641 3822/3822/3643
f 3825/3825/3646 3826/3826/3647 3827/3827/3648
f 3825/3825/3646 3827/3827/3648 3828/3828/3649
f 3829/3829/3650 2277/2277/2106 3827/3827/3648
f 3829/3829/3650 3827/3827/3648 3826/3826/3647
f 3823/3823/3644 2275/2275/2104 2277/2277/2106
f 3823/3823/3644 2277/2277/2106 3829/3829/3650
f 3809/3809/3630 3808/3808/3629 2275/2275/2104
f 3809/3809/3630 2275/2275/2104 3824/3824/3645
f 3778/3778/3599 3777/3777/3598 3808/3808/3629
f 3778/3778/3599 3808/3808/3629 3813/3813/3634
f 2281/2281/2110 3777/3777/3598 3779/3779/3600
f 2281/2281/2110 3779/3779/3600 3786/3786/3607
f 3801/3801/3622 2279/2279/2108 2281/2281/2110
f 3801/3801/3622 2281/2281/2110 3790/3790/3611
f 3830/3830/3651 3831/3831/3652 3832/3832/3653
f 3830/3830/3651 3832/3832/3653 3833/3833/3654
f 3831/3831/3652 3834/3834/3655 3835/3835/3656
f 3831/3831/3652 3835/3835/3656 3832/3832/3653
f 3831/3831/3652 3836/3836/3657 3837/3837/3658
f 3831/3831/3652 3837/3837/3658 3834/3834/3655
f 3836/3836/3657 3838/3838/3659 3839/3839/3660
f 3836/3836/3657 3839/3839/3660 3837/3837/3658
f 3838/3838/3659 2278/2278/2107 3840/3840/3661
f 3838/3838/3659 3840/3840/3661 3839/3839/3660
f 3838/3838/3659 3841/3841/3662 3842/3842/3663
f 3838/3838/3659 3842/3842/3663 2278/2278/2107
f 3838/3838/3659 3836/3836/3657 3843/3843/3664
f 3838/3838/3659 3843/3843/3664 3841/3841/3662
f 3836/3836/3657 3831/3831/3652 3830/3830/3651
f 3836/3836/3657 3830/3830/3651 3843/3843/3664
f 2269/2269/2098 3844/3844/3665 3845/3845/3666
f 2269/2269/2098 3845/3845/3666 2270/2270/2099
f 3844/3844/3665 3846/3846/3667 3847/3847/3668
f 3844/3844/3665 3847/3847/3668 3845/3845/3666
f 3846/3846/3667 3848/3848/3669 3849/3849/3670
f 3846/3846/3667 3849/3849/3670 3847/3847/3668
f 3846/3846/3667 3850/3850/3671 3851/3851/3672
f 3846/3846/3667 3851/3851/3672 3848/3848/3669
f 3846/3846/3667 3844/3844/3665 3852/3852/3673
f 3846/3846/3667 3852/3852/3673 3850/3850/3671
f 3844/3844/3665 2269/2269/2098 3853/3853/3674
f 3844/3844/3665 3853/3853/3674 3852/3852/3673
f 3854/3854/3675 3855/3855/3676 3856/3856/3677
f 3854/3854/3675 3856/3856/3677 3857/3857/3678
f 3855/3855/3676 3858/3858/3679 3859/3859/3680
f 3855/3855/3676 3859/3859/3680 3856/3856/3677
f 3860/3860/3681 3861/3861/3682 3855/3855/3676
f 3860/3860/3681 3855/3855/3676 3854/3854/3675
f 3862/3862/3683 3858/3858/3679 3855/3855/3676
f 3862/3862/3683 3855/3855/3676 3861/3861/3682
f 3861/3861/3682 3863/3863/3684 3864/3864/3685
f 3861/3861/3682 3864/3864/3685 3862/3862/3683
f 3865/3865/3686 3863/3863/3684 3861/3861/3682
f 3865/3865/3686 3861/3861/3682 3860/3860/3681
f 3863/3863/3684 3866/3866/3687 3867/3867/3688
f 3863/3863/3684 3867/3867/3688 3864/3864/3685
f 3868/3868/3689 3866/3866/3687 3863/3863/3684
f 3868/3868/3689 3863/3863/3684 3865/3865/3686
f 3869/3869/3690 3870/3870/3691 3871/3871/3692
f 3869/3869/3690 3871/3871/3692 3872/3872/3693
f 3870/3870/3691 3873/3873/3694 3874/3874/3695
f 3870/3870/3691 3874/3874/3695 3871/3871/3692
f 3870/3870/3691 3875/3875/3696 3876/3876/3697
f 3870/3870/3691 3876/3876/3697 3873/3873/3694
f 3877/3877/3698 3875/3875/3696 3870/3870/3691
f 3877/3877/3698 3870/3870/3691 3869/3869/3690
f 3878/3878/3699 3767/3767/3588 3875/3875/3696
f 3878/3878/3699 3875/3875/3696 3877/3877/3698
f 3875/3875/3696 3767/3767/3588 3879/3879/3700
f 3875/3875/3696 3879/3879/3700 3876/3876/3697
f 3880/3880/3701 3881/3881/3702 3882/3882/3703
f 3880/3880/3701 3882/3882/3703 3883/3883/3704
f 3884/3884/3705 3885/3885/3706 3881/3881/3702
f 3884/3884/3705 3881/3881/3702 3880/3880/3701
f 3886/3886/3707 3766/3766/3587 3885/3885/3706
f 3886/3886/3707 3885/3885/3706 3884/3884/3705
f 3887/3887/3708 3888/3888/3709 3885/3885/3706
f 3887/3887/3708 3885/3885/3706 3766/3766/3587
f 3889/3889/3710 3881/3881/3702 3885/3885/3706
f 3889/3889/3710 3885/3885/3706 3888/3888/3709
f 3890/3890/3711 3882/3882/3703 3881/3881/3702
f 3890/3890/3711 3881/3881/3702 3889/3889/3710
f 3866/3866/3687 3868/3868/3689 3853/3853/3674
f 3866/3866/3687 3853/3853/3674 2269/2269/2098
f 3767/3767/3588 3878/3878/3699 3867/3867/3688
f 3767/3767/3588 3867/3867/3688 3866/3866/3687
f 3766/3766/3587 3886/3886/3707 3879/3879/3700
f 3766/3766/3587 3879/3879/3700 3767/3767/3588
f 3827/3827/3648 3891/3891/3712 3892/3892/3713
f 3827/3827/3648 3892/3892/3713 3828/3828/3649
f 3827/3827/3648 2277/2277/2106 3893/3893/3714
f 3827/3827/3648 3893/3893/3714 3891/3891/3712
f 2277/2277/2106 2278/2278/2107 3842/3842/3663
f 2277/2277/2106 3842/3842/3663 3893/3893/3714
f 3766/3766/3587 2272/2272/2101 2274/2274/2103
f 3766/3766/3587 2274/2274/2103 3887/3887/3708
f 3894/3894/3715 2280/2280/2109 2279/2279/2108
f 3894/3894/3715 2279/2279/2108 3800/3800/3621
f 2280/2280/2109 3894/3894/3715 2273/2273/2102
f 2280/2280/2109 2273/2273/2102 2272/2272/2101
f 2275/2275/2104 3808/3808/3629 3895/3895/3716
f 2275/2275/2104 3895/3895/3716 2276/2276/2105
f 3808/3808/3629 3777/3777/3598 3896/3896/3717
f 3808/3808/3629 3896/3896/3717 3895/3895/3716
f 3866/3866/3687 2269/2269/2098 3895/3895/3716
f 3866/3866/3687 3895/3895/3716 3896/3896/3717
f 3777/3777/3598 2281/2281/2110 2282/2282/2111
f 3777/3777/3598 2282/2282/2111 3896/3896/3717
f 3767/3767/3588 3866/3866/3687 3896/3896/3717
f 3767/3767/3588 3896/3896/3717 2282/2282/2111
f 2271/2271/2100 2270/2270/2099 3840/3840/3661
f 2271/2271/2100 3840/3840/3661 2278/2278/2107
f 2296/2296/2125 2286/2286/2115 3897/3897/3718
f 2296/2296/2125 3897/3897/3718 3898/3898/3719
f 3899/3899/3720 3900/3900/3721 3901/3901/3722
f 3899/3899/3720 3901/3901/3722 3902/3902/3723
f 3900/3900/3721 3903/3903/3724 3904/3904/3725
f 3900/3900/3721 3904/3904/3725 3901/3901/3722
f 3905/3905/3726 3906/3906/3727 3900/3900/3721
f 3905/3905/3726 3900/3900/3721 3899/3899/3720
f 3907/3907/3728 3903/3903/3724 3900/3900/3721
f 3907/3907/3728 3900/3900/3721 3906/3906/3727
f 3903/3903/3724 3908/3908/3729 3909/3909/3730
f 3903/3903/3724 3909/3909/3730 3904/3904/3725
f 3910/3910/3731 3908/3908/3729 3903/3903/3724
f 3910/3910/3731 3903/3903/3724 3907/3907/3728
f 3911/3911/3732 3912/3912/3733 3913/3913/3734
f 3911/3911/3732 3913/3913/3734 3914/3914/3735
f 3912/3912/3733 3915/3915/3736 3916/3916/3737
f 3912/3912/3733 3916/3916/3737 3913/3913/3734
f 3915/3915/3736 2295/2295/2124 3917/3917/3738
f 3915/3915/3736 3917/3917/3738 3916/3916/3737
f 3918/3918/3739 3919/3919/3740 3912/3912/3733
f 3918/3918/3739 3912/3912/3733 3911/3911/3732
f 3920/3920/3741 3915/3915/3736 3912/3912/3733
f 3920/3920/3741 3912/3912/3733 3919/3919/3740
f 3921/3921/3742 2295/2295/2124 3915/3915/3736
f 3921/3921/3742 3915/3915/3736 3920/3920/3741
f 3922/3922/3743 3923/3923/3744 3924/3924/3745
f 3922/3922/3743 3924/3924/3745 3925/3925/3746
f 3926/3926/3747 3927/3927/3748 3923/3923/3744
f 3926/3926/3747 3923/3923/3744 3922/3922/3743
f 3923/3923/3744 3928/3928/3749 3929/3929/3750
f 3923/3923/3744 3929/3929/3750 3924/3924/3745
f 3923/3923/3744 3927/3927/3748 3930/3930/3751
f 3923/3923/3744 3930/3930/3751 3928/3928/3749
f 3931/3931/3752 2293/2293/2122 3928/3928/3749
f 3931/3931/3752 3928/3928/3749 3930/3930/3751
f 3928/3928/3749 2293/2293/2122 3932/3932/3753
f 3928/3928/3749 3932/3932/3753 3929/3929/3750
f 3933/3933/3754 3934/3934/3755 3935/3935/3756
f 3933/3933/3754 3935/3935/3756 3936/3936/3757
f 3937/3937/3758 3938/3938/3759 3935/3935/3756
f 3937/3937/3758 3935/3935/3756 3934/3934/3755
f 3939/3939/3760 3940/3940/3761 3938/3938/3759
f 3939/3939/3760 3938/3938/3759 3937/3937/3758
f 3941/3941/3762 3942/3942/3763 3934/3934/3755
f 3941/3941/3762 3934/3934/3755 3933/3933/3754
f 3943/3943/3764 3937/3937/3758 3934/3934/3755
f 3943/3943/3764 3934/3934/3755 3942/3942/3763
f 3944/3944/3765 3939/3939/3760 3937/3937/3758
f 3944/3944/3765 3937/3937/3758 3943/3943/3764
f 3945/3945/3766 3946/3946/3767 3947/3947/3768
f 3945/3945/3766 3947/3947/3768 3948/3948/3769
f 3949/3949/3770 3950/3950/3771 3947/3947/3768
f 3949/3949/3770 3947/3947/3768 3946/3946/3767
f 3946/3946/3767 3951/3951/3772 3952/3952/3773
f 3946/3946/3767 3952/3952/3773 3949/3949/3770
f 3953/3953/3774 3951/3951/3772 3946/3946/3767
f 3953/3953/3774 3946/3946/3767 3945/3945/3766
f 3951/3951/3772 2289/2289/2118 3954/3954/3775
f 3951/3951/3772 3954/3954/3775 3952/3952/3773
f 3955/3955/3776 2289/2289/2118 3951/3951/3772
f 3955/3955/3776 3951/3951/3772 3953/3953/3774
f 3956/3956/3777 3957/3957/3778 3958/3958/3779
f 3956/3956/3777 3958/3958/3779 3959/3959/3780
f 3960/3960/3781 2291/2291/2120 3958/3958/3779
f 3960/3960/3781 3958/3958/3779 3957/3957/3778
f 3954/3954/3775 2289/2289/2118 2291/2291/2120
f 3954/3954/3775 2291/2291/2120 3960/3960/3781
f 3940/3940/3761 3939/3939/3760 2289/2289/2118
f 3940/3940/3761 2289/2289/2118 3955/3955/3776
f 3909/3909/3730 3908/3908/3729 3939/3939/3760
f 3909/3909/3730 3939/3939/3760 3944/3944/3765
f 2295/2295/2124 3908/3908/3729 3910/3910/3731
f 2295/2295/2124 3910/3910/3731 3917/3917/3738
f 3932/3932/3753 2293/2293/2122 2295/2295/2124
f 3932/3932/3753 2295/2295/2124 3921/3921/3742
f 3961/3961/3782 3962/3962/3783 3963/3963/3784
f 3961/3961/3782 3963/3963/3784 3964/3964/3785
f 3962/3962/3783 3965/3965/3786 3966/3966/3787
f 3962/3962/3783 3966/3966/3787 3963/3963/3784
f 3962/3962/3783 3967/3967/3788 3968/3968/3789
f 3962/3962/3783 3968/3968/3789 3965/3965/3786
f 3967/3967/3788 3969/3969/3790 3970/3970/3791
f 3967/3967/3788 3970/3970/3791 3968/3968/3789
f 3969/3969/3790 2292/2292/2121 3971/3971/3792
f 3969/3969/3790 3971/3971/3792 3970/3970/3791
f 3969/3969/3790 3972/3972/3793 3973/3973/3794
f 3969/3969/3790 3973/3973/3794 2292/2292/2121
f 3969/3969/3790 3967/3967/3788 3974/3974/3795
f 3969/3969/3790 3974/3974/3795 3972/3972/3793
f 3967/3967/3788 3962/3962/3783 3961/3961/3782
f 3967/3967/3788 3961/3961/3782 3974/3974/3795
f 2283/2283/2112 3975/3975/3796 3976/3976/3797
f 2283/2283/2112 3976/3976/3797 2284/2284/2113
f 3975/3975/3796 3977/3977/3798 3978/3978/3799
f 3975/3975/3796 3978/3978/3799 3976/3976/3797
f 3977/3977/3798 3979/3979/3800 3980/3980/3801
f 3977/3977/3798 3980/3980/3801 3978/3978/3799
f 3977/3977/3798 3981/3981/3802 3982/3982/3803
f 3977/3977/3798 3982/3982/3803 3979/3979/3800
f 3977/3977/3798 3975/3975/3796 3983/3983/3804
f 3977/3977/3798 3983/3983/3804 3981/3981/3802
f 3975/3975/3796 2283/2283/2112 3984/3984/3805
f 3975/3975/3796 3984/3984/3805 3983/3983/3804
f 3985/3985/3806 3986/3986/3807 3987/3987/3808
f 3985/3985/3806 3987/3987/3808 3988/3988/3809
f 3986/3986/3807 3989/3989/3810 3990/3990/3811
f 3986/3986/3807 3990/3990/3811 3987/3987/3808
f 3991/3991/3812 3992/3992/3813 3986/3986/3807
f 3991/3991/3812 3986/3986/3807 3985/3985/3806
f 3993/3993/3814 3989/3989/3810 3986/3986/3807
f 3993/3993/3814 3986/3986/3807 3992/3992/3813
f 3992/3992/3813 3994/3994/3815 3995/3995/3816
f 3992/3992/3813 3995/3995/3816 3993/3993/3814
f 3996/3996/3817 3994/3994/3815 3992/3992/3813
f 3996/3996/3817 3992/3992/3813 3991/3991/3812
f 3994/3994/3815 3997/3997/3818 3998/3998/3819
f 3994/3994/3815 3998/3998/3819 3995/3995/3816
f 3999/3999/3820 3997/3997/3818 3994/3994/3815
f 3999/3999/3820 3994/3994/3815 3996/3996/3817
f 4000/4000/3821 4001/4001/3822 4002/4002/3823
f 4000/4000/3821 4002/4002/3823 4003/4003/3824
f 4001/4001/3822 4004/4004/3825 4005/4005/3826
f 4001/4001/3822 4005/4005/3826 4002/4002/3823
f 4001/4001/3822 4006/4006/3827 4007/4007/3828
f 4001/4001/3822 4007/4007/3828 4004/4004/3825
f 4008/4008/3829 4006/4006/3827 4001/4001/3822
f 4008/4008/3829 4001/4001/3822 4000/4000/3821
f 4009/4009/3830 3898/3898/3719 4006/4006/3827
f 4009/4009/3830 4006/4006/3827 4008/4008/3829
f 4006/4006/3827 3898/3898/3719 4010/4010/3831
f 4006/4006/3827 4010/4010/3831 4007/4007/3828
f 4011/4011/3832 4012/4012/3833 4013/4013/3834
f 4011/4011/3832 4013/4013/3834 4014/4014/3835
f 4015/4015/3836 4016/4016/3837 4012/4012/3833
f 4015/4015/3836 4012/4012/3833 4011/4011/3832
f 4017/4017/3838 3897/3897/3718 4016/4016/3837
f 4017/4017/3838 4016/4016/3837 4015/4015/3836
f 4018/4018/3839 4019/4019/3840 4016/4016/3837
f 4018/4018/3839 4016/4016/3837 3897/3897/3718
f 4020/4020/3841 4012/4012/3833 4016/4016/3837
f 4020/4020/3841 4016/4016/3837 4019/4019/3840
f 4021/4021/3842 4013/4013/3834 4012/4012/3833
f 4021/4021/3842 4012/4012/3833 4020/4020/3841
f 3997/3997/3818 3999/3999/3820 3984/3984/3805
f 3997/3997/3818 3984/3984/3805 2283/2283/2112
f 3898/3898/3719 4009/4009/3830 3998/3998/3819
f 3898/3898/3719 3998/3998/3819 3997/3997/3818
f 3897/3897/3718 4017/4017/3838 4010/4010/3831
f 3897/3897/3718 4010/4010/3831 3898/3898/3719
f 3958/3958/3779 4022/4022/3843 4023/4023/3844
f 3958/3958/3779 4023/4023/3844 3959/3959/3780
f 3958/3958/3779 2291/2291/2120 4024/4024/3845
f 3958/3958/3779 4024/4024/3845 4022/4022/3843
f 2291/2291/2120 2292/2292/2121 3973/3973/3794
f 2291/2291/2120 3973/3973/3794 4024/4024/3845
f 3897/3897/3718 2286/2286/2115 2288/2288/2117
f 3897/3897/3718 2288/2288/2117 4018/4018/3839
f 4025/4025/3846 2294/2294/2123 2293/2293/2122
f 4025/4025/3846 2293/2293/2122 3931/3931/3752
f 2294/2294/2123 4025/4025/3846 2287/2287/2116
f 2294/2294/2123 2287/2287/2116 2286/2286/2115
f 2289/2289/2118 3939/3939/3760 4026/4026/3847
f 2289/2289/2118 4026/4026/3847 2290/2290/2119
f 3939/3939/3760 3908/3908/3729 4027/4027/3848
f 3939/3939/3760 4027/4027/3848 4026/4026/3847
f 3997/3997/3818 2283/2283/2112 4026/4026/3847
f 3997/3997/3818 4026/4026/3847 4027/4027/3848
f 3908/3908/3729 2295/2295/2124 2296/2296/2125
f 3908/3908/3729 2296/2296/2125 4027/4027/3848
f 3898/3898/3719 3997/3997/3818 4027/4027/3848
f 3898/3898/3719 4027/4027/3848 2296/2296/2125
f 2285/2285/2114 2284/2284/2113 3971/3971/3792
f 2285/2285/2114 3971/3971/3792 2292/2292/2121
f 2310/2310/2139 2300/2300/2129 4028/4028/3849
f 2310/2310/2139 4028/4028/3849 4029/4029/3850
f 4030/4030/3851 4031/4031/3852 4032/4032/3853
f 4030/4030/3851 4032/4032/3853 4033/4033/3854
f 4031/4031/3852 4034/4034/3855 4035/4035/3856
f 4031/4031/3852 4035/4035/3856 4032/4032/3853
f 4036/4036/3857 4037/4037/3858 4031/4031/3852
f 4036/4036/3857 4031/4031/3852 4030/4030/3851
f 4038/4038/3859 4034/4034/3855 4031/4031/3852
f 4038/4038/3859 4031/4031/3852 4037/4037/3858
f 4034/4034/3855 4039/4039/3860 4040/4040/3861
f 4034/4034/3855 4040/4040/3861 4035/4035/3856
f 4041/4041/3862 4039/4039/3860 4034/4034/3855
f 4041/4041/3862 4034/4034/3855 4038/4038/3859
f 4042/4042/3863 4043/4043/3864 4044/4044/3865
f 4042/4042/3863 4044/4044/3865 4045/4045/3866
f 4043/4043/3864 4046/4046/3867 4047/4047/3868
f 4043/4043/3864 4047/4047/3868 4044/4044/3865
f 4046/4046/3867 2309/2309/2138 4048/4048/3869
f 4046/4046/3867 4048/4048/3869 4047/4047/3868
f 4049/4049/3870 4050/4050/3871 4043/4043/3864
f 4049/4049/3870 4043/4043/3864 4042/4042/3863
f 4051/4051/3872 4046/4046/3867 4043/4043/3864
f 4051/4051/3872 4043/4043/3864 4050/4050/3871
f 4052/4052/3873 2309/2309/2138 4046/4046/3867
f 4052/4052/3873 4046/4046/3867 4051/4051/3872
f 4053/4053/3874 4054/4054/3875 4055/4055/3876
f 4053/4053/3874 4055/4055/3876 4056/4056/3877
f 4057/4057/3878 4058/4058/3879 4054/4054/3875
f 4057/4057/3878 4054/4054/3875 4053/4053/3874
f 4054/4054/3875 4059/4059/3880 4060/4060/3881
f 4054/4054/3875 4060/4060/3881 4055/4055/3876
f 4054/4054/3875 4058/4058/3879 4061/4061/3882
f 4054/4054/3875 4061/4061/3882 4059/4059/3880
f 4062/4062/3883 2307/2307/2136 4059/4059/3880
f 4062/4062/3883 4059/4059/3880 4061/4061/3882
f 4059/4059/3880 2307/2307/2136 4063/4063/3884
f 4059/4059/3880 4063/4063/3884 4060/4060/3881
f 4064/4064/3885 4065/4065/3886 4066/4066/3887
f 4064/4064/3885 4066/4066/3887 4067/4067/3888
f 4068/4068/3889 4069/4069/3890 4066/4066/3887
f 4068/4068/3889 4066/4066/3887 4065/4065/3886
f 4070/4070/3891 4071/4071/3892 4069/4069/3890
f 4070/4070/3891 4069/4069/3890 4068/4068/3889
f 4072/4072/3893 4073/4073/3894 4065/4065/3886
f 4072/4072/3893 4065/4065/3886 4064/4064/3885
f 4074/4074/3895 4068/4068/3889 4065/4065/3886
f 4074/4074/3895 4065/4065/3886 4073/4073/3894
f 4075/4075/3896 4070/4070/3891 4068/4068/3889
f 4075/4075/3896 4068/4068/3889 4074/4074/3895
f 4076/4076/3897 4077/4077/3898 4078/4078/3899
f 4076/4076/3897 4078/4078/3899 4079/4079/3900
f 4080/4080/3901 4081/4081/3902 4078/4078/3899
f 4080/4080/3901 4078/4078/3899 4077/4077/3898
f 4077/4077/3898 4082/4082/3903 4083/4083/3904
f 4077/4077/3898 4083/4083/3904 4080/4080/3901
f 4084/4084/3905 4082/4082/3903 4077/4077/3898
f 4084/4084/3905 4077/4077/3898 4076/4076/3897
f 4082/4082/3903 2303/2303/2132 4085/4085/3906
f 4082/4082/3903 4085/4085/3906 4083/4083/3904
f 4086/4086/3907 2303/2303/2132 4082/4082/3903
f 4086/4086/3907 4082/4082/3903 4084/4084/3905
f 4087/4087/3908 4088/4088/3909 4089/4089/3910
f 4087/4087/3908 4089/4089/3910 4090/4090/3911
f 4091/4091/3912 2305/2305/2134 4089/4089/3910
f 4091/4091/3912 4089/4089/3910 4088/4088/3909
f 4085/4085/3906 2303/2303/2132 2305/2305/2134
f 4085/4085/3906 2305/2305/2134 4091/4091/3912
f 4071/4071/3892 4070/4070/3891 2303/2303/2132
f 4071/4071/3892 2303/2303/2132 4086/4086/3907
f 4040/4040/3861 4039/4039/3860 4070/4070/3891
f 4040/4040/3861 4070/4070/3891 4075/4075/3896
f 2309/2309/2138 4039/4039/3860 4041/4041/3862
f 2309/2309/2138 4041/4041/3862 4048/4048/3869
f 4063/4063/3884 2307/2307/2136 2309/2309/2138
f 4063/4063/3884 2309/2309/2138 4052/4052/3873
f 4092/4092/3913 4093/4093/3914 4094/4094/3915
f 4092/4092/3913 4094/4094/3915 4095/4095/3916
f 4093/4093/3914 4096/4096/3917 4097/4097/3918
f 4093/4093/3914 4097/4097/3918 4094/4094/3915
f 4093/4093/3914 4098/4098/3919 4099/4099/3920
f 4093/4093/3914 4099/4099/3920 4096/4096/3917
f 4098/4098/3919 4100/4100/3921 4101/4101/3922
f 4098/4098/3919 4101/4101/3922 4099/4099/3920
f 4100/4100/3921 2306/2306/2135 4102/4102/3923
f 4100/4100/3921 4102/4102/3923 4101/4101/3922
f 4100/4100/3921 4103/4103/3924 4104/4104/3925
f 4100/4100/3921 4104/4104/3925 2306/2306/2135
f 4100/4100/3921 4098/4098/3919 4105/4105/3926
f 4100/4100/3921 4105/4105/3926 4103/4103/3924
f 4098/4098/3919 4093/4093/3914 4092/4092/3913
f 4098/4098/3919 4092/4092/3913 4105/4105/3926
f 2297/2297/2126 4106/4106/3927 4107/4107/3928
f 2297/2297/2126 4107/4107/3928 2298/2298/2127
f 4106/4106/3927 4108/4108/3929 4109/4109/3930
f 4106/4106/3927 4109/4109/3930 4107/4107/3928
f 4108/4108/3929 4110/4110/3931 4111/4111/3932
f 4108/4108/3929 4111/4111/3932 4109/4109/3930
f 4108/4108/3929 4112/4112/3933 4113/4113/3934
f 4108/4108/3929 4113/4113/3934 4110/4110/3931
f 4108/4108/3929 4106/4106/3927 4114/4114/3935
f 4108/4108/3929 4114/4114/3935 4112/4112/3933
f 4106/4106/3927 2297/2297/2126 4115/4115/3936
f 4106/4106/3927 4115/4115/3936 4114/4114/3935
f 4116/4116/3937 4117/4117/3938 4118/4118/3939
f 4116/4116/3937 4118/4118/3939 4119/4119/3940
f 4117/4117/3938 4120/4120/3941 4121/4121/3942
f 4117/4117/3938 4121/4121/3942 4118/4118/3939
f 4122/4122/3943 4123/4123/3944 4117/4117/3938
f 4122/4122/3943 4117/4117/3938 4116/4116/3937
f 4124/4124/3945 4120/4120/3941 4117/4117/3938
f 4124/4124/3945 4117/4117/3938 4123/4123/3944
f 4123/4123/3944 4125/4125/3946 4126/4126/3947
f 4123/4123/3944 4126/4126/3947 4124/4124/3945
f 4127/4127/3948 4125/4125/3946 4123/4123/3944
f 4127/4127/3948 4123/4123/3944 4122/4122/3943
f 4125/4125/3946 4128/4128/3949 4129/4129/3950
f 4125/4125/3946 4129/4129/3950 4126/4126/3947
f 4130/4130/3951 4128/4128/3949 4125/4125/3946
f 4130/4130/3951 4125/4125/3946 4127/4127/3948
f 4131/4131/3952 4132/4132/3953 4133/4133/3954
f 4131/4131/3952 4133/4133/3954 4134/4134/3955
f 4132/4132/3953 4135/4135/3956 4136/4136/3957
f 4132/4132/3953 4136/4136/3957 4133/4133/3954
f 4132/4132/3953 4137/4137/3958 4138/4138/3959
f 4132/4132/3953 4138/4138/3959 4135/4135/3956
f 4139/4139/3960 4137/4137/3958 4132/4132/3953
f 4139/4139/3960 4132/4132/3953 4131/4131/3952
f 4140/4140/3961 4029/4029/3850 4137/4137/3958
f 4140/4140/3961 4137/4137/3958 4139/4139/3960
f 4137/4137/3958 4029/4029/3850 4141/4141/3962
f 4137/4137/3958 4141/4141/3962 4138/4138/3959
f 4142/4142/3963 4143/4143/3964 4144/4144/3965
f 4142/4142/3963 4144/4144/3965 4145/4145/3966
f 4146/4146/3967 4147/4147/3968 4143/4143/3964
f 4146/4146/3967 4143/4143/3964 4142/4142/3963
f 4148/4148/3969 4028/4028/3849 4147/4147/3968
f 4148/4148/3969 4147/4147/3968 4146/4146/3967
f 4149/4149/3970 4150/4150/3971 4147/4147/3968
f 4149/4149/3970 4147/4147/3968 4028/4028/3849
f 4151/4151/3972 4143/4143/3964 4147/4147/3968
f 4151/4151/3972 4147/4147/3968 4150/4150/3971
f 4152/4152/3973 4144/4144/3965 4143/4143/3964
f 4152/4152/3973 4143/4143/3964 4151/4151/3972
f 4128/4128/3949 4130/4130/3951 4115/4115/3936
f 4128/4128/3949 4115/4115/3936 2297/2297/2126
f 4029/4029/3850 4140/4140/3961 4129/4129/3950
f 4029/4029/3850 4129/4129/3950 4128/4128/3949
f 4028/4028/3849 4148/4148/3969 4141/4141/3962
f 4028/4028/3849 4141/4141/3962 4029/4029/3850
f 4089/4089/3910 4153/4153/3974 4154/4154/3975
f 4089/4089/3910 4154/4154/3975 4090/4090/3911
f 4089/4089/3910 2305/2305/2134 4155/4155/3976
f 4089/4089/3910 4155/4155/3976 4153/4153/3974
f 2305/2305/2134 2306/2306/2135 4104/4104/3925
f 2305/2305/2134 4104/4104/3925 4155/4155/3976
f 4028/4028/3849 2300/2300/2129 2302/2302/2131
f 4028/4028/3849 2302/2302/2131 4149/4149/3970
f 4156/4156/3977 2308/2308/2137 2307/2307/2136
f 4156/4156/3977 2307/2307/2136 4062/4062/3883
f 2308/2308/2137 4156/4156/3977 2301/2301/2130
f 2308/2308/2137 2301/2301/2130 2300/2300/2129
f 2303/2303/2132 4070/4070/3891 4157/4157/3978
f 2303/2303/2132 4157/4157/3978 2304/2304/2133
f 4070/4070/3891 4039/4039/3860 4158/4158/3979
f 4070/4070/3891 4158/4158/3979 4157/4157/3978
f 4128/4128/3949 2297/2297/2126 4157/4157/3978
f 4128/4128/3949 4157/4157/3978 4158/4158/3979
f 4039/4039/3860 2309/2309/2138 2310/2310/2139
f 4039/4039/3860 2310/2310/2139 4158/4158/3979
f 4029/4029/3850 4128/4128/3949 4158/4158/3979
f 4029/4029/3850 4158/4158/3979 2310/2310/2139
f 2299/2299/2128 2298/2298/2127 4102/4102/3923
f 2299/2299/2128 4102/4102/3923 2306/2306/2135
f 2327/2327/2156 2317/2317/2146 4159/4159/3980
f 2327/2327/2156 4159/4159/3980 4160/4160/3981
f 4161/4161/3982 4162/4162/3983 4163/4163/3984
f 4161/4161/3982 4163/4163/3984 4164/4164/3985
f 4162/4162/3983 4165/4165/3986 4166/4166/3987
f 4162/4162/3983 4166/4166/3987 4163/4163/3984
f 4167/4167/3988 4168/4168/3989 4162/4162/3983
f 4167/4167/3988 4162/4162/3983 4161/4161/3982
f 4169/4169/3990 4165/4165/3986 4162/4162/3983
f 4169/4169/3990 4162/4162/3983 4168/4168/3989
f 4165/4165/3986 4170/4170/3991 4171/4171/3992
f 4165/4165/3986 4171/4171/3992 4166/4166/3987
f 4172/4172/3993 4170/4170/3991 4165/4165/3986
f 4172/4172/3993 4165/4165/3986 4169/4169/3990
f 4173/4173/3994 4174/4174/3995 4175/4175/3996
f 4173/4173/3994 4175/4175/3996 4176/4176/3997
f 4174/4174/3995 4177/4177/3998 4178/4178/3999
f 4174/4174/3995 4178/4178/3999 4175/4175/3996
f 4177/4177/3998 2326/2326/2155 4179/4179/4000
f 4177/4177/3998 4179/4179/4000 4178/4178/3999
f 4180/4180/4001 4181/4181/4002 4174/4174/3995
f 4180/4180/4001 4174/4174/3995 4173/4173/3994
f 4182/4182/4003 4177/4177/3998 4174/4174/3995
f 4182/4182/4003 4174/4174/3995 4181/4181/4002
f 4183/4183/4004 2326/2326/2155 4177/4177/3998
f 4183/4183/4004 4177/4177/3998 4182/4182/4003
f 2328/2328/2157 2312/2312/2141 4184/4184/4005
f 2328/2328/2157 4184/4184/4005 4185/4185/4006
f 2312/2312/2141 4186/4186/4007 4187/4187/4008
f 2312/2312/2141 4187/4187/4008 4184/4184/4005
f 2312/2312/2141 2311/2311/2140 4188/4188/4009
f 2312/2312/2141 4188/4188/4009 4186/4186/4007
f 4189/4189/4010 2324/2324/2153 4186/4186/4007
f 4189/4189/4010 4186/4186/4007 4188/4188/4009
f 4186/4186/4007 2324/2324/2153 4190/4190/4011
f 4186/4186/4007 4190/4190/4011 4187/4187/4008
f 4191/4191/4012 4192/4192/4013 4193/4193/4014
f 4191/4191/4012 4193/4193/4014 4194/4194/4015
f 4195/4195/4016 4196/4196/4017 4193/4193/4014
f 4195/4195/4016 4193/4193/4014 4192/4192/4013
f 4197/4197/4018 4198/4198/4019 4196/4196/4017
f 4197/4197/4018 4196/4196/4017 4195/4195/4016
f 4199/4199/4020 4200/4200/4021 4192/4192/4013
f 4199/4199/4020 4192/4192/4013 4191/4191/4012
f 4201/4201/4022 4195/4195/4016 4192/4192/4013
f 4201/4201/4022 4192/4192/4013 4200/4200/4021
f 4202/4202/4023 4197/4197/4018 4195/4195/4016
f 4202/4202/4023 4195/4195/4016 4201/4201/4022
f 4203/4203/4024 4204/4204/4025 4205/4205/4026
f 4203/4203/4024 4205/4205/4026 4206/4206/4027
f 4207/4207/4028 4208/4208/4029 4205/4205/4026
f 4207/4207/4028 4205/4205/4026 4204/4204/4025
f 4204/4204/4025 4209/4209/4030 4210/4210/4031
f 4204/4204/4025 4210/4210/4031 4207/4207/4028
f 4211/4211/4032 4209/4209/4030 4204/4204/4025
f 4211/4211/4032 4204/4204/4025 4203/4203/4024
f 4209/4209/4030 2320/2320/2149 4212/4212/4033
f 4209/4209/4030 4212/4212/4033 4210/4210/4031
f 4213/4213/4034 2320/2320/2149 4209/4209/4030
f 4213/4213/4034 4209/4209/4030 4211/4211/4032
f 4214/4214/4035 4215/4215/4036 4216/4216/4037
f 4214/4214/4035 4216/4216/4037 4217/4217/4038
f 4218/4218/4039 2322/2322/2151 4216/4216/4037
f 4218/4218/4039 4216/4216/4037 4215/4215/4036
f 4212/4212/4033 2320/2320/2149 2322/2322/2151
f 4212/4212/4033 2322/2322/2151 4218/4218/4039
f 4198/4198/4019 4197/4197/4018 2320/2320/2149
f 4198/4198/4019 2320/2320/2149 4213/4213/4034
f 4171/4171/3992 4170/4170/3991 4197/4197/4018
f 4171/4171/3992 4197/4197/4018 4202/4202/4023
f 2326/2326/2155 4170/4170/3991 4172/4172/3993
f 2326/2326/2155 4172/4172/3993 4179/4179/4000
f 4190/4190/4011 2324/2324/2153 2326/2326/2155
f 4190/4190/4011 2326/2326/2155 4183/4183/4004
f 4219/4219/4040 4220/4220/4041 4221/4221/4042
f 4219/4219/4040 4221/4221/4042 4222/4222/4043
f 4220/4220/4041 4223/4223/4044 4224/4224/4045
f 4220/4220/4041 4224/4224/4045 4221/4221/4042
f 4220/4220/4041 4225/4225/4046 4226/4226/4047
f 4220/4220/4041 4226/4226/4047 4223/4223/4044
f 4225/4225/4046 4227/4227/4048 4228/4228/4049
f 4225/4225/4046 4228/4228/4049 4226/4226/4047
f 4227/4227/4048 2323/2323/2152 4229/4229/4050
f 4227/4227/4048 4229/4229/4050 4228/4228/4049
f 4227/4227/4048 4230/4230/4051 4231/4231/4052
f 4227/4227/4048 4231/4231/4052 2323/2323/2152
f 4227/4227/4048 4225/4225/4046 4232/4232/4053
f 4227/4227/4048 4232/4232/4053 4230/4230/4051
f 4225/4225/4046 4220/4220/4041 4219/4219/4040
f 4225/4225/4046 4219/4219/4040 4232/4232/4053
f 2314/2314/2143 4233/4233/4054 4234/4234/4055
f 2314/2314/2143 4234/4234/4055 2315/2315/2144
f 4233/4233/4054 4235/4235/4056 4236/4236/4057
f 4233/4233/4054 4236/4236/4057 4234/4234/4055
f 4235/4235/4056 4237/4237/4058 4238/4238/4059
f 4235/4235/4056 4238/4238/4059 4236/4236/4057
f 4235/4235/4056 4239/4239/4060 4240/4240/4061
f 4235/4235/4056 4240/4240/4061 4237/4237/4058
f 4235/4235/4056 4233/4233/4054 4241/4241/4062
f 4235/4235/4056 4241/4241/4062 4239/4239/4060
f 4233/4233/4054 2314/2314/2143 4242/4242/4063
f 4233/4233/4054 4242/4242/4063 4241/4241/4062
f 4243/4243/4064 4244/4244/4065 4245/4245/4066
f 4243/4243/4064 4245/4245/4066 4246/4246/4067
f 4244/4244/4065 4247/4247/4068 4248/4248/4069
f 4244/4244/4065 4248/4248/4069 4245/4245/4066
f 4249/4249/4070 4250/4250/4071 4244/4244/4065
f 4249/4249/4070 4244/4244/4065 4243/4243/4064
f 4251/4251/4072 4247/4247/4068 4244/4244/4065
f 4251/4251/4072 4244/4244/4065 4250/4250/4071
f 4250/4250/4071 4252/4252/4073 4253/4253/4074
f 4250/4250/4071 4253/4253/4074 4251/4251/4072
f 4254/4254/4075 4252/4252/4073 4250/4250/4071
f 4254/4254/4075 4250/4250/4071 4249/4249/4070
f 4252/4252/4073 4255/4255/4076 4256/4256/4077
f 4252/4252/4073 4256/4256/4077 4253/4253/4074
f 4257/4257/4078 4255/4255/4076 4252/4252/4073
f 4257/4257/4078 4252/4252/4073 4254/4254/4075
f 4258/4258/4079 4259/4259/4080 4260/4260/4081
f 4258/4258/4079 4260/4260/4081 4261/4261/4082
f 4259/4259/4080 4262/4262/4083 4263/4263/4084
f 4259/4259/4080 4263/4263/4084 4260/4260/4081
f 4259/4259/4080 4264/4264/4085 4265/4265/4086
f 4259/4259/4080 4265/4265/4086 4262/4262/4083
f 4266/4266/4087 4264/4264/4085 4259/4259/4080
f 4266/4266/4087 4259/4259/4080 4258/4258/4079
f 4267/4267/4088 4160/4160/3981 4264/4264/4085
f 4267/4267/4088 4264/4264/4085 4266/4266/4087
f 4264/4264/4085 4160/4160/3981 4268/4268/4089
f 4264/4264/4085 4268/4268/4089 4265/4265/4086
f 4269/4269/4090 4270/4270/4091 4271/4271/4092
f 4269/4269/4090 4271/4271/4092 4272/4272/4093
f 4273/4273/4094 4274/4274/4095 4270/4270/4091
f 4273/4273/4094 4270/4270/4091 4269/4269/4090
f 4275/4275/4096 4159/4159/3980 4274/4274/4095
f 4275/4275/4096 4274/4274/4095 4273/4273/4094
f 4276/4276/4097 4277/4277/4098 4274/4274/4095
f 4276/4276/4097 4274/4274/4095 4159/4159/3980
f 4278/4278/4099 4270/4270/4091 4274/4274/4095
f 4278/4278/4099 4274/4274/4095 4277/4277/4098
f 4279/4279/4100 4271/4271/4092 4270/4270/4091
f 4279/4279/4100 4270/4270/4091 4278/4278/4099
f 4255/4255/4076 4257/4257/4078 4242/4242/4063
f 4255/4255/4076 4242/4242/4063 2314/2314/2143
f 4160/4160/3981 4267/4267/4088 4256/4256/4077
f 4160/4160/3981 4256/4256/4077 4255/4255/4076
f 4159/4159/3980 4275/4275/4096 4268/4268/4089
f 4159/4159/3980 4268/4268/4089 4160/4160/3981
f 4216/4216/4037 4280/4280/4101 4281/4281/4102
f 4216/4216/4037 4281/4281/4102 4217/4217/4038
f 4216/4216/4037 2322/2322/2151 4282/4282/4103
f 4216/4216/4037 4282/4282/4103 4280/4280/4101
f 2322/2322/2151 2323/2323/2152 4231/4231/4052
f 2322/2322/2151 4231/4231/4052 4282/4282/4103
f 4159/4159/3980 2317/2317/2146 2319/2319/2148
f 4159/4159/3980 2319/2319/2148 4276/4276/4097
f 4283/4283/4104 2325/2325/2154 2324/2324/2153
f 4283/4283/4104 2324/2324/2153 4189/4189/4010
f 2325/2325/2154 4283/4283/4104 2318/2318/2147
f 2325/2325/2154 2318/2318/2147 2317/2317/2146
f 2320/2320/2149 4197/4197/4018 4284/4284/4105
f 2320/2320/2149 4284/4284/4105 2321/2321/2150
f 4197/4197/4018 4170/4170/3991 4285/4285/4106
f 4197/4197/4018 4285/4285/4106 4284/4284/4105
f 4255/4255/4076 2314/2314/2143 4284/4284/4105
f 4255/4255/4076 4284/4284/4105 4285/4285/4106
f 4170/4170/3991 2326/2326/2155 2327/2327/2156
f 4170/4170/3991 2327/2327/2156 4285/4285/4106
f 4160/4160/3981 4255/4255/4076 4285/4285/4106
f 4160/4160/3981 4285/4285/4106 2327/2327/2156
f 2316/2316/2145 2315/2315/2144 4229/4229/4050
f 2316/2316/2145 4229/4229/4050 2323/2323/2152
f 2330/2330/2159 4286/4286/4107 2346/2346/2175
f 2330/2330/2159 2346/2346/2175 2331/2331/2160
f 2350/2350/2179 4286/4286/4107 2330/2330/2159
f 2350/2350/2179 2330/2330/2159 2333/2333/2162
f 2337/2337/2166 2340/2340/2169 4286/4286/4107
f 2337/2337/2166 4286/4286/4107 2350/2350/2179
f 2339/2339/2168 2350/2350/2179 2333/2333/2162
f 2339/2339/2168 2333/2333/2162 4287/4287/4108
f 4288/4288/4109 4289/4289/4110 4290/4290/4111
f 4288/4288/4109 4290/4290/4111 4291/4291/4112
f 4289/4289/4110 4292/4292/4113 4293/4293/4114
f 4289/4289/4110 4293/4293/4114 4290/4290/4111
f 4294/4294/4115 4295/4295/4116 4292/4292/4113
f 4294/4294/4115 4292/4292/4113 4289/4289/4110
f 4289/4289/4110 4288/4288/4109 4296/4296/4117
f 4289/4289/4110 4296/4296/4117 4294/4294/4115
f 2335/2335/2164 2337/2337/2166 4294/4294/4115
f 2335/2335/2164 4294/4294/4115 4296/4296/4117
f 2338/2338/2167 4295/4295/4116 4294/4294/4115
f 2338/2338/2167 4294/4294/4115 2337/2337/2166
f 2339/2339/2168 4297/4297/4118 4298/4298/4119
f 2339/2339/2168 4298/4298/4119 2338/2338/2167
f 4297/4297/4118 4299/4299/4120 4300/4300/4121
f 4297/4297/4118 4300/4300/4121 4298/4298/4119
f 4299/4299/4120 4301/4301/4122 4302/4302/4123
f 4299/4299/4120 4302/4302/4123 4300/4300/4121
f 4299/4299/4120 4303/4303/4124 4304/4304/4125
f 4299/4299/4120 4304/4304/4125 4301/4301/4122
f 4299/4299/4120 4297/4297/4118 4305/4305/4126
f 4299/4299/4120 4305/4305/4126 4303/4303/4124
f 4306/4306/4127 4305/4305/4126 4297/4297/4118
f 4306/4306/4127 4297/4297/4118 2339/2339/2168
f 4307/4307/4128 4308/4308/4129 4309/4309/4130
f 4307/4307/4128 4309/4309/4130 4310/4310/4131
f 4311/4311/4132 4312/4312/4133 4308/4308/4129
f 4311/4311/4132 4308/4308/4129 4307/4307/4128
f 4306/4306/4127 4313/4313/4134 4312/4312/4133
f 4306/4306/4127 4312/4312/4133 4311/4311/4132
f 4314/4314/4135 4315/4315/4136 4312/4312/4133
f 4314/4314/4135 4312/4312/4133 4313/4313/4134
f 4316/4316/4137 4308/4308/4129 4312/4312/4133
f 4316/4316/4137 4312/4312/4133 4315/4315/4136
f 4317/4317/4138 4309/4309/4130 4308/4308/4129
f 4317/4317/4138 4308/4308/4129 4316/4316/4137
f 4318/4318/4139 4319/4319/4140 4320/4320/4141
f 4318/4318/4139 4320/4320/4141 4314/4314/4135
f 4321/4321/4142 4322/4322/4143 4320/4320/4141
f 4321/4321/4142 4320/4320/4141 4319/4319/4140
f 4321/4321/4142 4323/4323/4144 4324/4324/4145
f 4321/4321/4142 4324/4324/4145 4322/4322/4143
f 4321/4321/4142 4325/4325/4146 4326/4326/4147
f 4321/4321/4142 4326/4326/4147 4323/4323/4144
f 4321/4321/4142 4319/4319/4140 4327/4327/4148
f 4321/4321/4142 4327/4327/4148 4325/4325/4146
f 4327/4327/4148 4319/4319/4140 4318/4318/4139
f 4327/4327/4148 4318/4318/4139 4328/4328/4149
f 4318/4318/4139 4329/4329/4150 4330/4330/4151
f 4318/4318/4139 4330/4330/4151 4328/4328/4149
f 4329/4329/4150 4331/4331/4152 4332/4332/4153
f 4329/4329/4150 4332/4332/4153 4330/4330/4151
f 4331/4331/4152 2334/2334/2163 2332/2332/2161
f 4331/4331/4152 2332/2332/2161 4332/4332/4153
f 4329/4329/4150 4318/4318/4139 4314/4314/4135
f 4329/4329/4150 4314/4314/4135 4313/4313/4134
f 4329/4329/4150 4313/4313/4134 4287/4287/4108
f 4329/4329/4150 4287/4287/4108 4331/4331/4152
f 4313/4313/4134 4306/4306/4127 2339/2339/2168
f 4313/4313/4134 2339/2339/2168 4287/4287/4108
f 4333/4333/4154 4334/4334/4155 4335/4335/4156
f 4333/4333/4154 4335/4335/4156 4336/4336/4157
f 4334/4334/4155 4337/4337/4158 4338/4338/4159
f 4334/4334/4155 4338/4338/4159 4335/4335/4156
f 4334/4334/4155 4339/4339/4160 4340/4340/4161
f 4334/4334/4155 4340/4340/4161 4337/4337/4158
f 4341/4341/4162 4339/4339/4160 4334/4334/4155
f 4341/4341/4162 4334/4334/4155 4333/4333/4154
f 4339/4339/4160 2336/2336/2165 2335/2335/2164
f 4339/4339/4160 2335/2335/2164 4340/4340/4161
f 4342/4342/4163 4343/4343/4164 2341/2341/2170
f 4342/4342/4163 2341/2341/2170 4341/4341/4162
f 4344/4344/4165 4345/4345/4166 4343/4343/4164
f 4344/4344/4165 4343/4343/4164 4342/4342/4163
f 2336/2336/2165 4339/4339/4160 4341/4341/4162
f 2336/2336/2165 4341/4341/4162 2341/2341/2170
f 4331/4331/4152 4287/4287/4108 2333/2333/2162
f 4331/4331/4152 2333/2333/2162 2334/2334/2163
f 4346/4346/4167 4347/4347/4168 4348/4348/4169
f 4346/4346/4167 4348/4348/4169 4349/4349/4170
f 4350/4350/4171 4351/4351/4172 4348/4348/4169
f 4350/4350/4171 4348/4348/4169 4347/4347/4168
f 4350/4350/4171 4352/4352/4173 4353/4353/4174
f 4350/4350/4171 4353/4353/4174 4351/4351/4172
f 4354/4354/4175 4355/4355/4176 4347/4347/4168
f 4354/4354/4175 4347/4347/4168 4346/4346/4167
f 4356/4356/4177 4350/4350/4171 4347/4347/4168
f 4356/4356/4177 4347/4347/4168 4355/4355/4176
f 4357/4357/4178 4352/4352/4173 4350/4350/4171
f 4357/4357/4178 4350/4350/4171 4356/4356/4177
f 4358/4358/4179 4359/4359/4180 4360/4360/4181
f 4358/4358/4179 4360/4360/4181 4361/4361/4182
f 4362/4362/4183 4363/4363/4184 4364/4364/4185
f 4362/4362/4183 4364/4364/4185 4365/4365/4186
f 2346/2346/2175 2345/2345/2174 4363/4363/4184
f 2346/2346/2175 4363/4363/4184 4362/4362/4183
f 4366/4366/4187 4367/4367/4188 4359/4359/4180
f 4366/4366/4187 4359/4359/4180 4358/4358/4179
f 4368/4368/4189 4362/4362/4183 4365/4365/4186
f 4368/4368/4189 4365/4365/4186 4369/4369/4190
f 4353/4353/4174 2346/2346/2175 4362/4362/4183
f 4353/4353/4174 4362/4362/4183 4368/4368/4189
f 2343/2343/2172 4370/4370/4191 4371/4371/4192
f 2343/2343/2172 4371/4371/4192 2345/2345/2174
f 4370/4370/4191 4372/4372/4193 4373/4373/4194
f 4370/4370/4191 4373/4373/4194 4371/4371/4192
f 4372/4372/4193 4374/4374/4195 4375/4375/4196
f 4372/4372/4193 4375/4375/4196 4373/4373/4194
f 4359/4359/4180 4365/4365/4186 4364/4364/4185
f 4359/4359/4180 4364/4364/4185 4360/4360/4181
f 4367/4367/4188 4369/4369/4190 4365/4365/4186
f 4367/4367/4188 4365/4365/4186 4359/4359/4180
f 4374/4374/4195 4376/4376/4197 4377/4377/4198
f 4374/4374/4195 4377/4377/4198 4375/4375/4196
f 4374/4374/4195 4378/4378/4199 4379/4379/4200
f 4374/4374/4195 4379/4379/4200 4376/4376/4197
f 4374/4374/4195 4372/4372/4193 4380/4380/4201
f 4374/4374/4195 4380/4380/4201 4378/4378/4199
f 4372/4372/4193 4370/4370/4191 4381/4381/4202
f 4372/4372/4193 4381/4381/4202 4380/4380/4201
f 4381/4381/4202 4370/4370/4191 2343/2343/2172
f 4381/4381/4202 2343/2343/2172 2342/2342/2171
f 4382/4382/4203 4383/4383/4204 4384/4384/4205
f 4382/4382/4203 4384/4384/4205 4385/4385/4206
f 4383/4383/4204 4386/4386/4207 4387/4387/4208
f 4383/4383/4204 4387/4387/4208 4384/4384/4205
f 4386/4386/4207 2344/2344/2173 4388/4388/4209
f 4386/4386/4207 4388/4388/4209 4387/4387/4208
f 2344/2344/2173 2341/2341/2170 4389/4389/4210
f 2344/2344/2173 4389/4389/4210 4388/4388/4209
f 2341/2341/2170 4343/4343/4164 4390/4390/4211
f 2341/2341/2170 4390/4390/4211 4389/4389/4210
f 4390/4390/4211 4343/4343/4164 4345/4345/4166
f 4390/4390/4211 4345/4345/4166 4391/4391/4212
f 4392/4392/4213 4393/4393/4214 4383/4383/4204
f 4392/4392/4213 4383/4383/4204 4382/4382/4203
f 4386/4386/4207 4383/4383/4204 4393/4393/4214
f 4386/4386/4207 4393/4393/4214 4394/4394/4215
f 2342/2342/2171 2344/2344/2173 4386/4386/4207
f 2342/2342/2171 4386/4386/4207 4394/4394/4215
f 2346/2346/2175 4353/4353/4174 4352/4352/4173
f 2346/2346/2175 4352/4352/4173 2331/2331/2160
f 4286/4286/4107 2340/2340/2169 2343/2343/2172
f 4286/4286/4107 2343/2343/2172 2346/2346/2175
f 4352/4352/4173 4395/4395/4216 2329/2329/2158
f 4352/4352/4173 2329/2329/2158 2331/2331/2160
f 2351/2351/2180 2348/2348/2177 4396/4396/4217
f 2351/2351/2180 4396/4396/4217 4397/4397/4218
f 2348/2348/2177 4398/4398/4219 4399/4399/4220
f 2348/2348/2177 4399/4399/4220 4396/4396/4217
f 4398/4398/4219 4400/4400/4221 4357/4357/4178
f 4398/4398/4219 4357/4357/4178 4399/4399/4220
f 4398/4398/4219 2348/2348/2177 2347/2347/2176
f 4398/4398/4219 2347/2347/2176 4401/4401/4222
f 4402/4402/4223 4400/4400/4221 4398/4398/4219
f 4402/4402/4223 4398/4398/4219 4401/4401/4222
f 4403/4403/4224 4395/4395/4216 4400/4400/4221
f 4403/4403/4224 4400/4400/4221 4402/4402/4223
f 4352/4352/4173 4357/4357/4178 4400/4400/4221
f 4352/4352/4173 4400/4400/4221 4395/4395/4216
f 2332/2332/2161 2329/2329/2158 4395/4395/4216
f 2332/2332/2161 4395/4395/4216 4403/4403/4224
f 4404/4404/4225 4405/4405/4226 2367/2367/2196
f 4404/4404/4225 2367/2367/2196 2366/2366/2195
f 2361/2361/2190 4406/4406/4227 4405/4405/4226
f 2361/2361/2190 4405/4405/4226 4404/4404/4225
f 2358/2358/2187 2360/2360/2189 4407/4407/4228
f 2358/2358/2187 4407/4407/4228 2357/2357/2186
f 4408/4408/4229 4409/4409/4230 2353/2353/2182
f 4408/4408/4229 2353/2353/2182 2384/2384/2213
f 2360/2360/2189 4408/4408/4229 2384/2384/2213
f 2360/2360/2189 2384/2384/2213 4407/4407/4228
f 2355/2355/2184 2357/2357/2186 4410/4410/4231
f 2355/2355/2184 4410/4410/4231 4411/4411/4232
f 4409/4409/4230 4412/4412/4233 4413/4413/4234
f 4409/4409/4230 4413/4413/4234 4414/4414/4235
f 4412/4412/4233 4409/4409/4230 4408/4408/4229
f 4412/4412/4233 4408/4408/4229 4415/4415/4236
f 2382/2382/2211 4416/4416/4237 4417/4417/4238
f 2382/2382/2211 4417/4417/4238 4415/4415/4236
f 4416/4416/4237 4418/4418/4239 4419/4419/4239
f 4416/4416/4237 4419/4419/4239 4417/4417/4238
f 4418/4418/4239 4420/4420/4240 4421/4421/4241
f 4418/4418/4239 4421/4421/4241 4419/4419/4239
f 2383/2383/2212 2385/2385/2214 2387/2387/2216
f 2383/2383/2212 2387/2387/2216 2382/2382/2211
f 4422/4422/4242 4413/4413/4234 4412/4412/4233
f 4422/4422/4242 4412/4412/4233 4423/4423/4243
f 2360/2360/2189 2382/2382/2211 4415/4415/4236
f 2360/2360/2189 4415/4415/4236 4408/4408/4229
f 4415/4415/4236 4424/4424/4244 4423/4423/4243
f 4415/4415/4236 4423/4423/4243 4412/4412/4233
f 4414/4414/4235 4425/4425/4245 4426/4426/4246
f 4414/4414/4235 4426/4426/4246 4427/4427/4247
f 4428/4428/4248 4429/4429/4249 4430/4430/4250
f 4428/4428/4248 4430/4430/4250 4431/4431/4251
f 4432/4432/4252 4433/4433/4253 4430/4430/4250
f 4432/4432/4252 4430/4430/4250 4429/4429/4249
f 4422/4422/4242 4423/4423/4243 4430/4430/4250
f 4422/4422/4242 4430/4430/4250 4433/4433/4253
f 4434/4434/4254 4435/4435/4255 4425/4425/4245
f 4434/4434/4254 4425/4425/4245 4436/4436/4256
f 4436/4436/4256 4437/4437/4257 4438/4438/4258
f 4436/4436/4256 4438/4438/4258 4434/4434/4254
f 4439/4439/4259 4440/4440/4260 4441/4441/4261
f 4439/4439/4259 4441/4441/4261 4442/4442/4262
f 4443/4443/4263 4444/4444/4264 4441/4441/4261
f 4443/4443/4263 4441/4441/4261 4440/4440/4260
f 4445/4445/4265 4446/4446/4266 4441/4441/4261
f 4445/4445/4265 4441/4441/4261 4444/4444/4264
f 4447/4447/4267 4442/4442/4262 4441/4441/4261
f 4447/4447/4267 4441/4441/4261 4446/4446/4266
f 4448/4448/4268 4438/4438/4258 4442/4442/4262
f 4448/4448/4268 4442/4442/4262 4447/4447/4267
f 2365/2365/2194 4435/4435/4255 4434/4434/4254
f 2365/2365/2194 4434/4434/4254 2364/2364/2193
f 4425/4425/4245 4435/4435/4255 2380/2380/2209
f 4425/4425/4245 2380/2380/2209 4426/4426/4246
f 4449/4449/4269 4450/4450/4270 2362/2362/2191
f 4449/4449/4269 2362/2362/2191 2364/2364/2193
f 4451/4451/4271 4452/4452/4272 4450/4450/4270
f 4451/4451/4271 4450/4450/4270 4449/4449/4269
f 4453/4453/4273 4454/4454/4274 4452/4452/4272
f 4453/4453/4273 4452/4452/4272 4451/4451/4271
f 4455/4455/4275 4456/4456/4276 4452/4452/4272
f 4455/4455/4275 4452/4452/4272 4454/4454/4274
f 4457/4457/4277 4450/4450/4270 4452/4452/4272
f 4457/4457/4277 4452/4452/4272 4456/4456/4276
f 2398/2398/2227 2362/2362/2191 4450/4450/4270
f 2398/2398/2227 4450/4450/4270 4457/4457/4277
f 4458/4458/4278 4406/4406/4227 2361/2361/2190
f 4458/4458/4278 2361/2361/2190 2363/2363/2192
f 4459/4459/4279 4460/4460/4280 4406/4406/4227
f 4459/4459/4279 4406/4406/4227 4458/4458/4278
f 4461/4461/4281 4462/4462/4282 4460/4460/4280
f 4461/4461/4281 4460/4460/4280 4459/4459/4279
f 4463/4463/4283 4464/4464/4284 4462/4462/4282
f 4463/4463/4283 4462/4462/4282 4461/4461/4281
f 4465/4465/4285 4466/4466/4286 4462/4462/4282
f 4465/4465/4285 4462/4462/4282 4464/4464/4284
f 4467/4467/4287 4460/4460/4280 4462/4462/4282
f 4467/4467/4287 4462/4462/4282 4466/4466/4286
f 4405/4405/4226 4406/4406/4227 4460/4460/4280
f 4405/4405/4226 4460/4460/4280 4467/4467/4287
f 4468/4468/4288 4469/4469/4289 2368/2368/2197
f 4468/4468/4288 2368/2368/2197 2397/2397/2226
f 4470/4470/4290 4471/4471/4291 4469/4469/4289
f 4470/4470/4290 4469/4469/4289 4468/4468/4288
f 4472/4472/4292 4473/4473/4293 4469/4469/4289
f 4472/4472/4292 4469/4469/4289 4471/4471/4291
f 4474/4474/4294 2368/2368/2197 4469/4469/4289
f 4474/4474/4294 4469/4469/4289 4473/4473/4293
f 2375/2375/2204 2366/2366/2195 2368/2368/2197
f 2375/2375/2204 2368/2368/2197 4474/4474/4294
f 4436/4436/4256 4425/4425/4245 4414/4414/4235
f 4436/4436/4256 4414/4414/4235 4413/4413/4234
f 2394/2394/2223 2370/2370/2199 2373/2373/2202
f 2394/2394/2223 2373/2373/2202 2375/2375/2204
f 4475/4475/4295 4476/4476/4296 2370/2370/2199
f 4475/4475/4295 2370/2370/2199 2369/2369/2198
f 2374/2374/2203 2373/2373/2202 2370/2370/2199
f 2374/2374/2203 2370/2370/2199 4476/4476/4296
f 4477/4477/4297 2356/2356/2185 2355/2355/2184
f 4477/4477/4297 2355/2355/2184 4478/4478/4298
f 2388/2388/2217 4479/4479/4299 4480/4480/4300
f 2388/2388/2217 4480/4480/4300 2396/2396/2225
f 4481/4481/4301 4482/4482/4302 4480/4480/4300
f 4481/4481/4301 4480/4480/4300 4479/4479/4299
f 4481/4481/4301 4483/4483/4303 4484/4484/4304
f 4481/4481/4301 4484/4484/4304 4482/4482/4302
f 4485/4485/4305 4486/4486/4306 4482/4482/4302
f 4485/4485/4305 4482/4482/4302 4484/4484/4304
f 4487/4487/4307 4480/4480/4300 4482/4482/4302
f 4487/4487/4307 4482/4482/4302 4486/4486/4306
f 4488/4488/4308 2396/2396/2225 4480/4480/4300
f 4488/4488/4308 4480/4480/4300 4487/4487/4307
f 4477/4477/4297 4478/4478/4298 4489/4489/4309
f 4477/4477/4297 4489/4489/4309 4490/4490/4310
f 4491/4491/4311 4490/4490/4310 4489/4489/4309
f 4491/4491/4311 4489/4489/4309 4492/4492/4312
f 4493/4493/4313 4494/4494/4314 4495/4495/4314
f 4493/4493/4313 4495/4495/4314 2393/2393/2222
f 4494/4494/4314 4496/4496/4315 4497/4497/4315
f 4494/4494/4314 4497/4497/4315 4495/4495/4314
f 4496/4496/4315 4498/4498/4316 4499/4499/4317
f 4496/4496/4315 4499/4499/4317 4497/4497/4315
f 4500/4500/4318 4501/4501/4319 4502/4502/4320
f 4500/4500/4318 4502/4502/4320 4503/4503/4318
f 4501/4501/4319 2391/2391/2220 2393/2393/2222
f 4501/4501/4319 2393/2393/2222 4502/4502/4320
f 2376/2376/2205 2356/2356/2185 4477/4477/4297
f 2376/2376/2205 4477/4477/4297 4504/4504/4321
f 2365/2365/2194 2361/2361/2190 2378/2378/2207
f 2365/2365/2194 2378/2378/2207 2390/2390/2219
f 4505/4505/4322 4506/4506/4323 2380/2380/2209
f 4505/4505/4322 2380/2380/2209 2379/2379/2208
f 4507/4507/4324 4508/4508/4325 4509/4509/4326
f 4507/4507/4324 4509/4509/4326 4510/4510/4327
f 4511/4511/4328 4510/4510/4327 4509/4509/4326
f 4511/4511/4328 4509/4509/4326 4512/4512/4329
f 4513/4513/4330 4506/4506/4323 4508/4508/4325
f 4513/4513/4330 4508/4508/4325 4507/4507/4324
f 4514/4514/4331 4515/4515/4332 4516/4516/4333
f 4514/4514/4331 4516/4516/4333 4517/4517/4334
f 4515/4515/4332 4518/4518/4335 4519/4519/4336
f 4515/4515/4332 4519/4519/4336 4520/4520/4337
f 4518/4518/4335 4427/4427/4247 4426/4426/4246
f 4518/4518/4335 4426/4426/4246 4519/4519/4336
f 4521/4521/4338 4517/4517/4334 4516/4516/4333
f 4521/4521/4338 4516/4516/4333 4522/4522/4339
f 4523/4523/4340 4518/4518/4335 4515/4515/4332
f 4523/4523/4340 4515/4515/4332 4514/4514/4331
f 2353/2353/2182 4427/4427/4247 4518/4518/4335
f 2353/2353/2182 4518/4518/4335 4523/4523/4340
f 4524/4524/4341 4525/4525/4342 4526/4526/4343
f 4524/4524/4341 4526/4526/4343 4527/4527/4344
f 4525/4525/4342 4528/4528/4345 4529/4529/4346
f 4525/4525/4342 4529/4529/4346 4526/4526/4343
f 4528/4528/4345 2352/2352/2181 2354/2354/2183
f 4528/4528/4345 2354/2354/2183 4529/4529/4346
f 4530/4530/4347 4531/4531/4348 4525/4525/4342
f 4530/4530/4347 4525/4525/4342 4524/4524/4341
f 4532/4532/4349 4528/4528/4345 4525/4525/4342
f 4532/4532/4349 4525/4525/4342 4531/4531/4348
f 2384/2384/2213 2352/2352/2181 4528/4528/4345
f 2384/2384/2213 4528/4528/4345 4532/4532/4349
f 4533/4533/4350 4534/4534/4351 4535/4535/4352
f 4533/4533/4350 4535/4535/4352 4536/4536/4353
f 4536/4536/4353 4535/4535/4352 4411/4411/4232
f 4536/4536/4353 4411/4411/4232 4410/4410/4231
f 4410/4410/4231 2357/2357/2186 4407/4407/4228
f 4410/4410/4231 4407/4407/4228 4537/4537/4354
f 2377/2377/2206 2389/2389/2218 2396/2396/2225
f 2377/2377/2206 2396/2396/2225 4488/4488/4308
f 4409/4409/4230 4414/4414/4235 4427/4427/4247
f 4409/4409/4230 4427/4427/4247 2353/2353/2182
f 2381/2381/2210 2390/2390/2219 2393/2393/2222
f 2381/2381/2210 2393/2393/2222 2392/2392/2221
f 2393/2393/2222 2390/2390/2219 2378/2378/2207
f 2393/2393/2222 2378/2378/2207 4493/4493/4313
f 4435/4435/4255 2365/2365/2194 2381/2381/2210
f 4435/4435/4255 2381/2381/2210 2380/2380/2209
f 4505/4505/4322 4538/4538/4355 4508/4508/4325
f 4505/4505/4322 4508/4508/4325 4506/4506/4323
f 4539/4539/4356 4509/4509/4326 4508/4508/4325
f 4539/4539/4356 4508/4508/4325 4538/4538/4355
f 4540/4540/4357 4512/4512/4329 4509/4509/4326
f 4540/4540/4357 4509/4509/4326 4539/4539/4356
f 4522/4522/4339 4516/4516/4333 4541/4541/4358
f 4522/4522/4339 4541/4541/4358 4542/4542/4359
f 4515/4515/4332 4520/4520/4337 4541/4541/4358
f 4515/4515/4332 4541/4541/4358 4516/4516/4333
f 4533/4533/4350 4536/4536/4353 4543/4543/4360
f 4533/4533/4350 4543/4543/4360 4544/4544/4361
f 4410/4410/4231 4537/4537/4354 4543/4543/4360
f 4410/4410/4231 4543/4543/4360 4536/4536/4353
f 4545/4545/4362 4546/4546/4363 4490/4490/4310
f 4545/4545/4362 4490/4490/4310 4491/4491/4311
f 4504/4504/4321 4477/4477/4297 4490/4490/4310
f 4504/4504/4321 4490/4490/4310 4546/4546/4363
f 4513/4513/4330 4426/4426/4246 2380/2380/2209
f 4513/4513/4330 2380/2380/2209 4506/4506/4323
f 2389/2389/2218 2377/2377/2206 2361/2361/2190
f 2389/2389/2218 2361/2361/2190 4404/4404/4225
f 4424/4424/4244 4431/4431/4251 4430/4430/4250
f 4424/4424/4244 4430/4430/4250 4423/4423/4243
f 4437/4437/4257 4439/4439/4259 4442/4442/4262
f 4437/4437/4257 4442/4442/4262 4438/4438/4258
f 2372/2372/2201 2389/2389/2218 4404/4404/4225
f 2372/2372/2201 4404/4404/4225 2366/2366/2195
f 4448/4448/4268 2364/2364/2193 4434/4434/4254
f 4448/4448/4268 4434/4434/4254 4438/4438/4258
f 2400/2400/2229 4547/4547/4364 2416/2416/2245
f 2400/2400/2229 2416/2416/2245 2401/2401/2230
f 2420/2420/2249 4547/4547/4364 2400/2400/2229
f 2420/2420/2249 2400/2400/2229 2403/2403/2232
f 2407/2407/2236 2410/2410/2239 4547/4547/4364
f 2407/2407/2236 4547/4547/4364 2420/2420/2249
f 2409/2409/2238 2420/2420/2249 2403/2403/2232
f 2409/2409/2238 2403/2403/2232 4548/4548/4365
f 4549/4549/4366 4550/4550/4367 4551/4551/4368
f 4549/4549/4366 4551/4551/4368 4552/4552/4369
f 4550/4550/4367 4553/4553/4370 4554/4554/4371
f 4550/4550/4367 4554/4554/4371 4551/4551/4368
f 4555/4555/4372 4556/4556/4373 4553/4553/4370
f 4555/4555/4372 4553/4553/4370 4550/4550/4367
f 4550/4550/4367 4549/4549/4366 4557/4557/4374
f 4550/4550/4367 4557/4557/4374 4555/4555/4372
f 2405/2405/2234 2407/2407/2236 4555/4555/4372
f 2405/2405/2234 4555/4555/4372 4557/4557/4374
f 2408/2408/2237 4556/4556/4373 4555/4555/4372
f 2408/2408/2237 4555/4555/4372 2407/2407/2236
f 2409/2409/2238 4558/4558/4375 4559/4559/4376
f 2409/2409/2238 4559/4559/4376 2408/2408/2237
f 4558/4558/4375 4560/4560/4377 4561/4561/4378
f 4558/4558/4375 4561/4561/4378 4559/4559/4376
f 4560/4560/4377 4562/4562/4379 4563/4563/4380
f 4560/4560/4377 4563/4563/4380 4561/4561/4378
f 4560/4560/4377 4564/4564/4381 4565/4565/4382
f 4560/4560/4377 4565/4565/4382 4562/4562/4379
f 4560/4560/4377 4558/4558/4375 4566/4566/4383
f 4560/4560/4377 4566/4566/4383 4564/4564/4381
f 4567/4567/4384 4566/4566/4383 4558/4558/4375
f 4567/4567/4384 4558/4558/4375 2409/2409/2238
f 4568/4568/4385 4569/4569/4386 4570/4570/4387
f 4568/4568/4385 4570/4570/4387 4571/4571/4388
f 4572/4572/4389 4573/4573/4390 4569/4569/4386
f 4572/4572/4389 4569/4569/4386 4568/4568/4385
f 4567/4567/4384 4574/4574/4391 4573/4573/4390
f 4567/4567/4384 4573/4573/4390 4572/4572/4389
f 4575/4575/4392 4576/4576/4393 4573/4573/4390
f 4575/4575/4392 4573/4573/4390 4574/4574/4391
f 4577/4577/4394 4569/4569/4386 4573/4573/4390
f 4577/4577/4394 4573/4573/4390 4576/4576/4393
f 4578/4578/4395 4570/4570/4387 4569/4569/4386
f 4578/4578/4395 4569/4569/4386 4577/4577/4394
f 4579/4579/4396 4580/4580/4397 4581/4581/4398
f 4579/4579/4396 4581/4581/4398 4575/4575/4392
f 4582/4582/4399 4583/4583/4400 4581/4581/4398
f 4582/4582/4399 4581/4581/4398 4580/4580/4397
f 4582/4582/4399 4584/4584/4401 4585/4585/4402
f 4582/4582/4399 4585/4585/4402 4583/4583/4400
f 4582/4582/4399 4586/4586/4403 4587/4587/4404
f 4582/4582/4399 4587/4587/4404 4584/4584/4401
f 4582/4582/4399 4580/4580/4397 4588/4588/4405
f 4582/4582/4399 4588/4588/4405 4586/4586/4403
f 4588/4588/4405 4580/4580/4397 4579/4579/4396
f 4588/4588/4405 4579/4579/4396 4589/4589/4406
f 4579/4579/4396 4590/4590/4407 4591/4591/4408
f 4579/4579/4396 4591/4591/4408 4589/4589/4406
f 4590/4590/4407 4592/4592/4409 4593/4593/4410
f 4590/4590/4407 4593/4593/4410 4591/4591/4408
f 4592/4592/4409 2404/2404/2233 2402/2402/2231
f 4592/4592/4409 2402/2402/2231 4593/4593/4410
f 4590/4590/4407 4579/4579/4396 4575/4575/4392
f 4590/4590/4407 4575/4575/4392 4574/4574/4391
f 4590/4590/4407 4574/4574/4391 4548/4548/4365
f 4590/4590/4407 4548/4548/4365 4592/4592/4409
f 4574/4574/4391 4567/4567/4384 2409/2409/2238
f 4574/4574/4391 2409/2409/2238 4548/4548/4365
f 4594/4594/4411 4595/4595/4412 4596/4596/4413
f 4594/4594/4411 4596/4596/4413 4597/4597/4414
f 4595/4595/4412 4598/4598/4415 4599/4599/4416
f 4595/4595/4412 4599/4599/4416 4596/4596/4413
f 4595/4595/4412 4600/4600/4417 4601/4601/4418
f 4595/4595/4412 4601/4601/4418 4598/4598/4415
f 4602/4602/4419 4600/4600/4417 4595/4595/4412
f 4602/4602/4419 4595/4595/4412 4594/4594/4411
f 4600/4600/4417 2406/2406/2235 2405/2405/2234
f 4600/4600/4417 2405/2405/2234 4601/4601/4418
f 4603/4603/4420 4604/4604/4421 2411/2411/2240
f 4603/4603/4420 2411/2411/2240 4602/4602/4419
f 4605/4605/4422 4606/4606/4423 4604/4604/4421
f 4605/4605/4422 4604/4604/4421 4603/4603/4420
f 2406/2406/2235 4600/4600/4417 4602/4602/4419
f 2406/2406/2235 4602/4602/4419 2411/2411/2240
f 4592/4592/4409 4548/4548/4365 2403/2403/2232
f 4592/4592/4409 2403/2403/2232 2404/2404/2233
f 4607/4607/4424 4608/4608/4425 4609/4609/4426
f 4607/4607/4424 4609/4609/4426 4610/4610/4427
f 4611/4611/4428 4612/4612/4429 4609/4609/4426
f 4611/4611/4428 4609/4609/4426 4608/4608/4425
f 4611/4611/4428 2417/2417/2246 2418/2418/2247
f 4611/4611/4428 2418/2418/2247 4612/4612/4429
f 4613/4613/4430 4614/4614/4431 4608/4608/4425
f 4613/4613/4430 4608/4608/4425 4607/4607/4424
f 4615/4615/4432 4611/4611/4428 4608/4608/4425
f 4615/4615/4432 4608/4608/4425 4614/4614/4431
f 4616/4616/4433 2417/2417/2246 4611/4611/4428
f 4616/4616/4433 4611/4611/4428 4615/4615/4432
f 4617/4617/4434 4618/4618/4435 4619/4619/4436
f 4617/4617/4434 4619/4619/4436 4620/4620/4437
f 4621/4621/4438 4622/4622/4439 4623/4623/4440
f 4621/4621/4438 4623/4623/4440 4624/4624/4441
f 2416/2416/2245 2415/2415/2244 4622/4622/4439
f 2416/2416/2245 4622/4622/4439 4621/4621/4438
f 4625/4625/4442 4626/4626/4443 4618/4618/4435
f 4625/4625/4442 4618/4618/4435 4617/4617/4434
f 4627/4627/4444 4621/4621/4438 4624/4624/4441
f 4627/4627/4444 4624/4624/4441 4628/4628/4445
f 2418/2418/2247 2416/2416/2245 4621/4621/4438
f 2418/2418/2247 4621/4621/4438 4627/4627/4444
f 2413/2413/2242 4629/4629/4446 4630/4630/4447
f 2413/2413/2242 4630/4630/4447 2415/2415/2244
f 4629/4629/4446 4631/4631/4448 4632/4632/4449
f 4629/4629/4446 4632/4632/4449 4630/4630/4447
f 4631/4631/4448 4633/4633/4450 4634/4634/4451
f 4631/4631/4448 4634/4634/4451 4632/4632/4449
f 4618/4618/4435 4624/4624/4441 4623/4623/4440
f 4618/4618/4435 4623/4623/4440 4619/4619/4436
f 4626/4626/4443 4628/4628/4445 4624/4624/4441
f 4626/4626/4443 4624/4624/4441 4618/4618/4435
f 4633/4633/4450 4635/4635/4452 4636/4636/4453
f 4633/4633/4450 4636/4636/4453 4634/4634/4451
f 4633/4633/4450 4637/4637/4454 4638/4638/4455
f 4633/4633/4450 4638/4638/4455 4635/4635/4452
f 4633/4633/4450 4631/4631/4448 4639/4639/4456
f 4633/4633/4450 4639/4639/4456 4637/4637/4454
f 4631/4631/4448 4629/4629/4446 4640/4640/4457
f 4631/4631/4448 4640/4640/4457 4639/4639/4456
f 4640/4640/4457 4629/4629/4446 2413/2413/2242
f 4640/4640/4457 2413/2413/2242 2412/2412/2241
f 4641/4641/4458 4642/4642/4459 4643/4643/4460
f 4641/4641/4458 4643/4643/4460 4644/4644/4461
f 4642/4642/4459 4645/4645/4462 4646/4646/4463
f 4642/4642/4459 4646/4646/4463 4643/4643/4460
f 4645/4645/4462 2414/2414/2243 4647/4647/4464
f 4645/4645/4462 4647/4647/4464 4646/4646/4463
f 2414/2414/2243 2411/2411/2240 4648/4648/4465
f 2414/2414/2243 4648/4648/4465 4647/4647/4464
f 2411/2411/2240 4604/4604/4421 4649/4649/4466
f 2411/2411/2240 4649/4649/4466 4648/4648/4465
f 4649/4649/4466 4604/4604/4421 4606/4606/4423
f 4649/4649/4466 4606/4606/4423 4650/4650/4467
f 4651/4651/4468 4652/4652/4469 4642/4642/4459
f 4651/4651/4468 4642/4642/4459 4641/4641/4458
f 4645/4645/4462 4642/4642/4459 4652/4652/4469
f 4645/4645/4462 4652/4652/4469 4653/4653/4470
f 2412/2412/2241 2414/2414/2243 4645/4645/4462
f 2412/2412/2241 4645/4645/4462 4653/4653/4470
f 4547/4547/4364 2410/2410/2239 2413/2413/2242
f 4547/4547/4364 2413/2413/2242 2416/2416/2245
f 4654/4654/4471 4655/4655/4472 4656/4656/4473
f 4654/4654/4471 4656/4656/4473 4657/4657/4474
f 4655/4655/4472 4658/4658/4475 4659/4659/4476
f 4655/4655/4472 4659/4659/4476 4656/4656/4473
f 4658/4658/4475 4660/4660/4477 4616/4616/4433
f 4658/4658/4475 4616/4616/4433 4659/4659/4476
f 4661/4661/4478 4662/4662/4479 4655/4655/4472
f 4661/4661/4478 4655/4655/4472 4654/4654/4471
f 4658/4658/4475 4655/4655/4472 4662/4662/4479
f 4658/4658/4475 4662/4662/4479 4663/4663/4480
f 4664/4664/4481 4660/4660/4477 4658/4658/4475
f 4664/4664/4481 4658/4658/4475 4663/4663/4480
f 4665/4665/4482 2419/2419/2248 4660/4660/4477
f 4665/4665/4482 4660/4660/4477 4664/4664/4481
f 2417/2417/2246 4616/4616/4433 4660/4660/4477
f 2417/2417/2246 4660/4660/4477 2419/2419/2248
f 2402/2402/2231 2399/2399/2228 2419/2419/2248
f 2402/2402/2231 2419/2419/2248 4665/4665/4482
f 4666/4666/4483 4667/4667/4484 2436/2436/2265
f 4666/4666/4483 2436/2436/2265 2435/2435/2264
f 2430/2430/2259 4668/4668/4485 4667/4667/4484
f 2430/2430/2259 4667/4667/4484 4666/4666/4483
f 2427/2427/2256 2429/2429/2258 4669/4669/4486
f 2427/2427/2256 4669/4669/4486 2426/2426/2255
f 4670/4670/4487 4671/4671/4488 2422/2422/2251
f 4670/4670/4487 2422/2422/2251 2453/2453/2282
f 2429/2429/2258 4670/4670/4487 2453/2453/2282
f 2429/2429/2258 2453/2453/2282 4669/4669/4486
f 2424/2424/2253 2426/2426/2255 4672/4672/4489
f 2424/2424/2253 4672/4672/4489 4673/4673/4490
f 4671/4671/4488 4674/4674/4491 4675/4675/4492
f 4671/4671/4488 4675/4675/4492 4676/4676/4493
f 4674/4674/4491 4671/4671/4488 4670/4670/4487
f 4674/4674/4491 4670/4670/4487 4677/4677/4494
f 2451/2451/2280 4678/4678/4495 4679/4679/4496
f 2451/2451/2280 4679/4679/4496 4677/4677/4494
f 4678/4678/4495 4680/4680/4497 4681/4681/4497
f 4678/4678/4495 4681/4681/4497 4679/4679/4496
f 4680/4680/4497 4682/4682/4498 4683/4683/4499
f 4680/4680/4497 4683/4683/4499 4681/4681/4497
f 2452/2452/2281 2454/2454/2283 2456/2456/2283
f 2452/2452/2281 2456/2456/2283 2451/2451/2280
f 4684/4684/4500 4675/4675/4492 4674/4674/4491
f 4684/4684/4500 4674/4674/4491 4685/4685/4501
f 2429/2429/2258 2451/2451/2280 4677/4677/4494
f 2429/2429/2258 4677/4677/4494 4670/4670/4487
f 4677/4677/4494 4686/4686/4502 4685/4685/4501
f 4677/4677/4494 4685/4685/4501 4674/4674/4491
f 4676/4676/4493 4687/4687/4503 4688/4688/4504
f 4676/4676/4493 4688/4688/4504 4689/4689/4505
f 4690/4690/4506 4691/4691/4507 4692/4692/4508
f 4690/4690/4506 4692/4692/4508 4693/4693/4509
f 4694/4694/4510 4695/4695/4511 4692/4692/4508
f 4694/4694/4510 4692/4692/4508 4691/4691/4507
f 4684/4684/4500 4685/4685/4501 4692/4692/4508
f 4684/4684/4500 4692/4692/4508 4695/4695/4511
f 4696/4696/4512 4697/4697/4513 4687/4687/4503
f 4696/4696/4512 4687/4687/4503 4698/4698/4514
f 4698/4698/4514 4699/4699/4515 4700/4700/4516
f 4698/4698/4514 4700/4700/4516 4696/4696/4512
f 4701/4701/4517 4702/4702/4518 4703/4703/4519
f 4701/4701/4517 4703/4703/4519 4704/4704/4520
f 4705/4705/4521 4706/4706/4522 4703/4703/4519
f 4705/4705/4521 4703/4703/4519 4702/4702/4518
f 4707/4707/4523 4708/4708/4524 4703/4703/4519
f 4707/4707/4523 4703/4703/4519 4706/4706/4522
f 4709/4709/4525 4704/4704/4520 4703/4703/4519
f 4709/4709/4525 4703/4703/4519 4708/4708/4524
f 4710/4710/4526 4700/4700/4516 4704/4704/4520
f 4710/4710/4526 4704/4704/4520 4709/4709/4525
f 2434/2434/2263 4697/4697/4513 4696/4696/4512
f 2434/2434/2263 4696/4696/4512 2433/2433/2262
f 4687/4687/4503 4697/4697/4513 2449/2449/2278
f 4687/4687/4503 2449/2449/2278 4688/4688/4504
f 4711/4711/4527 4712/4712/4528 2431/2431/2260
f 4711/4711/4527 2431/2431/2260 2433/2433/2262
f 4713/4713/4529 4714/4714/4530 4712/4712/4528
f 4713/4713/4529 4712/4712/4528 4711/4711/4527
f 4715/4715/4531 4716/4716/4532 4714/4714/4530
f 4715/4715/4531 4714/4714/4530 4713/4713/4529
f 4717/4717/4533 4718/4718/4534 4714/4714/4530
f 4717/4717/4533 4714/4714/4530 4716/4716/4532
f 4719/4719/4535 4712/4712/4528 4714/4714/4530
f 4719/4719/4535 4714/4714/4530 4718/4718/4534
f 2467/2467/2295 2431/2431/2260 4712/4712/4528
f 2467/2467/2295 4712/4712/4528 4719/4719/4535
f 4720/4720/4536 4668/4668/4485 2430/2430/2259
f 4720/4720/4536 2430/2430/2259 2432/2432/2261
f 4721/4721/4537 4722/4722/4538 4668/4668/4485
f 4721/4721/4537 4668/4668/4485 4720/4720/4536
f 4723/4723/4539 4724/4724/4540 4722/4722/4538
f 4723/4723/4539 4722/4722/4538 4721/4721/4537
f 4725/4725/4541 4726/4726/4542 4724/4724/4540
f 4725/4725/4541 4724/4724/4540 4723/4723/4539
f 4727/4727/4543 4728/4728/4544 4724/4724/4540
f 4727/4727/4543 4724/4724/4540 4726/4726/4542
f 4729/4729/4545 4722/4722/4538 4724/4724/4540
f 4729/4729/4545 4724/4724/4540 4728/4728/4544
f 4667/4667/4484 4668/4668/4485 4722/4722/4538
f 4667/4667/4484 4722/4722/4538 4729/4729/4545
f 4730/4730/4546 4731/4731/4547 2437/2437/2266
f 4730/4730/4546 2437/2437/2266 2466/2466/2294
f 4732/4732/4548 4733/4733/4549 4731/4731/4547
f 4732/4732/4548 4731/4731/4547 4730/4730/4546
f 4734/4734/4550 4735/4735/4551 4731/4731/4547
f 4734/4734/4550 4731/4731/4547 4733/4733/4549
f 4736/4736/4552 2437/2437/2266 4731/4731/4547
f 4736/4736/4552 4731/4731/4547 4735/4735/4551
f 2444/2444/2273 2435/2435/2264 2437/2437/2266
f 2444/2444/2273 2437/2437/2266 4736/4736/4552
f 4698/4698/4514 4687/4687/4503 4676/4676/4493
f 4698/4698/4514 4676/4676/4493 4675/4675/4492
f 2463/2463/2291 2439/2439/2268 2442/2442/2271
f 2463/2463/2291 2442/2442/2271 2444/2444/2273
f 4737/4737/4553 4738/4738/4554 2439/2439/2268
f 4737/4737/4553 2439/2439/2268 2438/2438/2267
f 2443/2443/2272 2442/2442/2271 2439/2439/2268
f 2443/2443/2272 2439/2439/2268 4738/4738/4554
f 4739/4739/4555 2425/2425/2254 2424/2424/2253
f 4739/4739/4555 2424/2424/2253 4740/4740/4556
f 2457/2457/2285 4741/4741/4557 4742/4742/4558
f 2457/2457/2285 4742/4742/4558 2465/2465/2293
f 4743/4743/4559 4744/4744/4560 4742/4742/4558
f 4743/4743/4559 4742/4742/4558 4741/4741/4557
f 4743/4743/4559 4745/4745/4561 4746/4746/4562
f 4743/4743/4559 4746/4746/4562 4744/4744/4560
f 4747/4747/4563 4748/4748/4564 4744/4744/4560
f 4747/4747/4563 4744/4744/4560 4746/4746/4562
f 4749/4749/4565 4742/4742/4558 4744/4744/4560
f 4749/4749/4565 4744/4744/4560 4748/4748/4564
f 4750/4750/4566 2465/2465/2293 4742/4742/4558
f 4750/4750/4566 4742/4742/4558 4749/4749/4565
f 4739/4739/4555 4740/4740/4556 4751/4751/4567
f 4739/4739/4555 4751/4751/4567 4752/4752/4568
f 4753/4753/4569 4752/4752/4568 4751/4751/4567
f 4753/4753/4569 4751/4751/4567 4754/4754/4570
f 4755/4755/4571 4756/4756/4572 4757/4757/4572
f 4755/4755/4571 4757/4757/4572 2462/2462/2290
f 4756/4756/4572 4758/4758/4573 4759/4759/4574
f 4756/4756/4572 4759/4759/4574 4757/4757/4572
f 4758/4758/4573 4760/4760/4575 4761/4761/4575
f 4758/4758/4573 4761/4761/4575 4759/4759/4574
f 4762/4762/4576 4763/4763/4577 4764/4764/4577
f 4762/4762/4576 4764/4764/4577 4765/4765/4578
f 4763/4763/4577 2460/2460/2288 2462/2462/2290
f 4763/4763/4577 2462/2462/2290 4764/4764/4577
f 2445/2445/2274 2425/2425/2254 4739/4739/4555
f 2445/2445/2274 4739/4739/4555 4766/4766/4579
f 2434/2434/2263 2430/2430/2259 2447/2447/2276
f 2434/2434/2263 2447/2447/2276 2459/2459/2287
f 4767/4767/4580 4768/4768/4581 2449/2449/2278
f 4767/4767/4580 2449/2449/2278 2448/2448/2277
f 4769/4769/4582 4770/4770/4583 4771/4771/4584
f 4769/4769/4582 4771/4771/4584 4772/4772/4585
f 4773/4773/4586 4772/4772/4585 4771/4771/4584
f 4773/4773/4586 4771/4771/4584 4774/4774/4587
f 4775/4775/4588 4768/4768/4581 4770/4770/4583
f 4775/4775/4588 4770/4770/4583 4769/4769/4582
f 4776/4776/4589 4777/4777/4590 4778/4778/4591
f 4776/4776/4589 4778/4778/4591 4779/4779/4592
f 4777/4777/4590 4780/4780/4593 4781/4781/4594
f 4777/4777/4590 4781/4781/4594 4782/4782/4595
f 4780/4780/4593 4689/4689/4505 4688/4688/4504
f 4780/4780/4593 4688/4688/4504 4781/4781/4594
f 4783/4783/4596 4779/4779/4592 4778/4778/4591
f 4783/4783/4596 4778/4778/4591 4784/4784/4597
f 4785/4785/4598 4780/4780/4593 4777/4777/4590
f 4785/4785/4598 4777/4777/4590 4776/4776/4589
f 2422/2422/2251 4689/4689/4505 4780/4780/4593
f 2422/2422/2251 4780/4780/4593 4785/4785/4598
f 4786/4786/4599 4787/4787/4600 4788/4788/4601
f 4786/4786/4599 4788/4788/4601 4789/4789/4602
f 4787/4787/4600 4790/4790/4603 4791/4791/4604
f 4787/4787/4600 4791/4791/4604 4788/4788/4601
f 4790/4790/4603 2421/2421/2250 2423/2423/2252
f 4790/4790/4603 2423/2423/2252 4791/4791/4604
f 4792/4792/4605 4793/4793/4606 4787/4787/4600
f 4792/4792/4605 4787/4787/4600 4786/4786/4599
f 4794/4794/4607 4790/4790/4603 4787/4787/4600
f 4794/4794/4607 4787/4787/4600 4793/4793/4606
f 2453/2453/2282 2421/2421/2250 4790/4790/4603
f 2453/2453/2282 4790/4790/4603 4794/4794/4607
f 4795/4795/4608 4796/4796/4609 4797/4797/4610
f 4795/4795/4608 4797/4797/4610 4798/4798/4611
f 4798/4798/4611 4797/4797/4610 4673/4673/4490
f 4798/4798/4611 4673/4673/4490 4672/4672/4489
f 4672/4672/4489 2426/2426/2255 4669/4669/4486
f 4672/4672/4489 4669/4669/4486 4799/4799/4612
f 2446/2446/2275 2458/2458/2286 2465/2465/2293
f 2446/2446/2275 2465/2465/2293 4750/4750/4566
f 4671/4671/4488 4676/4676/4493 4689/4689/4505
f 4671/4671/4488 4689/4689/4505 2422/2422/2251
f 2450/2450/2279 2459/2459/2287 2462/2462/2290
f 2450/2450/2279 2462/2462/2290 2461/2461/2289
f 2462/2462/2290 2459/2459/2287 2447/2447/2276
f 2462/2462/2290 2447/2447/2276 4755/4755/4571
f 4697/4697/4513 2434/2434/2263 2450/2450/2279
f 4697/4697/4513 2450/2450/2279 2449/2449/2278
f 4767/4767/4580 4800/4800/4613 4770/4770/4583
f 4767/4767/4580 4770/4770/4583 4768/4768/4581
f 4801/4801/4614 4771/4771/4584 4770/4770/4583
f 4801/4801/4614 4770/4770/4583 4800/4800/4613
f 4802/4802/4615 4774/4774/4587 4771/4771/4584
f 4802/4802/4615 4771/4771/4584 4801/4801/4614
f 4784/4784/4597 4778/4778/4591 4803/4803/4616
f 4784/4784/4597 4803/4803/4616 4804/4804/4617
f 4777/4777/4590 4782/4782/4595 4803/4803/4616
f 4777/4777/4590 4803/4803/4616 4778/4778/4591
f 4795/4795/4608 4798/4798/4611 4805/4805/4618
f 4795/4795/4608 4805/4805/4618 4806/4806/4619
f 4672/4672/4489 4799/4799/4612 4805/4805/4618
f 4672/4672/4489 4805/4805/4618 4798/4798/4611
f 4807/4807/4620 4808/4808/4621 4752/4752/4568
f 4807/4807/4620 4752/4752/4568 4753/4753/4569
f 4766/4766/4579 4739/4739/4555 4752/4752/4568
f 4766/4766/4579 4752/4752/4568 4808/4808/4621
f 4775/4775/4588 4688/4688/4504 2449/2449/2278
f 4775/4775/4588 2449/2449/2278 4768/4768/4581
f 2458/2458/2286 2446/2446/2275 2430/2430/2259
f 2458/2458/2286 2430/2430/2259 4666/4666/4483
f 4686/4686/4502 4693/4693/4509 4692/4692/4508
f 4686/4686/4502 4692/4692/4508 4685/4685/4501
f 4699/4699/4515 4701/4701/4517 4704/4704/4520
f 4699/4699/4515 4704/4704/4520 4700/4700/4516
f 2441/2441/2270 2458/2458/2286 4666/4666/4483
f 2441/2441/2270 4666/4666/4483 2435/2435/2264
f 4710/4710/4526 2433/2433/2262 4696/4696/4512
f 4710/4710/4526 4696/4696/4512 4700/4700/4516
f 2481/2481/2309 2471/2471/2299 4809/4809/4622
f 2481/2481/2309 4809/4809/4622 4810/4810/4623
f 4811/4811/4624 4812/4812/4625 4813/4813/4626
f 4811/4811/4624 4813/4813/4626 4814/4814/4627
f 4812/4812/4625 4815/4815/4628 4816/4816/4629
f 4812/4812/4625 4816/4816/4629 4813/4813/4626
f 4817/4817/4630 4818/4818/4631 4812/4812/4625
f 4817/4817/4630 4812/4812/4625 4811/4811/4624
f 4819/4819/4632 4815/4815/4628 4812/4812/4625
f 4819/4819/4632 4812/4812/4625 4818/4818/4631
f 4815/4815/4628 4820/4820/4633 4821/4821/4634
f 4815/4815/4628 4821/4821/4634 4816/4816/4629
f 4822/4822/4635 4820/4820/4633 4815/4815/4628
f 4822/4822/4635 4815/4815/4628 4819/4819/4632
f 4823/4823/4636 4824/4824/4637 4825/4825/4638
f 4823/4823/4636 4825/4825/4638 4826/4826/4639
f 4824/4824/4637 4827/4827/4640 4828/4828/4641
f 4824/4824/4637 4828/4828/4641 4825/4825/4638
f 4827/4827/4640 2480/2480/2308 4829/4829/4642
f 4827/4827/4640 4829/4829/4642 4828/4828/4641
f 4830/4830/4643 4831/4831/4644 4824/4824/4637
f 4830/4830/4643 4824/4824/4637 4823/4823/4636
f 4832/4832/4645 4827/4827/4640 4824/4824/4637
f 4832/4832/4645 4824/4824/4637 4831/4831/4644
f 4833/4833/4646 2480/2480/2308 4827/4827/4640
f 4833/4833/4646 4827/4827/4640 4832/4832/4645
f 4834/4834/4647 4835/4835/4648 4836/4836/4649
f 4834/4834/4647 4836/4836/4649 4837/4837/4650
f 4838/4838/4651 4839/4839/4652 4835/4835/4648
f 4838/4838/4651 4835/4835/4648 4834/4834/4647
f 4835/4835/4648 4840/4840/4653 4841/4841/4654
f 4835/4835/4648 4841/4841/4654 4836/4836/4649
f 4835/4835/4648 4839/4839/4652 4842/4842/4655
f 4835/4835/4648 4842/4842/4655 4840/4840/4653
f 4843/4843/4656 2478/2478/2306 4840/4840/4653
f 4843/4843/4656 4840/4840/4653 4842/4842/4655
f 4840/4840/4653 2478/2478/2306 4844/4844/4657
f 4840/4840/4653 4844/4844/4657 4841/4841/4654
f 4845/4845/4658 4846/4846/4659 4847/4847/4660
f 4845/4845/4658 4847/4847/4660 4848/4848/4661
f 4849/4849/4662 4850/4850/4663 4847/4847/4660
f 4849/4849/4662 4847/4847/4660 4846/4846/4659
f 4851/4851/4664 4852/4852/4665 4850/4850/4663
f 4851/4851/4664 4850/4850/4663 4849/4849/4662
f 4853/4853/4666 4854/4854/4667 4846/4846/4659
f 4853/4853/4666 4846/4846/4659 4845/4845/4658
f 4855/4855/4668 4849/4849/4662 4846/4846/4659
f 4855/4855/4668 4846/4846/4659 4854/4854/4667
f 4856/4856/4669 4851/4851/4664 4849/4849/4662
f 4856/4856/4669 4849/4849/4662 4855/4855/4668
f 4857/4857/4670 4858/4858/4671 4859/4859/4672
f 4857/4857/4670 4859/4859/4672 4860/4860/4673
f 4861/4861/4674 4862/4862/4675 4859/4859/4672
f 4861/4861/4674 4859/4859/4672 4858/4858/4671
f 4858/4858/4671 4863/4863/4676 4864/4864/4677
f 4858/4858/4671 4864/4864/4677 4861/4861/4674
f 4865/4865/4678 4863/4863/4676 4858/4858/4671
f 4865/4865/4678 4858/4858/4671 4857/4857/4670
f 4863/4863/4676 2474/2474/2302 4866/4866/4679
f 4863/4863/4676 4866/4866/4679 4864/4864/4677
f 4867/4867/4680 2474/2474/2302 4863/4863/4676
f 4867/4867/4680 4863/4863/4676 4865/4865/4678
f 4868/4868/4681 4869/4869/4682 4870/4870/4683
f 4868/4868/4681 4870/4870/4683 4871/4871/4684
f 4872/4872/4685 2476/2476/2304 4870/4870/4683
f 4872/4872/4685 4870/4870/4683 4869/4869/4682
f 4866/4866/4679 2474/2474/2302 2476/2476/2304
f 4866/4866/4679 2476/2476/2304 4872/4872/4685
f 4852/4852/4665 4851/4851/4664 2474/2474/2302
f 4852/4852/4665 2474/2474/2302 4867/4867/4680
f 4821/4821/4634 4820/4820/4633 4851/4851/4664
f 4821/4821/4634 4851/4851/4664 4856/4856/4669
f 2480/2480/2308 4820/4820/4633 4822/4822/4635
f 2480/2480/2308 4822/4822/4635 4829/4829/4642
f 4844/4844/4657 2478/2478/2306 2480/2480/2308
f 4844/4844/4657 2480/2480/2308 4833/4833/4646
f 4873/4873/4686 4874/4874/4687 4875/4875/4688
f 4873/4873/4686 4875/4875/4688 4876/4876/4689
f 4874/4874/4687 4877/4877/4690 4878/4878/4691
f 4874/4874/4687 4878/4878/4691 4875/4875/4688
f 4874/4874/4687 4879/4879/4692 4880/4880/4693
f 4874/4874/4687 4880/4880/4693 4877/4877/4690
f 4879/4879/4692 4881/4881/4694 4882/4882/4695
f 4879/4879/4692 4882/4882/4695 4880/4880/4693
f 4881/4881/4694 2477/2477/2305 4883/4883/4696
f 4881/4881/4694 4883/4883/4696 4882/4882/4695
f 4881/4881/4694 4884/4884/4697 4885/4885/4698
f 4881/4881/4694 4885/4885/4698 2477/2477/2305
f 4881/4881/4694 4879/4879/4692 4886/4886/4699
f 4881/4881/4694 4886/4886/4699 4884/4884/4697
f 4879/4879/4692 4874/4874/4687 4873/4873/4686
f 4879/4879/4692 4873/4873/4686 4886/4886/4699
f 2468/2468/2296 4887/4887/4700 4888/4888/4701
f 2468/2468/2296 4888/4888/4701 2469/2469/2297
f 4887/4887/4700 4889/4889/4702 4890/4890/4703
f 4887/4887/4700 4890/4890/4703 4888/4888/4701
f 4889/4889/4702 4891/4891/4704 4892/4892/4705
f 4889/4889/4702 4892/4892/4705 4890/4890/4703
f 4889/4889/4702 4893/4893/4706 4894/4894/4707
f 4889/4889/4702 4894/4894/4707 4891/4891/4704
f 4889/4889/4702 4887/4887/4700 4895/4895/4708
f 4889/4889/4702 4895/4895/4708 4893/4893/4706
f 4887/4887/4700 2468/2468/2296 4896/4896/4709
f 4887/4887/4700 4896/4896/4709 4895/4895/4708
f 4897/4897/4710 4898/4898/4711 4899/4899/4712
f 4897/4897/4710 4899/4899/4712 4900/4900/4713
f 4898/4898/4711 4901/4901/4714 4902/4902/4715
f 4898/4898/4711 4902/4902/4715 4899/4899/4712
f 4903/4903/4716 4904/4904/4717 4898/4898/4711
f 4903/4903/4716 4898/4898/4711 4897/4897/4710
f 4905/4905/4718 4901/4901/4714 4898/4898/4711
f 4905/4905/4718 4898/4898/4711 4904/4904/4717
f 4904/4904/4717 4906/4906/4719 4907/4907/4720
f 4904/4904/4717 4907/4907/4720 4905/4905/4718
f 4908/4908/4721 4906/4906/4719 4904/4904/4717
f 4908/4908/4721 4904/4904/4717 4903/4903/4716
f 4906/4906/4719 4909/4909/4722 4910/4910/4723
f 4906/4906/4719 4910/4910/4723 4907/4907/4720
f 4911/4911/4724 4909/4909/4722 4906/4906/4719
f 4911/4911/4724 4906/4906/4719 4908/4908/4721
f 4912/4912/4725 4913/4913/4726 4914/4914/4727
f 4912/4912/4725 4914/4914/4727 4915/4915/4728
f 4913/4913/4726 4916/4916/4729 4917/4917/4730
f 4913/4913/4726 4917/4917/4730 4914/4914/4727
f 4913/4913/4726 4918/4918/4731 4919/4919/4732
f 4913/4913/4726 4919/4919/4732 4916/4916/4729
f 4920/4920/4733 4918/4918/4731 4913/4913/4726
f 4920/4920/4733 4913/4913/4726 4912/4912/4725
f 4921/4921/4734 4810/4810/4623 4918/4918/4731
f 4921/4921/4734 4918/4918/4731 4920/4920/4733
f 4918/4918/4731 4810/4810/4623 4922/4922/4735
f 4918/4918/4731 4922/4922/4735 4919/4919/4732
f 4923/4923/4736 4924/4924/4737 4925/4925/4738
f 4923/4923/4736 4925/4925/4738 4926/4926/4739
f 4927/4927/4740 4928/4928/4741 4924/4924/4737
f 4927/4927/4740 4924/4924/4737 4923/4923/4736
f 4929/4929/4742 4809/4809/4622 4928/4928/4741
f 4929/4929/4742 4928/4928/4741 4927/4927/4740
f 4930/4930/4743 4931/4931/4744 4928/4928/4741
f 4930/4930/4743 4928/4928/4741 4809/4809/4622
f 4932/4932/4745 4924/4924/4737 4928/4928/4741
f 4932/4932/4745 4928/4928/4741 4931/4931/4744
f 4933/4933/4746 4925/4925/4738 4924/4924/4737
f 4933/4933/4746 4924/4924/4737 4932/4932/4745
f 4909/4909/4722 4911/4911/4724 4896/4896/4709
f 4909/4909/4722 4896/4896/4709 2468/2468/2296
f 4810/4810/4623 4921/4921/4734 4910/4910/4723
f 4810/4810/4623 4910/4910/4723 4909/4909/4722
f 4809/4809/4622 4929/4929/4742 4922/4922/4735
f 4809/4809/4622 4922/4922/4735 4810/4810/4623
f 4870/4870/4683 4934/4934/4747 4935/4935/4748
f 4870/4870/4683 4935/4935/4748 4871/4871/4684
f 4870/4870/4683 2476/2476/2304 4936/4936/4749
f 4870/4870/4683 4936/4936/4749 4934/4934/4747
f 2476/2476/2304 2477/2477/2305 4885/4885/4698
f 2476/2476/2304 4885/4885/4698 4936/4936/4749
f 4809/4809/4622 2471/2471/2299 2473/2473/2301
f 4809/4809/4622 2473/2473/2301 4930/4930/4743
f 4937/4937/4750 2479/2479/2307 2478/2478/2306
f 4937/4937/4750 2478/2478/2306 4843/4843/4656
f 2479/2479/2307 4937/4937/4750 2472/2472/2300
f 2479/2479/2307 2472/2472/2300 2471/2471/2299
f 2474/2474/2302 4851/4851/4664 4938/4938/4751
f 2474/2474/2302 4938/4938/4751 2475/2475/2303
f 4851/4851/4664 4820/4820/4633 4939/4939/4752
f 4851/4851/4664 4939/4939/4752 4938/4938/4751
f 4909/4909/4722 2468/2468/2296 4938/4938/4751
f 4909/4909/4722 4938/4938/4751 4939/4939/4752
f 4820/4820/4633 2480/2480/2308 2481/2481/2309
f 4820/4820/4633 2481/2481/2309 4939/4939/4752
f 4810/4810/4623 4909/4909/4722 4939/4939/4752
f 4810/4810/4623 4939/4939/4752 2481/2481/2309
f 2470/2470/2298 2469/2469/2297 4883/4883/4696
f 2470/2470/2298 4883/4883/4696 2477/2477/2305
f 2483/2483/2311 4940/4940/4753 2499/2499/2327
f 2483/2483/2311 2499/2499/2327 2484/2484/2312
f 2500/2500/2328 4940/4940/4753 2483/2483/2311
f 2500/2500/2328 2483/2483/2311 2486/2486/2314
f 2490/2490/2318 2493/2493/2321 4940/4940/4753
f 2490/2490/2318 4940/4940/4753 2500/2500/2328
f 2492/2492/2320 2500/2500/2328 2486/2486/2314
f 2492/2492/2320 2486/2486/2314 4941/4941/4754
f 4942/4942/4755 4943/4943/4756 4944/4944/4757
f 4942/4942/4755 4944/4944/4757 4945/4945/4758
f 4943/4943/4756 4946/4946/4759 4947/4947/4760
f 4943/4943/4756 4947/4947/4760 4944/4944/4757
f 4948/4948/4761 4949/4949/4762 4946/4946/4759
f 4948/4948/4761 4946/4946/4759 4943/4943/4756
f 4943/4943/4756 4942/4942/4755 4950/4950/4763
f 4943/4943/4756 4950/4950/4763 4948/4948/4761
f 2488/2488/2316 2490/2490/2318 4948/4948/4761
f 2488/2488/2316 4948/4948/4761 4950/4950/4763
f 2491/2491/2319 4949/4949/4762 4948/4948/4761
f 2491/2491/2319 4948/4948/4761 2490/2490/2318
f 2492/2492/2320 4951/4951/4764 4952/4952/4765
f 2492/2492/2320 4952/4952/4765 2491/2491/2319
f 4951/4951/4764 4953/4953/4766 4954/4954/4767
f 4951/4951/4764 4954/4954/4767 4952/4952/4765
f 4953/4953/4766 4955/4955/4768 4956/4956/4769
f 4953/4953/4766 4956/4956/4769 4954/4954/4767
f 4953/4953/4766 4957/4957/4770 4958/4958/4771
f 4953/4953/4766 4958/4958/4771 4955/4955/4768
f 4953/4953/4766 4951/4951/4764 4959/4959/4772
f 4953/4953/4766 4959/4959/4772 4957/4957/4770
f 4960/4960/4773 4959/4959/4772 4951/4951/4764
f 4960/4960/4773 4951/4951/4764 2492/2492/2320
f 4961/4961/4774 4962/4962/4775 4963/4963/4776
f 4961/4961/4774 4963/4963/4776 4964/4964/4777
f 4965/4965/4778 4966/4966/4779 4962/4962/4775
f 4965/4965/4778 4962/4962/4775 4961/4961/4774
f 4960/4960/4773 4967/4967/4780 4966/4966/4779
f 4960/4960/4773 4966/4966/4779 4965/4965/4778
f 4968/4968/4781 4969/4969/4782 4966/4966/4779
f 4968/4968/4781 4966/4966/4779 4967/4967/4780
f 4970/4970/4783 4962/4962/4775 4966/4966/4779
f 4970/4970/4783 4966/4966/4779 4969/4969/4782
f 4971/4971/4784 4963/4963/4776 4962/4962/4775
f 4971/4971/4784 4962/4962/4775 4970/4970/4783
f 4972/4972/4785 4973/4973/4786 4974/4974/4787
f 4972/4972/4785 4974/4974/4787 4968/4968/4781
f 4975/4975/4788 4976/4976/4789 4974/4974/4787
f 4975/4975/4788 4974/4974/4787 4973/4973/4786
f 4975/4975/4788 4977/4977/4790 4978/4978/4791
f 4975/4975/4788 4978/4978/4791 4976/4976/4789
f 4975/4975/4788 4979/4979/4792 4980/4980/4793
f 4975/4975/4788 4980/4980/4793 4977/4977/4790
f 4975/4975/4788 4973/4973/4786 4981/4981/4794
f 4975/4975/4788 4981/4981/4794 4979/4979/4792
f 4981/4981/4794 4973/4973/4786 4972/4972/4785
f 4981/4981/4794 4972/4972/4785 4982/4982/4795
f 4972/4972/4785 4983/4983/4796 4984/4984/4797
f 4972/4972/4785 4984/4984/4797 4982/4982/4795
f 4983/4983/4796 4985/4985/4798 4986/4986/4799
f 4983/4983/4796 4986/4986/4799 4984/4984/4797
f 4985/4985/4798 2487/2487/2315 2485/2485/2313
f 4985/4985/4798 2485/2485/2313 4986/4986/4799
f 4983/4983/4796 4972/4972/4785 4968/4968/4781
f 4983/4983/4796 4968/4968/4781 4967/4967/4780
f 4983/4983/4796 4967/4967/4780 4941/4941/4754
f 4983/4983/4796 4941/4941/4754 4985/4985/4798
f 4967/4967/4780 4960/4960/4773 2492/2492/2320
f 4967/4967/4780 2492/2492/2320 4941/4941/4754
f 4987/4987/4800 4988/4988/4801 4989/4989/4802
f 4987/4987/4800 4989/4989/4802 4990/4990/4803
f 4988/4988/4801 4991/4991/4804 4992/4992/4805
f 4988/4988/4801 4992/4992/4805 4989/4989/4802
f 4988/4988/4801 4993/4993/4806 4994/4994/4807
f 4988/4988/4801 4994/4994/4807 4991/4991/4804
f 4995/4995/4808 4993/4993/4806 4988/4988/4801
f 4995/4995/4808 4988/4988/4801 4987/4987/4800
f 4993/4993/4806 2489/2489/2317 2488/2488/2316
f 4993/4993/4806 2488/2488/2316 4994/4994/4807
f 4996/4996/4809 4997/4997/4810 2494/2494/2322
f 4996/4996/4809 2494/2494/2322 4995/4995/4808
f 4998/4998/4811 4999/4999/4812 4997/4997/4810
f 4998/4998/4811 4997/4997/4810 4996/4996/4809
f 2489/2489/2317 4993/4993/4806 4995/4995/4808
f 2489/2489/2317 4995/4995/4808 2494/2494/2322
f 4985/4985/4798 4941/4941/4754 2486/2486/2314
f 4985/4985/4798 2486/2486/2314 2487/2487/2315
f 5000/5000/4813 5001/5001/4814 5002/5002/4815
f 5000/5000/4813 5002/5002/4815 5003/5003/4816
f 5004/5004/4817 5005/5005/4818 5002/5002/4815
f 5004/5004/4817 5002/5002/4815 5001/5001/4814
f 5004/5004/4817 5006/5006/4819 5007/5007/4820
f 5004/5004/4817 5007/5007/4820 5005/5005/4818
f 5008/5008/4821 5009/5009/4822 5001/5001/4814
f 5008/5008/4821 5001/5001/4814 5000/5000/4813
f 5010/5010/4823 5004/5004/4817 5001/5001/4814
f 5010/5010/4823 5001/5001/4814 5009/5009/4822
f 5011/5011/4824 5006/5006/4819 5004/5004/4817
f 5011/5011/4824 5004/5004/4817 5010/5010/4823
f 5012/5012/4825 5013/5013/4826 5014/5014/4827
f 5012/5012/4825 5014/5014/4827 5015/5015/4828
f 5016/5016/4829 5017/5017/4830 5018/5018/4831
f 5016/5016/4829 5018/5018/4831 5019/5019/4832
f 2499/2499/2327 2498/2498/2326 5017/5017/4830
f 2499/2499/2327 5017/5017/4830 5016/5016/4829
f 5020/5020/4833 5021/5021/4834 5013/5013/4826
f 5020/5020/4833 5013/5013/4826 5012/5012/4825
f 5022/5022/4835 5016/5016/4829 5019/5019/4832
f 5022/5022/4835 5019/5019/4832 5023/5023/4836
f 5007/5007/4820 2499/2499/2327 5016/5016/4829
f 5007/5007/4820 5016/5016/4829 5022/5022/4835
f 2496/2496/2324 5024/5024/4837 5025/5025/4838
f 2496/2496/2324 5025/5025/4838 2498/2498/2326
f 5024/5024/4837 5026/5026/4839 5027/5027/4840
f 5024/5024/4837 5027/5027/4840 5025/5025/4838
f 5026/5026/4839 5028/5028/4841 5029/5029/4842
f 5026/5026/4839 5029/5029/4842 5027/5027/4840
f 5013/5013/4826 5019/5019/4832 5018/5018/4831
f 5013/5013/4826 5018/5018/4831 5014/5014/4827
f 5021/5021/4834 5023/5023/4836 5019/5019/4832
f 5021/5021/4834 5019/5019/4832 5013/5013/4826
f 5028/5028/4841 5030/5030/4843 5031/5031/4844
f 5028/5028/4841 5031/5031/4844 5029/5029/4842
f 5028/5028/4841 5032/5032/4845 5033/5033/4846
f 5028/5028/4841 5033/5033/4846 5030/5030/4843
f 5028/5028/4841 5026/5026/4839 5034/5034/4847
f 5028/5028/4841 5034/5034/4847 5032/5032/4845
f 5026/5026/4839 5024/5024/4837 5035/5035/4848
f 5026/5026/4839 5035/5035/4848 5034/5034/4847
f 5035/5035/4848 5024/5024/4837 2496/2496/2324
f 5035/5035/4848 2496/2496/2324 2495/2495/2323
f 5036/5036/4849 5037/5037/4850 5038/5038/4851
f 5036/5036/4849 5038/5038/4851 5039/5039/4852
f 5037/5037/4850 5040/5040/4853 5041/5041/4854
f 5037/5037/4850 5041/5041/4854 5038/5038/4851
f 5040/5040/4853 2497/2497/2325 5042/5042/4855
f 5040/5040/4853 5042/5042/4855 5041/5041/4854
f 2497/2497/2325 2494/2494/2322 5043/5043/4856
f 2497/2497/2325 5043/5043/4856 5042/5042/4855
f 2494/2494/2322 4997/4997/4810 5044/5044/4857
f 2494/2494/2322 5044/5044/4857 5043/5043/4856
f 5044/5044/4857 4997/4997/4810 4999/4999/4812
f 5044/5044/4857 4999/4999/4812 5045/5045/4858
f 5046/5046/4859 5047/5047/4860 5037/5037/4850
f 5046/5046/4859 5037/5037/4850 5036/5036/4849
f 5040/5040/4853 5037/5037/4850 5047/5047/4860
f 5040/5040/4853 5047/5047/4860 5048/5048/4861
f 2495/2495/2323 2497/2497/2325 5040/5040/4853
f 2495/2495/2323 5040/5040/4853 5048/5048/4861
f 2499/2499/2327 5007/5007/4820 5006/5006/4819
f 2499/2499/2327 5006/5006/4819 2484/2484/2312
f 4940/4940/4753 2493/2493/2321 2496/2496/2324
f 4940/4940/4753 2496/2496/2324 2499/2499/2327
f 5006/5006/4819 5049/5049/4862 2482/2482/2310
f 5006/5006/4819 2482/2482/2310 2484/2484/2312
f 5050/5050/4863 5051/5051/4864 5052/5052/4865
f 5050/5050/4863 5052/5052/4865 5053/5053/4866
f 5051/5051/4864 5054/5054/4867 5055/5055/4868
f 5051/5051/4864 5055/5055/4868 5052/5052/4865
f 5054/5054/4867 5056/5056/4869 5011/5011/4824
f 5054/5054/4867 5011/5011/4824 5055/5055/4868
f 5057/5057/4870 5058/5058/4871 5051/5051/4864
f 5057/5057/4870 5051/5051/4864 5050/5050/4863
f 5054/5054/4867 5051/5051/4864 5058/5058/4871
f 5054/5054/4867 5058/5058/4871 5059/5059/4872
f 5060/5060/4873 5056/5056/4869 5054/5054/4867
f 5060/5060/4873 5054/5054/4867 5059/5059/4872
f 5061/5061/4874 5049/5049/4862 5056/5056/4869
f 5061/5061/4874 5056/5056/4869 5060/5060/4873
f 5006/5006/4819 5011/5011/4824 5056/5056/4869
f 5006/5006/4819 5056/5056/4869 5049/5049/4862
f 2485/2485/2313 2482/2482/2310 5049/5049/4862
f 2485/2485/2313 5049/5049/4862 5061/5061/4874
f 2514/2514/2342 2504/2504/2332 5062/5062/4875
f 2514/2514/2342 5062/5062/4875 5063/5063/4876
f 5064/5064/4877 5065/5065/4878 5066/5066/4879
f 5064/5064/4877 5066/5066/4879 5067/5067/4880
f 5065/5065/4878 5068/5068/4881 5069/5069/4882
f 5065/5065/4878 5069/5069/4882 5066/5066/4879
f 5070/5070/4883 5071/5071/4884 5065/5065/4878
f 5070/5070/4883 5065/5065/4878 5064/5064/4877
f 5072/5072/4885 5068/5068/4881 5065/5065/4878
f 5072/5072/4885 5065/5065/4878 5071/5071/4884
f 5068/5068/4881 5073/5073/4886 5074/5074/4887
f 5068/5068/4881 5074/5074/4887 5069/5069/4882
f 5075/5075/4888 5073/5073/4886 5068/5068/4881
f 5075/5075/4888 5068/5068/4881 5072/5072/4885
f 5076/5076/4889 5077/5077/4890 5078/5078/4891
f 5076/5076/4889 5078/5078/4891 5079/5079/4892
f 5077/5077/4890 5080/5080/4893 5081/5081/4894
f 5077/5077/4890 5081/5081/4894 5078/5078/4891
f 5080/5080/4893 2513/2513/2341 5082/5082/4895
f 5080/5080/4893 5082/5082/4895 5081/5081/4894
f 5083/5083/4896 5084/5084/4897 5077/5077/4890
f 5083/5083/4896 5077/5077/4890 5076/5076/4889
f 5085/5085/4898 5080/5080/4893 5077/5077/4890
f 5085/5085/4898 5077/5077/4890 5084/5084/4897
f 5086/5086/4899 2513/2513/2341 5080/5080/4893
f 5086/5086/4899 5080/5080/4893 5085/5085/4898
f 5087/5087/4900 5088/5088/4901 5089/5089/4902
f 5087/5087/4900 5089/5089/4902 5090/5090/4903
f 5091/5091/4904 5092/5092/4905 5088/5088/4901
f 5091/5091/4904 5088/5088/4901 5087/5087/4900
f 5088/5088/4901 5093/5093/4906 5094/5094/4907
f 5088/5088/4901 5094/5094/4907 5089/5089/4902
f 5088/5088/4901 5092/5092/4905 5095/5095/4908
f 5088/5088/4901 5095/5095/4908 5093/5093/4906
f 5096/5096/4909 2511/2511/2339 5093/5093/4906
f 5096/5096/4909 5093/5093/4906 5095/5095/4908
f 5093/5093/4906 2511/2511/2339 5097/5097/4910
f 5093/5093/4906 5097/5097/4910 5094/5094/4907
f 5098/5098/4911 5099/5099/4912 5100/5100/4913
f 5098/5098/4911 5100/5100/4913 5101/5101/4914
f 5102/5102/4915 5103/5103/4916 5100/5100/4913
f 5102/5102/4915 5100/5100/4913 5099/5099/4912
f 5104/5104/4917 5105/5105/4918 5103/5103/4916
f 5104/5104/4917 5103/5103/4916 5102/5102/4915
f 5106/5106/4919 5107/5107/4920 5099/5099/4912
f 5106/5106/4919 5099/5099/4912 5098/5098/4911
f 5108/5108/4921 5102/5102/4915 5099/5099/4912
f 5108/5108/4921 5099/5099/4912 5107/5107/4920
f 5109/5109/4922 5104/5104/4917 5102/5102/4915
f 5109/5109/4922 5102/5102/4915 5108/5108/4921
f 5110/5110/4923 5111/5111/4924 5112/5112/4925
f 5110/5110/4923 5112/5112/4925 5113/5113/4926
f 5114/5114/4927 5115/5115/4928 5112/5112/4925
f 5114/5114/4927 5112/5112/4925 5111/5111/4924
f 5111/5111/4924 5116/5116/4929 5117/5117/4930
f 5111/5111/4924 5117/5117/4930 5114/5114/4927
f 5118/5118/4931 5116/5116/4929 5111/5111/4924
f 5118/5118/4931 5111/5111/4924 5110/5110/4923
f 5116/5116/4929 2507/2507/2335 5119/5119/4932
f 5116/5116/4929 5119/5119/4932 5117/5117/4930
f 5120/5120/4933 2507/2507/2335 5116/5116/4929
f 5120/5120/4933 5116/5116/4929 5118/5118/4931
f 5121/5121/4934 5122/5122/4935 5123/5123/4936
f 5121/5121/4934 5123/5123/4936 5124/5124/4937
f 5125/5125/4938 2509/2509/2337 5123/5123/4936
f 5125/5125/4938 5123/5123/4936 5122/5122/4935
f 5119/5119/4932 2507/2507/2335 2509/2509/2337
f 5119/5119/4932 2509/2509/2337 5125/5125/4938
f 5105/5105/4918 5104/5104/4917 2507/2507/2335
f 5105/5105/4918 2507/2507/2335 5120/5120/4933
f 5074/5074/4887 5073/5073/4886 5104/5104/4917
f 5074/5074/4887 5104/5104/4917 5109/5109/4922
f 2513/2513/2341 5073/5073/4886 5075/5075/4888
f 2513/2513/2341 5075/5075/4888 5082/5082/4895
f 5097/5097/4910 2511/2511/2339 2513/2513/2341
f 5097/5097/4910 2513/2513/2341 5086/5086/4899
f 5126/5126/4939 5127/5127/4940 5128/5128/4941
f 5126/5126/4939 5128/5128/4941 5129/5129/4942
f 5127/5127/4940 5130/5130/4943 5131/5131/4944
f 5127/5127/4940 5131/5131/4944 5128/5128/4941
f 5127/5127/4940 5132/5132/4945 5133/5133/4946
f 5127/5127/4940 5133/5133/4946 5130/5130/4943
f 5132/5132/4945 5134/5134/4947 5135/5135/4948
f 5132/5132/4945 5135/5135/4948 5133/5133/4946
f 5134/5134/4947 2510/2510/2338 5136/5136/4949
f 5134/5134/4947 5136/5136/4949 5135/5135/4948
f 5134/5134/4947 5137/5137/4950 5138/5138/4951
f 5134/5134/4947 5138/5138/4951 2510/2510/2338
f 5134/5134/4947 5132/5132/4945 5139/5139/4952
f 5134/5134/4947 5139/5139/4952 5137/5137/4950
f 5132/5132/4945 5127/5127/4940 5126/5126/4939
f 5132/5132/4945 5126/5126/4939 5139/5139/4952
f 2501/2501/2329 5140/5140/4953 5141/5141/4954
f 2501/2501/2329 5141/5141/4954 2502/2502/2330
f 5140/5140/4953 5142/5142/4955 5143/5143/4956
f 5140/5140/4953 5143/5143/4956 5141/5141/4954
f 5142/5142/4955 5144/5144/4957 5145/5145/4958
f 5142/5142/4955 5145/5145/4958 5143/5143/4956
f 5142/5142/4955 5146/5146/4959 5147/5147/4960
f 5142/5142/4955 5147/5147/4960 5144/5144/4957
f 5142/5142/4955 5140/5140/4953 5148/5148/4961
f 5142/5142/4955 5148/5148/4961 5146/5146/4959
f 5140/5140/4953 2501/2501/2329 5149/5149/4962
f 5140/5140/4953 5149/5149/4962 5148/5148/4961
f 5150/5150/4963 5151/5151/4964 5152/5152/4965
f 5150/5150/4963 5152/5152/4965 5153/5153/4966
f 5151/5151/4964 5154/5154/4967 5155/5155/4968
f 5151/5151/4964 5155/5155/4968 5152/5152/4965
f 5156/5156/4969 5157/5157/4970 5151/5151/4964
f 5156/5156/4969 5151/5151/4964 5150/5150/4963
f 5158/5158/4971 5154/5154/4967 5151/5151/4964
f 5158/5158/4971 5151/5151/4964 5157/5157/4970
f 5157/5157/4970 5159/5159/4972 5160/5160/4973
f 5157/5157/4970 5160/5160/4973 5158/5158/4971
f 5161/5161/4974 5159/5159/4972 5157/5157/4970
f 5161/5161/4974 5157/5157/4970 5156/5156/4969
f 5159/5159/4972 5162/5162/4975 5163/5163/4976
f 5159/5159/4972 5163/5163/4976 5160/5160/4973
f 5164/5164/4977 5162/5162/4975 5159/5159/4972
f 5164/5164/4977 5159/5159/4972 5161/5161/4974
f 5165/5165/4978 5166/5166/4979 5167/5167/4980
f 5165/5165/4978 5167/5167/4980 5168/5168/4981
f 5166/5166/4979 5169/5169/4982 5170/5170/4983
f 5166/5166/4979 5170/5170/4983 5167/5167/4980
f 5166/5166/4979 5171/5171/4984 5172/5172/4985
f 5166/5166/4979 5172/5172/4985 5169/5169/4982
f 5173/5173/4986 5171/5171/4984 5166/5166/4979
f 5173/5173/4986 5166/5166/4979 5165/5165/4978
f 5174/5174/4987 5063/5063/4876 5171/5171/4984
f 5174/5174/4987 5171/5171/4984 5173/5173/4986
f 5171/5171/4984 5063/5063/4876 5175/5175/4988
f 5171/5171/4984 5175/5175/4988 5172/5172/4985
f 5176/5176/4989 5177/5177/4990 5178/5178/4991
f 5176/5176/4989 5178/5178/4991 5179/5179/4992
f 5180/5180/4993 5181/5181/4994 5177/5177/4990
f 5180/5180/4993 5177/5177/4990 5176/5176/4989
f 5182/5182/4995 5062/5062/4875 5181/5181/4994
f 5182/5182/4995 5181/5181/4994 5180/5180/4993
f 5183/5183/4996 5184/5184/4997 5181/5181/4994
f 5183/5183/4996 5181/5181/4994 5062/5062/4875
f 5185/5185/4998 5177/5177/4990 5181/5181/4994
f 5185/5185/4998 5181/5181/4994 5184/5184/4997
f 5186/5186/4999 5178/5178/4991 5177/5177/4990
f 5186/5186/4999 5177/5177/4990 5185/5185/4998
f 5162/5162/4975 5164/5164/4977 5149/5149/4962
f 5162/5162/4975 5149/5149/4962 2501/2501/2329
f 5063/5063/4876 5174/5174/4987 5163/5163/4976
f 5063/5063/4876 5163/5163/4976 5162/5162/4975
f 5062/5062/4875 5182/5182/4995 5175/5175/4988
f 5062/5062/4875 5175/5175/4988 5063/5063/4876
f 5123/5123/4936 5187/5187/5000 5188/5188/5001
f 5123/5123/4936 5188/5188/5001 5124/5124/4937
f 5123/5123/4936 2509/2509/2337 5189/5189/5002
f 5123/5123/4936 5189/5189/5002 5187/5187/5000
f 2509/2509/2337 2510/2510/2338 5138/5138/4951
f 2509/2509/2337 5138/5138/4951 5189/5189/5002
f 5062/5062/4875 2504/2504/2332 2506/2506/2334
f 5062/5062/4875 2506/2506/2334 5183/5183/4996
f 5190/5190/5003 2512/2512/2340 2511/2511/2339
f 5190/5190/5003 2511/2511/2339 5096/5096/4909
f 2512/2512/2340 5190/5190/5003 2505/2505/2333
f 2512/2512/2340 2505/2505/2333 2504/2504/2332
f 2507/2507/2335 5104/5104/4917 5191/5191/5004
f 2507/2507/2335 5191/5191/5004 2508/2508/2336
f 5104/5104/4917 5073/5073/4886 5192/5192/5005
f 5104/5104/4917 5192/5192/5005 5191/5191/5004
f 5162/5162/4975 2501/2501/2329 5191/5191/5004
f 5162/5162/4975 5191/5191/5004 5192/5192/5005
f 5073/5073/4886 2513/2513/2341 2514/2514/2342
f 5073/5073/4886 2514/2514/2342 5192/5192/5005
f 5063/5063/4876 5162/5162/4975 5192/5192/5005
f 5063/5063/4876 5192/5192/5005 2514/2514/2342
f 2503/2503/2331 2502/2502/2330 5136/5136/4949
f 2503/2503/2331 5136/5136/4949 2510/2510/2338
f 2516/2516/2344 5193/5193/5006 2532/2532/2360
f 2516/2516/2344 2532/2532/2360 2517/2517/2345
f 2536/2536/2364 5193/5193/5006 2516/2516/2344
f 2536/2536/2364 2516/2516/2344 2519/2519/2347
f 2523/2523/2351 2526/2526/2354 5193/5193/5006
f 2523/2523/2351 5193/5193/5006 2536/2536/2364
f 2525/2525/2353 2536/2536/2364 2519/2519/2347
f 2525/2525/2353 2519/2519/2347 5194/5194/5007
f 5195/5195/5008 5196/5196/5009 5197/5197/5010
f 5195/5195/5008 5197/5197/5010 5198/5198/5011
f 5196/5196/5009 5199/5199/5012 5200/5200/5013
f 5196/5196/5009 5200/5200/5013 5197/5197/5010
f 5201/5201/5014 5202/5202/5015 5199/5199/5012
f 5201/5201/5014 5199/5199/5012 5196/5196/5009
f 5196/5196/5009 5195/5195/5008 5203/5203/5016
f 5196/5196/5009 5203/5203/5016 5201/5201/5014
f 2521/2521/2349 2523/2523/2351 5201/5201/5014
f 2521/2521/2349 5201/5201/5014 5203/5203/5016
f 2524/2524/2352 5202/5202/5015 5201/5201/5014
f 2524/2524/2352 5201/5201/5014 2523/2523/2351
f 2525/2525/2353 5204/5204/5017 5205/5205/5018
f 2525/2525/2353 5205/5205/5018 2524/2524/2352
f 5204/5204/5017 5206/5206/5019 5207/5207/5020
f 5204/5204/5017 5207/5207/5020 5205/5205/5018
f 5206/5206/5019 5208/5208/5021 5209/5209/5022
f 5206/5206/5019 5209/5209/5022 5207/5207/5020
f 5206/5206/5019 5210/5210/5023 5211/5211/5024
f 5206/5206/5019 5211/5211/5024 5208/5208/5021
f 5206/5206/5019 5204/5204/5017 5212/5212/5025
f 5206/5206/5019 5212/5212/5025 5210/5210/5023
f 5213/5213/5026 5212/5212/5025 5204/5204/5017
f 5213/5213/5026 5204/5204/5017 2525/2525/2353
f 5214/5214/5027 5215/5215/5028 5216/5216/5029
f 5214/5214/5027 5216/5216/5029 5217/5217/5030
f 5218/5218/5031 5219/5219/5032 5215/5215/5028
f 5218/5218/5031 5215/5215/5028 5214/5214/5027
f 5213/5213/5026 5220/5220/5033 5219/5219/5032
f 5213/5213/5026 5219/5219/5032 5218/5218/5031
f 5221/5221/5034 5222/5222/5035 5219/5219/5032
f 5221/5221/5034 5219/5219/5032 5220/5220/5033
f 5223/5223/5036 5215/5215/5028 5219/5219/5032
f 5223/5223/5036 5219/5219/5032 5222/5222/5035
f 5224/5224/5037 5216/5216/5029 5215/5215/5028
f 5224/5224/5037 5215/5215/5028 5223/5223/5036
f 5225/5225/5038 5226/5226/5039 5227/5227/5040
f 5225/5225/5038 5227/5227/5040 5221/5221/5034
f 5228/5228/5041 5229/5229/5042 5227/5227/5040
f 5228/5228/5041 5227/5227/5040 5226/5226/5039
f 5228/5228/5041 5230/5230/5043 5231/5231/5044
f 5228/5228/5041 5231/5231/5044 5229/5229/5042
f 5228/5228/5041 5232/5232/5045 5233/5233/5046
f 5228/5228/5041 5233/5233/5046 5230/5230/5043
f 5228/5228/5041 5226/5226/5039 5234/5234/5047
f 5228/5228/5041 5234/5234/5047 5232/5232/5045
f 5234/5234/5047 5226/5226/5039 5225/5225/5038
f 5234/5234/5047 5225/5225/5038 5235/5235/5048
f 5225/5225/5038 5236/5236/5049 5237/5237/5050
f 5225/5225/5038 5237/5237/5050 5235/5235/5048
f 5236/5236/5049 5238/5238/5051 5239/5239/5052
f 5236/5236/5049 5239/5239/5052 5237/5237/5050
f 5238/5238/5051 2520/2520/2348 2518/2518/2346
f 5238/5238/5051 2518/2518/2346 5239/5239/5052
f 5236/5236/5049 5225/5225/5038 5221/5221/5034
f 5236/5236/5049 5221/5221/5034 5220/5220/5033
f 5236/5236/5049 5220/5220/5033 5194/5194/5007
f 5236/5236/5049 5194/5194/5007 5238/5238/5051
f 5220/5220/5033 5213/5213/5026 2525/2525/2353
f 5220/5220/5033 2525/2525/2353 5194/5194/5007
f 5240/5240/5053 5241/5241/5054 5242/5242/5055
f 5240/5240/5053 5242/5242/5055 5243/5243/5056
f 5241/5241/5054 5244/5244/5057 5245/5245/5058
f 5241/5241/5054 5245/5245/5058 5242/5242/5055
f 5241/5241/5054 5246/5246/5059 5247/5247/5060
f 5241/5241/5054 5247/5247/5060 5244/5244/5057
f 5248/5248/5061 5246/5246/5059 5241/5241/5054
f 5248/5248/5061 5241/5241/5054 5240/5240/5053
f 5246/5246/5059 2522/2522/2350 2521/2521/2349
f 5246/5246/5059 2521/2521/2349 5247/5247/5060
f 5249/5249/5062 5250/5250/5063 2527/2527/2355
f 5249/5249/5062 2527/2527/2355 5248/5248/5061
f 5251/5251/5064 5252/5252/5065 5250/5250/5063
f 5251/5251/5064 5250/5250/5063 5249/5249/5062
f 2522/2522/2350 5246/5246/5059 5248/5248/5061
f 2522/2522/2350 5248/5248/5061 2527/2527/2355
f 5238/5238/5051 5194/5194/5007 2519/2519/2347
f 5238/5238/5051 2519/2519/2347 2520/2520/2348
f 5253/5253/5066 5254/5254/5067 5255/5255/5068
f 5253/5253/5066 5255/5255/5068 5256/5256/5069
f 5257/5257/5070 5258/5258/5071 5255/5255/5068
f 5257/5257/5070 5255/5255/5068 5254/5254/5067
f 5257/5257/5070 5259/5259/5072 5260/5260/5073
f 5257/5257/5070 5260/5260/5073 5258/5258/5071
f 5261/5261/5074 5262/5262/5075 5254/5254/5067
f 5261/5261/5074 5254/5254/5067 5253/5253/5066
f 5263/5263/5076 5257/5257/5070 5254/5254/5067
f 5263/5263/5076 5254/5254/5067 5262/5262/5075
f 5264/5264/5077 5259/5259/5072 5257/5257/5070
f 5264/5264/5077 5257/5257/5070 5263/5263/5076
f 5265/5265/5078 5266/5266/5079 5267/5267/5080
f 5265/5265/5078 5267/5267/5080 5268/5268/5081
f 5269/5269/5082 5270/5270/5083 5271/5271/5084
f 5269/5269/5082 5271/5271/5084 5272/5272/5085
f 2532/2532/2360 2531/2531/2359 5270/5270/5083
f 2532/2532/2360 5270/5270/5083 5269/5269/5082
f 5273/5273/5086 5274/5274/5087 5266/5266/5079
f 5273/5273/5086 5266/5266/5079 5265/5265/5078
f 5275/5275/5088 5269/5269/5082 5272/5272/5085
f 5275/5275/5088 5272/5272/5085 5276/5276/5089
f 5260/5260/5073 2532/2532/2360 5269/5269/5082
f 5260/5260/5073 5269/5269/5082 5275/5275/5088
f 2529/2529/2357 5277/5277/5090 5278/5278/5091
f 2529/2529/2357 5278/5278/5091 2531/2531/2359
f 5277/5277/5090 5279/5279/5092 5280/5280/5093
f 5277/5277/5090 5280/5280/5093 5278/5278/5091
f 5279/5279/5092 5281/5281/5094 5282/5282/5095
f 5279/5279/5092 5282/5282/5095 5280/5280/5093
f 5266/5266/5079 5272/5272/5085 5271/5271/5084
f 5266/5266/5079 5271/5271/5084 5267/5267/5080
f 5274/5274/5087 5276/5276/5089 5272/5272/5085
f 5274/5274/5087 5272/5272/5085 5266/5266/5079
f 5281/5281/5094 5283/5283/5096 5284/5284/5097
f 5281/5281/5094 5284/5284/5097 5282/5282/5095
f 5281/5281/5094 5285/5285/5098 5286/5286/5099
f 5281/5281/5094 5286/5286/5099 5283/5283/5096
f 5281/5281/5094 5279/5279/5092 5287/5287/5100
f 5281/5281/5094 5287/5287/5100 5285/5285/5098
f 5279/5279/5092 5277/5277/5090 5288/5288/5101
f 5279/5279/5092 5288/5288/5101 5287/5287/5100
f 5288/5288/5101 5277/5277/5090 2529/2529/2357
f 5288/5288/5101 2529/2529/2357 2528/2528/2356
f 5289/5289/5102 5290/5290/5103 5291/5291/5104
f 5289/5289/5102 5291/5291/5104 5292/5292/5105
f 5290/5290/5103 5293/5293/5106 5294/5294/5107
f 5290/5290/5103 5294/5294/5107 5291/5291/5104
f 5293/5293/5106 2530/2530/2358 5295/5295/5108
f 5293/5293/5106 5295/5295/5108 5294/5294/5107
f 2530/2530/2358 2527/2527/2355 5296/5296/5109
f 2530/2530/2358 5296/5296/5109 5295/5295/5108
f 2527/2527/2355 5250/5250/5063 5297/5297/5110
f 2527/2527/2355 5297/5297/5110 5296/5296/5109
f 5297/5297/5110 5250/5250/5063 5252/5252/5065
f 5297/5297/5110 5252/5252/5065 5298/5298/5111
f 5299/5299/5112 5300/5300/5113 5290/5290/5103
f 5299/5299/5112 5290/5290/5103 5289/5289/5102
f 5293/5293/5106 5290/5290/5103 5300/5300/5113
f 5293/5293/5106 5300/5300/5113 5301/5301/5114
f 2528/2528/2356 2530/2530/2358 5293/5293/5106
f 2528/2528/2356 5293/5293/5106 5301/5301/5114
f 2532/2532/2360 5260/5260/5073 5259/5259/5072
f 2532/2532/2360 5259/5259/5072 2517/2517/2345
f 5193/5193/5006 2526/2526/2354 2529/2529/2357
f 5193/5193/5006 2529/2529/2357 2532/2532/2360
f 5259/5259/5072 5302/5302/5115 2515/2515/2343
f 5259/5259/5072 2515/2515/2343 2517/2517/2345
f 2537/2537/2365 2534/2534/2362 5303/5303/5116
f 2537/2537/2365 5303/5303/5116 5304/5304/5117
f 2534/2534/2362 5305/5305/5118 5306/5306/5119
f 2534/2534/2362 5306/5306/5119 5303/5303/5116
f 5305/5305/5118 5307/5307/5120 5264/5264/5077
f 5305/5305/5118 5264/5264/5077 5306/5306/5119
f 5305/5305/5118 2534/2534/2362 2533/2533/2361
f 5305/5305/5118 2533/2533/2361 5308/5308/5121
f 5309/5309/5122 5307/5307/5120 5305/5305/5118
f 5309/5309/5122 5305/5305/5118 5308/5308/5121
f 5310/5310/5123 5302/5302/5115 5307/5307/5120
f 5310/5310/5123 5307/5307/5120 5309/5309/5122
f 5259/5259/5072 5264/5264/5077 5307/5307/5120
f 5259/5259/5072 5307/5307/5120 5302/5302/5115
f 2518/2518/2346 2515/2515/2343 5302/5302/5115
f 2518/2518/2346 5302/5302/5115 5310/5310/5123
f 2551/2551/2379 2541/2541/2369 5311/5311/5124
f 2551/2551/2379 5311/5311/5124 5312/5312/5125
f 5313/5313/5126 5314/5314/5127 5315/5315/5128
f 5313/5313/5126 5315/5315/5128 5316/5316/5129
f 5314/5314/5127 5317/5317/5130 5318/5318/5131
f 5314/5314/5127 5318/5318/5131 5315/5315/5128
f 5319/5319/5132 5320/5320/5133 5314/5314/5127
f 5319/5319/5132 5314/5314/5127 5313/5313/5126
f 5321/5321/5134 5317/5317/5130 5314/5314/5127
f 5321/5321/5134 5314/5314/5127 5320/5320/5133
f 5317/5317/5130 5322/5322/5135 5323/5323/5136
f 5317/5317/5130 5323/5323/5136 5318/5318/5131
f 5324/5324/5137 5322/5322/5135 5317/5317/5130
f 5324/5324/5137 5317/5317/5130 5321/5321/5134
f 5325/5325/5138 5326/5326/5139 5327/5327/5140
f 5325/5325/5138 5327/5327/5140 5328/5328/5141
f 5326/5326/5139 5329/5329/5142 5330/5330/5143
f 5326/5326/5139 5330/5330/5143 5327/5327/5140
f 5329/5329/5142 2550/2550/2378 5331/5331/5144
f 5329/5329/5142 5331/5331/5144 5330/5330/5143
f 5332/5332/5145 5333/5333/5146 5326/5326/5139
f 5332/5332/5145 5326/5326/5139 5325/5325/5138
f 5334/5334/5147 5329/5329/5142 5326/5326/5139
f 5334/5334/5147 5326/5326/5139 5333/5333/5146
f 5335/5335/5148 2550/2550/2378 5329/5329/5142
f 5335/5335/5148 5329/5329/5142 5334/5334/5147
f 5336/5336/5149 5337/5337/5150 5338/5338/5151
f 5336/5336/5149 5338/5338/5151 5339/5339/5152
f 5340/5340/5153 5341/5341/5154 5337/5337/5150
f 5340/5340/5153 5337/5337/5150 5336/5336/5149
f 5337/5337/5150 5342/5342/5155 5343/5343/5156
f 5337/5337/5150 5343/5343/5156 5338/5338/5151
f 5337/5337/5150 5341/5341/5154 5344/5344/5157
f 5337/5337/5150 5344/5344/5157 5342/5342/5155
f 5345/5345/5158 2548/2548/2376 5342/5342/5155
f 5345/5345/5158 5342/5342/5155 5344/5344/5157
f 5342/5342/5155 2548/2548/2376 5346/5346/5159
f 5342/5342/5155 5346/5346/5159 5343/5343/5156
f 5347/5347/5160 5348/5348/5161 5349/5349/5162
f 5347/5347/5160 5349/5349/5162 5350/5350/5163
f 5351/5351/5164 5352/5352/5165 5349/5349/5162
f 5351/5351/5164 5349/5349/5162 5348/5348/5161
f 5353/5353/5166 5354/5354/5167 5352/5352/5165
f 5353/5353/5166 5352/5352/5165 5351/5351/5164
f 5355/5355/5168 5356/5356/5169 5348/5348/5161
f 5355/5355/5168 5348/5348/5161 5347/5347/5160
f 5357/5357/5170 5351/5351/5164 5348/5348/5161
f 5357/5357/5170 5348/5348/5161 5356/5356/5169
f 5358/5358/5171 5353/5353/5166 5351/5351/5164
f 5358/5358/5171 5351/5351/5164 5357/5357/5170
f 5359/5359/5172 5360/5360/5173 5361/5361/5174
f 5359/5359/5172 5361/5361/5174 5362/5362/5175
f 5363/5363/5176 5364/5364/5177 5361/5361/5174
f 5363/5363/5176 5361/5361/5174 5360/5360/5173
f 5360/5360/5173 5365/5365/5178 5366/5366/5179
f 5360/5360/5173 5366/5366/5179 5363/5363/5176
f 5367/5367/5180 5365/5365/5178 5360/5360/5173
f 5367/5367/5180 5360/5360/5173 5359/5359/5172
f 5365/5365/5178 2544/2544/2372 5368/5368/5181
f 5365/5365/5178 5368/5368/5181 5366/5366/5179
f 5369/5369/5182 2544/2544/2372 5365/5365/5178
f 5369/5369/5182 5365/5365/5178 5367/5367/5180
f 5370/5370/5183 5371/5371/5184 5372/5372/5185
f 5370/5370/5183 5372/5372/5185 5373/5373/5186
f 5374/5374/5187 2546/2546/2374 5372/5372/5185
f 5374/5374/5187 5372/5372/5185 5371/5371/5184
f 5368/5368/5181 2544/2544/2372 2546/2546/2374
f 5368/5368/5181 2546/2546/2374 5374/5374/5187
f 5354/5354/5167 5353/5353/5166 2544/2544/2372
f 5354/5354/5167 2544/2544/2372 5369/5369/5182
f 5323/5323/5136 5322/5322/5135 5353/5353/5166
f 5323/5323/5136 5353/5353/5166 5358/5358/5171
f 2550/2550/2378 5322/5322/5135 5324/5324/5137
f 2550/2550/2378 5324/5324/5137 5331/5331/5144
f 5346/5346/5159 2548/2548/2376 2550/2550/2378
f 5346/5346/5159 2550/2550/2378 5335/5335/5148
f 5375/5375/5188 5376/5376/5189 5377/5377/5190
f 5375/5375/5188 5377/5377/5190 5378/5378/5191
f 5376/5376/5189 5379/5379/5192 5380/5380/5193
f 5376/5376/5189 5380/5380/5193 5377/5377/5190
f 5376/5376/5189 5381/5381/5194 5382/5382/5195
f 5376/5376/5189 5382/5382/5195 5379/5379/5192
f 5381/5381/5194 5383/5383/5196 5384/5384/5197
f 5381/5381/5194 5384/5384/5197 5382/5382/5195
f 5383/5383/5196 2547/2547/2375 5385/5385/5198
f 5383/5383/5196 5385/5385/5198 5384/5384/5197
f 5383/5383/5196 5386/5386/5199 5387/5387/5200
f 5383/5383/5196 5387/5387/5200 2547/2547/2375
f 5383/5383/5196 5381/5381/5194 5388/5388/5201
f 5383/5383/5196 5388/5388/5201 5386/5386/5199
f 5381/5381/5194 5376/5376/5189 5375/5375/5188
f 5381/5381/5194 5375/5375/5188 5388/5388/5201
f 2538/2538/2366 5389/5389/5202 5390/5390/5203
f 2538/2538/2366 5390/5390/5203 2539/2539/2367
f 5389/5389/5202 5391/5391/5204 5392/5392/5205
f 5389/5389/5202 5392/5392/5205 5390/5390/5203
f 5391/5391/5204 5393/5393/5206 5394/5394/5207
f 5391/5391/5204 5394/5394/5207 5392/5392/5205
f 5391/5391/5204 5395/5395/5208 5396/5396/5209
f 5391/5391/5204 5396/5396/5209 5393/5393/5206
f 5391/5391/5204 5389/5389/5202 5397/5397/5210
f 5391/5391/5204 5397/5397/5210 5395/5395/5208
f 5389/5389/5202 2538/2538/2366 5398/5398/5211
f 5389/5389/5202 5398/5398/5211 5397/5397/5210
f 5399/5399/5212 5400/5400/5213 5401/5401/5214
f 5399/5399/5212 5401/5401/5214 5402/5402/5215
f 5400/5400/5213 5403/5403/5216 5404/5404/5217
f 5400/5400/5213 5404/5404/5217 5401/5401/5214
f 5405/5405/5218 5406/5406/5219 5400/5400/5213
f 5405/5405/5218 5400/5400/5213 5399/5399/5212
f 5407/5407/5220 5403/5403/5216 5400/5400/5213
f 5407/5407/5220 5400/5400/5213 5406/5406/5219
f 5406/5406/5219 5408/5408/5221 5409/5409/5222
f 5406/5406/5219 5409/5409/5222 5407/5407/5220
f 5410/5410/5223 5408/5408/5221 5406/5406/5219
f 5410/5410/5223 5406/5406/5219 5405/5405/5218
f 5408/5408/5221 5411/5411/5224 5412/5412/5225
f 5408/5408/5221 5412/5412/5225 5409/5409/5222
f 5413/5413/5226 5411/5411/5224 5408/5408/5221
f 5413/5413/5226 5408/5408/5221 5410/5410/5223
f 5414/5414/5227 5415/5415/5228 5416/5416/5229
f 5414/5414/5227 5416/5416/5229 5417/5417/5230
f 5415/5415/5228 5418/5418/5231 5419/5419/5232
f 5415/5415/5228 5419/5419/5232 5416/5416/5229
f 5415/5415/5228 5420/5420/5233 5421/5421/5234
f 5415/5415/5228 5421/5421/5234 5418/5418/5231
f 5422/5422/5235 5420/5420/5233 5415/5415/5228
f 5422/5422/5235 5415/5415/5228 5414/5414/5227
f 5423/5423/5236 5312/5312/5125 5420/5420/5233
f 5423/5423/5236 5420/5420/5233 5422/5422/5235
f 5420/5420/5233 5312/5312/5125 5424/5424/5237
f 5420/5420/5233 5424/5424/5237 5421/5421/5234
f 5425/5425/5238 5426/5426/5239 5427/5427/5240
f 5425/5425/5238 5427/5427/5240 5428/5428/5241
f 5429/5429/5242 5430/5430/5243 5426/5426/5239
f 5429/5429/5242 5426/5426/5239 5425/5425/5238
f 5431/5431/5244 5311/5311/5124 5430/5430/5243
f 5431/5431/5244 5430/5430/5243 5429/5429/5242
f 5432/5432/5245 5433/5433/5246 5430/5430/5243
f 5432/5432/5245 5430/5430/5243 5311/5311/5124
f 5434/5434/5247 5426/5426/5239 5430/5430/5243
f 5434/5434/5247 5430/5430/5243 5433/5433/5246
f 5435/5435/5248 5427/5427/5240 5426/5426/5239
f 5435/5435/5248 5426/5426/5239 5434/5434/5247
f 5411/5411/5224 5413/5413/5226 5398/5398/5211
f 5411/5411/5224 5398/5398/5211 2538/2538/2366
f 5312/5312/5125 5423/5423/5236 5412/5412/5225
f 5312/5312/5125 5412/5412/5225 5411/5411/5224
f 5311/5311/5124 5431/5431/5244 5424/5424/5237
f 5311/5311/5124 5424/5424/5237 5312/5312/5125
f 5372/5372/5185 5436/5436/5249 5437/5437/5250
f 5372/5372/5185 5437/5437/5250 5373/5373/5186
f 5372/5372/5185 2546/2546/2374 5438/5438/5251
f 5372/5372/5185 5438/5438/5251 5436/5436/5249
f 2546/2546/2374 2547/2547/2375 5387/5387/5200
f 2546/2546/2374 5387/5387/5200 5438/5438/5251
f 5311/5311/5124 2541/2541/2369 2543/2543/2371
f 5311/5311/5124 2543/2543/2371 5432/5432/5245
f 5439/5439/5252 2549/2549/2377 2548/2548/2376
f 5439/5439/5252 2548/2548/2376 5345/5345/5158
f 2549/2549/2377 5439/5439/5252 2542/2542/2370
f 2549/2549/2377 2542/2542/2370 2541/2541/2369
f 2544/2544/2372 5353/5353/5166 5440/5440/5253
f 2544/2544/2372 5440/5440/5253 2545/2545/2373
f 5353/5353/5166 5322/5322/5135 5441/5441/5254
f 5353/5353/5166 5441/5441/5254 5440/5440/5253
f 5411/5411/5224 2538/2538/2366 5440/5440/5253
f 5411/5411/5224 5440/5440/5253 5441/5441/5254
f 5322/5322/5135 2550/2550/2378 2551/2551/2379
f 5322/5322/5135 2551/2551/2379 5441/5441/5254
f 5312/5312/5125 5411/5411/5224 5441/5441/5254
f 5312/5312/5125 5441/5441/5254 2551/2551/2379
f 2540/2540/2368 2539/2539/2367 5385/5385/5198
f 2540/2540/2368 5385/5385/5198 2547/2547/2375
f 5442/5442/5255 5443/5443/5256 2567/2567/2395
f 5442/5442/5255 2567/2567/2395 2566/2566/2394
f 2561/2561/2389 5444/5444/5257 5443/5443/5256
f 2561/2561/2389 5443/5443/5256 5442/5442/5255
f 2558/2558/2386 2560/2560/2388 5445/5445/5258
f 2558/2558/2386 5445/5445/5258 2557/2557/2385
f 5446/5446/5259 5447/5447/5260 2553/2553/2381
f 5446/5446/5259 2553/2553/2381 2584/2584/2412
f 2560/2560/2388 5446/5446/5259 2584/2584/2412
f 2560/2560/2388 2584/2584/2412 5445/5445/5258
f 2555/2555/2383 2557/2557/2385 5448/5448/5261
f 2555/2555/2383 5448/5448/5261 5449/5449/5262
f 5447/5447/5260 5450/5450/5263 5451/5451/5264
f 5447/5447/5260 5451/5451/5264 5452/5452/5265
f 5450/5450/5263 5447/5447/5260 5446/5446/5259
f 5450/5450/5263 5446/5446/5259 5453/5453/5266
f 2582/2582/2410 5454/5454/5267 5455/5455/5267
f 2582/2582/2410 5455/5455/5267 5453/5453/5266
f 5454/5454/5267 5456/5456/5268 5457/5457/5268
f 5454/5454/5267 5457/5457/5268 5455/5455/5267
f 5456/5456/5268 5458/5458/5269 5459/5459/5269
f 5456/5456/5268 5459/5459/5269 5457/5457/5268
f 2583/2583/2411 2585/2585/2413 2587/2587/2415
f 2583/2583/2411 2587/2587/2415 2582/2582/2410
f 5460/5460/5270 5451/5451/5264 5450/5450/5263
f 5460/5460/5270 5450/5450/5263 5461/5461/5271
f 2560/2560/2388 2582/2582/2410 5453/5453/5266
f 2560/2560/2388 5453/5453/5266 5446/5446/5259
f 5453/5453/5266 5462/5462/5272 5461/5461/5271
f 5453/5453/5266 5461/5461/5271 5450/5450/5263
f 5452/5452/5265 5463/5463/5273 5464/5464/5274
f 5452/5452/5265 5464/5464/5274 5465/5465/5275
f 5466/5466/5276 5467/5467/5277 5468/5468/5278
f 5466/5466/5276 5468/5468/5278 5469/5469/5279
f 5470/5470/5280 5471/5471/5281 5468/5468/5278
f 5470/5470/5280 5468/5468/5278 5467/5467/5277
f 5460/5460/5270 5461/5461/5271 5468/5468/5278
f 5460/5460/5270 5468/5468/5278 5471/5471/5281
f 5472/5472/5282 5473/5473/5283 5463/5463/5273
f 5472/5472/5282 5463/5463/5273 5474/5474/5284
f 5474/5474/5284 5475/5475/5285 5476/5476/5286
f 5474/5474/5284 5476/5476/5286 5472/5472/5282
f 5477/5477/5287 5478/5478/5288 5479/5479/5289
f 5477/5477/5287 5479/5479/5289 5480/5480/5290
f 5481/5481/5291 5482/5482/5292 5479/5479/5289
f 5481/5481/5291 5479/5479/5289 5478/5478/5288
f 5483/5483/5293 5484/5484/5294 5479/5479/5289
f 5483/5483/5293 5479/5479/5289 5482/5482/5292
f 5485/5485/5295 5480/5480/5290 5479/5479/5289
f 5485/5485/5295 5479/5479/5289 5484/5484/5294
f 5486/5486/5296 5476/5476/5286 5480/5480/5290
f 5486/5486/5296 5480/5480/5290 5485/5485/5295
f 2565/2565/2393 5473/5473/5283 5472/5472/5282
f 2565/2565/2393 5472/5472/5282 2564/2564/2392
f 5463/5463/5273 5473/5473/5283 2580/2580/2408
f 5463/5463/5273 2580/2580/2408 5464/5464/5274
f 5487/5487/5297 5488/5488/5298 2562/2562/2390
f 5487/5487/5297 2562/2562/2390 2564/2564/2392
f 5489/5489/5299 5490/5490/5300 5488/5488/5298
f 5489/5489/5299 5488/5488/5298 5487/5487/5297
f 5491/5491/5301 5492/5492/5302 5490/5490/5300
f 5491/5491/5301 5490/5490/5300 5489/5489/5299
f 5493/5493/5303 5494/5494/5304 5490/5490/5300
f 5493/5493/5303 5490/5490/5300 5492/5492/5302
f 5495/5495/5305 5488/5488/5298 5490/5490/5300
f 5495/5495/5305 5490/5490/5300 5494/5494/5304
f 2598/2598/2426 2562/2562/2390 5488/5488/5298
f 2598/2598/2426 5488/5488/5298 5495/5495/5305
f 5496/5496/5306 5444/5444/5257 2561/2561/2389
f 5496/5496/5306 2561/2561/2389 2563/2563/2391
f 5497/5497/5307 5498/5498/5308 5444/5444/5257
f 5497/5497/5307 5444/5444/5257 5496/5496/5306
f 5499/5499/5309 5500/5500/5310 5498/5498/5308
f 5499/5499/5309 5498/5498/5308 5497/5497/5307
f 5501/5501/5311 5502/5502/5312 5500/5500/5310
f 5501/5501/5311 5500/5500/5310 5499/5499/5309
f 5503/5503/5313 5504/5504/5314 5500/5500/5310
f 5503/5503/5313 5500/5500/5310 5502/5502/5312
f 5505/5505/5315 5498/5498/5308 5500/5500/5310
f 5505/5505/5315 5500/5500/5310 5504/5504/5314
f 5443/5443/5256 5444/5444/5257 5498/5498/5308
f 5443/5443/5256 5498/5498/5308 5505/5505/5315
f 5506/5506/5316 5507/5507/5317 2568/2568/2396
f 5506/5506/5316 2568/2568/2396 2597/2597/2425
f 5508/5508/5318 5509/5509/5319 5507/5507/5317
f 5508/5508/5318 5507/5507/5317 5506/5506/5316
f 5510/5510/5320 5511/5511/5321 5507/5507/5317
f 5510/5510/5320 5507/5507/5317 5509/5509/5319
f 5512/5512/5322 2568/2568/2396 5507/5507/5317
f 5512/5512/5322 5507/5507/5317 5511/5511/5321
f 2575/2575/2403 2566/2566/2394 2568/2568/2396
f 2575/2575/2403 2568/2568/2396 5512/5512/5322
f 5474/5474/5284 5463/5463/5273 5452/5452/5265
f 5474/5474/5284 5452/5452/5265 5451/5451/5264
f 2594/2594/2422 2570/2570/2398 2573/2573/2401
f 2594/2594/2422 2573/2573/2401 2575/2575/2403
f 5513/5513/5323 5514/5514/5324 2570/2570/2398
f 5513/5513/5323 2570/2570/2398 2569/2569/2397
f 2574/2574/2402 2573/2573/2401 2570/2570/2398
f 2574/2574/2402 2570/2570/2398 5514/5514/5324
f 5515/5515/5325 2556/2556/2384 2555/2555/2383
f 5515/5515/5325 2555/2555/2383 5516/5516/5326
f 2588/2588/2416 5517/5517/5327 5518/5518/5328
f 2588/2588/2416 5518/5518/5328 2596/2596/2424
f 5519/5519/5329 5520/5520/5330 5518/5518/5328
f 5519/5519/5329 5518/5518/5328 5517/5517/5327
f 5519/5519/5329 5521/5521/5331 5522/5522/5332
f 5519/5519/5329 5522/5522/5332 5520/5520/5330
f 5523/5523/5333 5524/5524/5334 5520/5520/5330
f 5523/5523/5333 5520/5520/5330 5522/5522/5332
f 5525/5525/5335 5518/5518/5328 5520/5520/5330
f 5525/5525/5335 5520/5520/5330 5524/5524/5334
f 5526/5526/5336 2596/2596/2424 5518/5518/5328
f 5526/5526/5336 5518/5518/5328 5525/5525/5335
f 5515/5515/5325 5516/5516/5326 5527/5527/5337
f 5515/5515/5325 5527/5527/5337 5528/5528/5338
f 5529/5529/5339 5528/5528/5338 5527/5527/5337
f 5529/5529/5339 5527/5527/5337 5530/5530/5340
f 5531/5531/5341 5532/5532/5342 5533/5533/5342
f 5531/5531/5341 5533/5533/5342 2593/2593/2421
f 5532/5532/5342 5534/5534/5343 5535/5535/5343
f 5532/5532/5342 5535/5535/5343 5533/5533/5342
f 5534/5534/5343 5536/5536/5344 5537/5537/5344
f 5534/5534/5343 5537/5537/5344 5535/5535/5343
f 5538/5538/5345 5539/5539/5346 5540/5540/5347
f 5538/5538/5345 5540/5540/5347 5541/5541/5348
f 5539/5539/5346 2591/2591/2419 2593/2593/2421
f 5539/5539/5346 2593/2593/2421 5540/5540/5347
f 2576/2576/2404 2556/2556/2384 5515/5515/5325
f 2576/2576/2404 5515/5515/5325 5542/5542/5349
f 2565/2565/2393 2561/2561/2389 2578/2578/2406
f 2565/2565/2393 2578/2578/2406 2590/2590/2418
f 5543/5543/5350 5544/5544/5351 2580/2580/2408
f 5543/5543/5350 2580/2580/2408 2579/2579/2407
f 5545/5545/5352 5546/5546/5353 5547/5547/5354
f 5545/5545/5352 5547/5547/5354 5548/5548/5355
f 5549/5549/5356 5548/5548/5355 5547/5547/5354
f 5549/5549/5356 5547/5547/5354 5550/5550/5357
f 5551/5551/5358 5544/5544/5351 5546/5546/5353
f 5551/5551/5358 5546/5546/5353 5545/5545/5352
f 5552/5552/5359 5553/5553/5360 5554/5554/5361
f 5552/5552/5359 5554/5554/5361 5555/5555/5362
f 5553/5553/5360 5556/5556/5363 5557/5557/5364
f 5553/5553/5360 5557/5557/5364 5558/5558/5365
f 5556/5556/5363 5465/5465/5275 5464/5464/5274
f 5556/5556/5363 5464/5464/5274 5557/5557/5364
f 5559/5559/5366 5555/5555/5362 5554/5554/5361
f 5559/5559/5366 5554/5554/5361 5560/5560/5367
f 5561/5561/5368 5556/5556/5363 5553/5553/5360
f 5561/5561/5368 5553/5553/5360 5552/5552/5359
f 2553/2553/2381 5465/5465/5275 5556/5556/5363
f 2553/2553/2381 5556/5556/5363 5561/5561/5368
f 5562/5562/5369 5563/5563/5370 5564/5564/5371
f 5562/5562/5369 5564/5564/5371 5565/5565/5372
f 5563/5563/5370 5566/5566/5373 5567/5567/5374
f 5563/5563/5370 5567/5567/5374 5564/5564/5371
f 5566/5566/5373 2552/2552/2380 2554/2554/2382
f 5566/5566/5373 2554/2554/2382 5567/5567/5374
f 5568/5568/5375 5569/5569/5376 5563/5563/5370
f 5568/5568/5375 5563/5563/5370 5562/5562/5369
f 5570/5570/5377 5566/5566/5373 5563/5563/5370
f 5570/5570/5377 5563/5563/5370 5569/5569/5376
f 2584/2584/2412 2552/2552/2380 5566/5566/5373
f 2584/2584/2412 5566/5566/5373 5570/5570/5377
f 5571/5571/5378 5572/5572/5379 5573/5573/5380
f 5571/5571/5378 5573/5573/5380 5574/5574/5381
f 5574/5574/5381 5573/5573/5380 5449/5449/5262
f 5574/5574/5381 5449/5449/5262 5448/5448/5261
f 5448/5448/5261 2557/2557/2385 5445/5445/5258
f 5448/5448/5261 5445/5445/5258 5575/5575/5382
f 2577/2577/2405 2589/2589/2417 2596/2596/2424
f 2577/2577/2405 2596/2596/2424 5526/5526/5336
f 5447/5447/5260 5452/5452/5265 5465/5465/5275
f 5447/5447/5260 5465/5465/5275 2553/2553/2381
f 2581/2581/2409 2590/2590/2418 2593/2593/2421
f 2581/2581/2409 2593/2593/2421 2592/2592/2420
f 2593/2593/2421 2590/2590/2418 2578/2578/2406
f 2593/2593/2421 2578/2578/2406 5531/5531/5341
f 5473/5473/5283 2565/2565/2393 2581/2581/2409
f 5473/5473/5283 2581/2581/2409 2580/2580/2408
f 5543/5543/5350 5576/5576/5383 5546/5546/5353
f 5543/5543/5350 5546/5546/5353 5544/5544/5351
f 5577/5577/5384 5547/5547/5354 5546/5546/5353
f 5577/5577/5384 5546/5546/5353 5576/5576/5383
f 5578/5578/5385 5550/5550/5357 5547/5547/5354
f 5578/5578/5385 5547/5547/5354 5577/5577/5384
f 5560/5560/5367 5554/5554/5361 5579/5579/5386
f 5560/5560/5367 5579/5579/5386 5580/5580/5387
f 5553/5553/5360 5558/5558/5365 5579/5579/5386
f 5553/5553/5360 5579/5579/5386 5554/5554/5361
f 5571/5571/5378 5574/5574/5381 5581/5581/5388
f 5571/5571/5378 5581/5581/5388 5582/5582/5389
f 5448/5448/5261 5575/5575/5382 5581/5581/5388
f 5448/5448/5261 5581/5581/5388 5574/5574/5381
f 5583/5583/5390 5584/5584/5391 5528/5528/5338
f 5583/5583/5390 5528/5528/5338 5529/5529/5339
f 5542/5542/5349 5515/5515/5325 5528/5528/5338
f 5542/5542/5349 5528/5528/5338 5584/5584/5391
f 5551/5551/5358 5464/5464/5274 2580/2580/2408
f 5551/5551/5358 2580/2580/2408 5544/5544/5351
f 2589/2589/2417 2577/2577/2405 2561/2561/2389
f 2589/2589/2417 2561/2561/2389 5442/5442/5255
f 5462/5462/5272 5469/5469/5279 5468/5468/5278
f 5462/5462/5272 5468/5468/5278 5461/5461/5271
f 5475/5475/5285 5477/5477/5287 5480/5480/5290
f 5475/5475/5285 5480/5480/5290 5476/5476/5286
f 2572/2572/2400 2589/2589/2417 5442/5442/5255
f 2572/2572/2400 5442/5442/5255 2566/2566/2394
f 5486/5486/5296 2564/2564/2392 5472/5472/5282
f 5486/5486/5296 5472/5472/5282 5476/5476/5286
f 2600/2600/2428 5585/5585/5392 2616/2616/2444
f 2600/2600/2428 2616/2616/2444 2601/2601/2429
f 2620/2620/2448 5585/5585/5392 2600/2600/2428
f 2620/2620/2448 2600/2600/2428 2603/2603/2431
f 2607/2607/2435 2610/2610/2438 5585/5585/5392
f 2607/2607/2435 5585/5585/5392 2620/2620/2448
f 2609/2609/2437 2620/2620/2448 2603/2603/2431
f 2609/2609/2437 2603/2603/2431 5586/5586/5393
f 5587/5587/5394 5588/5588/5395 5589/5589/5396
f 5587/5587/5394 5589/5589/5396 5590/5590/5397
f 5588/5588/5395 5591/5591/5398 5592/5592/5399
f 5588/5588/5395 5592/5592/5399 5589/5589/5396
f 5593/5593/5400 5594/5594/5401 5591/5591/5398
f 5593/5593/5400 5591/5591/5398 5588/5588/5395
f 5588/5588/5395 5587/5587/5394 5595/5595/5402
f 5588/5588/5395 5595/5595/5402 5593/5593/5400
f 2605/2605/2433 2607/2607/2435 5593/5593/5400
f 2605/2605/2433 5593/5593/5400 5595/5595/5402
f 2608/2608/2436 5594/5594/5401 5593/5593/5400
f 2608/2608/2436 5593/5593/5400 2607/2607/2435
f 2609/2609/2437 5596/5596/5403 5597/5597/5404
f 2609/2609/2437 5597/5597/5404 2608/2608/2436
f 5596/5596/5403 5598/5598/5405 5599/5599/5406
f 5596/5596/5403 5599/5599/5406 5597/5597/5404
f 5598/5598/5405 5600/5600/5407 5601/5601/5408
f 5598/5598/5405 5601/5601/5408 5599/5599/5406
f 5598/5598/5405 5602/5602/5409 5603/5603/5410
f 5598/5598/5405 5603/5603/5410 5600/5600/5407
f 5598/5598/5405 5596/5596/5403 5604/5604/5411
f 5598/5598/5405 5604/5604/5411 5602/5602/5409
f 5605/5605/5412 5604/5604/5411 5596/5596/5403
f 5605/5605/5412 5596/5596/5403 2609/2609/2437
f 5606/5606/5413 5607/5607/5414 5608/5608/5415
f 5606/5606/5413 5608/5608/5415 5609/5609/5416
f 5610/5610/5417 5611/5611/5418 5607/5607/5414
f 5610/5610/5417 5607/5607/5414 5606/5606/5413
f 5605/5605/5412 5612/5612/5419 5611/5611/5418
f 5605/5605/5412 5611/5611/5418 5610/5610/5417
f 5613/5613/5420 5614/5614/5421 5611/5611/5418
f 5613/5613/5420 5611/5611/5418 5612/5612/5419
f 5615/5615/5422 5607/5607/5414 5611/5611/5418
f 5615/5615/5422 5611/5611/5418 5614/5614/5421
f 5616/5616/5423 5608/5608/5415 5607/5607/5414
f 5616/5616/5423 5607/5607/5414 5615/5615/5422
f 5617/5617/5424 5618/5618/5425 5619/5619/5426
f 5617/5617/5424 5619/5619/5426 5613/5613/5420
f 5620/5620/5427 5621/5621/5428 5619/5619/5426
f 5620/5620/5427 5619/5619/5426 5618/5618/5425
f 5620/5620/5427 5622/5622/5429 5623/5623/5430
f 5620/5620/5427 5623/5623/5430 5621/5621/5428
f 5620/5620/5427 5624/5624/5431 5625/5625/5432
f 5620/5620/5427 5625/5625/5432 5622/5622/5429
f 5620/5620/5427 5618/5618/5425 5626/5626/5433
f 5620/5620/5427 5626/5626/5433 5624/5624/5431
f 5626/5626/5433 5618/5618/5425 5617/5617/5424
f 5626/5626/5433 5617/5617/5424 5627/5627/5434
f 5617/5617/5424 5628/5628/5435 5629/5629/5436
f 5617/5617/5424 5629/5629/5436 5627/5627/5434
f 5628/5628/5435 5630/5630/5437 5631/5631/5438
f 5628/5628/5435 5631/5631/5438 5629/5629/5436
f 5630/5630/5437 2604/2604/2432 2602/2602/2430
f 5630/5630/5437 2602/2602/2430 5631/5631/5438
f 5628/5628/5435 5617/5617/5424 5613/5613/5420
f 5628/5628/5435 5613/5613/5420 5612/5612/5419
f 5628/5628/5435 5612/5612/5419 5586/5586/5393
f 5628/5628/5435 5586/5586/5393 5630/5630/5437
f 5612/5612/5419 5605/5605/5412 2609/2609/2437
f 5612/5612/5419 2609/2609/2437 5586/5586/5393
f 5632/5632/5439 5633/5633/5440 5634/5634/5441
f 5632/5632/5439 5634/5634/5441 5635/5635/5442
f 5633/5633/5440 5636/5636/5443 5637/5637/5444
f 5633/5633/5440 5637/5637/5444 5634/5634/5441
f 5633/5633/5440 5638/5638/5445 5639/5639/5446
f 5633/5633/5440 5639/5639/5446 5636/5636/5443
f 5640/5640/5447 5638/5638/5445 5633/5633/5440
f 5640/5640/5447 5633/5633/5440 5632/5632/5439
f 5638/5638/5445 2606/2606/2434 2605/2605/2433
f 5638/5638/5445 2605/2605/2433 5639/5639/5446
f 5641/5641/5448 5642/5642/5449 2611/2611/2439
f 5641/5641/5448 2611/2611/2439 5640/5640/5447
f 5643/5643/5450 5644/5644/5451 5642/5642/5449
f 5643/5643/5450 5642/5642/5449 5641/5641/5448
f 2606/2606/2434 5638/5638/5445 5640/5640/5447
f 2606/2606/2434 5640/5640/5447 2611/2611/2439
f 5630/5630/5437 5586/5586/5393 2603/2603/2431
f 5630/5630/5437 2603/2603/2431 2604/2604/2432
f 5645/5645/5452 5646/5646/5453 5647/5647/5454
f 5645/5645/5452 5647/5647/5454 5648/5648/5455
f 5649/5649/5456 5650/5650/5457 5647/5647/5454
f 5649/5649/5456 5647/5647/5454 5646/5646/5453
f 5649/5649/5456 5651/5651/5458 5652/5652/5459
f 5649/5649/5456 5652/5652/5459 5650/5650/5457
f 5653/5653/5460 5654/5654/5461 5646/5646/5453
f 5653/5653/5460 5646/5646/5453 5645/5645/5452
f 5655/5655/5462 5649/5649/5456 5646/5646/5453
f 5655/5655/5462 5646/5646/5453 5654/5654/5461
f 5656/5656/5463 5651/5651/5458 5649/5649/5456
f 5656/5656/5463 5649/5649/5456 5655/5655/5462
f 5657/5657/5464 5658/5658/5465 5659/5659/5466
f 5657/5657/5464 5659/5659/5466 5660/5660/5467
f 5661/5661/5468 5662/5662/5469 5663/5663/5470
f 5661/5661/5468 5663/5663/5470 5664/5664/5471
f 2616/2616/2444 2615/2615/2443 5662/5662/5469
f 2616/2616/2444 5662/5662/5469 5661/5661/5468
f 5665/5665/5472 5666/5666/5473 5658/5658/5465
f 5665/5665/5472 5658/5658/5465 5657/5657/5464
f 5667/5667/5474 5661/5661/5468 5664/5664/5471
f 5667/5667/5474 5664/5664/5471 5668/5668/5475
f 5652/5652/5459 2616/2616/2444 5661/5661/5468
f 5652/5652/5459 5661/5661/5468 5667/5667/5474
f 2613/2613/2441 5669/5669/5476 5670/5670/5477
f 2613/2613/2441 5670/5670/5477 2615/2615/2443
f 5669/5669/5476 5671/5671/5478 5672/5672/5479
f 5669/5669/5476 5672/5672/5479 5670/5670/5477
f 5671/5671/5478 5673/5673/5480 5674/5674/5481
f 5671/5671/5478 5674/5674/5481 5672/5672/5479
f 5658/5658/5465 5664/5664/5471 5663/5663/5470
f 5658/5658/5465 5663/5663/5470 5659/5659/5466
f 5666/5666/5473 5668/5668/5475 5664/5664/5471
f 5666/5666/5473 5664/5664/5471 5658/5658/5465
f 5673/5673/5480 5675/5675/5482 5676/5676/5483
f 5673/5673/5480 5676/5676/5483 5674/5674/5481
f 5673/5673/5480 5677/5677/5484 5678/5678/5485
f 5673/5673/5480 5678/5678/5485 5675/5675/5482
f 5673/5673/5480 5671/5671/5478 5679/5679/5486
f 5673/5673/5480 5679/5679/5486 5677/5677/5484
f 5671/5671/5478 5669/5669/5476 5680/5680/5487
f 5671/5671/5478 5680/5680/5487 5679/5679/5486
f 5680/5680/5487 5669/5669/5476 2613/2613/2441
f 5680/5680/5487 2613/2613/2441 2612/2612/2440
f 5681/5681/5488 5682/5682/5489 5683/5683/5490
f 5681/5681/5488 5683/5683/5490 5684/5684/5491
f 5682/5682/5489 5685/5685/5492 5686/5686/5493
f 5682/5682/5489 5686/5686/5493 5683/5683/5490
f 5685/5685/5492 2614/2614/2442 5687/5687/5494
f 5685/5685/5492 5687/5687/5494 5686/5686/5493
f 2614/2614/2442 2611/2611/2439 5688/5688/5495
f 2614/2614/2442 5688/5688/5495 5687/5687/5494
f 2611/2611/2439 5642/5642/5449 5689/5689/5496
f 2611/2611/2439 5689/5689/5496 5688/5688/5495
f 5689/5689/5496 5642/5642/5449 5644/5644/5451
f 5689/5689/5496 5644/5644/5451 5690/5690/5497
f 5691/5691/5498 5692/5692/5499 5682/5682/5489
f 5691/5691/5498 5682/5682/5489 5681/5681/5488
f 5685/5685/5492 5682/5682/5489 5692/5692/5499
f 5685/5685/5492 5692/5692/5499 5693/5693/5500
f 2612/2612/2440 2614/2614/2442 5685/5685/5492
f 2612/2612/2440 5685/5685/5492 5693/5693/5500
f 2616/2616/2444 5652/5652/5459 5651/5651/5458
f 2616/2616/2444 5651/5651/5458 2601/2601/2429
f 5585/5585/5392 2610/2610/2438 2613/2613/2441
f 5585/5585/5392 2613/2613/2441 2616/2616/2444
f 5651/5651/5458 5694/5694/5501 2599/2599/2427
f 5651/5651/5458 2599/2599/2427 2601/2601/2429
f 2621/2621/2449 2618/2618/2446 5695/5695/5502
f 2621/2621/2449 5695/5695/5502 5696/5696/5503
f 2618/2618/2446 5697/5697/5504 5698/5698/5505
f 2618/2618/2446 5698/5698/5505 5695/5695/5502
f 5697/5697/5504 5699/5699/5506 5656/5656/5463
f 5697/5697/5504 5656/5656/5463 5698/5698/5505
f 5697/5697/5504 2618/2618/2446 2617/2617/2445
f 5697/5697/5504 2617/2617/2445 5700/5700/5507
f 5701/5701/5508 5699/5699/5506 5697/5697/5504
f 5701/5701/5508 5697/5697/5504 5700/5700/5507
f 5702/5702/5509 5694/5694/5501 5699/5699/5506
f 5702/5702/5509 5699/5699/5506 5701/5701/5508
f 5651/5651/5458 5656/5656/5463 5699/5699/5506
f 5651/5651/5458 5699/5699/5506 5694/5694/5501
f 2602/2602/2430 2599/2599/2427 5694/5694/5501
f 2602/2602/2430 5694/5694/5501 5702/5702/5509
f 2635/2635/2463 2625/2625/2453 5703/5703/5510
f 2635/2635/2463 5703/5703/5510 5704/5704/5511
f 5705/5705/5512 5706/5706/5513 5707/5707/5514
f 5705/5705/5512 5707/5707/5514 5708/5708/5515
f 5706/5706/5513 5709/5709/5516 5710/5710/5517
f 5706/5706/5513 5710/5710/5517 5707/5707/5514
f 5711/5711/5518 5712/5712/5519 5706/5706/5513
f 5711/5711/5518 5706/5706/5513 5705/5705/5512
f 5713/5713/5520 5709/5709/5516 5706/5706/5513
f 5713/5713/5520 5706/5706/5513 5712/5712/5519
f 5709/5709/5516 5714/5714/5521 5715/5715/5522
f 5709/5709/5516 5715/5715/5522 5710/5710/5517
f 5716/5716/5523 5714/5714/5521 5709/5709/5516
f 5716/5716/5523 5709/5709/5516 5713/5713/5520
f 5717/5717/5524 5718/5718/5525 5719/5719/5526
f 5717/5717/5524 5719/5719/5526 5720/5720/5527
f 5718/5718/5525 5721/5721/5528 5722/5722/5529
f 5718/5718/5525 5722/5722/5529 5719/5719/5526
f 5721/5721/5528 2634/2634/2462 5723/5723/5530
f 5721/5721/5528 5723/5723/5530 5722/5722/5529
f 5724/5724/5531 5725/5725/5532 5718/5718/5525
f 5724/5724/5531 5718/5718/5525 5717/5717/5524
f 5726/5726/5533 5721/5721/5528 5718/5718/5525
f 5726/5726/5533 5718/5718/5525 5725/5725/5532
f 5727/5727/5534 2634/2634/2462 5721/5721/5528
f 5727/5727/5534 5721/5721/5528 5726/5726/5533
f 5728/5728/5535 5729/5729/5536 5730/5730/5537
f 5728/5728/5535 5730/5730/5537 5731/5731/5538
f 5732/5732/5539 5733/5733/5540 5729/5729/5536
f 5732/5732/5539 5729/5729/5536 5728/5728/5535
f 5729/5729/5536 5734/5734/5541 5735/5735/5542
f 5729/5729/5536 5735/5735/5542 5730/5730/5537
f 5729/5729/5536 5733/5733/5540 5736/5736/5543
f 5729/5729/5536 5736/5736/5543 5734/5734/5541
f 5737/5737/5544 2632/2632/2460 5734/5734/5541
f 5737/5737/5544 5734/5734/5541 5736/5736/5543
f 5734/5734/5541 2632/2632/2460 5738/5738/5545
f 5734/5734/5541 5738/5738/5545 5735/5735/5542
f 5739/5739/5546 5740/5740/5547 5741/5741/5548
f 5739/5739/5546 5741/5741/5548 5742/5742/5549
f 5743/5743/5550 5744/5744/5551 5741/5741/5548
f 5743/5743/5550 5741/5741/5548 5740/5740/5547
f 5745/5745/5552 5746/5746/5553 5744/5744/5551
f 5745/5745/5552 5744/5744/5551 5743/5743/5550
f 5747/5747/5554 5748/5748/5555 5740/5740/5547
f 5747/5747/5554 5740/5740/5547 5739/5739/5546
f 5749/5749/5556 5743/5743/5550 5740/5740/5547
f 5749/5749/5556 5740/5740/5547 5748/5748/5555
f 5750/5750/5557 5745/5745/5552 5743/5743/5550
f 5750/5750/5557 5743/5743/5550 5749/5749/5556
f 5751/5751/5558 5752/5752/5559 5753/5753/5560
f 5751/5751/5558 5753/5753/5560 5754/5754/5561
f 5755/5755/5562 5756/5756/5563 5753/5753/5560
f 5755/5755/5562 5753/5753/5560 5752/5752/5559
f 5752/5752/5559 5757/5757/5564 5758/5758/5565
f 5752/5752/5559 5758/5758/5565 5755/5755/5562
f 5759/5759/5566 5757/5757/5564 5752/5752/5559
f 5759/5759/5566 5752/5752/5559 5751/5751/5558
f 5757/5757/5564 2628/2628/2456 5760/5760/5567
f 5757/5757/5564 5760/5760/5567 5758/5758/5565
f 5761/5761/5568 2628/2628/2456 5757/5757/5564
f 5761/5761/5568 5757/5757/5564 5759/5759/5566
f 5762/5762/5569 5763/5763/5570 5764/5764/5571
f 5762/5762/5569 5764/5764/5571 5765/5765/5572
f 5766/5766/5573 2630/2630/2458 5764/5764/5571
f 5766/5766/5573 5764/5764/5571 5763/5763/5570
f 5760/5760/5567 2628/2628/2456 2630/2630/2458
f 5760/5760/5567 2630/2630/2458 5766/5766/5573
f 5746/5746/5553 5745/5745/5552 2628/2628/2456
f 5746/5746/5553 2628/2628/2456 5761/5761/5568
f 5715/5715/5522 5714/5714/5521 5745/5745/5552
f 5715/5715/5522 5745/5745/5552 5750/5750/5557
f 2634/2634/2462 5714/5714/5521 5716/5716/5523
f 2634/2634/2462 5716/5716/5523 5723/5723/5530
f 5738/5738/5545 2632/2632/2460 2634/2634/2462
f 5738/5738/5545 2634/2634/2462 5727/5727/5534
f 5767/5767/5574 5768/5768/5575 5769/5769/5576
f 5767/5767/5574 5769/5769/5576 5770/5770/5577
f 5768/5768/5575 5771/5771/5578 5772/5772/5579
f 5768/5768/5575 5772/5772/5579 5769/5769/5576
f 5768/5768/5575 5773/5773/5580 5774/5774/5581
f 5768/5768/5575 5774/5774/5581 5771/5771/5578
f 5773/5773/5580 5775/5775/5582 5776/5776/5583
f 5773/5773/5580 5776/5776/5583 5774/5774/5581
f 5775/5775/5582 2631/2631/2459 5777/5777/5584
f 5775/5775/5582 5777/5777/5584 5776/5776/5583
f 5775/5775/5582 5778/5778/5585 5779/5779/5586
f 5775/5775/5582 5779/5779/5586 2631/2631/2459
f 5775/5775/5582 5773/5773/5580 5780/5780/5587
f 5775/5775/5582 5780/5780/5587 5778/5778/5585
f 5773/5773/5580 5768/5768/5575 5767/5767/5574
f 5773/5773/5580 5767/5767/5574 5780/5780/5587
f 2622/2622/2450 5781/5781/5588 5782/5782/5589
f 2622/2622/2450 5782/5782/5589 2623/2623/2451
f 5781/5781/5588 5783/5783/5590 5784/5784/5591
f 5781/5781/5588 5784/5784/5591 5782/5782/5589
f 5783/5783/5590 5785/5785/5592 5786/5786/5593
f 5783/5783/5590 5786/5786/5593 5784/5784/5591
f 5783/5783/5590 5787/5787/5594 5788/5788/5595
f 5783/5783/5590 5788/5788/5595 5785/5785/5592
f 5783/5783/5590 5781/5781/5588 5789/5789/5596
f 5783/5783/5590 5789/5789/5596 5787/5787/5594
f 5781/5781/5588 2622/2622/2450 5790/5790/5597
f 5781/5781/5588 5790/5790/5597 5789/5789/5596
f 5791/5791/5598 5792/5792/5599 5793/5793/5600
f 5791/5791/5598 5793/5793/5600 5794/5794/5601
f 5792/5792/5599 5795/5795/5602 5796/5796/5603
f 5792/5792/5599 5796/5796/5603 5793/5793/5600
f 5797/5797/5604 5798/5798/5605 5792/5792/5599
f 5797/5797/5604 5792/5792/5599 5791/5791/5598
f 5799/5799/5606 5795/5795/5602 5792/5792/5599
f 5799/5799/5606 5792/5792/5599 5798/5798/5605
f 5798/5798/5605 5800/5800/5607 5801/5801/5608
f 5798/5798/5605 5801/5801/5608 5799/5799/5606
f 5802/5802/5609 5800/5800/5607 5798/5798/5605
f 5802/5802/5609 5798/5798/5605 5797/5797/5604
f 5800/5800/5607 5803/5803/5610 5804/5804/5611
f 5800/5800/5607 5804/5804/5611 5801/5801/5608
f 5805/5805/5612 5803/5803/5610 5800/5800/5607
f 5805/5805/5612 5800/5800/5607 5802/5802/5609
f 5806/5806/5613 5807/5807/5614 5808/5808/5615
f 5806/5806/5613 5808/5808/5615 5809/5809/5616
f 5807/5807/5614 5810/5810/5617 5811/5811/5618
f 5807/5807/5614 5811/5811/5618 5808/5808/5615
f 5807/5807/5614 5812/5812/5619 5813/5813/5620
f 5807/5807/5614 5813/5813/5620 5810/5810/5617
f 5814/5814/5621 5812/5812/5619 5807/5807/5614
f 5814/5814/5621 5807/5807/5614 5806/5806/5613
f 5815/5815/5622 5704/5704/5511 5812/5812/5619
f 5815/5815/5622 5812/5812/5619 5814/5814/5621
f 5812/5812/5619 5704/5704/5511 5816/5816/5623
f 5812/5812/5619 5816/5816/5623 5813/5813/5620
f 5817/5817/5624 5818/5818/5625 5819/5819/5626
f 5817/5817/5624 5819/5819/5626 5820/5820/5627
f 5821/5821/5628 5822/5822/5629 5818/5818/5625
f 5821/5821/5628 5818/5818/5625 5817/5817/5624
f 5823/5823/5630 5703/5703/5510 5822/5822/5629
f 5823/5823/5630 5822/5822/5629 5821/5821/5628
f 5824/5824/5631 5825/5825/5632 5822/5822/5629
f 5824/5824/5631 5822/5822/5629 5703/5703/5510
f 5826/5826/5633 5818/5818/5625 5822/5822/5629
f 5826/5826/5633 5822/5822/5629 5825/5825/5632
f 5827/5827/5634 5819/5819/5626 5818/5818/5625
f 5827/5827/5634 5818/5818/5625 5826/5826/5633
f 5803/5803/5610 5805/5805/5612 5790/5790/5597
f 5803/5803/5610 5790/5790/5597 2622/2622/2450
f 5704/5704/5511 5815/5815/5622 5804/5804/5611
f 5704/5704/5511 5804/5804/5611 5803/5803/5610
f 5703/5703/5510 5823/5823/5630 5816/5816/5623
f 5703/5703/5510 5816/5816/5623 5704/5704/5511
f 5764/5764/5571 5828/5828/5635 5829/5829/5636
f 5764/5764/5571 5829/5829/5636 5765/5765/5572
f 5764/5764/5571 2630/2630/2458 5830/5830/5637
f 5764/5764/5571 5830/5830/5637 5828/5828/5635
f 2630/2630/2458 2631/2631/2459 5779/5779/5586
f 2630/2630/2458 5779/5779/5586 5830/5830/5637
f 5703/5703/5510 2625/2625/2453 2627/2627/2455
f 5703/5703/5510 2627/2627/2455 5824/5824/5631
f 5831/5831/5638 2633/2633/2461 2632/2632/2460
f 5831/5831/5638 2632/2632/2460 5737/5737/5544
f 2633/2633/2461 5831/5831/5638 2626/2626/2454
f 2633/2633/2461 2626/2626/2454 2625/2625/2453
f 2628/2628/2456 5745/5745/5552 5832/5832/5639
f 2628/2628/2456 5832/5832/5639 2629/2629/2457
f 5745/5745/5552 5714/5714/5521 5833/5833/5640
f 5745/5745/5552 5833/5833/5640 5832/5832/5639
f 5803/5803/5610 2622/2622/2450 5832/5832/5639
f 5803/5803/5610 5832/5832/5639 5833/5833/5640
f 5714/5714/5521 2634/2634/2462 2635/2635/2463
f 5714/5714/5521 2635/2635/2463 5833/5833/5640
f 5704/5704/5511 5803/5803/5610 5833/5833/5640
f 5704/5704/5511 5833/5833/5640 2635/2635/2463
f 2624/2624/2452 2623/2623/2451 5777/5777/5584
f 2624/2624/2452 5777/5777/5584 2631/2631/2459
f 2887/2887/2715 2097/2097/1927 2095/2095/1925
f 2097/2097/1927 2887/2887/2715 2090/2090/1920
f 2090/2090/1920 2887/2887/2715 2088/2088/1918
f 3161/3161/2982 2158/2158/1987 2156/2156/1985
f 2158/2158/1987 3161/3161/2982 2151/2151/1980
f 2151/2151/1980 3161/3161/2982 2149/2149/1978
f 2165/2165/1994 3292/3292/3113 2163/2163/1992
f 3292/3292/3113 2165/2165/1994 2170/2170/1999
f 2170/2170/1999 2165/2165/1994 2172/2172/2001
f 2271/2271/2100 3895/3895/3716 2269/2269/2098
f 3895/3895/3716 2271/2271/2100 2278/2278/2107
f 3895/3895/3716 2278/2278/2107 2276/2276/2105
f 4026/4026/3847 2292/2292/2121 2290/2290/2119
f 2292/2292/2121 4026/4026/3847 2285/2285/2114
f 2285/2285/2114 4026/4026/3847 2283/2283/2112
f 2297/2297/2126 2304/2304/2133 4157/4157/3978
f 2304/2304/2133 2297/2297/2126 2299/2299/2128
f 2304/2304/2133 2299/2299/2128 2306/2306/2135
f 2316/2316/2145 4284/4284/4105 2314/2314/2143
f 4284/4284/4105 2316/2316/2145 2323/2323/2152
f 4284/4284/4105 2323/2323/2152 2321/2321/2150
f 2470/2470/2298 4938/4938/4751 2468/2468/2296
f 4938/4938/4751 2470/2470/2298 2475/2475/2303
f 2475/2475/2303 2470/2470/2298 2477/2477/2305
f 5191/5191/5004 2510/2510/2338 2508/2508/2336
f 2510/2510/2338 5191/5191/5004 2503/2503/2331
f 2503/2503/2331 5191/5191/5004 2501/2501/2329
f 2540/2540/2368 5440/5440/5253 2538/2538/2366
f 5440/5440/5253 2540/2540/2368 2545/2545/2373
f 2545/2545/2373 2540/2540/2368 2547/2547/2375
f 5832/5832/5639 2631/2631/2459 2629/2629/2457
f 2631/2631/2459 5832/5832/5639 2624/2624/2452
f 2624/2624/2452 5832/5832/5639 2622/2622/2450
o Stand_Mat_0
v 0.013366 0.054284 -0.159867
v 0.013366 -0.168748 -0.129681
v 0.013366 0.054284 -0.179019
v 0.013366 -0.521784 -0.159864
v 0.013366 -0.521784 -0.179019
v 0.013366 -0.214547 -0.129681
v -0.013366 -0.521784 -0.159864
v -0.013366 -0.214547 -0.129681
v -0.013366 -0.521784 -0.179019
v -0.013366 0.054284 -0.159867
v -0.013366 0.054284 -0.179019
v -0.013366 -0.168748 -0.129681
v 0.159867 0.054284 0.013366
v 0.129681 -0.168748 0.013366
v 0.179019 0.054284 0.013366
v 0.159864 -0.521784 0.013366
v 0.179019 -0.521784 0.013366
v 0.129681 -0.214547 0.013366
v 0.159864 -0.521784 -0.013366
v 0.129681 -0.214547 -0.013366
v 0.179019 -0.521784 -0.013366
v 0.159867 0.054284 -0.013366
v 0.179019 0.054284 -0.013366
v 0.129681 -0.168748 -0.013366
v -0.159867 0.054284 0.013366
v -0.179019 0.054284 0.013366
v -0.129681 -0.168748 0.013366
v -0.159864 -0.521784 0.013366
v -0.129681 -0.214547 0.013366
v -0.179019 -0.521784 0.013366
v -0.159864 -0.521784 -0.013366
v -0.179019 -0.521784 -0.013366
v -0.129681 -0.214547 -0.013366
v -0.159867 0.054284 -0.013366
v -0.129681 -0.168748 -0.013366
v -0.179019 0.054284 -0.013366
v -0.013366 0.054284 0.159867
v -0.013366 -0.168748 0.129681
v -0.013366 0.054284 0.179019
v -0.013366 -0.521784 0.159864
v -0.013366 -0.521784 0.179019
v -0.013366 -0.214547 0.129681
v 0.013366 -0.521784 0.159864
v 0.013366 -0.214547 0.129681
v 0.013366 -0.521784 0.179019
v 0.013366 0.054284 0.159867
v 0.013366 0.054284 0.179019
v 0.013366 -0.168748 0.129681
v 0.006683 -0.166383 -0.013216
v 0.006683 -0.166383 -0.006540
v 0.013366 -0.168748 -0.013497
v 0.006683 -0.166383 0.012953
v 0.013366 -0.168748 0.013226
v 0.006683 -0.166383 0.006624
v -0.006683 -0.166383 0.012953
v -0.006683 -0.166383 0.006624
v -0.013366 -0.168748 0.013226
v -0.006683 -0.166383 -0.013216
v -0.013366 -0.168748 -0.013497
v -0.006683 -0.166383 -0.006540
v -0.013366 -0.214547 -0.013497
v -0.006683 -0.219087 -0.013159
v -0.006683 -0.219087 -0.006512
v -0.006683 -0.219087 0.006596
v -0.006683 -0.219087 0.012899
v -0.013366 -0.214547 0.013226
v 0.006683 -0.219087 -0.006512
v 0.006683 -0.219087 -0.013159
v 0.013366 -0.214547 -0.013497
v 0.013366 -0.214547 0.013226
v 0.006683 -0.219087 0.012899
v 0.006683 -0.219087 0.006596
v -0.186331 0.054284 0.000000
v -0.184242 0.054284 0.006683
v -0.157182 0.054284 0.006683
v -0.155570 0.054284 0.000000
v -0.156639 -0.521784 0.006683
v -0.126456 -0.219087 0.006683
v -0.129681 -0.214547 0.013366
v -0.159864 -0.521784 0.013366
v -0.006683 0.054284 -0.184242
v -0.000000 0.054284 -0.186331
v -0.000000 -0.521784 -0.186331
v -0.006683 -0.521784 -0.184242
v -0.126996 -0.166383 -0.006683
v -0.129681 -0.168748 -0.013366
v -0.159867 0.054284 -0.013366
v -0.157182 0.054284 -0.006683
v 0.006683 -0.521784 -0.184242
v 0.006683 0.054284 -0.184242
v -0.006683 -0.166383 -0.126996
v -0.006683 0.054284 -0.157182
v -0.013366 0.054284 -0.159867
v -0.013366 -0.168748 -0.129681
v 0.006683 0.054284 -0.184242
v 0.006683 0.054284 -0.157182
v 0.013366 0.054284 -0.159867
v 0.013366 0.054284 -0.179019
v 0.006683 -0.521784 -0.156639
v 0.006683 -0.521784 -0.184242
v 0.013366 -0.521784 -0.179019
v 0.013366 -0.521784 -0.159864
v -0.184242 0.054284 -0.006683
v -0.179019 0.054284 -0.013366
v -0.179019 -0.521784 -0.013366
v -0.184242 -0.521784 -0.006683
v -0.129681 -0.214547 -0.013366
v -0.126456 -0.219087 -0.006683
v -0.156639 -0.521784 -0.006683
v -0.159864 -0.521784 -0.013366
v -0.184242 0.054284 -0.006683
v -0.157182 0.054284 -0.006683
v 0.013366 0.054284 -0.179019
v 0.013366 -0.521784 -0.179019
v 0.006683 -0.166383 -0.126996
v 0.013366 -0.168748 -0.129681
v 0.013366 0.054284 -0.159867
v 0.006683 0.054284 -0.157182
v -0.006683 -0.521784 -0.156639
v -0.006683 -0.219087 -0.126456
v -0.013366 -0.214547 -0.129681
v -0.013366 -0.521784 -0.159864
v -0.156639 -0.521784 -0.006683
v -0.184242 -0.521784 -0.006683
v -0.179019 -0.521784 -0.013366
v -0.159864 -0.521784 -0.013366
v -0.159867 0.054284 -0.013366
v -0.179019 0.054284 -0.013366
v -0.126996 -0.166383 0.006683
v -0.157182 0.054284 0.006683
v -0.159867 0.054284 0.013366
v -0.129681 -0.168748 0.013366
v -0.000000 0.054284 -0.186331
v -0.006683 0.054284 -0.184242
v -0.006683 0.054284 -0.157182
v 0.000000 0.054284 -0.155570
v -0.156639 -0.521784 0.006683
v -0.159864 -0.521784 0.013366
v -0.179019 -0.521784 0.013366
v -0.184242 -0.521784 0.006683
v 0.013366 -0.214547 -0.129681
v 0.006683 -0.219087 -0.126456
v 0.006683 -0.521784 -0.156639
v 0.013366 -0.521784 -0.159864
v 0.000000 -0.521784 -0.155129
v -0.000000 -0.521784 -0.186331
v -0.006683 -0.521784 -0.156639
v -0.006683 -0.521784 -0.184242
v 0.000000 -0.166472 -0.125384
v 0.000000 0.054284 -0.155570
v -0.155129 -0.521784 0.000000
v -0.124944 -0.220143 0.000000
v -0.186331 -0.521784 0.000000
v -0.186331 0.054284 0.000000
v -0.013366 0.054284 -0.179019
v -0.013366 0.054284 -0.159867
v -0.013366 -0.521784 -0.179019
v -0.013366 0.054284 -0.179019
v 0.000000 -0.220143 -0.124944
v 0.000000 -0.521784 -0.155129
v -0.013366 -0.521784 -0.159864
v -0.013366 -0.521784 -0.179019
v -0.184242 0.054284 0.006683
v -0.184242 -0.521784 0.006683
v 0.184242 0.054284 -0.006683
v 0.186331 0.054284 0.000000
v 0.186331 -0.521784 0.000000
v 0.184242 -0.521784 -0.006683
v 0.184242 -0.521784 0.006683
v 0.184242 0.054284 0.006683
v 0.126996 -0.166383 -0.006683
v 0.157182 0.054284 -0.006683
v 0.159867 0.054284 -0.013366
v 0.129681 -0.168748 -0.013366
v 0.184242 0.054284 0.006683
v 0.157182 0.054284 0.006683
v 0.159867 0.054284 0.013366
v 0.179019 0.054284 0.013366
v 0.156639 -0.521784 0.006683
v 0.184242 -0.521784 0.006683
v 0.179019 -0.521784 0.013366
v 0.159864 -0.521784 0.013366
v -0.179019 -0.521784 0.013366
v -0.179019 0.054284 0.013366
v 0.179019 0.054284 0.013366
v 0.179019 -0.521784 0.013366
v 0.126996 -0.166383 0.006683
v 0.129681 -0.168748 0.013366
v 0.159867 0.054284 0.013366
v 0.157182 0.054284 0.006683
v 0.156639 -0.521784 -0.006683
v 0.126456 -0.219087 -0.006683
v 0.129681 -0.214547 -0.013366
v 0.159864 -0.521784 -0.013366
v 0.006683 -0.521784 0.156639
v 0.013366 -0.521784 0.159864
v 0.013366 -0.521784 0.179019
v 0.006683 -0.521784 0.184242
v 0.006683 -0.521784 0.156639
v 0.000000 -0.521784 0.155129
v 0.000000 -0.220143 0.124944
v 0.006683 -0.219087 0.126456
v 0.186331 0.054284 0.000000
v 0.184242 0.054284 -0.006683
v 0.157182 0.054284 -0.006683
v 0.155570 0.054284 0.000000
v -0.179019 0.054284 0.013366
v -0.159867 0.054284 0.013366
v 0.129681 -0.214547 0.013366
v 0.126456 -0.219087 0.006683
v 0.156639 -0.521784 0.006683
v 0.159864 -0.521784 0.013366
v 0.155129 -0.521784 0.000000
v 0.186331 -0.521784 0.000000
v 0.156639 -0.521784 -0.006683
v 0.184242 -0.521784 -0.006683
v 0.125384 -0.166472 0.000000
v 0.155570 0.054284 0.000000
v -0.125384 -0.166472 0.000000
v -0.155570 0.054284 0.000000
v -0.006683 -0.219087 0.126456
v -0.006683 -0.521784 0.156639
v 0.179019 0.054284 -0.013366
v 0.159867 0.054284 -0.013366
v 0.179019 -0.521784 -0.013366
v 0.179019 0.054284 -0.013366
v 0.124944 -0.220143 0.000000
v 0.155129 -0.521784 0.000000
v 0.159864 -0.521784 -0.013366
v 0.179019 -0.521784 -0.013366
v 0.006683 -0.521784 0.184242
v 0.013366 -0.521784 0.179019
v 0.013366 0.054284 0.179019
v 0.006683 0.054284 0.184242
v 0.006683 0.054284 0.184242
v 0.013366 0.054284 0.179019
v 0.013366 0.054284 0.159867
v 0.006683 0.054284 0.157182
v 0.000000 0.054284 0.186331
v 0.000000 -0.521784 0.186331
v 0.006683 -0.166383 0.126996
v 0.000000 -0.166472 0.125384
v 0.000000 0.054284 0.155570
v 0.006683 0.054284 0.157182
v -0.006683 -0.521784 0.184242
v -0.006683 0.054284 0.184242
v 0.013366 0.054284 0.159867
v 0.013366 -0.168748 0.129681
v -0.006683 0.054284 0.184242
v -0.006683 0.054284 0.157182
v -0.013366 0.054284 0.159867
v -0.013366 0.054284 0.179019
v -0.006683 -0.521784 0.156639
v -0.006683 -0.521784 0.184242
v -0.013366 -0.521784 0.179019
v -0.013366 -0.521784 0.159864
v -0.155129 -0.521784 0.000000
v -0.186331 -0.521784 0.000000
v -0.006683 -0.166383 0.126996
v -0.006683 0.054284 0.157182
v 0.000000 -0.521784 0.155129
v 0.000000 -0.521784 0.186331
v -0.013366 0.054284 0.179019
v -0.013366 -0.521784 0.179019
v -0.013366 -0.168748 0.129681
v -0.013366 0.054284 0.159867
v 0.013366 -0.214547 0.129681
v 0.013366 -0.521784 0.159864
v 0.000000 0.054284 0.186331
v 0.000000 0.054284 0.155570
v -0.013366 -0.214547 0.129681
v -0.013366 -0.521784 0.159864
v 0.000000 -0.220315 0.000055
v 0.000000 -0.220306 -0.006431
v 0.006683 -0.219087 0.000057
v 0.013366 -0.214547 0.129681
v 0.006683 -0.219087 0.126456
v 0.000000 -0.166208 -0.013047
v 0.006683 -0.166383 -0.126996
v 0.000000 -0.166472 -0.125384
v 0.006683 -0.219087 -0.126456
v 0.013366 -0.214547 -0.129681
v 0.000000 -0.220297 -0.012999
v -0.006683 -0.219087 -0.126456
v 0.000000 -0.220143 -0.124944
v 0.013366 -0.168748 -0.129681
v -0.013366 -0.168748 -0.013497
v -0.013366 -0.214547 -0.013497
v -0.006683 -0.166383 -0.126996
v 0.124944 -0.220143 0.000000
v 0.126456 -0.219087 0.006683
v 0.129681 -0.214547 -0.013366
v 0.126456 -0.219087 -0.006683
v 0.006683 -0.166383 0.000057
v 0.126996 -0.166383 0.006683
v 0.125384 -0.166472 0.000000
v 0.129681 -0.214547 0.013366
v 0.129681 -0.168748 0.013366
v 0.013366 -0.168748 -0.013497
v 0.013366 -0.214547 -0.013497
v 0.126996 -0.166383 -0.006683
v 0.129681 -0.168748 -0.013366
v 0.013366 -0.168748 -0.013497
v 0.013366 -0.214547 0.013226
v 0.013366 -0.168748 0.013226
v 0.000000 -0.220306 0.006516
v -0.006683 -0.219087 0.000057
v 0.000000 -0.166207 0.012790
v 0.000000 -0.166193 0.006541
v -0.006683 -0.166383 0.126996
v 0.000000 -0.166472 0.125384
v -0.006683 -0.219087 0.126456
v -0.013366 -0.214547 0.129681
v 0.000000 -0.220298 0.012743
v 0.000000 -0.220143 0.124944
v -0.006683 -0.166383 0.000057
v -0.125384 -0.166472 0.000000
v -0.126996 -0.166383 0.006683
v -0.013366 -0.168748 0.129681
v 0.013366 -0.214547 -0.013497
v 0.013366 -0.168748 -0.013497
v -0.013366 -0.168748 -0.129681
v -0.013366 -0.214547 -0.129681
v 0.006683 -0.166383 0.126996
v -0.124944 -0.220143 0.000000
v -0.126456 -0.219087 -0.006683
v -0.129681 -0.214547 0.013366
v -0.126456 -0.219087 0.006683
v -0.126996 -0.166383 -0.006683
v -0.129681 -0.214547 -0.013366
v -0.013366 -0.168748 -0.013497
v -0.129681 -0.168748 -0.013366
v -0.013366 -0.168748 0.013226
v -0.013366 -0.214547 0.013226
v -0.129681 -0.168748 0.013366
v -0.013366 -0.168748 0.013226
v -0.013366 -0.214547 -0.013497
v -0.013366 -0.168748 -0.013497
v -0.013366 -0.214547 0.013226
v -0.013366 -0.168748 0.013226
v 0.000000 -0.166193 -0.006456
v 0.000000 -0.166177 0.000057
v 0.013366 -0.168748 0.129681
v 0.013366 -0.168748 0.013226
v 0.013366 -0.214547 0.013226
vt 0.242855 0.972791
vt 0.237369 0.974507
vt 0.237369 0.996723
vt 0.242861 0.998047
vt 0.304817 0.974504
vt 0.304826 0.996720
vt 0.310312 0.994514
vt 0.310306 0.978790
vt 0.191872 0.973670
vt 0.191872 0.996332
vt 0.197359 0.992043
vt 0.197359 0.976317
vt 0.248343 0.974504
vt 0.248352 0.996720
vt 0.209132 0.996807
vt 0.209132 0.974145
vt 0.203645 0.978433
vt 0.203645 0.994159
vt 0.253838 0.994514
vt 0.253832 0.978790
vt 0.299329 0.972791
vt 0.293843 0.974507
vt 0.293843 0.996723
vt 0.299335 0.998047
vt 0.220109 0.996805
vt 0.225596 0.994157
vt 0.225593 0.978431
vt 0.220106 0.974143
vt 0.186383 0.972430
vt 0.186385 0.998047
vt 0.180895 0.973671
vt 0.180898 0.996333
vt 0.288356 0.978796
vt 0.288356 0.994519
vt 0.175408 0.976319
vt 0.175411 0.992045
vt 0.333054 0.974504
vt 0.333063 0.996720
vt 0.338549 0.994514
vt 0.338542 0.978790
vt 0.046654 0.973670
vt 0.046654 0.996332
vt 0.052141 0.992043
vt 0.052141 0.976317
vt 0.063913 0.973671
vt 0.058427 0.976319
vt 0.058429 0.992045
vt 0.063917 0.996333
vt 0.327566 0.972791
vt 0.322080 0.974507
vt 0.322080 0.996723
vt 0.327572 0.998047
vt 0.231882 0.978796
vt 0.231882 0.994519
vt 0.041165 0.972430
vt 0.041167 0.998047
vt 0.035677 0.973671
vt 0.035680 0.996333
vt 0.316593 0.978796
vt 0.316593 0.994519
vt 0.030190 0.976319
vt 0.030192 0.992045
vt 0.265606 0.974507
vt 0.260119 0.978796
vt 0.260119 0.994519
vt 0.265606 0.996723
vt 0.276580 0.974504
vt 0.276589 0.996720
vt 0.282075 0.994514
vt 0.282069 0.978790
vt 0.074891 0.973670
vt 0.074891 0.996332
vt 0.080377 0.992043
vt 0.080377 0.976317
vt 0.214621 0.998047
vt 0.214619 0.972430
vt 0.069402 0.972430
vt 0.069404 0.998047
vt 0.271092 0.972791
vt 0.271098 0.998047
vt 0.352051 0.046618
vt 0.327269 0.229848
vt 0.367775 0.046618
vt 0.352049 0.519761
vt 0.367775 0.519761
vt 0.327269 0.267449
vt 0.896617 0.132742
vt 0.871837 0.385054
vt 0.912344 0.132742
vt 0.896620 0.605884
vt 0.912344 0.605884
vt 0.871837 0.422655
vt 0.723272 0.301719
vt 0.698489 0.484949
vt 0.738996 0.301719
vt 0.723270 0.774862
vt 0.738996 0.774862
vt 0.698489 0.522550
vt 0.864454 0.524904
vt 0.839674 0.777216
vt 0.880180 0.524904
vt 0.864456 0.998047
vt 0.880180 0.998047
vt 0.839674 0.814817
vt 0.400565 0.742946
vt 0.416288 0.742946
vt 0.375782 0.559716
vt 0.400562 0.269803
vt 0.375782 0.522115
vt 0.416288 0.269803
vt 0.437199 0.225138
vt 0.421473 0.225138
vt 0.461979 0.477450
vt 0.437196 0.698281
vt 0.461979 0.515051
vt 0.421473 0.698281
vt 0.618719 0.998047
vt 0.643502 0.814817
vt 0.602995 0.998047
vt 0.618722 0.524904
vt 0.602995 0.524904
vt 0.643502 0.777216
vt 0.582200 0.318256
vt 0.557420 0.570568
vt 0.597926 0.318256
vt 0.582203 0.791399
vt 0.597926 0.791399
vt 0.557420 0.608169
vt 0.888584 0.100876
vt 0.892466 0.096721
vt 0.884278 0.097007
vt 0.904093 0.085396
vt 0.900224 0.081091
vt 0.900115 0.089082
vt 0.911816 0.093130
vt 0.908131 0.097089
vt 0.916120 0.097000
vt 0.896305 0.108607
vt 0.900172 0.112914
vt 0.900478 0.104725
vt 0.714982 0.912903
vt 0.719976 0.917088
vt 0.723852 0.912295
vt 0.731495 0.904695
vt 0.736163 0.901017
vt 0.731997 0.896008
vt 0.732578 0.921012
vt 0.727720 0.924880
vt 0.731892 0.929881
vt 0.748915 0.912993
vt 0.743913 0.908815
vt 0.740228 0.913419
vt 0.952342 0.522283
vt 0.952130 0.272466
vt 0.945872 0.269025
vt 0.946256 0.522551
vt 0.762641 0.301719
vt 0.756892 0.301719
vt 0.756892 0.774862
vt 0.762641 0.774862
vt 0.657410 0.591587
vt 0.651401 0.589965
vt 0.651616 0.774863
vt 0.657522 0.774561
vt 0.751144 0.774862
vt 0.751144 0.301719
vt 0.007960 0.996418
vt 0.007859 0.813444
vt 0.001953 0.813149
vt 0.001953 0.998047
vt 0.924599 0.524904
vt 0.917635 0.524904
vt 0.917635 0.998047
vt 0.924599 0.998047
vt 0.969671 0.269007
vt 0.963418 0.272458
vt 0.963584 0.522274
vt 0.969671 0.522533
vt 0.744180 0.301719
vt 0.744180 0.774862
vt 0.019238 0.996412
vt 0.025247 0.998033
vt 0.025032 0.813135
vt 0.019126 0.813438
vt 0.924105 0.522283
vt 0.923893 0.272466
vt 0.917635 0.269025
vt 0.918019 0.522551
vt 0.668688 0.591580
vt 0.668789 0.774554
vt 0.674695 0.774850
vt 0.674695 0.589952
vt 0.941434 0.269007
vt 0.935181 0.272458
vt 0.935347 0.522274
vt 0.941434 0.522533
vt 0.013599 0.996667
vt 0.013493 0.813860
vt 0.957963 0.522014
vt 0.957774 0.273201
vt 0.930348 0.998047
vt 0.930348 0.524904
vt 0.769605 0.774862
vt 0.769605 0.301719
vt 0.929538 0.273201
vt 0.929726 0.522014
vt 0.936096 0.524904
vt 0.936096 0.998047
vt 0.968367 0.524904
vt 0.962618 0.524904
vt 0.962618 0.998047
vt 0.968367 0.998047
vt 0.956870 0.998047
vt 0.956870 0.524904
vt 0.326633 0.808494
vt 0.326532 0.625520
vt 0.320627 0.625224
vt 0.320627 0.810122
vt 0.943060 0.998047
vt 0.943060 0.524904
vt 0.949906 0.524904
vt 0.949906 0.998047
vt 0.337911 0.808487
vt 0.343920 0.810109
vt 0.343705 0.625211
vt 0.337800 0.625513
vt 0.811158 0.774595
vt 0.810946 0.524778
vt 0.804687 0.521337
vt 0.805072 0.774863
vt 0.793779 0.521595
vt 0.788158 0.521863
vt 0.788347 0.770677
vt 0.793991 0.771411
vt 0.828486 0.521319
vt 0.822233 0.524770
vt 0.822400 0.774586
vt 0.828486 0.774845
vt 0.332272 0.808742
vt 0.332166 0.625935
vt 0.663049 0.591332
vt 0.663155 0.774139
vt 0.782704 0.771420
vt 0.782537 0.521603
vt 0.975331 0.998047
vt 0.975331 0.524904
vt 0.816590 0.525513
vt 0.816779 0.774326
vt 0.476843 0.001953
vt 0.469879 0.001953
vt 0.469879 0.475096
vt 0.476843 0.475096
vt 0.482591 0.475096
vt 0.482591 0.001953
vt 0.309676 0.579268
vt 0.304037 0.579020
vt 0.304143 0.761827
vt 0.309778 0.762242
vt 0.488340 0.001953
vt 0.488340 0.475096
vt 0.315683 0.762538
vt 0.315683 0.577640
vt 0.298398 0.579275
vt 0.298510 0.762249
vt 0.495304 0.475096
vt 0.495304 0.001953
vt 0.292390 0.577653
vt 0.292605 0.762551
vt 0.800249 0.774853
vt 0.799865 0.521327
vt 0.776451 0.774871
vt 0.776451 0.521345
vt 0.732051 0.912843
vt 0.728126 0.916695
vt 0.736372 0.917170
vt 0.816671 0.845779
vt 0.810117 0.842954
vt 0.892558 0.104629
vt 0.822459 0.166899
vt 0.827272 0.169845
vt 0.661752 0.990652
vt 0.664550 0.997218
vt 0.723997 0.920841
vt 0.653921 0.982788
vt 0.658716 0.985844
vt 0.816789 0.164334
vt 0.776451 0.422655
vt 0.776451 0.385054
vt 0.830211 0.174661
vt 0.805146 0.986699
vt 0.809965 0.983688
vt 0.799263 0.998047
vt 0.802087 0.991488
vt 0.896311 0.092904
vt 0.830226 0.019009
vt 0.827283 0.023822
vt 0.816552 0.980932
vt 0.832789 0.013337
vt 0.744180 0.814817
vt 0.744180 0.777216
vt 0.822465 0.026757
vt 0.816789 0.029311
vt 0.884278 0.097007
vt 0.602995 0.522550
vt 0.602995 0.484949
vt 0.735966 0.909003
vt 0.727722 0.908524
vt 0.907843 0.089373
vt 0.904121 0.093103
vt 0.978091 0.026951
vt 0.973279 0.024006
vt 0.802287 0.835092
vt 0.799489 0.828526
vt 0.739891 0.905058
vt 0.805322 0.839899
vt 0.904301 0.100887
vt 0.973223 0.170074
vt 0.978043 0.167142
vt 0.983762 0.029516
vt 0.231882 0.267449
vt 0.231882 0.229848
vt 0.832770 0.180334
vt 0.647368 0.979963
vt 0.970340 0.019190
vt 0.658763 0.839179
vt 0.653950 0.842197
vt 0.664625 0.827820
vt 0.661813 0.834385
vt 0.970278 0.174886
vt 0.647368 0.844966
vt 0.900172 0.112914
vt 0.967711 0.180556
vt 0.280288 0.559716
vt 0.280288 0.522115
vt 0.983721 0.164592
vt 0.916120 0.097000
vt 0.557473 0.477450
vt 0.557473 0.515051
vt 0.739111 0.777216
vt 0.739111 0.814817
vt 0.896480 0.100700
vt 0.900308 0.096894
vt 0.967781 0.013516
vt 0.461811 0.608169
vt 0.461811 0.570568
vn 0.0000 1.0000 0.0000
vn 0.0000 -1.0000 0.0000
vn 1.0000 0.0000 0.0000
vn 0.9575 -0.0001 -0.2884
vn 0.9575 0.0000 -0.2884
vn 0.9741 -0.2262 0.0000
vn -1.0000 0.0000 0.0000
vn -0.9741 -0.2262 0.0000
vn -0.9575 0.0001 -0.2884
vn -0.9575 -0.0000 -0.2884
vn 0.0000 0.0000 1.0000
vn -0.0004 0.0000 1.0000
vn 0.2884 -0.0000 0.9575
vn -0.0005 -0.2258 0.9742
vn 0.0000 0.0000 -1.0000
vn 0.0004 0.0000 -1.0000
vn 0.2884 0.0000 -0.9575
vn -0.2884 -0.0000 0.9575
vn 0.0004 0.0000 1.0000
vn 0.0005 -0.2258 0.9742
vn -0.2884 0.0000 -0.9575
vn -0.0004 0.0000 -1.0000
vn -0.9575 -0.0000 0.2884
vn 0.9575 0.0000 0.2884
vn 0.1775 0.9841 -0.0006
vn 0.0796 0.9947 -0.0658
vn 0.3336 0.9427 0.0000
vn 0.1775 0.9841 0.0006
vn 0.2280 0.9669 0.1148
vn 0.0796 0.9945 0.0675
vn -0.1775 0.9841 0.0006
vn -0.0795 0.9945 0.0674
vn -0.3336 0.9427 0.0000
vn -0.1775 0.9841 -0.0006
vn -0.0796 0.9947 -0.0659
vn -0.6402 -0.7498 -0.1668
vn -0.3758 -0.9267 -0.0003
vn -0.1926 -0.9722 -0.1331
vn -0.1927 -0.9719 0.1354
vn -0.3758 -0.9267 0.0003
vn -0.5863 -0.6853 0.4320
vn 0.1926 -0.9722 -0.1331
vn 0.3758 -0.9267 -0.0003
vn 0.6402 -0.7498 -0.1668
vn 0.5863 -0.6853 0.4320
vn 0.3758 -0.9267 0.0003
vn 0.1927 -0.9719 0.1354
vn 0.9343 -0.0929 0.3442
vn 0.8855 -0.0876 0.4564
vn -0.4646 0.0000 -0.8855
vn 0.9416 0.1285 -0.3112
vn 0.9130 0.1242 -0.3886
vn 0.4646 0.0000 -0.8855
vn -0.3112 0.1285 0.9416
vn -0.3111 0.1285 0.9416
vn -0.3886 0.1242 0.9130
vn -0.8855 0.0000 -0.4646
vn 0.8855 -0.0876 -0.4564
vn 0.9343 -0.0929 -0.3442
vn 0.9343 -0.0931 -0.3442
vn 0.3112 0.1285 0.9416
vn 0.3886 0.1242 0.9130
vn -0.3442 -0.0929 0.9343
vn -0.4564 -0.0876 0.8855
vn 0.9416 0.1285 0.3112
vn 0.9416 0.1285 0.3111
vn 0.9130 0.1242 0.3886
vn 0.4564 -0.0876 0.8855
vn 0.3442 -0.0929 0.9343
vn 0.3442 -0.0931 0.9343
vn 0.0000 0.1355 0.9908
vn 0.9950 -0.0994 -0.0001
vn 0.0001 -0.0994 0.9950
vn -0.8855 0.0000 0.4646
vn 0.8855 0.0000 -0.4646
vn 0.8855 0.0000 0.4646
vn -0.9416 0.1285 -0.3112
vn -0.9130 0.1242 -0.3886
vn -0.9416 0.1285 0.3112
vn -0.9130 0.1242 0.3886
vn -0.9343 -0.0929 -0.3442
vn -0.8855 -0.0876 -0.4564
vn 0.3442 -0.0929 -0.9343
vn -0.0001 -0.0994 -0.9950
vn -0.8855 -0.0876 0.4564
vn -0.9343 -0.0929 0.3442
vn -0.9343 -0.0931 0.3442
vn -0.9908 0.1355 0.0000
vn 0.9908 0.1355 -0.0000
vn -0.3442 -0.0929 -0.9343
vn -0.3442 -0.0931 -0.9343
vn -0.9950 -0.0994 0.0001
vn 0.4646 0.0000 0.8855
vn 0.3112 0.1285 -0.9416
vn -0.0000 0.1355 -0.9908
vn -0.4646 0.0000 0.8855
vn 0.3886 0.1242 -0.9130
vn -0.3112 0.1285 -0.9416
vn -0.3886 0.1242 -0.9130
vn 0.4564 -0.0876 -0.8855
vn -0.4564 -0.0876 -0.8855
vn -0.0003 -1.0000 -0.0010
vn 0.0883 -0.9961 -0.0000
vn 0.3731 -0.9278 0.0003
vn -0.0001 1.0000 -0.0015
vn 0.1724 0.9850 -0.0006
vn 0.0002 1.0000 -0.0012
vn 0.3731 -0.9278 -0.0003
vn -0.0002 -1.0000 -0.0006
vn -0.3731 -0.9278 -0.0003
vn 0.0000 -1.0000 -0.0007
vn -0.1723 0.9850 -0.0006
vn -0.0046 -1.0000 -0.0000
vn -0.0026 -0.9432 0.3322
vn -0.0001 -0.8329 -0.5534
vn -0.0024 -0.9453 -0.3263
vn 0.0151 0.9999 -0.0001
vn 0.0000 0.9860 0.1670
vn 0.0004 1.0000 0.0002
vn -0.0003 0.9420 0.3355
vn 0.0011 0.0000 -1.0000
vn 0.0002 0.9866 -0.1629
vn -0.0000 0.9447 -0.3278
vn 0.5863 -0.6852 0.4320
vn -0.0012 0.0000 1.0000
vn 0.0003 -1.0000 0.0010
vn -0.0883 -0.9961 -0.0000
vn 0.0001 1.0000 0.0015
vn -0.0001 1.0000 0.0013
vn -0.1724 0.9850 0.0006
vn -0.0002 1.0000 0.0012
vn -0.3731 -0.9278 0.0003
vn 0.0002 -1.0000 0.0006
vn -0.0000 -1.0000 0.0008
vn -0.0149 0.9999 -0.0001
vn -0.0004 1.0000 -0.0002
vn 0.1723 0.9850 0.0006
vn 0.0046 -1.0000 -0.0000
vn 0.0024 -0.9453 -0.3263
vn 0.0026 -0.9432 0.3322
vn -0.0002 0.9866 -0.1630
vn 0.0001 -0.8329 -0.5534
vn 0.0000 0.9447 -0.3279
vn 0.0012 0.0000 1.0000
vn -0.5863 -0.6852 0.4320
vn 0.0003 0.9420 0.3355
vn 0.0003 0.9420 0.3356
vn -0.0011 0.0000 -1.0000
vn 0.0001 1.0000 -0.0013
usemtl material.001
s off
f 5906/5834/5641 5907/5835/5641 5908/5836/5641
f 5906/5834/5641 5908/5836/5641 5909/5837/5641
f 5928/5838/5641 5929/5839/5641 5930/5840/5641
f 5928/5838/5641 5930/5840/5641 5931/5841/5641
f 5932/5842/5642 5933/5843/5642 5934/5844/5642
f 5932/5842/5642 5934/5844/5642 5935/5845/5642
f 5944/5846/5641 5906/5834/5641 5909/5837/5641
f 5944/5846/5641 5909/5837/5641 5945/5847/5641
f 5956/5848/5642 5957/5849/5642 5958/5850/5642
f 5956/5848/5642 5958/5850/5642 5959/5851/5642
f 5944/5846/5641 5945/5847/5641 5960/5852/5641
f 5944/5846/5641 5960/5852/5641 5961/5853/5641
f 5966/5854/5641 5967/5855/5641 5968/5856/5641
f 5966/5854/5641 5968/5856/5641 5969/5857/5641
f 5970/5858/5642 5971/5859/5642 5972/5860/5642
f 5970/5858/5642 5972/5860/5642 5973/5861/5642
f 5928/5838/5641 5966/5854/5641 5969/5857/5641
f 5928/5838/5641 5969/5857/5641 5929/5839/5641
f 5932/5842/5642 5978/5862/5642 5979/5863/5642
f 5932/5842/5642 5979/5863/5642 5933/5843/5642
f 5978/5862/5642 5980/5864/5642 5981/5865/5642
f 5978/5862/5642 5981/5865/5642 5979/5863/5642
f 5967/5855/5641 5988/5866/5641 5989/5867/5641
f 5967/5855/5641 5989/5867/5641 5968/5856/5641
f 5980/5864/5642 5994/5868/5642 5995/5869/5642
f 5980/5864/5642 5995/5869/5642 5981/5865/5642
f 6008/5870/5641 6009/5871/5641 6010/5872/5641
f 6008/5870/5641 6010/5872/5641 6011/5873/5641
f 6012/5874/5642 6013/5875/5642 6014/5876/5642
f 6012/5874/5642 6014/5876/5642 6015/5877/5642
f 6028/5878/5642 6029/5879/5642 6030/5880/5642
f 6028/5878/5642 6030/5880/5642 6031/5881/5642
f 6036/5882/5641 6037/5883/5641 6038/5884/5641
f 6036/5882/5641 6038/5884/5641 6039/5885/5641
f 5907/5835/5641 6040/5886/5641 6041/5887/5641
f 5907/5835/5641 6041/5887/5641 5908/5836/5641
f 6008/5870/5641 6036/5882/5641 6039/5885/5641
f 6008/5870/5641 6039/5885/5641 6009/5871/5641
f 6012/5874/5642 6046/5888/5642 6047/5889/5642
f 6012/5874/5642 6047/5889/5642 6013/5875/5642
f 6046/5888/5642 6048/5890/5642 6049/5891/5642
f 6046/5888/5642 6049/5891/5642 6047/5889/5642
f 6037/5883/5641 6056/5892/5641 6057/5893/5641
f 6037/5883/5641 6057/5893/5641 6038/5884/5641
f 6048/5890/5642 6062/5894/5642 6063/5895/5642
f 6048/5890/5642 6063/5895/5642 6049/5891/5642
f 6068/5896/5641 6069/5897/5641 6070/5898/5641
f 6068/5896/5641 6070/5898/5641 6071/5899/5641
f 6082/5900/5641 6083/5901/5641 6084/5902/5641
f 6082/5900/5641 6084/5902/5641 6085/5903/5641
f 6086/5904/5642 6087/5905/5642 6088/5906/5642
f 6086/5904/5642 6088/5906/5642 6089/5907/5642
f 5956/5848/5642 6090/5908/5642 6091/5909/5642
f 5956/5848/5642 6091/5909/5642 5957/5849/5642
f 6094/5910/5642 6028/5878/5642 6031/5881/5642
f 6094/5910/5642 6031/5881/5642 6095/5911/5642
f 6086/5904/5642 6094/5910/5642 6095/5911/5642
f 6086/5904/5642 6095/5911/5642 6087/5905/5642
f 6082/5900/5641 6102/5912/5641 6103/5913/5641
f 6082/5900/5641 6103/5913/5641 6083/5901/5641
f 6090/5908/5642 5970/5858/5642 5973/5861/5642
f 6090/5908/5642 5973/5861/5642 6091/5909/5642
f 6102/5912/5641 6068/5896/5641 6071/5899/5641
f 6102/5912/5641 6071/5899/5641 6103/5913/5641
s 1
f 5834/5914/5643 5835/5915/5643 5836/5916/5644
f 5837/5917/5643 5838/5918/5645 5839/5919/5646
f 5840/5920/5647 5841/5921/5648 5842/5922/5649
f 5843/5923/5647 5844/5924/5650 5845/5925/5647
f 5846/5926/5651 5847/5927/5652 5848/5928/5653
f 5849/5929/5651 5850/5930/5653 5851/5931/5654
f 5852/5932/5655 5853/5933/5656 5854/5934/5657
f 5855/5935/5655 5856/5936/5657 5857/5937/5656
f 5858/5938/5651 5859/5939/5658 5860/5940/5659
f 5861/5941/5651 5862/5942/5660 5863/5943/5658
f 5864/5944/5655 5865/5945/5661 5866/5946/5662
f 5867/5947/5655 5868/5948/5662 5869/5949/5661
f 5870/5950/5647 5871/5951/5647 5872/5952/5663
f 5873/5953/5647 5874/5954/5663 5875/5955/5648
f 5876/5956/5643 5877/5957/5646 5878/5958/5664
f 5879/5959/5643 5880/5960/5664 5881/5961/5643
f 5882/5962/5665 5883/5963/5666 5884/5964/5667
f 5885/5965/5668 5886/5966/5669 5887/5967/5670
f 5888/5968/5671 5889/5969/5672 5890/5970/5673
f 5891/5971/5674 5892/5972/5673 5893/5973/5675
f 5894/5974/5676 5895/5975/5677 5896/5976/5678
f 5897/5977/5679 5898/5978/5680 5899/5979/5681
f 5900/5980/5682 5901/5981/5683 5902/5982/5684
f 5903/5983/5685 5904/5984/5686 5905/5985/5687
f 5910/5986/5688 5911/5987/5688 5912/5988/5689
f 5910/5986/5688 5912/5988/5689 5913/5989/5689
f 5914/5990/5690 5915/5991/5655 5916/5992/5655
f 5914/5990/5690 5916/5992/5655 5917/5993/5690
f 5918/5994/5691 5919/5995/5692 5920/5996/5692
f 5918/5994/5691 5920/5996/5692 5921/5997/5691
f 5922/5998/5693 5916/5992/5655 5915/5991/5655
f 5922/5998/5693 5915/5991/5655 5923/5999/5693
f 5924/6000/5694 5925/6001/5695 5926/6002/5696
f 5924/6000/5694 5926/6002/5696 5927/6003/5696
f 5936/6004/5697 5937/6005/5661 5938/6006/5661
f 5936/6004/5697 5938/6006/5661 5939/6007/5697
f 5940/6008/5698 5941/6009/5699 5942/6010/5700
f 5940/6008/5698 5942/6010/5700 5943/6011/5698
f 5866/5946/5662 5865/5945/5661 5869/5949/5661
f 5866/5946/5662 5869/5949/5661 5868/5948/5662
f 5863/5943/5658 5862/5942/5660 5860/5940/5659
f 5863/5943/5658 5860/5940/5659 5859/5939/5658
f 5923/5999/5693 5946/6012/5645 5947/6013/5645
f 5923/5999/5693 5947/6013/5645 5922/5998/5693
f 5948/6014/5701 5949/6015/5702 5950/6016/5702
f 5948/6014/5701 5950/6016/5702 5951/6017/5701
f 5952/6018/5703 5953/6019/5703 5954/6020/5704
f 5952/6018/5703 5954/6020/5704 5955/6021/5704
f 5962/6022/5705 5963/6023/5706 5964/6024/5707
f 5962/6022/5705 5964/6024/5707 5965/6025/5707
f 5974/6026/5708 5975/6027/5709 5976/6028/5710
f 5974/6026/5708 5976/6028/5710 5977/6029/5708
f 5982/6030/5711 5948/6014/5701 5951/6017/5701
f 5982/6030/5711 5951/6017/5701 5983/6031/5711
f 5910/5986/5688 5984/6032/5712 5985/6033/5712
f 5910/5986/5688 5985/6033/5712 5911/5987/5688
f 5939/6007/5697 5986/6034/5647 5987/6035/5647
f 5939/6007/5697 5987/6035/5647 5936/6004/5697
f 5924/6000/5694 5982/6030/5711 5983/6031/5711
f 5924/6000/5694 5983/6031/5711 5925/6001/5695
f 5917/5993/5690 5990/6036/5650 5991/6037/5650
f 5917/5993/5690 5991/6037/5650 5914/5990/5690
f 5975/6027/5709 5992/6038/5713 5993/6039/5713
f 5975/6027/5709 5993/6039/5713 5976/6028/5710
f 5952/6018/5703 5993/6039/5713 5992/6038/5713
f 5952/6018/5703 5992/6038/5713 5953/6019/5703
f 5842/5922/5649 5841/5921/5648 5845/5925/5647
f 5842/5922/5649 5845/5925/5647 5844/5924/5650
f 5839/5919/5646 5838/5918/5645 5836/5916/5644
f 5839/5919/5646 5836/5916/5644 5835/5915/5643
f 5996/6040/5714 5987/6035/5647 5986/6034/5647
f 5996/6040/5714 5986/6034/5647 5997/6041/5714
f 5998/6042/5715 5999/6043/5643 6000/6044/5643
f 5998/6042/5715 6000/6044/5643 6001/6045/5715
f 6002/6046/5716 6000/6044/5643 5999/6043/5643
f 6002/6046/5716 5999/6043/5643 6003/6047/5716
f 6004/6048/5717 6005/6049/5717 6006/6050/5718
f 6004/6048/5717 6006/6050/5718 6007/6051/5718
f 5941/6009/5699 5985/6033/5712 5984/6032/5712
f 5941/6009/5699 5984/6032/5712 5942/6010/5700
f 5997/6041/5714 6016/6052/5658 6017/6053/5658
f 5997/6041/5714 6017/6053/5658 5996/6040/5714
f 5875/5955/5648 5874/5954/5663 5872/5952/5663
f 5875/5955/5648 5872/5952/5663 5871/5951/5647
f 6003/6047/5716 6018/6054/5653 6019/6055/5653
f 6003/6047/5716 6019/6055/5653 6002/6046/5716
f 6020/6056/5719 6021/6057/5720 6022/6058/5720
f 6020/6056/5719 6022/6058/5720 6023/6059/5719
f 6024/6060/5721 6025/6061/5721 6026/6062/5722
f 6024/6060/5721 6026/6062/5722 6027/6063/5722
f 5878/5958/5664 5877/5957/5646 5881/5961/5643
f 5878/5958/5664 5881/5961/5643 5880/5960/5664
f 6032/6064/5723 6033/6065/5724 6034/6066/5724
f 6032/6064/5723 6034/6066/5724 6035/6067/5723
f 6042/6068/5725 6043/6069/5726 6044/6070/5727
f 6042/6068/5725 6044/6070/5727 6045/6071/5725
f 6050/6072/5728 6020/6056/5719 6023/6059/5719
f 6050/6072/5728 6023/6059/5719 6051/6073/5728
f 5962/6022/5705 6052/6074/5729 6053/6075/5729
f 5962/6022/5705 6053/6075/5729 5963/6023/5706
f 6054/6076/5730 6034/6066/5724 6033/6065/5724
f 6054/6076/5730 6033/6065/5724 6055/6077/5731
f 6004/6048/5717 6050/6072/5728 6051/6073/5728
f 6004/6048/5717 6051/6073/5728 6005/6049/5717
f 6001/6045/5715 6058/6078/5657 6059/6079/5657
f 6001/6045/5715 6059/6079/5657 5998/6042/5715
f 6043/6069/5726 6060/6080/5732 6061/6081/5732
f 6043/6069/5726 6061/6081/5732 6044/6070/5727
f 6024/6060/5721 6061/6081/5732 6060/6080/5732
f 6024/6060/5721 6060/6080/5732 6025/6061/5721
f 5854/5934/5657 5853/5933/5656 5857/5937/5656
f 5854/5934/5657 5857/5937/5656 5856/5936/5657
f 5851/5931/5654 5850/5930/5653 5848/5928/5653
f 5851/5931/5654 5848/5928/5653 5847/5927/5652
f 6064/6082/5733 6065/6083/5664 6066/6084/5664
f 6064/6082/5733 6066/6084/5664 6067/6085/5733
f 6067/6085/5733 6072/6086/5651 6073/6087/5651
f 6067/6085/5733 6073/6087/5651 6064/6082/5733
f 6074/6088/5734 6075/6089/5735 6076/6090/5735
f 6074/6088/5734 6076/6090/5735 6077/6091/5734
f 6078/6092/5736 6073/6087/5651 6072/6086/5651
f 6078/6092/5736 6072/6086/5651 6079/6093/5736
f 6074/6088/5734 6077/6091/5734 6080/6094/5737
f 6074/6088/5734 6080/6094/5737 6081/6095/5737
f 6075/6089/5735 6092/6096/5738 6093/6097/5738
f 6075/6089/5735 6093/6097/5738 6076/6090/5735
f 6052/6074/5729 5918/5994/5691 5921/5997/5691
f 6052/6074/5729 5921/5997/5691 6053/6075/5729
f 6079/6093/5736 6096/6098/5663 6097/6099/5663
f 6079/6093/5736 6097/6099/5663 6078/6092/5736
f 6092/6096/5738 6098/6100/5739 6099/6101/5739
f 6092/6096/5738 6099/6101/5739 6093/6097/5738
f 6032/6064/5723 6035/6067/5723 6100/6102/5740
f 6032/6064/5723 6100/6102/5740 6101/6103/5740
f 6104/6104/5741 6054/6076/5730 6055/6077/5731
f 6104/6104/5741 6055/6077/5731 6105/6105/5741
f 6106/6106/5642 6107/6107/5742 5900/5980/5682
f 6106/6106/5642 5900/5980/5682 6108/6108/5743
f 5903/5983/5685 6109/6109/5646 6110/6110/5744
f 5903/5983/5685 6110/6110/5744 5904/5984/5686
f 6111/6111/5745 5882/5962/5665 6112/6112/5746
f 6111/6111/5745 6112/6112/5746 6113/6113/5747
f 5902/5982/5684 5901/5981/5683 6114/6114/5748
f 5902/5982/5684 6114/6114/5748 6115/6115/5646
f 6116/6116/5749 5895/5975/5677 6117/6117/5750
f 6116/6116/5749 6117/6117/5750 6118/6118/5751
f 5882/5962/5665 5884/5964/5667 6119/6119/5667
f 5882/5962/5665 6119/6119/5667 6112/6112/5746
f 6116/6116/5749 6107/6107/5742 5896/5976/5678
f 6116/6116/5749 5896/5976/5678 5895/5975/5677
f 6120/6120/5647 5845/5925/5647 5841/5921/5648
f 6120/6120/5647 5841/5921/5648 6121/6121/5676
f 5891/5971/5674 6111/6111/5745 6113/6113/5747
f 5891/5971/5674 6113/6113/5747 6122/6122/5752
f 6108/6108/5743 6123/6123/5753 6124/6124/5754
f 6108/6108/5743 6124/6124/5754 5905/5985/5687
f 5902/5982/5684 6125/6125/5755 6126/6126/5756
f 5902/5982/5684 6126/6126/5756 5900/5980/5682
f 6127/6127/5757 5887/5967/5670 6128/6128/5758
f 6127/6127/5757 6128/6128/5758 6129/6129/5759
f 5903/5983/5685 5905/5985/5687 6124/6124/5754
f 5903/5983/5685 6124/6124/5754 6130/6130/5654
f 6108/6108/5743 5900/5980/5682 6126/6126/5756
f 6108/6108/5743 6126/6126/5756 6123/6123/5753
f 5887/5967/5670 5886/5966/5669 6131/6131/5760
f 5887/5967/5670 6131/6131/5760 6128/6128/5758
f 6132/6132/5761 5857/5937/5656 5853/5933/5656
f 6132/6132/5761 5853/5933/5656 6133/6133/5761
f 5883/5963/5666 6134/6134/5762 6135/6135/5763
f 5883/5963/5666 6135/6135/5763 6136/6136/5763
f 6137/6137/5764 5851/5931/5654 5847/5927/5652
f 6137/6137/5764 5847/5927/5652 6138/6138/5765
f 5883/5963/5666 6127/6127/5757 6129/6129/5759
f 5883/5963/5666 6129/6129/5759 6134/6134/5762
f 6106/6106/5642 6139/6139/5766 5897/5977/5679
f 6106/6106/5642 5897/5977/5679 6140/6140/5767
f 6141/6141/5768 6142/6142/5769 5889/5969/5672
f 6141/6141/5768 5889/5969/5672 5888/5968/5671
f 6141/6141/5768 5888/5968/5671 6143/6143/5770
f 6141/6141/5768 6143/6143/5770 6144/6144/5771
f 5899/5979/5681 5898/5978/5680 6145/6145/5772
f 5899/5979/5681 6145/6145/5772 6146/6146/5648
f 6147/6147/5773 5904/5984/5686 6110/6110/5744
f 6147/6147/5773 6110/6110/5744 6148/6148/5774
f 5889/5969/5672 6149/6149/5775 6150/6150/5776
f 5889/5969/5672 6150/6150/5776 6151/6151/5758
f 5888/5968/5671 5890/5970/5673 6152/6152/5673
f 5888/5968/5671 6152/6152/5673 6143/6143/5770
f 6153/6153/5684 5839/5919/5646 5835/5915/5643
f 6153/6153/5684 5835/5915/5643 6154/6154/5643
f 5891/5971/5674 6122/6122/5752 6155/6155/5673
f 5891/5971/5674 6155/6155/5673 5892/5972/5673
f 5894/5974/5676 6156/6156/5648 6117/6117/5750
f 5894/5974/5676 6117/6117/5750 5895/5975/5677
f 5885/5965/5668 6141/6141/5768 6144/6144/5771
f 5885/5965/5668 6144/6144/5771 6157/6157/5777
f 6140/6140/5767 6158/6158/5778 6159/6159/5779
f 6140/6140/5767 6159/6159/5779 5896/5976/5678
f 5899/5979/5681 6160/6160/5660 6161/6161/5780
f 5899/5979/5681 6161/6161/5780 5897/5977/5679
f 6149/6149/5775 5893/5973/5675 6162/6162/5781
f 6149/6149/5775 6162/6162/5781 6150/6150/5776
f 5894/5974/5676 5896/5976/5678 6159/6159/5779
f 5894/5974/5676 6159/6159/5779 6163/6163/5782
f 6140/6140/5767 5897/5977/5679 6161/6161/5780
f 6140/6140/5767 6161/6161/5780 6158/6158/5778
f 5893/5973/5675 6164/6164/5763 6165/6165/5783
f 5893/5973/5675 6165/6165/5783 6162/6162/5781
f 6166/6166/5784 5860/5940/5659 5862/5942/5660
f 6166/6166/5784 5862/5942/5660 6167/6167/5785
f 5889/5969/5672 6151/6151/5758 6168/6168/5786
f 5889/5969/5672 6168/6168/5786 6169/6169/5787
f 6170/6170/5788 5866/5946/5662 5868/5948/5662
f 6170/6170/5788 5868/5948/5662 6171/6171/5788
f 5885/5965/5668 5887/5967/5670 6142/6142/5769
f 5885/5965/5668 6142/6142/5769 6141/6141/5768
f 6139/6139/5766 6106/6106/5642 6108/6108/5743
f 6139/6139/5766 6108/6108/5743 5905/5985/5687
f 6139/6139/5766 6147/6147/5773 5898/5978/5680
f 6139/6139/5766 5898/5978/5680 5897/5977/5679
f 6147/6147/5773 6139/6139/5766 5905/5985/5687
f 6147/6147/5773 5905/5985/5687 5904/5984/5686
f 6172/6172/5681 5875/5955/5648 5871/5951/5647
f 6172/6172/5681 5871/5951/5647 6173/6173/5647
f 5891/5971/5674 5893/5973/5675 6174/6174/5789
f 5891/5971/5674 6174/6174/5789 6111/6111/5745
f 6142/6142/5769 6175/6175/5641 6149/6149/5775
f 6142/6142/5769 6149/6149/5775 5889/5969/5672
f 5887/5967/5670 6127/6127/5757 6175/6175/5641
f 5887/5967/5670 6175/6175/5641 6142/6142/5769
f 5885/5965/5668 6157/6157/5777 6176/6176/5667
f 5885/5965/5668 6176/6176/5667 5886/5966/5669
f 6177/6177/5643 5881/5961/5643 5877/5957/5646
f 6177/6177/5643 5877/5957/5646 6178/6178/5685
f 6107/6107/5742 6116/6116/5749 5901/5981/5683
f 6107/6107/5742 5901/5981/5683 5900/5980/5682
f 6107/6107/5742 6106/6106/5642 6140/6140/5767
f 6107/6107/5742 6140/6140/5767 5896/5976/5678
f 6147/6147/5773 6148/6148/5774 6145/6145/5772
f 6147/6147/5773 6145/6145/5772 5898/5978/5680
f 5893/5973/5675 6149/6149/5775 6175/6175/5641
f 5893/5973/5675 6175/6175/5641 6174/6174/5789
f 6174/6174/5789 6175/6175/5641 6127/6127/5757
f 6174/6174/5789 6127/6127/5757 5883/5963/5666
f 6111/6111/5745 6174/6174/5789 5883/5963/5666
f 6111/6111/5745 5883/5963/5666 5882/5962/5665
f 6116/6116/5749 6118/6118/5751 6114/6114/5748
f 6116/6116/5749 6114/6114/5748 5901/5981/5683
o Pot_LP_Mat_0
v 0.059920 -0.159356 -0.011919
v 0.061094 -0.159356 -0.000000
v 0.000000 -0.159356 -0.000000
v 0.133581 0.082421 -0.026571
v 0.000000 0.082421 0.000000
v 0.136198 0.082421 0.000000
v 0.056444 -0.159356 -0.023380
v 0.125831 0.082421 -0.052121
v 0.050798 -0.159356 -0.033942
v 0.113245 0.082421 -0.075668
v 0.043200 -0.159356 -0.043200
v 0.096307 0.082421 -0.096307
v 0.033942 -0.159356 -0.050798
v 0.075668 0.082421 -0.113245
v 0.023380 -0.159356 -0.056444
v 0.052121 0.082421 -0.125831
v 0.011919 -0.159356 -0.059920
v 0.026571 0.082421 -0.133581
v 0.000000 -0.159356 -0.061094
v 0.000000 0.082421 -0.136198
v -0.011919 -0.159356 -0.059920
v -0.026571 0.082421 -0.133581
v -0.023380 -0.159356 -0.056444
v -0.052121 0.082421 -0.125831
v -0.033942 -0.159356 -0.050798
v -0.075668 0.082421 -0.113245
v -0.043200 -0.159356 -0.043200
v -0.096307 0.082421 -0.096307
v -0.050798 -0.159356 -0.033942
v -0.113245 0.082421 -0.075668
v -0.056444 -0.159356 -0.023380
v -0.125831 0.082421 -0.052121
v -0.059920 -0.159356 -0.011919
v -0.133581 0.082421 -0.026571
v -0.061094 -0.159356 -0.000000
v -0.136198 0.082421 0.000000
v -0.059920 -0.159356 0.011919
v -0.133581 0.082421 0.026571
v -0.056444 -0.159356 0.023380
v -0.125831 0.082421 0.052121
v -0.050798 -0.159356 0.033942
v -0.113245 0.082421 0.075668
v -0.043200 -0.159356 0.043200
v -0.096307 0.082421 0.096307
v -0.033942 -0.159356 0.050798
v -0.075668 0.082421 0.113245
v -0.023380 -0.159356 0.056444
v -0.052121 0.082421 0.125831
v -0.011919 -0.159356 0.059920
v -0.026571 0.082421 0.133581
v -0.000000 -0.159356 0.061094
v -0.000000 0.082421 0.136198
v 0.011919 -0.159356 0.059920
v 0.026571 0.082421 0.133581
v 0.023380 -0.159356 0.056444
v 0.052121 0.082421 0.125831
v 0.033942 -0.159356 0.050798
v 0.075668 0.082421 0.113245
v 0.043200 -0.159356 0.043200
v 0.096307 0.082421 0.096307
v 0.050798 -0.159356 0.033942
v 0.113245 0.082421 0.075668
v 0.056444 -0.159356 0.023380
v 0.125831 0.082421 0.052121
v 0.059920 -0.159356 0.011919
v 0.133581 0.082421 0.026571
v 0.141426 -0.015418 -0.028131
v 0.141426 0.125680 -0.028131
v 0.144197 0.125680 0.000000
v 0.144197 -0.015418 -0.000000
v 0.133221 -0.015418 -0.055182
v 0.133221 0.125680 -0.055182
v 0.119895 -0.015418 -0.080112
v 0.119895 0.125680 -0.080112
v 0.101963 -0.015418 -0.101963
v 0.101963 0.125680 -0.101963
v 0.080112 -0.015418 -0.119895
v 0.080112 0.125680 -0.119895
v 0.055182 -0.015418 -0.133221
v 0.055182 0.125680 -0.133221
v 0.028131 -0.015418 -0.141426
v 0.028131 0.125680 -0.141426
v 0.000000 -0.015418 -0.144197
v 0.000000 0.125680 -0.144197
v -0.028131 -0.015418 -0.141426
v -0.028131 0.125680 -0.141426
v -0.055182 -0.015418 -0.133221
v -0.055182 0.125680 -0.133221
v -0.080112 -0.015418 -0.119895
v -0.080112 0.125680 -0.119895
v -0.101963 -0.015418 -0.101963
v -0.101963 0.125680 -0.101963
v -0.119895 -0.015418 -0.080112
v -0.119895 0.125680 -0.080112
v -0.133221 -0.015418 -0.055182
v -0.133221 0.125680 -0.055182
v -0.141426 -0.015418 -0.028131
v -0.141426 0.125680 -0.028131
v -0.144197 -0.015418 -0.000000
v -0.144197 0.125680 0.000000
v -0.141426 -0.015418 0.028131
v -0.141426 0.125680 0.028131
v -0.133221 -0.015418 0.055182
v -0.133221 0.125680 0.055182
v -0.119895 -0.015418 0.080112
v -0.119895 0.125680 0.080112
v -0.101963 -0.015418 0.101963
v -0.101963 0.125680 0.101963
v -0.080112 -0.015418 0.119895
v -0.080112 0.125680 0.119895
v -0.055182 -0.015418 0.133221
v -0.055182 0.125680 0.133221
v -0.028131 -0.015418 0.141426
v -0.028131 0.125680 0.141426
v -0.000000 -0.015418 0.144197
v -0.000000 0.125680 0.144197
v 0.028131 -0.015418 0.141426
v 0.028131 0.125680 0.141426
v 0.055182 -0.015418 0.133221
v 0.055182 0.125680 0.133221
v 0.080112 -0.015418 0.119895
v 0.080112 0.125680 0.119895
v 0.101963 -0.015418 0.101963
v 0.101963 0.125680 0.101963
v 0.119895 -0.015418 0.080112
v 0.119895 0.125680 0.080112
v 0.133221 -0.015418 0.055182
v 0.133221 0.125680 0.055182
v 0.141426 -0.015418 0.028131
v 0.141426 0.125680 0.028131
v 0.144197 -0.015418 -0.000000
v 0.144197 0.125680 0.000000
v 0.136198 0.125680 0.000000
v 0.144197 0.125680 0.000000
v 0.141426 0.125680 -0.028131
v 0.133581 0.125680 -0.026571
v 0.133221 0.125680 -0.055182
v 0.125831 0.125680 -0.052121
v 0.119895 0.125680 -0.080112
v 0.113245 0.125680 -0.075668
v 0.101963 0.125680 -0.101963
v 0.096307 0.125680 -0.096307
v 0.080112 0.125680 -0.119895
v 0.075668 0.125680 -0.113245
v 0.055182 0.125680 -0.133221
v 0.052121 0.125680 -0.125831
v 0.028131 0.125680 -0.141426
v 0.026571 0.125680 -0.133581
v 0.000000 0.125680 -0.144197
v 0.000000 0.125680 -0.136198
v -0.028131 0.125680 -0.141426
v -0.026571 0.125680 -0.133581
v -0.055182 0.125680 -0.133221
v -0.052121 0.125680 -0.125831
v -0.080112 0.125680 -0.119895
v -0.075668 0.125680 -0.113245
v -0.101963 0.125680 -0.101963
v -0.096307 0.125680 -0.096307
v -0.119895 0.125680 -0.080112
v -0.113245 0.125680 -0.075668
v -0.133221 0.125680 -0.055182
v -0.125831 0.125680 -0.052121
v -0.141426 0.125680 -0.028131
v -0.133581 0.125680 -0.026571
v -0.144197 0.125680 0.000000
v -0.136198 0.125680 0.000000
v -0.141426 0.125680 0.028131
v -0.133581 0.125680 0.026571
v -0.133221 0.125680 0.055182
v -0.125831 0.125680 0.052121
v -0.119895 0.125680 0.080112
v -0.113245 0.125680 0.075668
v -0.101963 0.125680 0.101963
v -0.096307 0.125680 0.096307
v -0.080112 0.125680 0.119895
v -0.075668 0.125680 0.113245
v -0.055182 0.125680 0.133221
v -0.052121 0.125680 0.125831
v -0.028131 0.125680 0.141426
v -0.026571 0.125680 0.133581
v -0.000000 0.125680 0.144197
v -0.000000 0.125680 0.136198
v 0.028131 0.125680 0.141426
v 0.026571 0.125680 0.133581
v 0.055182 0.125680 0.133221
v 0.052121 0.125680 0.125831
v 0.080112 0.125680 0.119895
v 0.075668 0.125680 0.113245
v 0.101963 0.125680 0.101963
v 0.096307 0.125680 0.096307
v 0.119895 0.125680 0.080112
v 0.113245 0.125680 0.075668
v 0.133221 0.125680 0.055182
v 0.125831 0.125680 0.052121
v 0.141426 0.125680 0.028131
v 0.133581 0.125680 0.026571
v 0.136198 0.082421 0.000000
v 0.136198 0.125680 0.000000
v 0.133581 0.125680 -0.026571
v 0.133581 0.082421 -0.026571
v 0.125831 0.125680 -0.052121
v 0.125831 0.082421 -0.052121
v 0.113245 0.125680 -0.075668
v 0.113245 0.082421 -0.075668
v 0.096307 0.125680 -0.096307
v 0.096307 0.082421 -0.096307
v 0.075668 0.125680 -0.113245
v 0.075668 0.082421 -0.113245
v 0.052121 0.125680 -0.125831
v 0.052121 0.082421 -0.125831
v 0.026571 0.125680 -0.133581
v 0.026571 0.082421 -0.133581
v 0.000000 0.125680 -0.136198
v 0.000000 0.082421 -0.136198
v -0.026571 0.125680 -0.133581
v -0.026571 0.082421 -0.133581
v -0.052121 0.125680 -0.125831
v -0.052121 0.082421 -0.125831
v -0.075668 0.125680 -0.113245
v -0.075668 0.082421 -0.113245
v -0.096307 0.125680 -0.096307
v -0.096307 0.082421 -0.096307
v -0.113245 0.125680 -0.075668
v -0.113245 0.082421 -0.075668
v -0.125831 0.125680 -0.052121
v -0.125831 0.082421 -0.052121
v -0.133581 0.125680 -0.026571
v -0.133581 0.082421 -0.026571
v -0.136198 0.125680 0.000000
v -0.136198 0.082421 0.000000
v -0.133581 0.125680 0.026571
v -0.133581 0.082421 0.026571
v -0.125831 0.125680 0.052121
v -0.125831 0.082421 0.052121
v -0.113245 0.125680 0.075668
v -0.113245 0.082421 0.075668
v -0.096307 0.125680 0.096307
v -0.096307 0.082421 0.096307
v -0.075668 0.125680 0.113245
v -0.075668 0.082421 0.113245
v -0.052121 0.125680 0.125831
v -0.052121 0.082421 0.125831
v -0.026571 0.125680 0.133581
v -0.026571 0.082421 0.133581
v -0.000000 0.125680 0.136198
v -0.000000 0.082421 0.136198
v 0.026571 0.125680 0.133581
v 0.026571 0.082421 0.133581
v 0.052121 0.125680 0.125831
v 0.052121 0.082421 0.125831
v 0.075668 0.125680 0.113245
v 0.075668 0.082421 0.113245
v 0.096307 0.125680 0.096307
v 0.096307 0.082421 0.096307
v 0.113245 0.125680 0.075668
v 0.113245 0.082421 0.075668
v 0.125831 0.125680 0.052121
v 0.125831 0.082421 0.052121
v 0.133581 0.125680 0.026571
v 0.133581 0.082421 0.026571
v 0.133811 -0.066621 -0.026617
v 0.138506 -0.041020 -0.027551
v 0.141219 -0.041020 -0.000000
v 0.136432 -0.066621 -0.000000
v 0.126047 -0.066621 -0.052210
v 0.130470 -0.041020 -0.054042
v 0.113439 -0.066621 -0.075798
v 0.117419 -0.041020 -0.078457
v 0.096472 -0.066621 -0.096472
v 0.099857 -0.041020 -0.099857
v 0.075798 -0.066621 -0.113439
v 0.078457 -0.041020 -0.117420
v 0.052210 -0.066621 -0.126047
v 0.054042 -0.041020 -0.130470
v 0.026617 -0.066621 -0.133811
v 0.027551 -0.041020 -0.138506
v 0.000000 -0.066621 -0.136432
v 0.000000 -0.041020 -0.141219
v -0.026617 -0.066621 -0.133811
v -0.027551 -0.041020 -0.138506
v -0.052210 -0.066621 -0.126047
v -0.054042 -0.041020 -0.130470
v -0.075798 -0.066621 -0.113439
v -0.078457 -0.041020 -0.117420
v -0.096472 -0.066621 -0.096472
v -0.099857 -0.041020 -0.099857
v -0.113439 -0.066621 -0.075798
v -0.117419 -0.041020 -0.078457
v -0.126047 -0.066621 -0.052210
v -0.130470 -0.041020 -0.054042
v -0.133811 -0.066621 -0.026617
v -0.138506 -0.041020 -0.027551
v -0.136432 -0.066621 -0.000000
v -0.141219 -0.041020 -0.000000
v -0.133811 -0.066621 0.026617
v -0.138506 -0.041020 0.027551
v -0.126047 -0.066621 0.052210
v -0.130470 -0.041020 0.054042
v -0.113439 -0.066621 0.075798
v -0.117419 -0.041020 0.078457
v -0.096472 -0.066621 0.096472
v -0.099857 -0.041020 0.099857
v -0.075798 -0.066621 0.113439
v -0.078457 -0.041020 0.117420
v -0.052210 -0.066621 0.126047
v -0.054042 -0.041020 0.130470
v -0.026617 -0.066621 0.133811
v -0.027551 -0.041020 0.138506
v -0.000000 -0.066621 0.136432
v -0.000000 -0.041020 0.141219
v 0.026617 -0.066621 0.133811
v 0.027551 -0.041020 0.138506
v 0.052210 -0.066621 0.126047
v 0.054042 -0.041020 0.130470
v 0.075798 -0.066621 0.113439
v 0.078457 -0.041020 0.117420
v 0.096472 -0.066621 0.096472
v 0.099857 -0.041020 0.099857
v 0.113439 -0.066621 0.075798
v 0.117419 -0.041020 0.078457
v 0.126047 -0.066621 0.052210
v 0.130470 -0.041020 0.054042
v 0.133811 -0.066621 0.026617
v 0.138506 -0.041020 0.027551
v 0.136432 -0.066621 -0.000000
v 0.141219 -0.041020 -0.000000
v 0.119450 -0.105218 -0.023760
v 0.127593 -0.085920 -0.025380
v 0.130093 -0.085920 -0.000000
v 0.121790 -0.105218 -0.000000
v 0.112520 -0.105218 -0.046607
v 0.120190 -0.085920 -0.049784
v 0.101265 -0.105218 -0.067663
v 0.108168 -0.085920 -0.072276
v 0.086119 -0.105218 -0.086119
v 0.091989 -0.085920 -0.091989
v 0.067663 -0.105218 -0.101265
v 0.072276 -0.085920 -0.108168
v 0.046607 -0.105218 -0.112520
v 0.049784 -0.085920 -0.120190
v 0.023760 -0.105218 -0.119450
v 0.025380 -0.085920 -0.127593
v 0.000000 -0.105218 -0.121790
v 0.000000 -0.085920 -0.130093
v -0.023760 -0.105218 -0.119450
v -0.025380 -0.085920 -0.127593
v -0.046607 -0.105218 -0.112520
v -0.049784 -0.085920 -0.120190
v -0.067663 -0.105218 -0.101265
v -0.072276 -0.085920 -0.108168
v -0.086119 -0.105218 -0.086119
v -0.091989 -0.085920 -0.091989
v -0.101265 -0.105218 -0.067663
v -0.108168 -0.085920 -0.072276
v -0.112520 -0.105218 -0.046607
v -0.120190 -0.085920 -0.049784
v -0.119450 -0.105218 -0.023760
v -0.127593 -0.085920 -0.025380
v -0.121790 -0.105218 -0.000000
v -0.130093 -0.085920 -0.000000
v -0.119450 -0.105218 0.023760
v -0.127593 -0.085920 0.025380
v -0.112520 -0.105218 0.046607
v -0.120190 -0.085920 0.049784
v -0.101265 -0.105218 0.067663
v -0.108168 -0.085920 0.072276
v -0.086119 -0.105218 0.086119
v -0.091989 -0.085920 0.091989
v -0.067663 -0.105218 0.101265
v -0.072276 -0.085920 0.108168
v -0.046607 -0.105218 0.112520
v -0.049784 -0.085920 0.120190
v -0.023760 -0.105218 0.119450
v -0.025380 -0.085920 0.127593
v -0.000000 -0.105218 0.121790
v -0.000000 -0.085920 0.130093
v 0.023760 -0.105218 0.119450
v 0.025380 -0.085920 0.127593
v 0.046607 -0.105218 0.112520
v 0.049784 -0.085920 0.120190
v 0.067663 -0.105218 0.101265
v 0.072276 -0.085920 0.108168
v 0.086119 -0.105218 0.086119
v 0.091989 -0.085920 0.091989
v 0.101265 -0.105218 0.067663
v 0.108168 -0.085920 0.072276
v 0.112520 -0.105218 0.046607
v 0.120190 -0.085920 0.049784
v 0.119450 -0.105218 0.023760
v 0.127593 -0.085920 0.025380
v 0.121790 -0.105218 -0.000000
v 0.130093 -0.085920 -0.000000
v 0.094366 -0.142174 -0.018770
v 0.108298 -0.123696 -0.021542
v 0.110419 -0.123696 -0.000000
v 0.096214 -0.142174 -0.000000
v 0.088890 -0.142174 -0.036820
v 0.102014 -0.123696 -0.042256
v 0.079999 -0.142174 -0.053454
v 0.091810 -0.123696 -0.061346
v 0.068034 -0.142174 -0.068034
v 0.078078 -0.123696 -0.078078
v 0.053454 -0.142174 -0.079999
v 0.061346 -0.123696 -0.091810
v 0.036820 -0.142174 -0.088890
v 0.042256 -0.123696 -0.102014
v 0.018770 -0.142174 -0.094366
v 0.021542 -0.123696 -0.108298
v 0.000000 -0.142174 -0.096214
v 0.000000 -0.123696 -0.110419
v -0.018770 -0.142174 -0.094366
v -0.021542 -0.123696 -0.108298
v -0.036820 -0.142174 -0.088890
v -0.042256 -0.123696 -0.102014
v -0.053454 -0.142174 -0.079999
v -0.061346 -0.123696 -0.091810
v -0.068034 -0.142174 -0.068034
v -0.078078 -0.123696 -0.078078
v -0.079999 -0.142174 -0.053454
v -0.091810 -0.123696 -0.061346
v -0.088890 -0.142174 -0.036820
v -0.102014 -0.123696 -0.042256
v -0.094366 -0.142174 -0.018770
v -0.108298 -0.123696 -0.021542
v -0.096214 -0.142174 -0.000000
v -0.110419 -0.123696 -0.000000
v -0.094366 -0.142174 0.018770
v -0.108298 -0.123696 0.021542
v -0.088890 -0.142174 0.036820
v -0.102014 -0.123696 0.042256
v -0.079999 -0.142174 0.053454
v -0.091810 -0.123696 0.061346
v -0.068034 -0.142174 0.068034
v -0.078078 -0.123696 0.078078
v -0.053454 -0.142174 0.079999
v -0.061346 -0.123696 0.091810
v -0.036820 -0.142174 0.088890
v -0.042256 -0.123696 0.102014
v -0.018770 -0.142174 0.094366
v -0.021542 -0.123696 0.108298
v -0.000000 -0.142174 0.096214
v -0.000000 -0.123696 0.110419
v 0.018770 -0.142174 0.094366
v 0.021542 -0.123696 0.108298
v 0.036820 -0.142174 0.088890
v 0.042256 -0.123696 0.102014
v 0.053454 -0.142174 0.079999
v 0.061346 -0.123696 0.091810
v 0.068034 -0.142174 0.068034
v 0.078078 -0.123696 0.078078
v 0.079999 -0.142174 0.053454
v 0.091810 -0.123696 0.061346
v 0.088890 -0.142174 0.036820
v 0.102014 -0.123696 0.042256
v 0.094366 -0.142174 0.018770
v 0.108298 -0.123696 0.021542
v 0.096214 -0.142174 -0.000000
v 0.110419 -0.123696 -0.000000
v 0.070307 -0.160108 -0.013985
v 0.080704 -0.155893 -0.016053
v 0.082285 -0.155893 -0.000000
v 0.071685 -0.160108 -0.000000
v 0.066228 -0.160108 -0.027432
v 0.076022 -0.155893 -0.031489
v 0.059603 -0.160108 -0.039826
v 0.068418 -0.155893 -0.045715
v 0.050689 -0.160108 -0.050689
v 0.058184 -0.155893 -0.058184
v 0.039826 -0.160108 -0.059604
v 0.045715 -0.155893 -0.068418
v 0.027432 -0.160108 -0.066228
v 0.031489 -0.155893 -0.076022
v 0.013985 -0.160108 -0.070307
v 0.016053 -0.155893 -0.080704
v 0.000000 -0.160108 -0.071685
v 0.000000 -0.155893 -0.082285
v -0.013985 -0.160108 -0.070307
v -0.016053 -0.155893 -0.080704
v -0.027432 -0.160108 -0.066228
v -0.031489 -0.155893 -0.076022
v -0.039826 -0.160108 -0.059604
v -0.045715 -0.155893 -0.068418
v -0.050689 -0.160108 -0.050689
v -0.058184 -0.155893 -0.058184
v -0.059603 -0.160108 -0.039826
v -0.068418 -0.155893 -0.045715
v -0.066228 -0.160108 -0.027432
v -0.076022 -0.155893 -0.031489
v -0.070307 -0.160108 -0.013985
v -0.080704 -0.155893 -0.016053
v -0.071685 -0.160108 -0.000000
v -0.082285 -0.155893 -0.000000
v -0.070307 -0.160108 0.013985
v -0.080704 -0.155893 0.016053
v -0.066228 -0.160108 0.027432
v -0.076022 -0.155893 0.031489
v -0.059603 -0.160108 0.039826
v -0.068418 -0.155893 0.045715
v -0.050689 -0.160108 0.050689
v -0.058184 -0.155893 0.058184
v -0.039826 -0.160108 0.059604
v -0.045715 -0.155893 0.068418
v -0.027432 -0.160108 0.066228
v -0.031489 -0.155893 0.076022
v -0.013985 -0.160108 0.070307
v -0.016053 -0.155893 0.080704
v -0.000000 -0.160108 0.071685
v -0.000000 -0.155893 0.082285
v 0.013985 -0.160108 0.070307
v 0.016053 -0.155893 0.080704
v 0.027432 -0.160108 0.066228
v 0.031489 -0.155893 0.076022
v 0.039826 -0.160108 0.059604
v 0.045715 -0.155893 0.068418
v 0.050689 -0.160108 0.050689
v 0.058184 -0.155893 0.058184
v 0.059603 -0.160108 0.039826
v 0.068418 -0.155893 0.045715
v 0.066228 -0.160108 0.027432
v 0.076022 -0.155893 0.031489
v 0.070307 -0.160108 0.013985
v 0.080704 -0.155893 0.016053
v 0.071685 -0.160108 -0.000000
v 0.082285 -0.155893 -0.000000
v 0.066790 -0.165228 -0.013285
v 0.068098 -0.165228 -0.000000
v 0.062915 -0.165228 -0.026060
v 0.056622 -0.165228 -0.037833
v 0.048153 -0.165228 -0.048153
v 0.037833 -0.165228 -0.056622
v 0.026060 -0.165228 -0.062915
v 0.013285 -0.165228 -0.066790
v 0.000000 -0.165228 -0.068098
v -0.013285 -0.165228 -0.066790
v -0.026060 -0.165228 -0.062915
v -0.037833 -0.165228 -0.056622
v -0.048153 -0.165228 -0.048153
v -0.056622 -0.165228 -0.037833
v -0.062915 -0.165228 -0.026060
v -0.066790 -0.165228 -0.013285
v -0.068098 -0.165228 -0.000000
v -0.066790 -0.165228 0.013285
v -0.062915 -0.165228 0.026060
v -0.056622 -0.165228 0.037833
v -0.048153 -0.165228 0.048153
v -0.037833 -0.165228 0.056622
v -0.026060 -0.165228 0.062915
v -0.013285 -0.165228 0.066790
v -0.000000 -0.165228 0.068098
v 0.013285 -0.165228 0.066790
v 0.026060 -0.165228 0.062915
v 0.037833 -0.165228 0.056622
v 0.048153 -0.165228 0.048153
v 0.056622 -0.165228 0.037833
v 0.062915 -0.165228 0.026060
v 0.066790 -0.165228 0.013285
v 0.068098 -0.165228 -0.000000
v 0.062875 -0.165228 -0.012507
v 0.066790 -0.165228 -0.013285
v 0.068098 -0.165228 -0.000000
v 0.064107 -0.165228 -0.000000
v 0.059227 -0.165228 -0.024533
v 0.062915 -0.165228 -0.026060
v 0.053303 -0.165228 -0.035616
v 0.056622 -0.165228 -0.037833
v 0.045331 -0.165228 -0.045331
v 0.048153 -0.165228 -0.048153
v 0.035616 -0.165228 -0.053303
v 0.037833 -0.165228 -0.056622
v 0.024533 -0.165228 -0.059227
v 0.026060 -0.165228 -0.062915
v 0.012507 -0.165228 -0.062875
v 0.013285 -0.165228 -0.066790
v 0.000000 -0.165228 -0.064107
v 0.000000 -0.165228 -0.068098
v -0.012507 -0.165228 -0.062875
v -0.013285 -0.165228 -0.066790
v -0.024533 -0.165228 -0.059227
v -0.026060 -0.165228 -0.062915
v -0.035616 -0.165228 -0.053303
v -0.037833 -0.165228 -0.056622
v -0.045331 -0.165228 -0.045331
v -0.048153 -0.165228 -0.048153
v -0.053303 -0.165228 -0.035616
v -0.056622 -0.165228 -0.037833
v -0.059227 -0.165228 -0.024533
v -0.062915 -0.165228 -0.026060
v -0.062875 -0.165228 -0.012507
v -0.066790 -0.165228 -0.013285
v -0.064107 -0.165228 -0.000000
v -0.068098 -0.165228 -0.000000
v -0.062875 -0.165228 0.012507
v -0.066790 -0.165228 0.013285
v -0.059227 -0.165228 0.024533
v -0.062915 -0.165228 0.026060
v -0.053303 -0.165228 0.035616
v -0.056622 -0.165228 0.037833
v -0.045331 -0.165228 0.045331
v -0.048153 -0.165228 0.048153
v -0.035616 -0.165228 0.053303
v -0.037833 -0.165228 0.056622
v -0.024533 -0.165228 0.059227
v -0.026060 -0.165228 0.062915
v -0.012507 -0.165228 0.062875
v -0.013285 -0.165228 0.066790
v -0.000000 -0.165228 0.064107
v -0.000000 -0.165228 0.068098
v 0.012507 -0.165228 0.062875
v 0.013285 -0.165228 0.066790
v 0.024533 -0.165228 0.059227
v 0.026060 -0.165228 0.062915
v 0.035616 -0.165228 0.053303
v 0.037833 -0.165228 0.056622
v 0.045331 -0.165228 0.045331
v 0.048153 -0.165228 0.048153
v 0.053303 -0.165228 0.035616
v 0.056622 -0.165228 0.037833
v 0.059227 -0.165228 0.024533
v 0.062915 -0.165228 0.026060
v 0.062875 -0.165228 0.012507
v 0.066790 -0.165228 0.013285
v 0.059920 -0.159356 -0.011919
v 0.062875 -0.165228 -0.012507
v 0.064107 -0.165228 -0.000000
v 0.061094 -0.159356 -0.000000
v 0.056444 -0.159356 -0.023380
v 0.059227 -0.165228 -0.024533
v 0.050798 -0.159356 -0.033942
v 0.053303 -0.165228 -0.035616
v 0.043200 -0.159356 -0.043200
v 0.045331 -0.165228 -0.045331
v 0.033942 -0.159356 -0.050798
v 0.035616 -0.165228 -0.053303
v 0.023380 -0.159356 -0.056444
v 0.024533 -0.165228 -0.059227
v 0.011919 -0.159356 -0.059920
v 0.012507 -0.165228 -0.062875
v 0.000000 -0.159356 -0.061094
v 0.000000 -0.165228 -0.064107
v -0.011919 -0.159356 -0.059920
v -0.012507 -0.165228 -0.062875
v -0.023380 -0.159356 -0.056444
v -0.024533 -0.165228 -0.059227
v -0.033942 -0.159356 -0.050798
v -0.035616 -0.165228 -0.053303
v -0.043200 -0.159356 -0.043200
v -0.045331 -0.165228 -0.045331
v -0.050798 -0.159356 -0.033942
v -0.053303 -0.165228 -0.035616
v -0.056444 -0.159356 -0.023380
v -0.059227 -0.165228 -0.024533
v -0.059920 -0.159356 -0.011919
v -0.062875 -0.165228 -0.012507
v -0.061094 -0.159356 -0.000000
v -0.064107 -0.165228 -0.000000
v -0.059920 -0.159356 0.011919
v -0.062875 -0.165228 0.012507
v -0.056444 -0.159356 0.023380
v -0.059227 -0.165228 0.024533
v -0.050798 -0.159356 0.033942
v -0.053303 -0.165228 0.035616
v -0.043200 -0.159356 0.043200
v -0.045331 -0.165228 0.045331
v -0.033942 -0.159356 0.050798
v -0.035616 -0.165228 0.053303
v -0.023380 -0.159356 0.056444
v -0.024533 -0.165228 0.059227
v -0.011919 -0.159356 0.059920
v -0.012507 -0.165228 0.062875
v -0.000000 -0.159356 0.061094
v -0.000000 -0.165228 0.064107
v 0.011919 -0.159356 0.059920
v 0.012507 -0.165228 0.062875
v 0.023380 -0.159356 0.056444
v 0.024533 -0.165228 0.059227
v 0.033942 -0.159356 0.050798
v 0.035616 -0.165228 0.053303
v 0.043200 -0.159356 0.043200
v 0.045331 -0.165228 0.045331
v 0.050798 -0.159356 0.033942
v 0.053303 -0.165228 0.035616
v 0.056444 -0.159356 0.023380
v 0.059227 -0.165228 0.024533
v 0.059920 -0.159356 0.011919
v 0.062875 -0.165228 0.012507
vt 0.512610 0.637831
vt 0.502778 0.637831
vt 0.507694 0.687748
vt 0.236610 0.048776
vt 0.165673 0.135213
vt 0.252110 0.064276
vt 0.522254 0.639749
vt 0.218384 0.036598
vt 0.531338 0.643512
vt 0.198132 0.028209
vt 0.539514 0.648975
vt 0.176633 0.023933
vt 0.546467 0.655928
vt 0.154713 0.023933
vt 0.551930 0.664103
vt 0.133214 0.028209
vt 0.555692 0.673188
vt 0.112962 0.036598
vt 0.557611 0.682832
vt 0.094736 0.048776
vt 0.557611 0.692664
vt 0.079236 0.064276
vt 0.555692 0.702308
vt 0.067058 0.082502
vt 0.551930 0.711392
vt 0.058669 0.102754
vt 0.546467 0.719568
vt 0.054393 0.124253
vt 0.539514 0.726521
vt 0.054393 0.146173
vt 0.531338 0.731984
vt 0.058669 0.167672
vt 0.522254 0.735746
vt 0.067058 0.187924
vt 0.512610 0.737665
vt 0.079236 0.206150
vt 0.502778 0.737665
vt 0.094736 0.221650
vt 0.493134 0.735746
vt 0.112962 0.233828
vt 0.484049 0.731984
vt 0.133214 0.242217
vt 0.475874 0.726521
vt 0.154713 0.246493
vt 0.468921 0.719568
vt 0.176633 0.246493
vt 0.463458 0.711392
vt 0.198132 0.242217
vt 0.459695 0.702308
vt 0.218384 0.233828
vt 0.457777 0.692664
vt 0.236610 0.221650
vt 0.457777 0.682832
vt 0.252110 0.206150
vt 0.459695 0.673188
vt 0.264288 0.187924
vt 0.463458 0.664103
vt 0.272677 0.167672
vt 0.468921 0.655928
vt 0.276953 0.146173
vt 0.475874 0.648975
vt 0.276953 0.124253
vt 0.484049 0.643512
vt 0.272677 0.102754
vt 0.493134 0.639749
vt 0.264288 0.082502
vt 0.211272 0.928126
vt 0.102700 0.976893
vt 0.112583 0.998047
vt 0.222081 0.948571
vt 0.200040 0.908135
vt 0.092390 0.955693
vt 0.188997 0.888292
vt 0.081887 0.934236
vt 0.178473 0.868428
vt 0.071443 0.912385
vt 0.168649 0.848453
vt 0.061288 0.890064
vt 0.159623 0.828323
vt 0.051618 0.867244
vt 0.151445 0.808020
vt 0.042585 0.843931
vt 0.144137 0.787542
vt 0.034307 0.820154
vt 0.137704 0.766898
vt 0.026874 0.795956
vt 0.132145 0.746101
vt 0.020347 0.771389
vt 0.127455 0.725166
vt 0.014772 0.746506
vt 0.123628 0.704114
vt 0.010181 0.721363
vt 0.120660 0.682965
vt 0.006592 0.696014
vt 0.118546 0.661742
vt 0.004020 0.670514
vt 0.117283 0.640470
vt 0.002473 0.644912
vt 0.116870 0.619172
vt 0.001953 0.619261
vt 0.117306 0.597875
vt 0.002463 0.593610
vt 0.118592 0.576603
vt 0.003999 0.568009
vt 0.120730 0.555381
vt 0.006557 0.542508
vt 0.123724 0.534233
vt 0.010127 0.517158
vt 0.127576 0.513184
vt 0.014696 0.492012
vt 0.132291 0.492254
vt 0.020242 0.467122
vt 0.137876 0.471463
vt 0.026735 0.442543
vt 0.144333 0.450831
vt 0.034131 0.418326
vt 0.151664 0.430370
vt 0.042369 0.394520
vt 0.159860 0.410090
vt 0.051367 0.371167
vt 0.168899 0.389991
vt 0.061014 0.348293
vt 0.178732 0.370055
vt 0.071166 0.325902
vt 0.189263 0.350241
vt 0.081640 0.303968
vt 0.200318 0.330455
vt 0.092216 0.282417
vt 0.211589 0.310514
vt 0.102638 0.261124
vt 0.222514 0.290060
vt 0.112646 0.239903
vt 0.591457 0.106825
vt 0.588361 0.101034
vt 0.569065 0.113927
vt 0.573231 0.119003
vt 0.552655 0.130337
vt 0.557731 0.134503
vt 0.539761 0.149634
vt 0.545553 0.152729
vt 0.530880 0.171075
vt 0.537164 0.172981
vt 0.526352 0.193836
vt 0.532888 0.194480
vt 0.526352 0.217044
vt 0.532888 0.216400
vt 0.530880 0.239806
vt 0.537164 0.237900
vt 0.539761 0.261247
vt 0.545553 0.258151
vt 0.552655 0.280543
vt 0.557731 0.276377
vt 0.569065 0.296954
vt 0.573231 0.291877
vt 0.588361 0.309847
vt 0.591457 0.304056
vt 0.609802 0.318728
vt 0.611709 0.312444
vt 0.632564 0.323256
vt 0.633208 0.316720
vt 0.655772 0.323256
vt 0.655128 0.316720
vt 0.678533 0.318728
vt 0.676627 0.312444
vt 0.699974 0.309847
vt 0.696879 0.304056
vt 0.719271 0.296954
vt 0.715105 0.291877
vt 0.735681 0.280543
vt 0.730605 0.276377
vt 0.748575 0.261247
vt 0.742783 0.258151
vt 0.757456 0.239806
vt 0.751172 0.237900
vt 0.761983 0.217044
vt 0.755448 0.216400
vt 0.761983 0.193836
vt 0.755448 0.194480
vt 0.757456 0.171075
vt 0.751172 0.172981
vt 0.748575 0.149634
vt 0.742783 0.152729
vt 0.735681 0.130337
vt 0.730605 0.134503
vt 0.719271 0.113927
vt 0.715105 0.119003
vt 0.699974 0.101034
vt 0.696879 0.106825
vt 0.678533 0.092152
vt 0.676627 0.098437
vt 0.655772 0.087625
vt 0.655128 0.094160
vt 0.632564 0.087625
vt 0.633208 0.094160
vt 0.609802 0.092152
vt 0.611709 0.098437
vt 0.384318 0.969086
vt 0.406379 0.941706
vt 0.393087 0.928407
vt 0.366108 0.950958
vt 0.382645 0.912771
vt 0.351785 0.929626
vt 0.375452 0.895398
vt 0.341898 0.905910
vt 0.371785 0.876955
vt 0.336825 0.880722
vt 0.371785 0.858151
vt 0.336762 0.855029
vt 0.375452 0.839709
vt 0.341710 0.829816
vt 0.382645 0.822336
vt 0.351481 0.806052
vt 0.393089 0.806701
vt 0.365700 0.784650
vt 0.406382 0.793404
vt 0.383822 0.766433
vt 0.422013 0.782956
vt 0.405150 0.752102
vt 0.439383 0.775760
vt 0.428865 0.742209
vt 0.457823 0.772092
vt 0.454055 0.737134
vt 0.476624 0.772094
vt 0.479751 0.737072
vt 0.495064 0.775764
vt 0.504965 0.742025
vt 0.512433 0.782963
vt 0.528727 0.751804
vt 0.528063 0.793412
vt 0.550124 0.766032
vt 0.541355 0.806711
vt 0.568334 0.784160
vt 0.551797 0.822348
vt 0.582657 0.805493
vt 0.558990 0.839721
vt 0.592544 0.829208
vt 0.562656 0.858163
vt 0.597617 0.854396
vt 0.562656 0.876967
vt 0.597680 0.880090
vt 0.558990 0.895410
vt 0.592731 0.905303
vt 0.551796 0.912782
vt 0.582960 0.929066
vt 0.541353 0.928418
vt 0.568741 0.950468
vt 0.528060 0.941715
vt 0.550620 0.968685
vt 0.512428 0.952162
vt 0.529292 0.983016
vt 0.495059 0.959358
vt 0.505577 0.992910
vt 0.476619 0.963026
vt 0.480387 0.997985
vt 0.457818 0.963025
vt 0.454691 0.998047
vt 0.439378 0.959354
vt 0.429477 0.993093
vt 0.422009 0.952156
vt 0.405715 0.983314
vt 0.249729 0.903088
vt 0.230807 0.916428
vt 0.243196 0.935457
vt 0.263141 0.920404
vt 0.237389 0.885372
vt 0.218915 0.897389
vt 0.226084 0.867351
vt 0.207662 0.878307
vt 0.215790 0.849092
vt 0.197186 0.859132
vt 0.206474 0.830637
vt 0.187561 0.839830
vt 0.198096 0.812012
vt 0.178815 0.820387
vt 0.190612 0.793235
vt 0.170951 0.800796
vt 0.183986 0.774315
vt 0.163959 0.781058
vt 0.178185 0.755260
vt 0.157825 0.761178
vt 0.173189 0.736081
vt 0.152535 0.741166
vt 0.168979 0.716789
vt 0.148077 0.721033
vt 0.165546 0.697397
vt 0.144441 0.700796
vt 0.162883 0.677922
vt 0.141622 0.680472
vt 0.160985 0.658383
vt 0.139614 0.660080
vt 0.159851 0.638800
vt 0.138414 0.639643
vt 0.159480 0.619195
vt 0.138022 0.619182
vt 0.159872 0.599590
vt 0.138436 0.598722
vt 0.161026 0.580008
vt 0.139658 0.578286
vt 0.162945 0.560471
vt 0.141689 0.557896
vt 0.165630 0.540999
vt 0.144532 0.537574
vt 0.169087 0.521612
vt 0.148192 0.517340
vt 0.173320 0.502326
vt 0.152676 0.497214
vt 0.178342 0.483156
vt 0.157992 0.477211
vt 0.184168 0.464114
vt 0.164151 0.457344
vt 0.190820 0.445210
vt 0.171167 0.437624
vt 0.198328 0.426454
vt 0.179052 0.418057
vt 0.206727 0.407855
vt 0.187816 0.398645
vt 0.216060 0.389431
vt 0.197455 0.379381
vt 0.226367 0.371207
vt 0.207942 0.360247
vt 0.237684 0.353231
vt 0.219209 0.341204
vt 0.250034 0.335589
vt 0.231128 0.322199
vt 0.263452 0.318403
vt 0.243557 0.303275
vt 0.277333 0.878834
vt 0.263708 0.891617
vt 0.277570 0.907232
vt 0.291258 0.892573
vt 0.265074 0.863864
vt 0.251268 0.875174
vt 0.254242 0.848062
vt 0.240095 0.858169
vt 0.244641 0.831700
vt 0.230071 0.840774
vt 0.236111 0.814949
vt 0.221092 0.823099
vt 0.228524 0.797912
vt 0.213069 0.805209
vt 0.221786 0.780649
vt 0.205931 0.787139
vt 0.215833 0.763197
vt 0.199622 0.768913
vt 0.210621 0.745580
vt 0.194103 0.750545
vt 0.206125 0.727816
vt 0.189349 0.732047
vt 0.202330 0.709923
vt 0.185341 0.713432
vt 0.199228 0.691921
vt 0.182070 0.694716
vt 0.196818 0.673828
vt 0.179531 0.675915
vt 0.195098 0.655666
vt 0.177721 0.657050
vt 0.194068 0.637457
vt 0.176639 0.638140
vt 0.193730 0.619225
vt 0.176284 0.619208
vt 0.194085 0.600993
vt 0.176657 0.600276
vt 0.195131 0.582786
vt 0.177758 0.581367
vt 0.196868 0.564626
vt 0.179588 0.562504
vt 0.199297 0.546536
vt 0.182148 0.543707
vt 0.202417 0.528538
vt 0.185440 0.524995
vt 0.206232 0.510651
vt 0.189470 0.506387
vt 0.210749 0.492895
vt 0.194249 0.487898
vt 0.215983 0.475286
vt 0.199792 0.469541
vt 0.221959 0.457847
vt 0.206126 0.451330
vt 0.228719 0.440600
vt 0.213288 0.433280
vt 0.236327 0.423583
vt 0.221331 0.415413
vt 0.244875 0.406858
vt 0.230327 0.397768
vt 0.254485 0.390532
vt 0.240361 0.380410
vt 0.265320 0.374781
vt 0.251540 0.363454
vt 0.277577 0.359884
vt 0.263988 0.347083
vt 0.291497 0.346253
vt 0.277861 0.331567
vt 0.303435 0.849006
vt 0.290428 0.864771
vt 0.303860 0.876463
vt 0.315707 0.858638
vt 0.292802 0.837484
vt 0.278731 0.851446
vt 0.283550 0.824653
vt 0.268507 0.837025
vt 0.275417 0.810910
vt 0.259517 0.821864
vt 0.268195 0.796506
vt 0.251562 0.806187
vt 0.261741 0.781602
vt 0.244494 0.790132
vt 0.255966 0.766301
vt 0.238209 0.773780
vt 0.250819 0.750678
vt 0.232643 0.757185
vt 0.246276 0.734789
vt 0.227757 0.740385
vt 0.242328 0.718677
vt 0.223530 0.723408
vt 0.238975 0.702382
vt 0.219953 0.706280
vt 0.236221 0.685938
vt 0.217024 0.689027
vt 0.234071 0.669378
vt 0.214743 0.671672
vt 0.232532 0.652730
vt 0.213113 0.654241
vt 0.231609 0.636026
vt 0.212137 0.636759
vt 0.231303 0.619294
vt 0.211816 0.619251
vt 0.231617 0.602561
vt 0.212150 0.601744
vt 0.232549 0.585858
vt 0.213140 0.584264
vt 0.234096 0.569212
vt 0.214783 0.566835
vt 0.236254 0.552652
vt 0.217078 0.549483
vt 0.239016 0.536210
vt 0.220022 0.532233
vt 0.242377 0.519916
vt 0.223614 0.515109
vt 0.246332 0.503805
vt 0.227857 0.498137
vt 0.250884 0.487915
vt 0.232760 0.481342
vt 0.256040 0.472291
vt 0.238345 0.464755
vt 0.261827 0.456990
vt 0.244649 0.448413
vt 0.268295 0.442086
vt 0.251738 0.432370
vt 0.275534 0.427689
vt 0.259710 0.416714
vt 0.283682 0.413965
vt 0.268711 0.401584
vt 0.292940 0.401173
vt 0.278934 0.387210
vt 0.303550 0.389716
vt 0.290614 0.373955
vt 0.315754 0.380181
vt 0.304011 0.362371
vt 0.319650 0.828097
vt 0.313694 0.835667
vt 0.324443 0.843695
vt 0.329101 0.835185
vt 0.311244 0.819038
vt 0.304365 0.825662
vt 0.303728 0.808460
vt 0.296175 0.814232
vt 0.296918 0.796715
vt 0.288883 0.801750
vt 0.290699 0.784063
vt 0.282318 0.788468
vt 0.285013 0.770699
vt 0.276376 0.774559
vt 0.279838 0.756772
vt 0.271005 0.760151
vt 0.275168 0.742398
vt 0.266179 0.745341
vt 0.271009 0.727668
vt 0.261895 0.730206
vt 0.267371 0.712656
vt 0.258156 0.714806
vt 0.264267 0.697418
vt 0.254969 0.699195
vt 0.261708 0.682005
vt 0.252345 0.683415
vt 0.259707 0.666459
vt 0.250294 0.667505
vt 0.258270 0.650816
vt 0.248823 0.651502
vt 0.257406 0.635110
vt 0.247938 0.635436
vt 0.257118 0.619373
vt 0.247645 0.619340
vt 0.257407 0.603636
vt 0.247942 0.603244
vt 0.258272 0.587930
vt 0.248830 0.587179
vt 0.259708 0.572286
vt 0.250304 0.571175
vt 0.261709 0.556737
vt 0.252358 0.555265
vt 0.264266 0.541321
vt 0.254983 0.539483
vt 0.267368 0.526079
vt 0.258170 0.523869
vt 0.271001 0.511059
vt 0.261909 0.508466
vt 0.275154 0.496320
vt 0.266192 0.493324
vt 0.279816 0.481935
vt 0.271016 0.478506
vt 0.284983 0.467994
vt 0.276386 0.464089
vt 0.290660 0.454614
vt 0.282330 0.450170
vt 0.296876 0.441947
vt 0.288902 0.436880
vt 0.303690 0.430194
vt 0.296209 0.424399
vt 0.311220 0.419619
vt 0.304416 0.412988
vt 0.319639 0.410579
vt 0.313748 0.403030
vt 0.329086 0.403504
vt 0.324438 0.395070
vt 0.323050 0.824175
vt 0.331915 0.830874
vt 0.315166 0.815644
vt 0.308002 0.805533
vt 0.301421 0.794167
vt 0.295360 0.781823
vt 0.289789 0.768720
vt 0.284702 0.755024
vt 0.280102 0.740861
vt 0.276001 0.726333
vt 0.272411 0.711514
vt 0.269347 0.696468
vt 0.266820 0.681246
vt 0.264844 0.665890
vt 0.263425 0.650437
vt 0.262572 0.634923
vt 0.262287 0.619377
vt 0.262572 0.603832
vt 0.263426 0.588316
vt 0.264844 0.572863
vt 0.266820 0.557504
vt 0.269344 0.542278
vt 0.272405 0.527226
vt 0.275990 0.512400
vt 0.280085 0.497861
vt 0.284676 0.483685
vt 0.289753 0.469973
vt 0.295313 0.456853
vt 0.301366 0.444494
vt 0.307945 0.433117
vt 0.315119 0.423007
vt 0.323031 0.414510
vt 0.331915 0.407832
vt 0.424325 0.937161
vt 0.421793 0.939239
vt 0.429542 0.946989
vt 0.431621 0.944456
vt 0.418593 0.928582
vt 0.415703 0.930126
vt 0.414645 0.919050
vt 0.411509 0.920001
vt 0.412632 0.908930
vt 0.409371 0.909251
vt 0.412632 0.898612
vt 0.409371 0.898291
vt 0.414645 0.888493
vt 0.411509 0.887542
vt 0.418593 0.878961
vt 0.415703 0.877416
vt 0.424325 0.870382
vt 0.421793 0.868303
vt 0.431621 0.863086
vt 0.429542 0.860553
vt 0.440200 0.857354
vt 0.438655 0.854464
vt 0.449732 0.853406
vt 0.448781 0.850270
vt 0.459852 0.851393
vt 0.459530 0.848132
vt 0.470169 0.851393
vt 0.470490 0.848132
vt 0.480289 0.853406
vt 0.481240 0.850270
vt 0.489821 0.857354
vt 0.491366 0.854464
vt 0.498400 0.863086
vt 0.500479 0.860553
vt 0.505696 0.870382
vt 0.508228 0.868303
vt 0.511428 0.878961
vt 0.514318 0.877416
vt 0.515376 0.888493
vt 0.518512 0.887542
vt 0.517389 0.898612
vt 0.520650 0.898291
vt 0.517389 0.908930
vt 0.520650 0.909251
vt 0.515376 0.919050
vt 0.518512 0.920001
vt 0.511428 0.928582
vt 0.514318 0.930126
vt 0.505696 0.937161
vt 0.508228 0.939239
vt 0.498400 0.944456
vt 0.500479 0.946989
vt 0.489821 0.950189
vt 0.491366 0.953078
vt 0.480289 0.954137
vt 0.481240 0.957273
vt 0.470169 0.956150
vt 0.470490 0.959411
vt 0.459852 0.956150
vt 0.459530 0.959411
vt 0.449732 0.954137
vt 0.448781 0.957273
vt 0.440200 0.950189
vt 0.438655 0.953078
vt 0.649685 0.211132
vt 0.650207 0.205735
vt 0.639570 0.205734
vt 0.640111 0.211129
vt 0.659074 0.213003
vt 0.660639 0.207811
vt 0.667918 0.216670
vt 0.670466 0.211884
vt 0.675876 0.221993
vt 0.679309 0.217796
vt 0.682641 0.228767
vt 0.686828 0.225321
vt 0.687955 0.236731
vt 0.692734 0.234168
vt 0.691614 0.245579
vt 0.696800 0.243996
vt 0.693478 0.254970
vt 0.698873 0.254429
vt 0.693476 0.264545
vt 0.698873 0.265065
vt 0.691607 0.273935
vt 0.696800 0.275498
vt 0.687944 0.282780
vt 0.692732 0.285326
vt 0.682625 0.290740
vt 0.686824 0.294172
vt 0.675854 0.297509
vt 0.679303 0.301694
vt 0.667893 0.302826
vt 0.670458 0.307604
vt 0.659047 0.306488
vt 0.660630 0.311674
vt 0.649656 0.308352
vt 0.650197 0.313748
vt 0.640082 0.308349
vt 0.639560 0.313747
vt 0.630693 0.306479
vt 0.629128 0.311670
vt 0.621849 0.302811
vt 0.619301 0.307598
vt 0.613891 0.297489
vt 0.610458 0.301686
vt 0.607126 0.290715
vt 0.602939 0.294161
vt 0.601812 0.282751
vt 0.597034 0.285314
vt 0.598153 0.273903
vt 0.592967 0.275486
vt 0.596289 0.264512
vt 0.590894 0.265053
vt 0.596291 0.254937
vt 0.590894 0.254417
vt 0.598160 0.245547
vt 0.592967 0.243984
vt 0.601823 0.236702
vt 0.597035 0.234156
vt 0.607142 0.228741
vt 0.602943 0.225310
vt 0.613913 0.221972
vt 0.610464 0.217788
vt 0.621874 0.216655
vt 0.619309 0.211878
vt 0.630720 0.212994
vt 0.629137 0.207808
vn -0.5103 -0.8540 0.1015
vn -0.5203 -0.8540 0.0000
vn 0.0000 -1.0000 0.0000
vn -0.6918 0.7088 0.1376
vn 0.0000 1.0000 0.0000
vn -0.7054 0.7088 -0.0000
vn -0.4807 -0.8540 0.1991
vn -0.6517 0.7088 0.2699
vn -0.4326 -0.8540 0.2891
vn -0.5865 0.7088 0.3919
vn -0.3679 -0.8540 0.3679
vn -0.4988 0.7088 0.4988
vn -0.2890 -0.8540 0.4326
vn -0.3919 0.7088 0.5865
vn -0.1991 -0.8540 0.4807
vn -0.2700 0.7088 0.6517
vn -0.1015 -0.8540 0.5103
vn -0.1376 0.7088 0.6918
vn 0.0000 -0.8540 0.5203
vn -0.0000 0.7088 0.7054
vn 0.1015 -0.8540 0.5103
vn 0.1376 0.7088 0.6918
vn 0.1991 -0.8540 0.4807
vn 0.2699 0.7088 0.6517
vn 0.2891 -0.8540 0.4326
vn 0.3919 0.7088 0.5865
vn 0.3679 -0.8540 0.3679
vn 0.4988 0.7088 0.4988
vn 0.4326 -0.8540 0.2890
vn 0.5865 0.7088 0.3919
vn 0.4807 -0.8540 0.1991
vn 0.6517 0.7088 0.2700
vn 0.5103 -0.8540 0.1015
vn 0.6918 0.7088 0.1376
vn 0.5203 -0.8540 -0.0000
vn 0.7054 0.7088 0.0000
vn 0.5103 -0.8540 -0.1015
vn 0.6918 0.7088 -0.1376
vn 0.4807 -0.8540 -0.1991
vn 0.6517 0.7088 -0.2699
vn 0.4326 -0.8540 -0.2891
vn 0.5865 0.7088 -0.3919
vn 0.3679 -0.8540 -0.3679
vn 0.4988 0.7088 -0.4988
vn 0.2890 -0.8540 -0.4326
vn 0.3919 0.7088 -0.5865
vn 0.1991 -0.8540 -0.4807
vn 0.2700 0.7088 -0.6517
vn 0.1015 -0.8540 -0.5103
vn 0.1376 0.7088 -0.6918
vn -0.0000 -0.8540 -0.5203
vn 0.0000 0.7088 -0.7054
vn -0.1015 -0.8540 -0.5103
vn -0.1376 0.7088 -0.6918
vn -0.1991 -0.8540 -0.4807
vn -0.2699 0.7088 -0.6517
vn -0.2891 -0.8540 -0.4326
vn -0.3919 0.7088 -0.5865
vn -0.3679 -0.8540 -0.3679
vn -0.4988 0.7088 -0.4988
vn -0.4326 -0.8540 -0.2890
vn -0.5865 0.7088 -0.3919
vn -0.4807 -0.8540 -0.1991
vn -0.6517 0.7088 -0.2700
vn -0.5103 -0.8540 -0.1015
vn -0.6918 0.7088 -0.1376
vn 0.9791 -0.0580 -0.1948
vn 0.9983 -0.0579 0.0000
vn 0.9223 -0.0577 -0.3820
vn 0.6517 0.7088 -0.2700
vn 0.8301 -0.0580 -0.5546
vn 0.7059 -0.0577 -0.7059
vn 0.5546 -0.0577 -0.8301
vn 0.3918 0.7088 -0.5865
vn 0.3820 -0.0577 -0.9223
vn 0.2699 0.7088 -0.6517
vn 0.1948 -0.0577 -0.9792
vn -0.0000 -0.0577 -0.9983
vn 0.0002 0.7088 -0.7054
vn -0.1948 -0.0577 -0.9792
vn -0.3820 -0.0580 -0.9223
vn -0.2700 0.7088 -0.6517
vn -0.5546 -0.0580 -0.8301
vn -0.7059 -0.0577 -0.7059
vn -0.4989 0.7088 -0.4986
vn -0.8301 -0.0577 -0.5546
vn -0.9223 -0.0580 -0.3820
vn -0.6517 0.7088 -0.2699
vn -0.9791 -0.0580 -0.1948
vn -0.9983 -0.0577 -0.0000
vn -0.7054 0.7088 -0.0002
vn -0.9791 -0.0580 0.1948
vn -0.9223 -0.0577 0.3820
vn -0.6517 0.7088 0.2700
vn -0.8301 -0.0580 0.5546
vn -0.7059 -0.0577 0.7059
vn -0.5546 -0.0577 0.8301
vn -0.3918 0.7088 0.5865
vn -0.3820 -0.0577 0.9223
vn -0.2699 0.7088 0.6517
vn -0.1948 -0.0577 0.9792
vn 0.0000 -0.0577 0.9983
vn -0.0002 0.7088 0.7054
vn 0.1948 -0.0577 0.9792
vn 0.3820 -0.0580 0.9223
vn 0.2700 0.7088 0.6517
vn 0.5546 -0.0580 0.8301
vn 0.7059 -0.0577 0.7059
vn 0.4989 0.7088 0.4986
vn 0.8301 -0.0577 0.5546
vn 0.9223 -0.0580 0.3820
vn 0.6517 0.7088 0.2699
vn 0.9791 -0.0580 0.1948
vn 0.1377 0.7088 -0.6918
vn -0.1377 0.7088 0.6918
vn -0.7054 0.7088 -0.0001
vn -0.7054 0.7088 0.0001
vn -0.6919 0.7088 0.1375
vn -0.4989 0.7088 0.4987
vn -0.2698 0.7088 0.6518
vn 0.2701 0.7088 0.6516
vn 0.3920 0.7088 0.5865
vn 0.4987 0.7088 0.4989
vn 0.7054 0.7088 0.0002
vn 0.7054 0.7088 -0.0002
vn 0.6919 0.7088 -0.1375
vn 0.4989 0.7088 -0.4987
vn 0.2698 0.7088 -0.6518
vn -0.2701 0.7088 -0.6516
vn -0.3920 0.7088 -0.5865
vn -0.4987 0.7088 -0.4989
vn 0.9500 -0.2484 -0.1890
vn 0.9698 -0.1494 -0.1929
vn 0.9887 -0.1498 0.0000
vn 0.9686 -0.2485 0.0000
vn 0.8949 -0.2484 -0.3707
vn 0.9135 -0.1494 -0.3784
vn 0.8054 -0.2483 -0.5382
vn 0.8221 -0.1494 -0.5493
vn 0.6849 -0.2484 -0.6849
vn 0.6991 -0.1498 -0.6991
vn 0.5382 -0.2484 -0.8054
vn 0.5493 -0.1494 -0.8221
vn 0.3707 -0.2484 -0.8949
vn 0.3784 -0.1494 -0.9135
vn 0.1890 -0.2483 -0.9501
vn 0.1929 -0.1494 -0.9698
vn -0.0000 -0.2484 -0.9687
vn -0.0000 -0.1494 -0.9888
vn -0.1890 -0.2482 -0.9501
vn -0.1929 -0.1494 -0.9698
vn -0.3707 -0.2483 -0.8949
vn -0.3784 -0.1494 -0.9135
vn -0.5382 -0.2484 -0.8054
vn -0.5493 -0.1494 -0.8221
vn -0.6849 -0.2484 -0.6849
vn -0.6991 -0.1498 -0.6991
vn -0.8054 -0.2484 -0.5382
vn -0.8221 -0.1498 -0.5493
vn -0.8949 -0.2484 -0.3707
vn -0.9135 -0.1494 -0.3784
vn -0.9500 -0.2484 -0.1890
vn -0.9698 -0.1494 -0.1929
vn -0.9687 -0.2484 -0.0000
vn -0.9888 -0.1494 0.0000
vn -0.9500 -0.2484 0.1890
vn -0.9698 -0.1494 0.1929
vn -0.8949 -0.2484 0.3707
vn -0.9135 -0.1494 0.3784
vn -0.8054 -0.2483 0.5382
vn -0.8221 -0.1494 0.5493
vn -0.6849 -0.2484 0.6849
vn -0.6991 -0.1498 0.6991
vn -0.5382 -0.2484 0.8054
vn -0.5493 -0.1494 0.8221
vn -0.3707 -0.2484 0.8949
vn -0.3784 -0.1494 0.9135
vn -0.1890 -0.2483 0.9501
vn -0.1929 -0.1494 0.9698
vn 0.0000 -0.2484 0.9687
vn 0.0000 -0.1494 0.9888
vn 0.1890 -0.2482 0.9501
vn 0.1929 -0.1494 0.9698
vn 0.3707 -0.2483 0.8949
vn 0.3784 -0.1494 0.9135
vn 0.5382 -0.2484 0.8054
vn 0.5493 -0.1494 0.8221
vn 0.6849 -0.2484 0.6849
vn 0.6991 -0.1498 0.6991
vn 0.8054 -0.2484 0.5382
vn 0.8221 -0.1498 0.5493
vn 0.8949 -0.2484 0.3707
vn 0.9135 -0.1494 0.3784
vn 0.9500 -0.2484 0.1890
vn 0.9698 -0.1494 0.1929
vn 0.8704 -0.4608 -0.1731
vn 0.9174 -0.3538 -0.1825
vn 0.9352 -0.3540 0.0000
vn 0.8875 -0.4609 -0.0000
vn 0.8199 -0.4608 -0.3396
vn 0.8641 -0.3539 -0.3579
vn 0.7379 -0.4609 -0.4931
vn 0.7776 -0.3539 -0.5196
vn 0.6275 -0.4609 -0.6275
vn 0.6613 -0.3539 -0.6613
vn 0.4931 -0.4609 -0.7379
vn 0.5196 -0.3540 -0.7776
vn 0.3396 -0.4608 -0.8199
vn 0.3579 -0.3539 -0.8641
vn 0.1731 -0.4608 -0.8704
vn 0.1825 -0.3539 -0.9173
vn -0.0000 -0.4608 -0.8875
vn -0.0000 -0.3539 -0.9353
vn -0.1731 -0.4608 -0.8704
vn -0.1825 -0.3539 -0.9173
vn -0.3396 -0.4609 -0.8199
vn -0.3579 -0.3540 -0.8641
vn -0.4931 -0.4609 -0.7379
vn -0.5196 -0.3539 -0.7776
vn -0.6275 -0.4609 -0.6275
vn -0.6613 -0.3539 -0.6613
vn -0.7379 -0.4609 -0.4931
vn -0.7776 -0.3540 -0.5196
vn -0.8199 -0.4608 -0.3396
vn -0.8641 -0.3539 -0.3579
vn -0.8704 -0.4608 -0.1731
vn -0.9174 -0.3538 -0.1825
vn -0.8875 -0.4608 0.0000
vn -0.9353 -0.3539 -0.0000
vn -0.8704 -0.4608 0.1731
vn -0.9174 -0.3538 0.1825
vn -0.8199 -0.4608 0.3396
vn -0.8641 -0.3539 0.3579
vn -0.7379 -0.4609 0.4931
vn -0.7776 -0.3539 0.5196
vn -0.6275 -0.4609 0.6275
vn -0.6613 -0.3539 0.6613
vn -0.4931 -0.4609 0.7379
vn -0.5196 -0.3540 0.7776
vn -0.3396 -0.4608 0.8199
vn -0.3579 -0.3539 0.8641
vn -0.1731 -0.4608 0.8704
vn -0.1825 -0.3539 0.9173
vn 0.0000 -0.4608 0.8875
vn 0.0000 -0.3539 0.9353
vn 0.1731 -0.4608 0.8704
vn 0.1825 -0.3539 0.9173
vn 0.3396 -0.4609 0.8199
vn 0.3579 -0.3540 0.8641
vn 0.4931 -0.4609 0.7379
vn 0.5196 -0.3539 0.7776
vn 0.6275 -0.4609 0.6275
vn 0.6613 -0.3539 0.6613
vn 0.7379 -0.4609 0.4931
vn 0.7776 -0.3540 0.5196
vn 0.8199 -0.4608 0.3396
vn 0.8641 -0.3539 0.3579
vn 0.8704 -0.4608 0.1731
vn 0.9174 -0.3538 0.1825
vn 0.7346 -0.6626 -0.1461
vn 0.8075 -0.5675 -0.1606
vn 0.8233 -0.5676 0.0000
vn 0.7490 -0.6625 0.0000
vn 0.6920 -0.6625 -0.2866
vn 0.7607 -0.5675 -0.3151
vn 0.6228 -0.6625 -0.4161
vn 0.6846 -0.5676 -0.4574
vn 0.5297 -0.6625 -0.5296
vn 0.5822 -0.5675 -0.5822
vn 0.4161 -0.6626 -0.6228
vn 0.4574 -0.5675 -0.6846
vn 0.2866 -0.6625 -0.6920
vn 0.3151 -0.5675 -0.7607
vn 0.1461 -0.6625 -0.7346
vn 0.1606 -0.5675 -0.8075
vn -0.0000 -0.6626 -0.7490
vn -0.0000 -0.5675 -0.8234
vn -0.1461 -0.6625 -0.7346
vn -0.1606 -0.5675 -0.8075
vn -0.2866 -0.6625 -0.6920
vn -0.3151 -0.5675 -0.7607
vn -0.4161 -0.6626 -0.6228
vn -0.4574 -0.5675 -0.6846
vn -0.5297 -0.6625 -0.5297
vn -0.5822 -0.5675 -0.5822
vn -0.6228 -0.6625 -0.4161
vn -0.6846 -0.5675 -0.4574
vn -0.6920 -0.6625 -0.2866
vn -0.7607 -0.5675 -0.3151
vn -0.7346 -0.6625 -0.1461
vn -0.8076 -0.5675 -0.1606
vn -0.7490 -0.6625 -0.0000
vn -0.8234 -0.5675 -0.0000
vn -0.7346 -0.6626 0.1461
vn -0.8075 -0.5675 0.1606
vn -0.6920 -0.6625 0.2866
vn -0.7607 -0.5675 0.3151
vn -0.6228 -0.6625 0.4161
vn -0.6846 -0.5676 0.4574
vn -0.5297 -0.6625 0.5296
vn -0.5822 -0.5675 0.5822
vn -0.4161 -0.6626 0.6228
vn -0.4574 -0.5675 0.6846
vn -0.2866 -0.6625 0.6920
vn -0.3151 -0.5675 0.7607
vn -0.1461 -0.6625 0.7346
vn -0.1606 -0.5675 0.8075
vn 0.0000 -0.6626 0.7490
vn 0.0000 -0.5675 0.8234
vn 0.1461 -0.6625 0.7346
vn 0.1606 -0.5675 0.8075
vn 0.2866 -0.6625 0.6920
vn 0.3151 -0.5675 0.7607
vn 0.4161 -0.6626 0.6228
vn 0.4574 -0.5675 0.6846
vn 0.5297 -0.6625 0.5297
vn 0.5822 -0.5675 0.5822
vn 0.6228 -0.6625 0.4161
vn 0.6846 -0.5675 0.4574
vn 0.6920 -0.6625 0.2866
vn 0.7607 -0.5675 0.3151
vn 0.7346 -0.6625 0.1461
vn 0.8076 -0.5675 0.1606
vn 0.6081 -0.7846 -0.1210
vn 0.5358 -0.8376 -0.1066
vn 0.5463 -0.8376 -0.0000
vn 0.6200 -0.7846 -0.0000
vn 0.5728 -0.7846 -0.2373
vn 0.5047 -0.8376 -0.2091
vn 0.5155 -0.7846 -0.3445
vn 0.4542 -0.8376 -0.3035
vn 0.4384 -0.7846 -0.4384
vn 0.3863 -0.8376 -0.3863
vn 0.3445 -0.7846 -0.5155
vn 0.3035 -0.8376 -0.4542
vn 0.2373 -0.7846 -0.5728
vn 0.2091 -0.8376 -0.5047
vn 0.1210 -0.7846 -0.6081
vn 0.1066 -0.8376 -0.5358
vn -0.0000 -0.7846 -0.6200
vn 0.0000 -0.8376 -0.5463
vn -0.1210 -0.7846 -0.6081
vn -0.1066 -0.8376 -0.5358
vn -0.2373 -0.7846 -0.5728
vn -0.2091 -0.8376 -0.5047
vn -0.3445 -0.7846 -0.5155
vn -0.3035 -0.8376 -0.4542
vn -0.4384 -0.7846 -0.4384
vn -0.3863 -0.8376 -0.3863
vn -0.5155 -0.7846 -0.3445
vn -0.4542 -0.8376 -0.3035
vn -0.5728 -0.7846 -0.2373
vn -0.5047 -0.8376 -0.2091
vn -0.6081 -0.7846 -0.1210
vn -0.5358 -0.8376 -0.1066
vn -0.6200 -0.7846 0.0000
vn -0.5463 -0.8376 0.0000
vn -0.6081 -0.7846 0.1210
vn -0.5358 -0.8376 0.1066
vn -0.5728 -0.7846 0.2373
vn -0.5047 -0.8376 0.2091
vn -0.5155 -0.7846 0.3445
vn -0.4542 -0.8376 0.3035
vn -0.4384 -0.7846 0.4384
vn -0.3863 -0.8376 0.3863
vn -0.3445 -0.7846 0.5155
vn -0.3035 -0.8376 0.4542
vn -0.2373 -0.7846 0.5728
vn -0.2091 -0.8376 0.5047
vn -0.1210 -0.7846 0.6081
vn -0.1066 -0.8376 0.5358
vn 0.0000 -0.7846 0.6200
vn -0.0000 -0.8376 0.5463
vn 0.1210 -0.7846 0.6081
vn 0.1066 -0.8376 0.5358
vn 0.2373 -0.7846 0.5728
vn 0.2091 -0.8376 0.5047
vn 0.3445 -0.7846 0.5155
vn 0.3035 -0.8376 0.4542
vn 0.4384 -0.7846 0.4384
vn 0.3863 -0.8376 0.3863
vn 0.5155 -0.7846 0.3445
vn 0.4542 -0.8376 0.3035
vn 0.5728 -0.7846 0.2373
vn 0.5047 -0.8376 0.2091
vn 0.6081 -0.7846 0.1210
vn 0.5358 -0.8376 0.1066
vn 0.4521 -0.8874 -0.0899
vn 0.4610 -0.8874 0.0000
vn 0.4259 -0.8874 -0.1764
vn 0.3833 -0.8874 -0.2561
vn 0.3260 -0.8874 -0.3259
vn 0.2561 -0.8874 -0.3833
vn 0.1764 -0.8874 -0.4259
vn 0.0899 -0.8874 -0.4521
vn 0.0000 -0.8874 -0.4610
vn -0.0899 -0.8874 -0.4521
vn -0.1764 -0.8874 -0.4259
vn -0.2561 -0.8874 -0.3833
vn -0.3260 -0.8874 -0.3259
vn -0.3833 -0.8874 -0.2561
vn -0.4259 -0.8874 -0.1764
vn -0.4521 -0.8874 -0.0899
vn -0.4610 -0.8874 -0.0000
vn -0.4521 -0.8874 0.0899
vn -0.4259 -0.8874 0.1764
vn -0.3833 -0.8874 0.2561
vn -0.3260 -0.8874 0.3259
vn -0.2561 -0.8874 0.3833
vn -0.1764 -0.8874 0.4259
vn -0.0899 -0.8874 0.4521
vn -0.0000 -0.8874 0.4610
vn 0.0899 -0.8874 0.4521
vn 0.1764 -0.8874 0.4259
vn 0.2561 -0.8874 0.3833
vn 0.3260 -0.8874 0.3259
vn 0.3833 -0.8874 0.2561
vn 0.4259 -0.8874 0.1764
vn 0.4521 -0.8874 0.0899
vn 0.4609 -0.8874 -0.0000
vn 0.4258 -0.8874 -0.1764
vn -0.4326 -0.8540 0.2890
vn 0.3832 -0.8874 -0.2561
vn 0.3259 -0.8874 -0.3259
vn -0.2891 -0.8540 0.4326
vn 0.0000 -0.8874 -0.4609
vn -0.3259 -0.8874 -0.3259
vn 0.4326 -0.8540 0.2891
vn -0.4609 -0.8874 0.0000
vn -0.4258 -0.8874 0.1764
vn 0.4326 -0.8540 -0.2890
vn -0.3832 -0.8874 0.2561
vn -0.3259 -0.8874 0.3259
vn 0.2891 -0.8540 -0.4326
vn -0.0000 -0.8874 0.4609
vn 0.3259 -0.8874 0.3259
vn -0.4326 -0.8540 -0.2891
vn 0.2890 -0.8540 0.4326
vn -0.2890 -0.8540 -0.4326
usemtl material.001
s 1
f 6179/6179/5790 6180/6180/5791 6181/6181/5792
f 6182/6182/5793 6183/6183/5794 6184/6184/5795
f 6185/6185/5796 6179/6179/5790 6181/6181/5792
f 6186/6186/5797 6183/6183/5794 6182/6182/5793
f 6187/6187/5798 6185/6185/5796 6181/6181/5792
f 6188/6188/5799 6183/6183/5794 6186/6186/5797
f 6189/6189/5800 6187/6187/5798 6181/6181/5792
f 6190/6190/5801 6183/6183/5794 6188/6188/5799
f 6191/6191/5802 6189/6189/5800 6181/6181/5792
f 6192/6192/5803 6183/6183/5794 6190/6190/5801
f 6193/6193/5804 6191/6191/5802 6181/6181/5792
f 6194/6194/5805 6183/6183/5794 6192/6192/5803
f 6195/6195/5806 6193/6193/5804 6181/6181/5792
f 6196/6196/5807 6183/6183/5794 6194/6194/5805
f 6197/6197/5808 6195/6195/5806 6181/6181/5792
f 6198/6198/5809 6183/6183/5794 6196/6196/5807
f 6199/6199/5810 6197/6197/5808 6181/6181/5792
f 6200/6200/5811 6183/6183/5794 6198/6198/5809
f 6201/6201/5812 6199/6199/5810 6181/6181/5792
f 6202/6202/5813 6183/6183/5794 6200/6200/5811
f 6203/6203/5814 6201/6201/5812 6181/6181/5792
f 6204/6204/5815 6183/6183/5794 6202/6202/5813
f 6205/6205/5816 6203/6203/5814 6181/6181/5792
f 6206/6206/5817 6183/6183/5794 6204/6204/5815
f 6207/6207/5818 6205/6205/5816 6181/6181/5792
f 6208/6208/5819 6183/6183/5794 6206/6206/5817
f 6209/6209/5820 6207/6207/5818 6181/6181/5792
f 6210/6210/5821 6183/6183/5794 6208/6208/5819
f 6211/6211/5822 6209/6209/5820 6181/6181/5792
f 6212/6212/5823 6183/6183/5794 6210/6210/5821
f 6213/6213/5824 6211/6211/5822 6181/6181/5792
f 6214/6214/5825 6183/6183/5794 6212/6212/5823
f 6215/6215/5826 6213/6213/5824 6181/6181/5792
f 6216/6216/5827 6183/6183/5794 6214/6214/5825
f 6217/6217/5828 6215/6215/5826 6181/6181/5792
f 6218/6218/5829 6183/6183/5794 6216/6216/5827
f 6219/6219/5830 6217/6217/5828 6181/6181/5792
f 6220/6220/5831 6183/6183/5794 6218/6218/5829
f 6221/6221/5832 6219/6219/5830 6181/6181/5792
f 6222/6222/5833 6183/6183/5794 6220/6220/5831
f 6223/6223/5834 6221/6221/5832 6181/6181/5792
f 6224/6224/5835 6183/6183/5794 6222/6222/5833
f 6225/6225/5836 6223/6223/5834 6181/6181/5792
f 6226/6226/5837 6183/6183/5794 6224/6224/5835
f 6227/6227/5838 6225/6225/5836 6181/6181/5792
f 6228/6228/5839 6183/6183/5794 6226/6226/5837
f 6229/6229/5840 6227/6227/5838 6181/6181/5792
f 6230/6230/5841 6183/6183/5794 6228/6228/5839
f 6231/6231/5842 6229/6229/5840 6181/6181/5792
f 6232/6232/5843 6183/6183/5794 6230/6230/5841
f 6233/6233/5844 6231/6231/5842 6181/6181/5792
f 6234/6234/5845 6183/6183/5794 6232/6232/5843
f 6235/6235/5846 6233/6233/5844 6181/6181/5792
f 6236/6236/5847 6183/6183/5794 6234/6234/5845
f 6237/6237/5848 6235/6235/5846 6181/6181/5792
f 6238/6238/5849 6183/6183/5794 6236/6236/5847
f 6239/6239/5850 6237/6237/5848 6181/6181/5792
f 6240/6240/5851 6183/6183/5794 6238/6238/5849
f 6241/6241/5852 6239/6239/5850 6181/6181/5792
f 6242/6242/5853 6183/6183/5794 6240/6240/5851
f 6243/6243/5854 6241/6241/5852 6181/6181/5792
f 6244/6244/5855 6183/6183/5794 6242/6242/5853
f 6180/6180/5791 6243/6243/5854 6181/6181/5792
f 6184/6184/5795 6183/6183/5794 6244/6244/5855
f 6245/6245/5856 6246/6246/5827 6247/6247/5825
f 6245/6245/5856 6247/6247/5825 6248/6248/5857
f 6249/6249/5858 6250/6250/5859 6246/6246/5827
f 6249/6249/5858 6246/6246/5827 6245/6245/5856
f 6251/6251/5860 6252/6252/5831 6250/6250/5859
f 6251/6251/5860 6250/6250/5859 6249/6249/5858
f 6253/6253/5861 6254/6254/5833 6252/6252/5831
f 6253/6253/5861 6252/6252/5831 6251/6251/5860
f 6255/6255/5862 6256/6256/5863 6254/6254/5833
f 6255/6255/5862 6254/6254/5833 6253/6253/5861
f 6257/6257/5864 6258/6258/5865 6256/6256/5863
f 6257/6257/5864 6256/6256/5863 6255/6255/5862
f 6259/6259/5866 6260/6260/5839 6258/6258/5865
f 6259/6259/5866 6258/6258/5865 6257/6257/5864
f 6261/6261/5867 6262/6262/5868 6260/6260/5839
f 6261/6261/5867 6260/6260/5839 6259/6259/5866
f 6263/6263/5869 6264/6264/5843 6262/6262/5868
f 6263/6263/5869 6262/6262/5868 6261/6261/5867
f 6265/6265/5870 6266/6266/5871 6264/6264/5843
f 6265/6265/5870 6264/6264/5843 6263/6263/5869
f 6267/6267/5872 6268/6268/5847 6266/6266/5871
f 6267/6267/5872 6266/6266/5871 6265/6265/5870
f 6269/6269/5873 6270/6270/5874 6268/6268/5847
f 6269/6269/5873 6268/6268/5847 6267/6267/5872
f 6271/6271/5875 6272/6272/5851 6270/6270/5874
f 6271/6271/5875 6270/6270/5874 6269/6269/5873
f 6273/6273/5876 6274/6274/5877 6272/6272/5851
f 6273/6273/5876 6272/6272/5851 6271/6271/5875
f 6275/6275/5878 6276/6276/5855 6274/6274/5877
f 6275/6275/5878 6274/6274/5877 6273/6273/5876
f 6277/6277/5879 6278/6278/5880 6276/6276/5855
f 6277/6277/5879 6276/6276/5855 6275/6275/5878
f 6279/6279/5881 6280/6280/5793 6278/6278/5880
f 6279/6279/5881 6278/6278/5880 6277/6277/5879
f 6281/6281/5882 6282/6282/5883 6280/6280/5793
f 6281/6281/5882 6280/6280/5793 6279/6279/5881
f 6283/6283/5884 6284/6284/5799 6282/6282/5883
f 6283/6283/5884 6282/6282/5883 6281/6281/5882
f 6285/6285/5885 6286/6286/5801 6284/6284/5799
f 6285/6285/5885 6284/6284/5799 6283/6283/5884
f 6287/6287/5886 6288/6288/5887 6286/6286/5801
f 6287/6287/5886 6286/6286/5801 6285/6285/5885
f 6289/6289/5888 6290/6290/5889 6288/6288/5887
f 6289/6289/5888 6288/6288/5887 6287/6287/5886
f 6291/6291/5890 6292/6292/5807 6290/6290/5889
f 6291/6291/5890 6290/6290/5889 6289/6289/5888
f 6293/6293/5891 6294/6294/5892 6292/6292/5807
f 6293/6293/5891 6292/6292/5807 6291/6291/5890
f 6295/6295/5893 6296/6296/5811 6294/6294/5892
f 6295/6295/5893 6294/6294/5892 6293/6293/5891
f 6297/6297/5894 6298/6298/5895 6296/6296/5811
f 6297/6297/5894 6296/6296/5811 6295/6295/5893
f 6299/6299/5896 6300/6300/5815 6298/6298/5895
f 6299/6299/5896 6298/6298/5895 6297/6297/5894
f 6301/6301/5897 6302/6302/5898 6300/6300/5815
f 6301/6301/5897 6300/6300/5815 6299/6299/5896
f 6303/6303/5899 6304/6304/5819 6302/6302/5898
f 6303/6303/5899 6302/6302/5898 6301/6301/5897
f 6305/6305/5900 6306/6306/5901 6304/6304/5819
f 6305/6305/5900 6304/6304/5819 6303/6303/5899
f 6307/6307/5902 6308/6308/5823 6306/6306/5901
f 6307/6307/5902 6306/6306/5901 6305/6305/5900
f 6309/6309/5857 6310/6310/5825 6308/6308/5823
f 6309/6309/5857 6308/6308/5823 6307/6307/5902
f 6311/6311/5795 6312/6312/5825 6313/6313/5827
f 6311/6311/5795 6313/6313/5827 6314/6314/5793
f 6314/6314/5793 6313/6313/5827 6315/6315/5829
f 6314/6314/5793 6315/6315/5829 6316/6316/5883
f 6316/6316/5883 6315/6315/5829 6317/6317/5831
f 6316/6316/5883 6317/6317/5831 6318/6318/5799
f 6318/6318/5799 6317/6317/5831 6319/6319/5833
f 6318/6318/5799 6319/6319/5833 6320/6320/5801
f 6320/6320/5801 6319/6319/5833 6321/6321/5835
f 6320/6320/5801 6321/6321/5835 6322/6322/5803
f 6322/6322/5803 6321/6321/5835 6323/6323/5865
f 6322/6322/5803 6323/6323/5865 6324/6324/5889
f 6324/6324/5889 6323/6323/5865 6325/6325/5903
f 6324/6324/5889 6325/6325/5903 6326/6326/5807
f 6326/6326/5807 6325/6325/5903 6327/6327/5841
f 6326/6326/5807 6327/6327/5841 6328/6328/5809
f 6328/6328/5809 6327/6327/5841 6329/6329/5843
f 6328/6328/5809 6329/6329/5843 6330/6330/5811
f 6330/6330/5811 6329/6329/5843 6331/6331/5871
f 6330/6330/5811 6331/6331/5871 6332/6332/5813
f 6332/6332/5813 6331/6331/5871 6333/6333/5847
f 6332/6332/5813 6333/6333/5847 6334/6334/5815
f 6334/6334/5815 6333/6333/5847 6335/6335/5849
f 6334/6334/5815 6335/6335/5849 6336/6336/5817
f 6336/6336/5817 6335/6335/5849 6337/6337/5851
f 6336/6336/5817 6337/6337/5851 6338/6338/5819
f 6338/6338/5819 6337/6337/5851 6339/6339/5877
f 6338/6338/5819 6339/6339/5877 6340/6340/5901
f 6340/6340/5901 6339/6339/5877 6341/6341/5855
f 6340/6340/5901 6341/6341/5855 6342/6342/5823
f 6342/6342/5823 6341/6341/5855 6343/6343/5795
f 6342/6342/5823 6343/6343/5795 6344/6344/5825
f 6344/6344/5825 6343/6343/5795 6345/6345/5793
f 6344/6344/5825 6345/6345/5793 6346/6346/5827
f 6346/6346/5827 6345/6345/5793 6347/6347/5797
f 6346/6346/5827 6347/6347/5797 6348/6348/5859
f 6348/6348/5859 6347/6347/5797 6349/6349/5799
f 6348/6348/5859 6349/6349/5799 6350/6350/5831
f 6350/6350/5831 6349/6349/5799 6351/6351/5801
f 6350/6350/5831 6351/6351/5801 6352/6352/5833
f 6352/6352/5833 6351/6351/5801 6353/6353/5803
f 6352/6352/5833 6353/6353/5803 6354/6354/5835
f 6354/6354/5835 6353/6353/5803 6355/6355/5889
f 6354/6354/5835 6355/6355/5889 6356/6356/5865
f 6356/6356/5865 6355/6355/5889 6357/6357/5904
f 6356/6356/5865 6357/6357/5904 6358/6358/5839
f 6358/6358/5839 6357/6357/5904 6359/6359/5809
f 6358/6358/5839 6359/6359/5809 6360/6360/5841
f 6360/6360/5841 6359/6359/5809 6361/6361/5811
f 6360/6360/5841 6361/6361/5811 6362/6362/5843
f 6362/6362/5843 6361/6361/5811 6363/6363/5895
f 6362/6362/5843 6363/6363/5895 6364/6364/5845
f 6364/6364/5845 6363/6363/5895 6365/6365/5815
f 6364/6364/5845 6365/6365/5815 6366/6366/5847
f 6366/6366/5847 6365/6365/5815 6367/6367/5817
f 6366/6366/5847 6367/6367/5817 6368/6368/5849
f 6368/6368/5849 6367/6367/5817 6369/6369/5819
f 6368/6368/5849 6369/6369/5819 6370/6370/5851
f 6370/6370/5851 6369/6369/5819 6371/6371/5901
f 6370/6370/5851 6371/6371/5901 6372/6372/5877
f 6372/6372/5877 6371/6371/5901 6373/6373/5823
f 6372/6372/5877 6373/6373/5823 6374/6374/5855
f 6374/6374/5855 6373/6373/5823 6312/6312/5825
f 6374/6374/5855 6312/6312/5825 6311/6311/5795
f 6375/6375/5905 6376/6376/5906 6377/6377/5907
f 6375/6375/5905 6377/6377/5907 6378/6378/5793
f 6378/6378/5793 6377/6377/5907 6379/6379/5797
f 6378/6378/5793 6379/6379/5797 6380/6380/5883
f 6380/6380/5883 6379/6379/5797 6381/6381/5799
f 6380/6380/5883 6381/6381/5799 6382/6382/5799
f 6382/6382/5799 6381/6381/5799 6383/6383/5801
f 6382/6382/5799 6383/6383/5801 6384/6384/5908
f 6384/6384/5908 6383/6383/5801 6385/6385/5803
f 6384/6384/5908 6385/6385/5803 6386/6386/5803
f 6386/6386/5803 6385/6385/5803 6387/6387/5909
f 6386/6386/5803 6387/6387/5909 6388/6388/5805
f 6388/6388/5805 6387/6387/5909 6389/6389/5807
f 6388/6388/5805 6389/6389/5807 6390/6390/5807
f 6390/6390/5807 6389/6389/5807 6391/6391/5892
f 6390/6390/5807 6391/6391/5892 6392/6392/5892
f 6392/6392/5892 6391/6391/5892 6393/6393/5811
f 6392/6392/5892 6393/6393/5811 6394/6394/5811
f 6394/6394/5811 6393/6393/5811 6395/6395/5895
f 6394/6394/5811 6395/6395/5895 6396/6396/5910
f 6396/6396/5910 6395/6395/5895 6397/6397/5815
f 6396/6396/5910 6397/6397/5815 6398/6398/5911
f 6398/6398/5911 6397/6397/5815 6399/6399/5817
f 6398/6398/5911 6399/6399/5817 6400/6400/5912
f 6400/6400/5912 6399/6399/5817 6401/6401/5819
f 6400/6400/5912 6401/6401/5819 6402/6402/5819
f 6402/6402/5819 6401/6401/5819 6403/6403/5901
f 6402/6402/5819 6403/6403/5901 6404/6404/5901
f 6404/6404/5901 6403/6403/5901 6405/6405/5823
f 6404/6404/5901 6405/6405/5823 6406/6406/5823
f 6406/6406/5823 6405/6405/5823 6407/6407/5913
f 6406/6406/5823 6407/6407/5913 6408/6408/5914
f 6408/6408/5914 6407/6407/5913 6409/6409/5915
f 6408/6408/5914 6409/6409/5915 6410/6410/5827
f 6410/6410/5827 6409/6409/5915 6411/6411/5829
f 6410/6410/5827 6411/6411/5829 6412/6412/5859
f 6412/6412/5859 6411/6411/5829 6413/6413/5831
f 6412/6412/5859 6413/6413/5831 6414/6414/5831
f 6414/6414/5831 6413/6413/5831 6415/6415/5833
f 6414/6414/5831 6415/6415/5833 6416/6416/5916
f 6416/6416/5916 6415/6415/5833 6417/6417/5835
f 6416/6416/5916 6417/6417/5835 6418/6418/5835
f 6418/6418/5835 6417/6417/5835 6419/6419/5917
f 6418/6418/5835 6419/6419/5917 6420/6420/5837
f 6420/6420/5837 6419/6419/5917 6421/6421/5839
f 6420/6420/5837 6421/6421/5839 6422/6422/5839
f 6422/6422/5839 6421/6421/5839 6423/6423/5868
f 6422/6422/5839 6423/6423/5868 6424/6424/5868
f 6424/6424/5868 6423/6423/5868 6425/6425/5843
f 6424/6424/5868 6425/6425/5843 6426/6426/5843
f 6426/6426/5843 6425/6425/5843 6427/6427/5871
f 6426/6426/5843 6427/6427/5871 6428/6428/5918
f 6428/6428/5918 6427/6427/5871 6429/6429/5847
f 6428/6428/5918 6429/6429/5847 6430/6430/5919
f 6430/6430/5919 6429/6429/5847 6431/6431/5849
f 6430/6430/5919 6431/6431/5849 6432/6432/5920
f 6432/6432/5920 6431/6431/5849 6433/6433/5851
f 6432/6432/5920 6433/6433/5851 6434/6434/5851
f 6434/6434/5851 6433/6433/5851 6435/6435/5877
f 6434/6434/5851 6435/6435/5877 6436/6436/5877
f 6436/6436/5877 6435/6435/5877 6437/6437/5855
f 6436/6436/5877 6437/6437/5855 6438/6438/5855
f 6438/6438/5855 6437/6437/5855 6376/6376/5906
f 6438/6438/5855 6376/6376/5906 6375/6375/5905
f 6439/6439/5921 6440/6440/5922 6441/6441/5923
f 6439/6439/5921 6441/6441/5923 6442/6442/5924
f 6443/6443/5925 6444/6444/5926 6440/6440/5922
f 6443/6443/5925 6440/6440/5922 6439/6439/5921
f 6445/6445/5927 6446/6446/5928 6444/6444/5926
f 6445/6445/5927 6444/6444/5926 6443/6443/5925
f 6447/6447/5929 6448/6448/5930 6446/6446/5928
f 6447/6447/5929 6446/6446/5928 6445/6445/5927
f 6449/6449/5931 6450/6450/5932 6448/6448/5930
f 6449/6449/5931 6448/6448/5930 6447/6447/5929
f 6451/6451/5933 6452/6452/5934 6450/6450/5932
f 6451/6451/5933 6450/6450/5932 6449/6449/5931
f 6453/6453/5935 6454/6454/5936 6452/6452/5934
f 6453/6453/5935 6452/6452/5934 6451/6451/5933
f 6455/6455/5937 6456/6456/5938 6454/6454/5936
f 6455/6455/5937 6454/6454/5936 6453/6453/5935
f 6457/6457/5939 6458/6458/5940 6456/6456/5938
f 6457/6457/5939 6456/6456/5938 6455/6455/5937
f 6459/6459/5941 6460/6460/5942 6458/6458/5940
f 6459/6459/5941 6458/6458/5940 6457/6457/5939
f 6461/6461/5943 6462/6462/5944 6460/6460/5942
f 6461/6461/5943 6460/6460/5942 6459/6459/5941
f 6463/6463/5945 6464/6464/5946 6462/6462/5944
f 6463/6463/5945 6462/6462/5944 6461/6461/5943
f 6465/6465/5947 6466/6466/5948 6464/6464/5946
f 6465/6465/5947 6464/6464/5946 6463/6463/5945
f 6467/6467/5949 6468/6468/5950 6466/6466/5948
f 6467/6467/5949 6466/6466/5948 6465/6465/5947
f 6469/6469/5951 6470/6470/5952 6468/6468/5950
f 6469/6469/5951 6468/6468/5950 6467/6467/5949
f 6471/6471/5953 6472/6472/5954 6470/6470/5952
f 6471/6471/5953 6470/6470/5952 6469/6469/5951
f 6473/6473/5955 6474/6474/5956 6472/6472/5954
f 6473/6473/5955 6472/6472/5954 6471/6471/5953
f 6475/6475/5957 6476/6476/5958 6474/6474/5956
f 6475/6475/5957 6474/6474/5956 6473/6473/5955
f 6477/6477/5959 6478/6478/5960 6476/6476/5958
f 6477/6477/5959 6476/6476/5958 6475/6475/5957
f 6479/6479/5961 6480/6480/5962 6478/6478/5960
f 6479/6479/5961 6478/6478/5960 6477/6477/5959
f 6481/6481/5963 6482/6482/5964 6480/6480/5962
f 6481/6481/5963 6480/6480/5962 6479/6479/5961
f 6483/6483/5965 6484/6484/5966 6482/6482/5964
f 6483/6483/5965 6482/6482/5964 6481/6481/5963
f 6485/6485/5967 6486/6486/5968 6484/6484/5966
f 6485/6485/5967 6484/6484/5966 6483/6483/5965
f 6487/6487/5969 6488/6488/5970 6486/6486/5968
f 6487/6487/5969 6486/6486/5968 6485/6485/5967
f 6489/6489/5971 6490/6490/5972 6488/6488/5970
f 6489/6489/5971 6488/6488/5970 6487/6487/5969
f 6491/6491/5973 6492/6492/5974 6490/6490/5972
f 6491/6491/5973 6490/6490/5972 6489/6489/5971
f 6493/6493/5975 6494/6494/5976 6492/6492/5974
f 6493/6493/5975 6492/6492/5974 6491/6491/5973
f 6495/6495/5977 6496/6496/5978 6494/6494/5976
f 6495/6495/5977 6494/6494/5976 6493/6493/5975
f 6497/6497/5979 6498/6498/5980 6496/6496/5978
f 6497/6497/5979 6496/6496/5978 6495/6495/5977
f 6499/6499/5981 6500/6500/5982 6498/6498/5980
f 6499/6499/5981 6498/6498/5980 6497/6497/5979
f 6501/6501/5983 6502/6502/5984 6500/6500/5982
f 6501/6501/5983 6500/6500/5982 6499/6499/5981
f 6503/6503/5924 6504/6504/5923 6502/6502/5984
f 6503/6503/5924 6502/6502/5984 6501/6501/5983
f 6505/6505/5985 6506/6506/5986 6507/6507/5987
f 6505/6505/5985 6507/6507/5987 6508/6508/5988
f 6509/6509/5989 6510/6510/5990 6506/6506/5986
f 6509/6509/5989 6506/6506/5986 6505/6505/5985
f 6511/6511/5991 6512/6512/5992 6510/6510/5990
f 6511/6511/5991 6510/6510/5990 6509/6509/5989
f 6513/6513/5993 6514/6514/5994 6512/6512/5992
f 6513/6513/5993 6512/6512/5992 6511/6511/5991
f 6515/6515/5995 6516/6516/5996 6514/6514/5994
f 6515/6515/5995 6514/6514/5994 6513/6513/5993
f 6517/6517/5997 6518/6518/5998 6516/6516/5996
f 6517/6517/5997 6516/6516/5996 6515/6515/5995
f 6519/6519/5999 6520/6520/6000 6518/6518/5998
f 6519/6519/5999 6518/6518/5998 6517/6517/5997
f 6521/6521/6001 6522/6522/6002 6520/6520/6000
f 6521/6521/6001 6520/6520/6000 6519/6519/5999
f 6523/6523/6003 6524/6524/6004 6522/6522/6002
f 6523/6523/6003 6522/6522/6002 6521/6521/6001
f 6525/6525/6005 6526/6526/6006 6524/6524/6004
f 6525/6525/6005 6524/6524/6004 6523/6523/6003
f 6527/6527/6007 6528/6528/6008 6526/6526/6006
f 6527/6527/6007 6526/6526/6006 6525/6525/6005
f 6529/6529/6009 6530/6530/6010 6528/6528/6008
f 6529/6529/6009 6528/6528/6008 6527/6527/6007
f 6531/6531/6011 6532/6532/6012 6530/6530/6010
f 6531/6531/6011 6530/6530/6010 6529/6529/6009
f 6533/6533/6013 6534/6534/6014 6532/6532/6012
f 6533/6533/6013 6532/6532/6012 6531/6531/6011
f 6535/6535/6015 6536/6536/6016 6534/6534/6014
f 6535/6535/6015 6534/6534/6014 6533/6533/6013
f 6537/6537/6017 6538/6538/6018 6536/6536/6016
f 6537/6537/6017 6536/6536/6016 6535/6535/6015
f 6539/6539/6019 6540/6540/6020 6538/6538/6018
f 6539/6539/6019 6538/6538/6018 6537/6537/6017
f 6541/6541/6021 6542/6542/6022 6540/6540/6020
f 6541/6541/6021 6540/6540/6020 6539/6539/6019
f 6543/6543/6023 6544/6544/6024 6542/6542/6022
f 6543/6543/6023 6542/6542/6022 6541/6541/6021
f 6545/6545/6025 6546/6546/6026 6544/6544/6024
f 6545/6545/6025 6544/6544/6024 6543/6543/6023
f 6547/6547/6027 6548/6548/6028 6546/6546/6026
f 6547/6547/6027 6546/6546/6026 6545/6545/6025
f 6549/6549/6029 6550/6550/6030 6548/6548/6028
f 6549/6549/6029 6548/6548/6028 6547/6547/6027
f 6551/6551/6031 6552/6552/6032 6550/6550/6030
f 6551/6551/6031 6550/6550/6030 6549/6549/6029
f 6553/6553/6033 6554/6554/6034 6552/6552/6032
f 6553/6553/6033 6552/6552/6032 6551/6551/6031
f 6555/6555/6035 6556/6556/6036 6554/6554/6034
f 6555/6555/6035 6554/6554/6034 6553/6553/6033
f 6557/6557/6037 6558/6558/6038 6556/6556/6036
f 6557/6557/6037 6556/6556/6036 6555/6555/6035
f 6559/6559/6039 6560/6560/6040 6558/6558/6038
f 6559/6559/6039 6558/6558/6038 6557/6557/6037
f 6561/6561/6041 6562/6562/6042 6560/6560/6040
f 6561/6561/6041 6560/6560/6040 6559/6559/6039
f 6563/6563/6043 6564/6564/6044 6562/6562/6042
f 6563/6563/6043 6562/6562/6042 6561/6561/6041
f 6565/6565/6045 6566/6566/6046 6564/6564/6044
f 6565/6565/6045 6564/6564/6044 6563/6563/6043
f 6567/6567/6047 6568/6568/6048 6566/6566/6046
f 6567/6567/6047 6566/6566/6046 6565/6565/6045
f 6569/6569/5988 6570/6570/5987 6568/6568/6048
f 6569/6569/5988 6568/6568/6048 6567/6567/6047
f 6571/6571/6049 6572/6572/6050 6573/6573/6051
f 6571/6571/6049 6573/6573/6051 6574/6574/6052
f 6575/6575/6053 6576/6576/6054 6572/6572/6050
f 6575/6575/6053 6572/6572/6050 6571/6571/6049
f 6577/6577/6055 6578/6578/6056 6576/6576/6054
f 6577/6577/6055 6576/6576/6054 6575/6575/6053
f 6579/6579/6057 6580/6580/6058 6578/6578/6056
f 6579/6579/6057 6578/6578/6056 6577/6577/6055
f 6581/6581/6059 6582/6582/6060 6580/6580/6058
f 6581/6581/6059 6580/6580/6058 6579/6579/6057
f 6583/6583/6061 6584/6584/6062 6582/6582/6060
f 6583/6583/6061 6582/6582/6060 6581/6581/6059
f 6585/6585/6063 6586/6586/6064 6584/6584/6062
f 6585/6585/6063 6584/6584/6062 6583/6583/6061
f 6587/6587/6065 6588/6588/6066 6586/6586/6064
f 6587/6587/6065 6586/6586/6064 6585/6585/6063
f 6589/6589/6067 6590/6590/6068 6588/6588/6066
f 6589/6589/6067 6588/6588/6066 6587/6587/6065
f 6591/6591/6069 6592/6592/6070 6590/6590/6068
f 6591/6591/6069 6590/6590/6068 6589/6589/6067
f 6593/6593/6071 6594/6594/6072 6592/6592/6070
f 6593/6593/6071 6592/6592/6070 6591/6591/6069
f 6595/6595/6073 6596/6596/6074 6594/6594/6072
f 6595/6595/6073 6594/6594/6072 6593/6593/6071
f 6597/6597/6075 6598/6598/6076 6596/6596/6074
f 6597/6597/6075 6596/6596/6074 6595/6595/6073
f 6599/6599/6077 6600/6600/6078 6598/6598/6076
f 6599/6599/6077 6598/6598/6076 6597/6597/6075
f 6601/6601/6079 6602/6602/6080 6600/6600/6078
f 6601/6601/6079 6600/6600/6078 6599/6599/6077
f 6603/6603/6081 6604/6604/6082 6602/6602/6080
f 6603/6603/6081 6602/6602/6080 6601/6601/6079
f 6605/6605/6083 6606/6606/6084 6604/6604/6082
f 6605/6605/6083 6604/6604/6082 6603/6603/6081
f 6607/6607/6085 6608/6608/6086 6606/6606/6084
f 6607/6607/6085 6606/6606/6084 6605/6605/6083
f 6609/6609/6087 6610/6610/6088 6608/6608/6086
f 6609/6609/6087 6608/6608/6086 6607/6607/6085
f 6611/6611/6089 6612/6612/6090 6610/6610/6088
f 6611/6611/6089 6610/6610/6088 6609/6609/6087
f 6613/6613/6091 6614/6614/6092 6612/6612/6090
f 6613/6613/6091 6612/6612/6090 6611/6611/6089
f 6615/6615/6093 6616/6616/6094 6614/6614/6092
f 6615/6615/6093 6614/6614/6092 6613/6613/6091
f 6617/6617/6095 6618/6618/6096 6616/6616/6094
f 6617/6617/6095 6616/6616/6094 6615/6615/6093
f 6619/6619/6097 6620/6620/6098 6618/6618/6096
f 6619/6619/6097 6618/6618/6096 6617/6617/6095
f 6621/6621/6099 6622/6622/6100 6620/6620/6098
f 6621/6621/6099 6620/6620/6098 6619/6619/6097
f 6623/6623/6101 6624/6624/6102 6622/6622/6100
f 6623/6623/6101 6622/6622/6100 6621/6621/6099
f 6625/6625/6103 6626/6626/6104 6624/6624/6102
f 6625/6625/6103 6624/6624/6102 6623/6623/6101
f 6627/6627/6105 6628/6628/6106 6626/6626/6104
f 6627/6627/6105 6626/6626/6104 6625/6625/6103
f 6629/6629/6107 6630/6630/6108 6628/6628/6106
f 6629/6629/6107 6628/6628/6106 6627/6627/6105
f 6631/6631/6109 6632/6632/6110 6630/6630/6108
f 6631/6631/6109 6630/6630/6108 6629/6629/6107
f 6633/6633/6111 6634/6634/6112 6632/6632/6110
f 6633/6633/6111 6632/6632/6110 6631/6631/6109
f 6635/6635/6052 6636/6636/6051 6634/6634/6112
f 6635/6635/6052 6634/6634/6112 6633/6633/6111
f 6637/6637/6113 6638/6638/6114 6639/6639/6115
f 6637/6637/6113 6639/6639/6115 6640/6640/6116
f 6641/6641/6117 6642/6642/6118 6638/6638/6114
f 6641/6641/6117 6638/6638/6114 6637/6637/6113
f 6643/6643/6119 6644/6644/6120 6642/6642/6118
f 6643/6643/6119 6642/6642/6118 6641/6641/6117
f 6645/6645/6121 6646/6646/6122 6644/6644/6120
f 6645/6645/6121 6644/6644/6120 6643/6643/6119
f 6647/6647/6123 6648/6648/6124 6646/6646/6122
f 6647/6647/6123 6646/6646/6122 6645/6645/6121
f 6649/6649/6125 6650/6650/6126 6648/6648/6124
f 6649/6649/6125 6648/6648/6124 6647/6647/6123
f 6651/6651/6127 6652/6652/6128 6650/6650/6126
f 6651/6651/6127 6650/6650/6126 6649/6649/6125
f 6653/6653/6129 6654/6654/6130 6652/6652/6128
f 6653/6653/6129 6652/6652/6128 6651/6651/6127
f 6655/6655/6131 6656/6656/6132 6654/6654/6130
f 6655/6655/6131 6654/6654/6130 6653/6653/6129
f 6657/6657/6133 6658/6658/6134 6656/6656/6132
f 6657/6657/6133 6656/6656/6132 6655/6655/6131
f 6659/6659/6135 6660/6660/6136 6658/6658/6134
f 6659/6659/6135 6658/6658/6134 6657/6657/6133
f 6661/6661/6137 6662/6662/6138 6660/6660/6136
f 6661/6661/6137 6660/6660/6136 6659/6659/6135
f 6663/6663/6139 6664/6664/6140 6662/6662/6138
f 6663/6663/6139 6662/6662/6138 6661/6661/6137
f 6665/6665/6141 6666/6666/6142 6664/6664/6140
f 6665/6665/6141 6664/6664/6140 6663/6663/6139
f 6667/6667/6143 6668/6668/6144 6666/6666/6142
f 6667/6667/6143 6666/6666/6142 6665/6665/6141
f 6669/6669/6145 6670/6670/6146 6668/6668/6144
f 6669/6669/6145 6668/6668/6144 6667/6667/6143
f 6671/6671/6147 6672/6672/6148 6670/6670/6146
f 6671/6671/6147 6670/6670/6146 6669/6669/6145
f 6673/6673/6149 6674/6674/6150 6672/6672/6148
f 6673/6673/6149 6672/6672/6148 6671/6671/6147
f 6675/6675/6151 6676/6676/6152 6674/6674/6150
f 6675/6675/6151 6674/6674/6150 6673/6673/6149
f 6677/6677/6153 6678/6678/6154 6676/6676/6152
f 6677/6677/6153 6676/6676/6152 6675/6675/6151
f 6679/6679/6155 6680/6680/6156 6678/6678/6154
f 6679/6679/6155 6678/6678/6154 6677/6677/6153
f 6681/6681/6157 6682/6682/6158 6680/6680/6156
f 6681/6681/6157 6680/6680/6156 6679/6679/6155
f 6683/6683/6159 6684/6684/6160 6682/6682/6158
f 6683/6683/6159 6682/6682/6158 6681/6681/6157
f 6685/6685/6161 6686/6686/6162 6684/6684/6160
f 6685/6685/6161 6684/6684/6160 6683/6683/6159
f 6687/6687/6163 6688/6688/6164 6686/6686/6162
f 6687/6687/6163 6686/6686/6162 6685/6685/6161
f 6689/6689/6165 6690/6690/6166 6688/6688/6164
f 6689/6689/6165 6688/6688/6164 6687/6687/6163
f 6691/6691/6167 6692/6692/6168 6690/6690/6166
f 6691/6691/6167 6690/6690/6166 6689/6689/6165
f 6693/6693/6169 6694/6694/6170 6692/6692/6168
f 6693/6693/6169 6692/6692/6168 6691/6691/6167
f 6695/6695/6171 6696/6696/6172 6694/6694/6170
f 6695/6695/6171 6694/6694/6170 6693/6693/6169
f 6697/6697/6173 6698/6698/6174 6696/6696/6172
f 6697/6697/6173 6696/6696/6172 6695/6695/6171
f 6699/6699/6175 6700/6700/6176 6698/6698/6174
f 6699/6699/6175 6698/6698/6174 6697/6697/6173
f 6701/6701/6116 6702/6702/6115 6700/6700/6176
f 6701/6701/6116 6700/6700/6176 6699/6699/6175
f 6703/6703/6177 6637/6637/6113 6640/6640/6116
f 6703/6703/6177 6640/6640/6116 6704/6704/6178
f 6705/6705/6179 6641/6641/6117 6637/6637/6113
f 6705/6705/6179 6637/6637/6113 6703/6703/6177
f 6706/6706/6180 6643/6643/6119 6641/6641/6117
f 6706/6706/6180 6641/6641/6117 6705/6705/6179
f 6707/6707/6181 6645/6645/6121 6643/6643/6119
f 6707/6707/6181 6643/6643/6119 6706/6706/6180
f 6708/6708/6182 6647/6647/6123 6645/6645/6121
f 6708/6708/6182 6645/6645/6121 6707/6707/6181
f 6709/6709/6183 6649/6649/6125 6647/6647/6123
f 6709/6709/6183 6647/6647/6123 6708/6708/6182
f 6710/6710/6184 6651/6651/6127 6649/6649/6125
f 6710/6710/6184 6649/6649/6125 6709/6709/6183
f 6711/6711/6185 6653/6653/6129 6651/6651/6127
f 6711/6711/6185 6651/6651/6127 6710/6710/6184
f 6712/6712/6186 6655/6655/6131 6653/6653/6129
f 6712/6712/6186 6653/6653/6129 6711/6711/6185
f 6713/6713/6187 6657/6657/6133 6655/6655/6131
f 6713/6713/6187 6655/6655/6131 6712/6712/6186
f 6714/6714/6188 6659/6659/6135 6657/6657/6133
f 6714/6714/6188 6657/6657/6133 6713/6713/6187
f 6715/6715/6189 6661/6661/6137 6659/6659/6135
f 6715/6715/6189 6659/6659/6135 6714/6714/6188
f 6716/6716/6190 6663/6663/6139 6661/6661/6137
f 6716/6716/6190 6661/6661/6137 6715/6715/6189
f 6717/6717/6191 6665/6665/6141 6663/6663/6139
f 6717/6717/6191 6663/6663/6139 6716/6716/6190
f 6718/6718/6192 6667/6667/6143 6665/6665/6141
f 6718/6718/6192 6665/6665/6141 6717/6717/6191
f 6719/6719/6193 6669/6669/6145 6667/6667/6143
f 6719/6719/6193 6667/6667/6143 6718/6718/6192
f 6720/6720/6194 6671/6671/6147 6669/6669/6145
f 6720/6720/6194 6669/6669/6145 6719/6719/6193
f 6721/6721/6195 6673/6673/6149 6671/6671/6147
f 6721/6721/6195 6671/6671/6147 6720/6720/6194
f 6722/6722/6196 6675/6675/6151 6673/6673/6149
f 6722/6722/6196 6673/6673/6149 6721/6721/6195
f 6723/6723/6197 6677/6677/6153 6675/6675/6151
f 6723/6723/6197 6675/6675/6151 6722/6722/6196
f 6724/6724/6198 6679/6679/6155 6677/6677/6153
f 6724/6724/6198 6677/6677/6153 6723/6723/6197
f 6725/6725/6199 6681/6681/6157 6679/6679/6155
f 6725/6725/6199 6679/6679/6155 6724/6724/6198
f 6726/6726/6200 6683/6683/6159 6681/6681/6157
f 6726/6726/6200 6681/6681/6157 6725/6725/6199
f 6727/6727/6201 6685/6685/6161 6683/6683/6159
f 6727/6727/6201 6683/6683/6159 6726/6726/6200
f 6728/6728/6202 6687/6687/6163 6685/6685/6161
f 6728/6728/6202 6685/6685/6161 6727/6727/6201
f 6729/6729/6203 6689/6689/6165 6687/6687/6163
f 6729/6729/6203 6687/6687/6163 6728/6728/6202
f 6730/6730/6204 6691/6691/6167 6689/6689/6165
f 6730/6730/6204 6689/6689/6165 6729/6729/6203
f 6731/6731/6205 6693/6693/6169 6691/6691/6167
f 6731/6731/6205 6691/6691/6167 6730/6730/6204
f 6732/6732/6206 6695/6695/6171 6693/6693/6169
f 6732/6732/6206 6693/6693/6169 6731/6731/6205
f 6733/6733/6207 6697/6697/6173 6695/6695/6171
f 6733/6733/6207 6695/6695/6171 6732/6732/6206
f 6734/6734/6208 6699/6699/6175 6697/6697/6173
f 6734/6734/6208 6697/6697/6173 6733/6733/6207
f 6735/6735/6178 6701/6701/6116 6699/6699/6175
f 6735/6735/6178 6699/6699/6175 6734/6734/6208
f 6658/6658/6134 6591/6591/6069 6589/6589/6067
f 6658/6658/6134 6589/6589/6067 6656/6656/6132
f 6660/6660/6136 6593/6593/6071 6591/6591/6069
f 6660/6660/6136 6591/6591/6069 6658/6658/6134
f 6662/6662/6138 6595/6595/6073 6593/6593/6071
f 6662/6662/6138 6593/6593/6071 6660/6660/6136
f 6664/6664/6140 6597/6597/6075 6595/6595/6073
f 6664/6664/6140 6595/6595/6073 6662/6662/6138
f 6666/6666/6142 6599/6599/6077 6597/6597/6075
f 6666/6666/6142 6597/6597/6075 6664/6664/6140
f 6668/6668/6144 6601/6601/6079 6599/6599/6077
f 6668/6668/6144 6599/6599/6077 6666/6666/6142
f 6670/6670/6146 6603/6603/6081 6601/6601/6079
f 6670/6670/6146 6601/6601/6079 6668/6668/6144
f 6672/6672/6148 6605/6605/6083 6603/6603/6081
f 6672/6672/6148 6603/6603/6081 6670/6670/6146
f 6674/6674/6150 6607/6607/6085 6605/6605/6083
f 6674/6674/6150 6605/6605/6083 6672/6672/6148
f 6676/6676/6152 6609/6609/6087 6607/6607/6085
f 6676/6676/6152 6607/6607/6085 6674/6674/6150
f 6678/6678/6154 6611/6611/6089 6609/6609/6087
f 6678/6678/6154 6609/6609/6087 6676/6676/6152
f 6680/6680/6156 6613/6613/6091 6611/6611/6089
f 6680/6680/6156 6611/6611/6089 6678/6678/6154
f 6682/6682/6158 6615/6615/6093 6613/6613/6091
f 6682/6682/6158 6613/6613/6091 6680/6680/6156
f 6684/6684/6160 6617/6617/6095 6615/6615/6093
f 6684/6684/6160 6615/6615/6093 6682/6682/6158
f 6686/6686/6162 6619/6619/6097 6617/6617/6095
f 6686/6686/6162 6617/6617/6095 6684/6684/6160
f 6688/6688/6164 6621/6621/6099 6619/6619/6097
f 6688/6688/6164 6619/6619/6097 6686/6686/6162
f 6690/6690/6166 6623/6623/6101 6621/6621/6099
f 6690/6690/6166 6621/6621/6099 6688/6688/6164
f 6692/6692/6168 6625/6625/6103 6623/6623/6101
f 6692/6692/6168 6623/6623/6101 6690/6690/6166
f 6694/6694/6170 6627/6627/6105 6625/6625/6103
f 6694/6694/6170 6625/6625/6103 6692/6692/6168
f 6696/6696/6172 6629/6629/6107 6627/6627/6105
f 6696/6696/6172 6627/6627/6105 6694/6694/6170
f 6698/6698/6174 6631/6631/6109 6629/6629/6107
f 6698/6698/6174 6629/6629/6107 6696/6696/6172
f 6700/6700/6176 6633/6633/6111 6631/6631/6109
f 6700/6700/6176 6631/6631/6109 6698/6698/6174
f 6702/6702/6115 6635/6635/6052 6633/6633/6111
f 6702/6702/6115 6633/6633/6111 6700/6700/6176
f 6638/6638/6114 6571/6571/6049 6574/6574/6052
f 6638/6638/6114 6574/6574/6052 6639/6639/6115
f 6642/6642/6118 6575/6575/6053 6571/6571/6049
f 6642/6642/6118 6571/6571/6049 6638/6638/6114
f 6644/6644/6120 6577/6577/6055 6575/6575/6053
f 6644/6644/6120 6575/6575/6053 6642/6642/6118
f 6646/6646/6122 6579/6579/6057 6577/6577/6055
f 6646/6646/6122 6577/6577/6055 6644/6644/6120
f 6648/6648/6124 6581/6581/6059 6579/6579/6057
f 6648/6648/6124 6579/6579/6057 6646/6646/6122
f 6650/6650/6126 6583/6583/6061 6581/6581/6059
f 6650/6650/6126 6581/6581/6059 6648/6648/6124
f 6652/6652/6128 6585/6585/6063 6583/6583/6061
f 6652/6652/6128 6583/6583/6061 6650/6650/6126
f 6654/6654/6130 6587/6587/6065 6585/6585/6063
f 6654/6654/6130 6585/6585/6063 6652/6652/6128
f 6656/6656/6132 6589/6589/6067 6587/6587/6065
f 6656/6656/6132 6587/6587/6065 6654/6654/6130
f 6468/6468/5950 6273/6273/5876 6271/6271/5875
f 6468/6468/5950 6271/6271/5875 6466/6466/5948
f 6470/6470/5952 6275/6275/5878 6273/6273/5876
f 6470/6470/5952 6273/6273/5876 6468/6468/5950
f 6472/6472/5954 6277/6277/5879 6275/6275/5878
f 6472/6472/5954 6275/6275/5878 6470/6470/5952
f 6474/6474/5956 6279/6279/5881 6277/6277/5879
f 6474/6474/5956 6277/6277/5879 6472/6472/5954
f 6476/6476/5958 6281/6281/5882 6279/6279/5881
f 6476/6476/5958 6279/6279/5881 6474/6474/5956
f 6478/6478/5960 6283/6283/5884 6281/6281/5882
f 6478/6478/5960 6281/6281/5882 6476/6476/5958
f 6480/6480/5962 6285/6285/5885 6283/6283/5884
f 6480/6480/5962 6283/6283/5884 6478/6478/5960
f 6482/6482/5964 6287/6287/5886 6285/6285/5885
f 6482/6482/5964 6285/6285/5885 6480/6480/5962
f 6484/6484/5966 6289/6289/5888 6287/6287/5886
f 6484/6484/5966 6287/6287/5886 6482/6482/5964
f 6486/6486/5968 6291/6291/5890 6289/6289/5888
f 6486/6486/5968 6289/6289/5888 6484/6484/5966
f 6488/6488/5970 6293/6293/5891 6291/6291/5890
f 6488/6488/5970 6291/6291/5890 6486/6486/5968
f 6490/6490/5972 6295/6295/5893 6293/6293/5891
f 6490/6490/5972 6293/6293/5891 6488/6488/5970
f 6492/6492/5974 6297/6297/5894 6295/6295/5893
f 6492/6492/5974 6295/6295/5893 6490/6490/5972
f 6494/6494/5976 6299/6299/5896 6297/6297/5894
f 6494/6494/5976 6297/6297/5894 6492/6492/5974
f 6496/6496/5978 6301/6301/5897 6299/6299/5896
f 6496/6496/5978 6299/6299/5896 6494/6494/5976
f 6498/6498/5980 6303/6303/5899 6301/6301/5897
f 6498/6498/5980 6301/6301/5897 6496/6496/5978
f 6500/6500/5982 6305/6305/5900 6303/6303/5899
f 6500/6500/5982 6303/6303/5899 6498/6498/5980
f 6502/6502/5984 6307/6307/5902 6305/6305/5900
f 6502/6502/5984 6305/6305/5900 6500/6500/5982
f 6504/6504/5923 6309/6309/5857 6307/6307/5902
f 6504/6504/5923 6307/6307/5902 6502/6502/5984
f 6440/6440/5922 6245/6245/5856 6248/6248/5857
f 6440/6440/5922 6248/6248/5857 6441/6441/5923
f 6444/6444/5926 6249/6249/5858 6245/6245/5856
f 6444/6444/5926 6245/6245/5856 6440/6440/5922
f 6446/6446/5928 6251/6251/5860 6249/6249/5858
f 6446/6446/5928 6249/6249/5858 6444/6444/5926
f 6448/6448/5930 6253/6253/5861 6251/6251/5860
f 6448/6448/5930 6251/6251/5860 6446/6446/5928
f 6450/6450/5932 6255/6255/5862 6253/6253/5861
f 6450/6450/5932 6253/6253/5861 6448/6448/5930
f 6452/6452/5934 6257/6257/5864 6255/6255/5862
f 6452/6452/5934 6255/6255/5862 6450/6450/5932
f 6454/6454/5936 6259/6259/5866 6257/6257/5864
f 6454/6454/5936 6257/6257/5864 6452/6452/5934
f 6456/6456/5938 6261/6261/5867 6259/6259/5866
f 6456/6456/5938 6259/6259/5866 6454/6454/5936
f 6458/6458/5940 6263/6263/5869 6261/6261/5867
f 6458/6458/5940 6261/6261/5867 6456/6456/5938
f 6460/6460/5942 6265/6265/5870 6263/6263/5869
f 6460/6460/5942 6263/6263/5869 6458/6458/5940
f 6462/6462/5944 6267/6267/5872 6265/6265/5870
f 6462/6462/5944 6265/6265/5870 6460/6460/5942
f 6464/6464/5946 6269/6269/5873 6267/6267/5872
f 6464/6464/5946 6267/6267/5872 6462/6462/5944
f 6466/6466/5948 6271/6271/5875 6269/6269/5873
f 6466/6466/5948 6269/6269/5873 6464/6464/5946
f 6554/6554/6034 6487/6487/5969 6485/6485/5967
f 6554/6554/6034 6485/6485/5967 6552/6552/6032
f 6552/6552/6032 6485/6485/5967 6483/6483/5965
f 6552/6552/6032 6483/6483/5965 6550/6550/6030
f 6550/6550/6030 6483/6483/5965 6481/6481/5963
f 6550/6550/6030 6481/6481/5963 6548/6548/6028
f 6548/6548/6028 6481/6481/5963 6479/6479/5961
f 6548/6548/6028 6479/6479/5961 6546/6546/6026
f 6546/6546/6026 6479/6479/5961 6477/6477/5959
f 6546/6546/6026 6477/6477/5959 6544/6544/6024
f 6544/6544/6024 6477/6477/5959 6475/6475/5957
f 6544/6544/6024 6475/6475/5957 6542/6542/6022
f 6542/6542/6022 6475/6475/5957 6473/6473/5955
f 6542/6542/6022 6473/6473/5955 6540/6540/6020
f 6540/6540/6020 6473/6473/5955 6471/6471/5953
f 6540/6540/6020 6471/6471/5953 6538/6538/6018
f 6538/6538/6018 6471/6471/5953 6469/6469/5951
f 6538/6538/6018 6469/6469/5951 6536/6536/6016
f 6536/6536/6016 6469/6469/5951 6467/6467/5949
f 6536/6536/6016 6467/6467/5949 6534/6534/6014
f 6534/6534/6014 6467/6467/5949 6465/6465/5947
f 6534/6534/6014 6465/6465/5947 6532/6532/6012
f 6532/6532/6012 6465/6465/5947 6463/6463/5945
f 6532/6532/6012 6463/6463/5945 6530/6530/6010
f 6530/6530/6010 6463/6463/5945 6461/6461/5943
f 6530/6530/6010 6461/6461/5943 6528/6528/6008
f 6528/6528/6008 6461/6461/5943 6459/6459/5941
f 6528/6528/6008 6459/6459/5941 6526/6526/6006
f 6526/6526/6006 6459/6459/5941 6457/6457/5939
f 6526/6526/6006 6457/6457/5939 6524/6524/6004
f 6524/6524/6004 6457/6457/5939 6455/6455/5937
f 6524/6524/6004 6455/6455/5937 6522/6522/6002
f 6522/6522/6002 6455/6455/5937 6453/6453/5935
f 6522/6522/6002 6453/6453/5935 6520/6520/6000
f 6520/6520/6000 6453/6453/5935 6451/6451/5933
f 6520/6520/6000 6451/6451/5933 6518/6518/5998
f 6518/6518/5998 6451/6451/5933 6449/6449/5931
f 6518/6518/5998 6449/6449/5931 6516/6516/5996
f 6516/6516/5996 6449/6449/5931 6447/6447/5929
f 6516/6516/5996 6447/6447/5929 6514/6514/5994
f 6514/6514/5994 6447/6447/5929 6445/6445/5927
f 6514/6514/5994 6445/6445/5927 6512/6512/5992
f 6512/6512/5992 6445/6445/5927 6443/6443/5925
f 6512/6512/5992 6443/6443/5925 6510/6510/5990
f 6510/6510/5990 6443/6443/5925 6439/6439/5921
f 6510/6510/5990 6439/6439/5921 6506/6506/5986
f 6506/6506/5986 6439/6439/5921 6442/6442/5924
f 6506/6506/5986 6442/6442/5924 6507/6507/5987
f 6570/6570/5987 6503/6503/5924 6501/6501/5983
f 6570/6570/5987 6501/6501/5983 6568/6568/6048
f 6568/6568/6048 6501/6501/5983 6499/6499/5981
f 6568/6568/6048 6499/6499/5981 6566/6566/6046
f 6566/6566/6046 6499/6499/5981 6497/6497/5979
f 6566/6566/6046 6497/6497/5979 6564/6564/6044
f 6564/6564/6044 6497/6497/5979 6495/6495/5977
f 6564/6564/6044 6495/6495/5977 6562/6562/6042
f 6562/6562/6042 6495/6495/5977 6493/6493/5975
f 6562/6562/6042 6493/6493/5975 6560/6560/6040
f 6560/6560/6040 6493/6493/5975 6491/6491/5973
f 6560/6560/6040 6491/6491/5973 6558/6558/6038
f 6558/6558/6038 6491/6491/5973 6489/6489/5971
f 6558/6558/6038 6489/6489/5971 6556/6556/6036
f 6556/6556/6036 6489/6489/5971 6487/6487/5969
f 6556/6556/6036 6487/6487/5969 6554/6554/6034
f 6612/6612/6090 6545/6545/6025 6543/6543/6023
f 6612/6612/6090 6543/6543/6023 6610/6610/6088
f 6610/6610/6088 6543/6543/6023 6541/6541/6021
f 6610/6610/6088 6541/6541/6021 6608/6608/6086
f 6608/6608/6086 6541/6541/6021 6539/6539/6019
f 6608/6608/6086 6539/6539/6019 6606/6606/6084
f 6606/6606/6084 6539/6539/6019 6537/6537/6017
f 6606/6606/6084 6537/6537/6017 6604/6604/6082
f 6604/6604/6082 6537/6537/6017 6535/6535/6015
f 6604/6604/6082 6535/6535/6015 6602/6602/6080
f 6602/6602/6080 6535/6535/6015 6533/6533/6013
f 6602/6602/6080 6533/6533/6013 6600/6600/6078
f 6600/6600/6078 6533/6533/6013 6531/6531/6011
f 6600/6600/6078 6531/6531/6011 6598/6598/6076
f 6598/6598/6076 6531/6531/6011 6529/6529/6009
f 6598/6598/6076 6529/6529/6009 6596/6596/6074
f 6596/6596/6074 6529/6529/6009 6527/6527/6007
f 6596/6596/6074 6527/6527/6007 6594/6594/6072
f 6594/6594/6072 6527/6527/6007 6525/6525/6005
f 6594/6594/6072 6525/6525/6005 6592/6592/6070
f 6592/6592/6070 6525/6525/6005 6523/6523/6003
f 6592/6592/6070 6523/6523/6003 6590/6590/6068
f 6590/6590/6068 6523/6523/6003 6521/6521/6001
f 6590/6590/6068 6521/6521/6001 6588/6588/6066
f 6588/6588/6066 6521/6521/6001 6519/6519/5999
f 6588/6588/6066 6519/6519/5999 6586/6586/6064
f 6586/6586/6064 6519/6519/5999 6517/6517/5997
f 6586/6586/6064 6517/6517/5997 6584/6584/6062
f 6584/6584/6062 6517/6517/5997 6515/6515/5995
f 6584/6584/6062 6515/6515/5995 6582/6582/6060
f 6582/6582/6060 6515/6515/5995 6513/6513/5993
f 6582/6582/6060 6513/6513/5993 6580/6580/6058
f 6580/6580/6058 6513/6513/5993 6511/6511/5991
f 6580/6580/6058 6511/6511/5991 6578/6578/6056
f 6578/6578/6056 6511/6511/5991 6509/6509/5989
f 6578/6578/6056 6509/6509/5989 6576/6576/6054
f 6576/6576/6054 6509/6509/5989 6505/6505/5985
f 6576/6576/6054 6505/6505/5985 6572/6572/6050
f 6572/6572/6050 6505/6505/5985 6508/6508/5988
f 6572/6572/6050 6508/6508/5988 6573/6573/6051
f 6636/6636/6051 6569/6569/5988 6567/6567/6047
f 6636/6636/6051 6567/6567/6047 6634/6634/6112
f 6634/6634/6112 6567/6567/6047 6565/6565/6045
f 6634/6634/6112 6565/6565/6045 6632/6632/6110
f 6632/6632/6110 6565/6565/6045 6563/6563/6043
f 6632/6632/6110 6563/6563/6043 6630/6630/6108
f 6630/6630/6108 6563/6563/6043 6561/6561/6041
f 6630/6630/6108 6561/6561/6041 6628/6628/6106
f 6628/6628/6106 6561/6561/6041 6559/6559/6039
f 6628/6628/6106 6559/6559/6039 6626/6626/6104
f 6626/6626/6104 6559/6559/6039 6557/6557/6037
f 6626/6626/6104 6557/6557/6037 6624/6624/6102
f 6624/6624/6102 6557/6557/6037 6555/6555/6035
f 6624/6624/6102 6555/6555/6035 6622/6622/6100
f 6622/6622/6100 6555/6555/6035 6553/6553/6033
f 6622/6622/6100 6553/6553/6033 6620/6620/6098
f 6620/6620/6098 6553/6553/6033 6551/6551/6031
f 6620/6620/6098 6551/6551/6031 6618/6618/6096
f 6618/6618/6096 6551/6551/6031 6549/6549/6029
f 6618/6618/6096 6549/6549/6029 6616/6616/6094
f 6616/6616/6094 6549/6549/6029 6547/6547/6027
f 6616/6616/6094 6547/6547/6027 6614/6614/6092
f 6614/6614/6092 6547/6547/6027 6545/6545/6025
f 6614/6614/6092 6545/6545/6025 6612/6612/6090
f 6736/6736/5790 6737/6737/6177 6738/6738/6209
f 6736/6736/5790 6738/6738/6209 6739/6739/5791
f 6740/6740/5796 6741/6741/6210 6737/6737/6177
f 6740/6740/5796 6737/6737/6177 6736/6736/5790
f 6742/6742/6211 6743/6743/6212 6741/6741/6210
f 6742/6742/6211 6741/6741/6210 6740/6740/5796
f 6744/6744/5800 6745/6745/6213 6743/6743/6212
f 6744/6744/5800 6743/6743/6212 6742/6742/6211
f 6746/6746/6214 6747/6747/6182 6745/6745/6213
f 6746/6746/6214 6745/6745/6213 6744/6744/5800
f 6748/6748/5804 6749/6749/6183 6747/6747/6182
f 6748/6748/5804 6747/6747/6182 6746/6746/6214
f 6750/6750/5806 6751/6751/6184 6749/6749/6183
f 6750/6750/5806 6749/6749/6183 6748/6748/5804
f 6752/6752/5808 6753/6753/6215 6751/6751/6184
f 6752/6752/5808 6751/6751/6184 6750/6750/5806
f 6754/6754/5810 6755/6755/6186 6753/6753/6215
f 6754/6754/5810 6753/6753/6215 6752/6752/5808
f 6756/6756/5812 6757/6757/6187 6755/6755/6186
f 6756/6756/5812 6755/6755/6186 6754/6754/5810
f 6758/6758/5814 6759/6759/6188 6757/6757/6187
f 6758/6758/5814 6757/6757/6187 6756/6756/5812
f 6760/6760/5816 6761/6761/6216 6759/6759/6188
f 6760/6760/5816 6759/6759/6188 6758/6758/5814
f 6762/6762/6217 6763/6763/6190 6761/6761/6216
f 6762/6762/6217 6761/6761/6216 6760/6760/5816
f 6764/6764/5820 6765/6765/6191 6763/6763/6190
f 6764/6764/5820 6763/6763/6190 6762/6762/6217
f 6766/6766/5822 6767/6767/6192 6765/6765/6191
f 6766/6766/5822 6765/6765/6191 6764/6764/5820
f 6768/6768/5824 6769/6769/6218 6767/6767/6192
f 6768/6768/5824 6767/6767/6192 6766/6766/5822
f 6770/6770/5826 6771/6771/6194 6769/6769/6218
f 6770/6770/5826 6769/6769/6218 6768/6768/5824
f 6772/6772/5828 6773/6773/6219 6771/6771/6194
f 6772/6772/5828 6771/6771/6194 6770/6770/5826
f 6774/6774/6220 6775/6775/6221 6773/6773/6219
f 6774/6774/6220 6773/6773/6219 6772/6772/5828
f 6776/6776/5832 6777/6777/6222 6775/6775/6221
f 6776/6776/5832 6775/6775/6221 6774/6774/6220
f 6778/6778/6223 6779/6779/6198 6777/6777/6222
f 6778/6778/6223 6777/6777/6222 6776/6776/5832
f 6780/6780/5836 6781/6781/6199 6779/6779/6198
f 6780/6780/5836 6779/6779/6198 6778/6778/6223
f 6782/6782/5838 6783/6783/6200 6781/6781/6199
f 6782/6782/5838 6781/6781/6199 6780/6780/5836
f 6784/6784/5840 6785/6785/6224 6783/6783/6200
f 6784/6784/5840 6783/6783/6200 6782/6782/5838
f 6786/6786/5842 6787/6787/6202 6785/6785/6224
f 6786/6786/5842 6785/6785/6224 6784/6784/5840
f 6788/6788/5844 6789/6789/6203 6787/6787/6202
f 6788/6788/5844 6787/6787/6202 6786/6786/5842
f 6790/6790/5846 6791/6791/6204 6789/6789/6203
f 6790/6790/5846 6789/6789/6203 6788/6788/5844
f 6792/6792/5848 6793/6793/6225 6791/6791/6204
f 6792/6792/5848 6791/6791/6204 6790/6790/5846
f 6794/6794/6226 6795/6795/6206 6793/6793/6225
f 6794/6794/6226 6793/6793/6225 6792/6792/5848
f 6796/6796/5852 6797/6797/6207 6795/6795/6206
f 6796/6796/5852 6795/6795/6206 6794/6794/6226
f 6798/6798/5854 6799/6799/6208 6797/6797/6207
f 6798/6798/5854 6797/6797/6207 6796/6796/5852
f 6739/6739/5791 6738/6738/6209 6799/6799/6208
f 6739/6739/5791 6799/6799/6208 6798/6798/5854
f 6800/6800/5790 6801/6801/5790 6802/6802/5791
f 6800/6800/5790 6802/6802/5791 6803/6803/5791
f 6804/6804/5796 6805/6805/5796 6801/6801/5790
f 6804/6804/5796 6801/6801/5790 6800/6800/5790
f 6806/6806/5798 6807/6807/5798 6805/6805/5796
f 6806/6806/5798 6805/6805/5796 6804/6804/5796
f 6808/6808/5800 6809/6809/5800 6807/6807/5798
f 6808/6808/5800 6807/6807/5798 6806/6806/5798
f 6810/6810/5802 6811/6811/5802 6809/6809/5800
f 6810/6810/5802 6809/6809/5800 6808/6808/5800
f 6812/6812/5804 6813/6813/5804 6811/6811/5802
f 6812/6812/5804 6811/6811/5802 6810/6810/5802
f 6814/6814/5806 6815/6815/5806 6813/6813/5804
f 6814/6814/5806 6813/6813/5804 6812/6812/5804
f 6816/6816/5808 6817/6817/5808 6815/6815/5806
f 6816/6816/5808 6815/6815/5806 6814/6814/5806
f 6818/6818/5810 6819/6819/5810 6817/6817/5808
f 6818/6818/5810 6817/6817/5808 6816/6816/5808
f 6820/6820/5812 6821/6821/5812 6819/6819/5810
f 6820/6820/5812 6819/6819/5810 6818/6818/5810
f 6822/6822/6227 6823/6823/5814 6821/6821/5812
f 6822/6822/6227 6821/6821/5812 6820/6820/5812
f 6824/6824/5816 6825/6825/5816 6823/6823/5814
f 6824/6824/5816 6823/6823/5814 6822/6822/6227
f 6826/6826/6217 6827/6827/6217 6825/6825/5816
f 6826/6826/6217 6825/6825/5816 6824/6824/5816
f 6828/6828/5820 6829/6829/5820 6827/6827/6217
f 6828/6828/5820 6827/6827/6217 6826/6826/6217
f 6830/6830/5822 6831/6831/5822 6829/6829/5820
f 6830/6830/5822 6829/6829/5820 6828/6828/5820
f 6832/6832/5824 6833/6833/5824 6831/6831/5822
f 6832/6832/5824 6831/6831/5822 6830/6830/5822
f 6834/6834/5826 6835/6835/5826 6833/6833/5824
f 6834/6834/5826 6833/6833/5824 6832/6832/5824
f 6836/6836/5828 6837/6837/5828 6835/6835/5826
f 6836/6836/5828 6835/6835/5826 6834/6834/5826
f 6838/6838/5830 6839/6839/5830 6837/6837/5828
f 6838/6838/5830 6837/6837/5828 6836/6836/5828
f 6840/6840/5832 6841/6841/5832 6839/6839/5830
f 6840/6840/5832 6839/6839/5830 6838/6838/5830
f 6842/6842/5834 6843/6843/5834 6841/6841/5832
f 6842/6842/5834 6841/6841/5832 6840/6840/5832
f 6844/6844/5836 6845/6845/5836 6843/6843/5834
f 6844/6844/5836 6843/6843/5834 6842/6842/5834
f 6846/6846/5838 6847/6847/5838 6845/6845/5836
f 6846/6846/5838 6845/6845/5836 6844/6844/5836
f 6848/6848/5840 6849/6849/5840 6847/6847/5838
f 6848/6848/5840 6847/6847/5838 6846/6846/5838
f 6850/6850/5842 6851/6851/5842 6849/6849/5840
f 6850/6850/5842 6849/6849/5840 6848/6848/5840
f 6852/6852/5844 6853/6853/5844 6851/6851/5842
f 6852/6852/5844 6851/6851/5842 6850/6850/5842
f 6854/6854/6228 6855/6855/5846 6853/6853/5844
f 6854/6854/6228 6853/6853/5844 6852/6852/5844
f 6856/6856/5848 6857/6857/5848 6855/6855/5846
f 6856/6856/5848 6855/6855/5846 6854/6854/6228
f 6858/6858/6226 6859/6859/6226 6857/6857/5848
f 6858/6858/6226 6857/6857/5848 6856/6856/5848
f 6860/6860/5852 6861/6861/5852 6859/6859/6226
f 6860/6860/5852 6859/6859/6226 6858/6858/6226
f 6862/6862/5854 6863/6863/5854 6861/6861/5852
f 6862/6862/5854 6861/6861/5852 6860/6860/5852
f 6803/6803/5791 6802/6802/5791 6863/6863/5854
f 6803/6803/5791 6863/6863/5854 6862/6862/5854
